2026-02-27 16:54:17 | INFO     | === START  dir='/gaia/b04s/CONSORCIOS/CREWES'  collection='CREWES' ===
2026-02-27 16:54:17 | INFO     | Discovered 2088 supported file(s)
2026-02-27 16:54:26 | INFO     | Collection 'CREWES' created: {"message":"Collection CREWES created successfully.","collection_name":"CREWES"}
2026-02-27 16:54:26 | INFO     | list_documents: 0 existing doc(s) in 'CREWES' (total reported: 0)
2026-02-27 16:54:26 | INFO     | Classification: 2088 new, 0 already present
2026-02-27 16:54:26 | INFO     | Uploading 131 batch(es) of up to 16 file(s) each
2026-02-27 16:54:26 | INFO     | --- batch 1/131 (16 files) ---
2026-02-27 16:54:26 | DEBUG    |   Files: 1989-01.pdf, 1989-02.pdf, 1989-03.pdf, 1989-04.pdf, 1989-05.pdf, 1989-06.pdf, 1989-07.pdf, 1989-08a.pdf, 1989-08b.pdf, 1989-09.pdf, 1989-10.pdf, 1989-11.pdf, 1989-12.pdf, 1989-13.pdf, 1989-14.pdf, 1989-15.pdf
2026-02-27 16:54:27 | INFO     | Upload accepted → task_id=c8409950-1fd0-42f1-ab16-7df36b788d07
2026-02-27 16:54:27 | DEBUG    | Task c8409950-1fd0-42f1-ab16-7df36b788d07 state=PENDING elapsed=0s — waiting …
2026-02-27 16:54:32 | DEBUG    | Task c8409950-1fd0-42f1-ab16-7df36b788d07 state=PENDING elapsed=5s — waiting …
2026-02-27 16:54:37 | DEBUG    | Task c8409950-1fd0-42f1-ab16-7df36b788d07 state=PENDING elapsed=10s — waiting …
2026-02-27 16:54:42 | DEBUG    | Task c8409950-1fd0-42f1-ab16-7df36b788d07 state=PENDING elapsed=15s — waiting …
2026-02-27 16:54:48 | DEBUG    | Task c8409950-1fd0-42f1-ab16-7df36b788d07 state=PENDING elapsed=21s — waiting …
2026-02-27 16:54:57 | DEBUG    | Task c8409950-1fd0-42f1-ab16-7df36b788d07 state=PENDING elapsed=31s — waiting …
2026-02-27 16:55:02 | DEBUG    | Task c8409950-1fd0-42f1-ab16-7df36b788d07 state=PENDING elapsed=36s — waiting …
2026-02-27 16:55:07 | DEBUG    | Task c8409950-1fd0-42f1-ab16-7df36b788d07 state=PENDING elapsed=41s — waiting …
2026-02-27 16:55:13 | DEBUG    | Task c8409950-1fd0-42f1-ab16-7df36b788d07 state=PENDING elapsed=46s — waiting …
2026-02-27 16:55:18 | DEBUG    | Task c8409950-1fd0-42f1-ab16-7df36b788d07 state=PENDING elapsed=51s — waiting …
2026-02-27 16:55:23 | DEBUG    | Task c8409950-1fd0-42f1-ab16-7df36b788d07 state=PENDING elapsed=56s — waiting …
2026-02-27 16:55:28 | DEBUG    | Task c8409950-1fd0-42f1-ab16-7df36b788d07 state=PENDING elapsed=61s — waiting …
2026-02-27 16:55:33 | DEBUG    | Task c8409950-1fd0-42f1-ab16-7df36b788d07 state=PENDING elapsed=66s — waiting …
2026-02-27 16:55:38 | DEBUG    | Task c8409950-1fd0-42f1-ab16-7df36b788d07 state=PENDING elapsed=71s — waiting …
2026-02-27 16:55:43 | DEBUG    | Task c8409950-1fd0-42f1-ab16-7df36b788d07 state=PENDING elapsed=76s — waiting …
2026-02-27 16:55:48 | DEBUG    | Task c8409950-1fd0-42f1-ab16-7df36b788d07 state=PENDING elapsed=81s — waiting …
2026-02-27 16:55:53 | DEBUG    | Task c8409950-1fd0-42f1-ab16-7df36b788d07 state=PENDING elapsed=86s — waiting …
2026-02-27 16:55:58 | DEBUG    | Task c8409950-1fd0-42f1-ab16-7df36b788d07 state=PENDING elapsed=91s — waiting …
2026-02-27 16:56:03 | INFO     | Task c8409950-1fd0-42f1-ab16-7df36b788d07 FINISHED in 97s
2026-02-27 16:56:03 | INFO     | ✅ batch 1/131 (16 files) complete
2026-02-27 16:56:03 | INFO     | --- batch 2/131 (16 files) ---
2026-02-27 16:56:03 | DEBUG    |   Files: 1989-16.pdf, 1989-17.pdf, 1989-18.pdf, 1989-19.pdf, 1989-20.pdf, 1989-21.pdf, 1989-22.pdf, 1989-23.pdf, 1990-01.pdf, 1990-02.pdf, 1990-03.pdf, 1990-04.pdf, 1990-05.pdf, 1990-06.pdf, 1990-07.pdf, 1990-08.pdf
2026-02-27 16:56:04 | INFO     | Upload accepted → task_id=7980aa1d-4c32-4fda-95c7-c2ebf1ca3a36
2026-02-27 16:56:04 | DEBUG    | Task 7980aa1d-4c32-4fda-95c7-c2ebf1ca3a36 state=PENDING elapsed=0s — waiting …
2026-02-27 16:56:09 | DEBUG    | Task 7980aa1d-4c32-4fda-95c7-c2ebf1ca3a36 state=PENDING elapsed=5s — waiting …
2026-02-27 16:56:14 | DEBUG    | Task 7980aa1d-4c32-4fda-95c7-c2ebf1ca3a36 state=PENDING elapsed=10s — waiting …
2026-02-27 16:56:19 | DEBUG    | Task 7980aa1d-4c32-4fda-95c7-c2ebf1ca3a36 state=PENDING elapsed=15s — waiting …
2026-02-27 16:56:24 | DEBUG    | Task 7980aa1d-4c32-4fda-95c7-c2ebf1ca3a36 state=PENDING elapsed=20s — waiting …
2026-02-27 16:56:29 | DEBUG    | Task 7980aa1d-4c32-4fda-95c7-c2ebf1ca3a36 state=PENDING elapsed=25s — waiting …
2026-02-27 16:56:34 | DEBUG    | Task 7980aa1d-4c32-4fda-95c7-c2ebf1ca3a36 state=PENDING elapsed=30s — waiting …
2026-02-27 16:56:39 | DEBUG    | Task 7980aa1d-4c32-4fda-95c7-c2ebf1ca3a36 state=PENDING elapsed=35s — waiting …
2026-02-27 16:56:44 | DEBUG    | Task 7980aa1d-4c32-4fda-95c7-c2ebf1ca3a36 state=PENDING elapsed=40s — waiting …
2026-02-27 16:56:50 | DEBUG    | Task 7980aa1d-4c32-4fda-95c7-c2ebf1ca3a36 state=PENDING elapsed=46s — waiting …
2026-02-27 16:56:55 | DEBUG    | Task 7980aa1d-4c32-4fda-95c7-c2ebf1ca3a36 state=PENDING elapsed=51s — waiting …
2026-02-27 16:57:00 | DEBUG    | Task 7980aa1d-4c32-4fda-95c7-c2ebf1ca3a36 state=PENDING elapsed=56s — waiting …
2026-02-27 16:57:05 | DEBUG    | Task 7980aa1d-4c32-4fda-95c7-c2ebf1ca3a36 state=PENDING elapsed=61s — waiting …
2026-02-27 16:57:10 | DEBUG    | Task 7980aa1d-4c32-4fda-95c7-c2ebf1ca3a36 state=PENDING elapsed=66s — waiting …
2026-02-27 16:57:15 | DEBUG    | Task 7980aa1d-4c32-4fda-95c7-c2ebf1ca3a36 state=PENDING elapsed=71s — waiting …
2026-02-27 16:57:20 | DEBUG    | Task 7980aa1d-4c32-4fda-95c7-c2ebf1ca3a36 state=PENDING elapsed=76s — waiting …
2026-02-27 16:57:25 | DEBUG    | Task 7980aa1d-4c32-4fda-95c7-c2ebf1ca3a36 state=PENDING elapsed=81s — waiting …
2026-02-27 16:57:30 | DEBUG    | Task 7980aa1d-4c32-4fda-95c7-c2ebf1ca3a36 state=PENDING elapsed=86s — waiting …
2026-02-27 16:57:35 | DEBUG    | Task 7980aa1d-4c32-4fda-95c7-c2ebf1ca3a36 state=PENDING elapsed=91s — waiting …
2026-02-27 16:57:40 | DEBUG    | Task 7980aa1d-4c32-4fda-95c7-c2ebf1ca3a36 state=PENDING elapsed=96s — waiting …
2026-02-27 16:57:45 | DEBUG    | Task 7980aa1d-4c32-4fda-95c7-c2ebf1ca3a36 state=PENDING elapsed=101s — waiting …
2026-02-27 16:57:50 | INFO     | Task 7980aa1d-4c32-4fda-95c7-c2ebf1ca3a36 FINISHED in 106s
2026-02-27 16:57:50 | INFO     | ✅ batch 2/131 (16 files) complete
2026-02-27 16:57:50 | INFO     | --- batch 3/131 (16 files) ---
2026-02-27 16:57:50 | DEBUG    |   Files: 1990-09.pdf, 1990-09a.pdf, 1990-09b.pdf, 1990-10.pdf, 1990-11.pdf, 1990-12.pdf, 1990-13.pdf, 1990-14.pdf, 1990-15.pdf, 1990-16.pdf, 1990-17.pdf, 1990-18.pdf, 1990-19.pdf, 1990-20.pdf, 1990-21.pdf, 1990-22.pdf
2026-02-27 16:57:51 | INFO     | Upload accepted → task_id=a832ec88-59b7-4da9-82b2-06e0235b880a
2026-02-27 16:57:51 | DEBUG    | Task a832ec88-59b7-4da9-82b2-06e0235b880a state=PENDING elapsed=0s — waiting …
2026-02-27 16:57:56 | DEBUG    | Task a832ec88-59b7-4da9-82b2-06e0235b880a state=PENDING elapsed=5s — waiting …
2026-02-27 16:58:01 | DEBUG    | Task a832ec88-59b7-4da9-82b2-06e0235b880a state=PENDING elapsed=10s — waiting …
2026-02-27 16:58:06 | DEBUG    | Task a832ec88-59b7-4da9-82b2-06e0235b880a state=PENDING elapsed=15s — waiting …
2026-02-27 16:58:11 | DEBUG    | Task a832ec88-59b7-4da9-82b2-06e0235b880a state=PENDING elapsed=20s — waiting …
2026-02-27 16:58:16 | DEBUG    | Task a832ec88-59b7-4da9-82b2-06e0235b880a state=PENDING elapsed=25s — waiting …
2026-02-27 16:58:21 | DEBUG    | Task a832ec88-59b7-4da9-82b2-06e0235b880a state=PENDING elapsed=30s — waiting …
2026-02-27 16:58:26 | DEBUG    | Task a832ec88-59b7-4da9-82b2-06e0235b880a state=PENDING elapsed=35s — waiting …
2026-02-27 16:58:31 | DEBUG    | Task a832ec88-59b7-4da9-82b2-06e0235b880a state=PENDING elapsed=40s — waiting …
2026-02-27 16:58:36 | DEBUG    | Task a832ec88-59b7-4da9-82b2-06e0235b880a state=PENDING elapsed=45s — waiting …
2026-02-27 16:58:41 | DEBUG    | Task a832ec88-59b7-4da9-82b2-06e0235b880a state=PENDING elapsed=50s — waiting …
2026-02-27 16:58:47 | DEBUG    | Task a832ec88-59b7-4da9-82b2-06e0235b880a state=PENDING elapsed=56s — waiting …
2026-02-27 16:58:52 | DEBUG    | Task a832ec88-59b7-4da9-82b2-06e0235b880a state=PENDING elapsed=61s — waiting …
2026-02-27 16:58:57 | DEBUG    | Task a832ec88-59b7-4da9-82b2-06e0235b880a state=PENDING elapsed=66s — waiting …
2026-02-27 16:59:02 | DEBUG    | Task a832ec88-59b7-4da9-82b2-06e0235b880a state=PENDING elapsed=71s — waiting …
2026-02-27 16:59:07 | DEBUG    | Task a832ec88-59b7-4da9-82b2-06e0235b880a state=PENDING elapsed=76s — waiting …
2026-02-27 16:59:12 | DEBUG    | Task a832ec88-59b7-4da9-82b2-06e0235b880a state=PENDING elapsed=81s — waiting …
2026-02-27 16:59:17 | INFO     | Task a832ec88-59b7-4da9-82b2-06e0235b880a FINISHED in 86s
2026-02-27 16:59:17 | INFO     | ✅ batch 3/131 (16 files) complete
2026-02-27 16:59:17 | INFO     | --- batch 4/131 (16 files) ---
2026-02-27 16:59:17 | DEBUG    |   Files: 1990-23.pdf, 1990-24.pdf, 1990-25.pdf, 1990-26.pdf, 1990-27.pdf, 1991-01.pdf, 1991-02.pdf, 1991-03.pdf, 1991-04.pdf, 1991-05.pdf, 1991-06.pdf, 1991-07.pdf, 1991-08.pdf, 1991-09.pdf, 1991-10.pdf, 1991-11.pdf
2026-02-27 16:59:18 | INFO     | Upload accepted → task_id=2709d75f-dc48-40a2-8661-da896d0551d0
2026-02-27 16:59:18 | DEBUG    | Task 2709d75f-dc48-40a2-8661-da896d0551d0 state=PENDING elapsed=0s — waiting …
2026-02-27 16:59:23 | DEBUG    | Task 2709d75f-dc48-40a2-8661-da896d0551d0 state=PENDING elapsed=5s — waiting …
2026-02-27 16:59:28 | DEBUG    | Task 2709d75f-dc48-40a2-8661-da896d0551d0 state=PENDING elapsed=10s — waiting …
2026-02-27 16:59:33 | DEBUG    | Task 2709d75f-dc48-40a2-8661-da896d0551d0 state=PENDING elapsed=15s — waiting …
2026-02-27 16:59:38 | DEBUG    | Task 2709d75f-dc48-40a2-8661-da896d0551d0 state=PENDING elapsed=20s — waiting …
2026-02-27 16:59:43 | DEBUG    | Task 2709d75f-dc48-40a2-8661-da896d0551d0 state=PENDING elapsed=25s — waiting …
2026-02-27 16:59:48 | DEBUG    | Task 2709d75f-dc48-40a2-8661-da896d0551d0 state=PENDING elapsed=30s — waiting …
2026-02-27 16:59:53 | DEBUG    | Task 2709d75f-dc48-40a2-8661-da896d0551d0 state=PENDING elapsed=35s — waiting …
2026-02-27 16:59:58 | DEBUG    | Task 2709d75f-dc48-40a2-8661-da896d0551d0 state=PENDING elapsed=40s — waiting …
2026-02-27 17:00:03 | DEBUG    | Task 2709d75f-dc48-40a2-8661-da896d0551d0 state=PENDING elapsed=45s — waiting …
2026-02-27 17:00:08 | DEBUG    | Task 2709d75f-dc48-40a2-8661-da896d0551d0 state=PENDING elapsed=50s — waiting …
2026-02-27 17:00:13 | DEBUG    | Task 2709d75f-dc48-40a2-8661-da896d0551d0 state=PENDING elapsed=55s — waiting …
2026-02-27 17:00:18 | DEBUG    | Task 2709d75f-dc48-40a2-8661-da896d0551d0 state=PENDING elapsed=60s — waiting …
2026-02-27 17:00:23 | DEBUG    | Task 2709d75f-dc48-40a2-8661-da896d0551d0 state=PENDING elapsed=65s — waiting …
2026-02-27 17:00:28 | DEBUG    | Task 2709d75f-dc48-40a2-8661-da896d0551d0 state=PENDING elapsed=70s — waiting …
2026-02-27 17:00:33 | DEBUG    | Task 2709d75f-dc48-40a2-8661-da896d0551d0 state=PENDING elapsed=75s — waiting …
2026-02-27 17:00:38 | DEBUG    | Task 2709d75f-dc48-40a2-8661-da896d0551d0 state=PENDING elapsed=80s — waiting …
2026-02-27 17:00:43 | DEBUG    | Task 2709d75f-dc48-40a2-8661-da896d0551d0 state=PENDING elapsed=85s — waiting …
2026-02-27 17:00:48 | DEBUG    | Task 2709d75f-dc48-40a2-8661-da896d0551d0 state=PENDING elapsed=90s — waiting …
2026-02-27 17:00:53 | DEBUG    | Task 2709d75f-dc48-40a2-8661-da896d0551d0 state=PENDING elapsed=95s — waiting …
2026-02-27 17:00:58 | DEBUG    | Task 2709d75f-dc48-40a2-8661-da896d0551d0 state=PENDING elapsed=100s — waiting …
2026-02-27 17:01:03 | DEBUG    | Task 2709d75f-dc48-40a2-8661-da896d0551d0 state=PENDING elapsed=105s — waiting …
2026-02-27 17:01:08 | DEBUG    | Task 2709d75f-dc48-40a2-8661-da896d0551d0 state=PENDING elapsed=110s — waiting …
2026-02-27 17:01:13 | DEBUG    | Task 2709d75f-dc48-40a2-8661-da896d0551d0 state=PENDING elapsed=115s — waiting …
2026-02-27 17:01:18 | DEBUG    | Task 2709d75f-dc48-40a2-8661-da896d0551d0 state=PENDING elapsed=120s — waiting …
2026-02-27 17:01:23 | DEBUG    | Task 2709d75f-dc48-40a2-8661-da896d0551d0 state=PENDING elapsed=125s — waiting …
2026-02-27 17:01:28 | DEBUG    | Task 2709d75f-dc48-40a2-8661-da896d0551d0 state=PENDING elapsed=130s — waiting …
2026-02-27 17:01:33 | DEBUG    | Task 2709d75f-dc48-40a2-8661-da896d0551d0 state=PENDING elapsed=135s — waiting …
2026-02-27 17:01:38 | DEBUG    | Task 2709d75f-dc48-40a2-8661-da896d0551d0 state=PENDING elapsed=140s — waiting …
2026-02-27 17:01:43 | DEBUG    | Task 2709d75f-dc48-40a2-8661-da896d0551d0 state=PENDING elapsed=145s — waiting …
2026-02-27 17:01:48 | DEBUG    | Task 2709d75f-dc48-40a2-8661-da896d0551d0 state=PENDING elapsed=150s — waiting …
2026-02-27 17:01:53 | DEBUG    | Task 2709d75f-dc48-40a2-8661-da896d0551d0 state=PENDING elapsed=155s — waiting …
2026-02-27 17:01:58 | DEBUG    | Task 2709d75f-dc48-40a2-8661-da896d0551d0 state=PENDING elapsed=160s — waiting …
2026-02-27 17:02:03 | DEBUG    | Task 2709d75f-dc48-40a2-8661-da896d0551d0 state=PENDING elapsed=165s — waiting …
2026-02-27 17:02:08 | DEBUG    | Task 2709d75f-dc48-40a2-8661-da896d0551d0 state=PENDING elapsed=170s — waiting …
2026-02-27 17:02:13 | INFO     | Task 2709d75f-dc48-40a2-8661-da896d0551d0 FINISHED in 175s
2026-02-27 17:02:13 | INFO     | ✅ batch 4/131 (16 files) complete
2026-02-27 17:02:13 | INFO     | --- batch 5/131 (16 files) ---
2026-02-27 17:02:13 | DEBUG    |   Files: 1991-12.pdf, 1991-13.pdf, 1991-14.pdf, 1991-15.pdf, 1991-16.pdf, 1991-17.pdf, 1991-18.pdf, 1991-19.pdf, 1991-20.pdf, 1991-21.pdf, 1991-22.pdf, 1991-23.pdf, 1991-24.pdf, 1991-25.pdf, 1991-26.pdf, 1991-27.pdf
2026-02-27 17:02:13 | INFO     | Upload accepted → task_id=be49f1cb-4fd3-4970-a7aa-98f4d50befa0
2026-02-27 17:02:13 | DEBUG    | Task be49f1cb-4fd3-4970-a7aa-98f4d50befa0 state=PENDING elapsed=0s — waiting …
2026-02-27 17:02:18 | DEBUG    | Task be49f1cb-4fd3-4970-a7aa-98f4d50befa0 state=PENDING elapsed=5s — waiting …
2026-02-27 17:02:23 | DEBUG    | Task be49f1cb-4fd3-4970-a7aa-98f4d50befa0 state=PENDING elapsed=10s — waiting …
2026-02-27 17:02:28 | DEBUG    | Task be49f1cb-4fd3-4970-a7aa-98f4d50befa0 state=PENDING elapsed=15s — waiting …
2026-02-27 17:02:33 | DEBUG    | Task be49f1cb-4fd3-4970-a7aa-98f4d50befa0 state=PENDING elapsed=20s — waiting …
2026-02-27 17:02:38 | DEBUG    | Task be49f1cb-4fd3-4970-a7aa-98f4d50befa0 state=PENDING elapsed=25s — waiting …
2026-02-27 17:02:43 | DEBUG    | Task be49f1cb-4fd3-4970-a7aa-98f4d50befa0 state=PENDING elapsed=30s — waiting …
2026-02-27 17:02:48 | DEBUG    | Task be49f1cb-4fd3-4970-a7aa-98f4d50befa0 state=PENDING elapsed=35s — waiting …
2026-02-27 17:02:53 | DEBUG    | Task be49f1cb-4fd3-4970-a7aa-98f4d50befa0 state=PENDING elapsed=40s — waiting …
2026-02-27 17:02:58 | DEBUG    | Task be49f1cb-4fd3-4970-a7aa-98f4d50befa0 state=PENDING elapsed=45s — waiting …
2026-02-27 17:03:03 | DEBUG    | Task be49f1cb-4fd3-4970-a7aa-98f4d50befa0 state=PENDING elapsed=50s — waiting …
2026-02-27 17:03:08 | DEBUG    | Task be49f1cb-4fd3-4970-a7aa-98f4d50befa0 state=PENDING elapsed=55s — waiting …
2026-02-27 17:03:13 | DEBUG    | Task be49f1cb-4fd3-4970-a7aa-98f4d50befa0 state=PENDING elapsed=60s — waiting …
2026-02-27 17:03:18 | DEBUG    | Task be49f1cb-4fd3-4970-a7aa-98f4d50befa0 state=PENDING elapsed=65s — waiting …
2026-02-27 17:03:23 | DEBUG    | Task be49f1cb-4fd3-4970-a7aa-98f4d50befa0 state=PENDING elapsed=70s — waiting …
2026-02-27 17:03:28 | DEBUG    | Task be49f1cb-4fd3-4970-a7aa-98f4d50befa0 state=PENDING elapsed=75s — waiting …
2026-02-27 17:03:33 | DEBUG    | Task be49f1cb-4fd3-4970-a7aa-98f4d50befa0 state=PENDING elapsed=80s — waiting …
2026-02-27 17:03:38 | DEBUG    | Task be49f1cb-4fd3-4970-a7aa-98f4d50befa0 state=PENDING elapsed=85s — waiting …
2026-02-27 17:03:43 | DEBUG    | Task be49f1cb-4fd3-4970-a7aa-98f4d50befa0 state=PENDING elapsed=90s — waiting …
2026-02-27 17:03:48 | DEBUG    | Task be49f1cb-4fd3-4970-a7aa-98f4d50befa0 state=PENDING elapsed=95s — waiting …
2026-02-27 17:03:53 | DEBUG    | Task be49f1cb-4fd3-4970-a7aa-98f4d50befa0 state=PENDING elapsed=100s — waiting …
2026-02-27 17:03:58 | DEBUG    | Task be49f1cb-4fd3-4970-a7aa-98f4d50befa0 state=PENDING elapsed=105s — waiting …
2026-02-27 17:04:03 | DEBUG    | Task be49f1cb-4fd3-4970-a7aa-98f4d50befa0 state=PENDING elapsed=110s — waiting …
2026-02-27 17:04:08 | DEBUG    | Task be49f1cb-4fd3-4970-a7aa-98f4d50befa0 state=PENDING elapsed=115s — waiting …
2026-02-27 17:04:13 | DEBUG    | Task be49f1cb-4fd3-4970-a7aa-98f4d50befa0 state=PENDING elapsed=120s — waiting …
2026-02-27 17:04:18 | DEBUG    | Task be49f1cb-4fd3-4970-a7aa-98f4d50befa0 state=PENDING elapsed=125s — waiting …
2026-02-27 17:04:24 | DEBUG    | Task be49f1cb-4fd3-4970-a7aa-98f4d50befa0 state=PENDING elapsed=130s — waiting …
2026-02-27 17:04:29 | DEBUG    | Task be49f1cb-4fd3-4970-a7aa-98f4d50befa0 state=PENDING elapsed=135s — waiting …
2026-02-27 17:04:34 | DEBUG    | Task be49f1cb-4fd3-4970-a7aa-98f4d50befa0 state=PENDING elapsed=140s — waiting …
2026-02-27 17:04:39 | DEBUG    | Task be49f1cb-4fd3-4970-a7aa-98f4d50befa0 state=PENDING elapsed=145s — waiting …
2026-02-27 17:04:44 | DEBUG    | Task be49f1cb-4fd3-4970-a7aa-98f4d50befa0 state=PENDING elapsed=150s — waiting …
2026-02-27 17:04:49 | DEBUG    | Task be49f1cb-4fd3-4970-a7aa-98f4d50befa0 state=PENDING elapsed=156s — waiting …
2026-02-27 17:04:54 | DEBUG    | Task be49f1cb-4fd3-4970-a7aa-98f4d50befa0 state=PENDING elapsed=161s — waiting …
2026-02-27 17:04:59 | DEBUG    | Task be49f1cb-4fd3-4970-a7aa-98f4d50befa0 state=PENDING elapsed=166s — waiting …
2026-02-27 17:05:04 | INFO     | Task be49f1cb-4fd3-4970-a7aa-98f4d50befa0 FINISHED in 171s
2026-02-27 17:05:04 | INFO     | ✅ batch 5/131 (16 files) complete
2026-02-27 17:05:04 | INFO     | --- batch 6/131 (16 files) ---
2026-02-27 17:05:04 | DEBUG    |   Files: 1991-28.pdf, 1991-29.pdf, 1991-30.pdf, 1991-31.pdf, 1991-32.pdf, 1991-33.pdf, 1991-34.pdf, 1991-35.pdf, 1992-02.pdf, 1992-03.pdf, 1992-04.pdf, 1992-05.pdf, 1992-06.pdf, 1992-07.pdf, 1992-11.pdf, 1992-15.pdf
2026-02-27 17:05:05 | INFO     | Upload accepted → task_id=767ee8c7-49bf-4c47-a73a-8e731fe7d5ae
2026-02-27 17:05:05 | DEBUG    | Task 767ee8c7-49bf-4c47-a73a-8e731fe7d5ae state=PENDING elapsed=0s — waiting …
2026-02-27 17:05:10 | DEBUG    | Task 767ee8c7-49bf-4c47-a73a-8e731fe7d5ae state=PENDING elapsed=5s — waiting …
2026-02-27 17:05:15 | DEBUG    | Task 767ee8c7-49bf-4c47-a73a-8e731fe7d5ae state=PENDING elapsed=10s — waiting …
2026-02-27 17:05:27 | DEBUG    | Task 767ee8c7-49bf-4c47-a73a-8e731fe7d5ae state=PENDING elapsed=22s — waiting …
2026-02-27 17:05:32 | DEBUG    | Task 767ee8c7-49bf-4c47-a73a-8e731fe7d5ae state=PENDING elapsed=27s — waiting …
2026-02-27 17:05:49 | DEBUG    | Task 767ee8c7-49bf-4c47-a73a-8e731fe7d5ae state=PENDING elapsed=44s — waiting …
2026-02-27 17:05:54 | DEBUG    | Task 767ee8c7-49bf-4c47-a73a-8e731fe7d5ae state=PENDING elapsed=49s — waiting …
2026-02-27 17:06:01 | INFO     | Task 767ee8c7-49bf-4c47-a73a-8e731fe7d5ae FINISHED in 55s
2026-02-27 17:06:01 | INFO     | ✅ batch 6/131 (16 files) complete
2026-02-27 17:06:01 | INFO     | --- batch 7/131 (16 files) ---
2026-02-27 17:06:01 | DEBUG    |   Files: 1992-17.pdf, 1992-18.pdf, 1992-19.pdf, 1992-24.pdf, 1992-25.pdf, 1992-26.pdf, 1992-27.pdf, 1993-01.pdf, 1993-02.pdf, 1993-03.pdf, 1993-04.pdf, 1993-05a.pdf, 1993-05b.pdf, 1993-06.pdf, 1993-07.pdf, 1993-08.pdf
2026-02-27 17:06:01 | INFO     | Upload accepted → task_id=196f7e0b-a6d5-4cc1-a4f5-8e4d1570a939
2026-02-27 17:06:01 | DEBUG    | Task 196f7e0b-a6d5-4cc1-a4f5-8e4d1570a939 state=PENDING elapsed=0s — waiting …
2026-02-27 17:06:06 | DEBUG    | Task 196f7e0b-a6d5-4cc1-a4f5-8e4d1570a939 state=PENDING elapsed=5s — waiting …
2026-02-27 17:06:11 | DEBUG    | Task 196f7e0b-a6d5-4cc1-a4f5-8e4d1570a939 state=PENDING elapsed=10s — waiting …
2026-02-27 17:06:16 | DEBUG    | Task 196f7e0b-a6d5-4cc1-a4f5-8e4d1570a939 state=PENDING elapsed=15s — waiting …
2026-02-27 17:06:21 | DEBUG    | Task 196f7e0b-a6d5-4cc1-a4f5-8e4d1570a939 state=PENDING elapsed=20s — waiting …
2026-02-27 17:06:26 | DEBUG    | Task 196f7e0b-a6d5-4cc1-a4f5-8e4d1570a939 state=PENDING elapsed=25s — waiting …
2026-02-27 17:06:31 | DEBUG    | Task 196f7e0b-a6d5-4cc1-a4f5-8e4d1570a939 state=PENDING elapsed=30s — waiting …
2026-02-27 17:06:36 | DEBUG    | Task 196f7e0b-a6d5-4cc1-a4f5-8e4d1570a939 state=PENDING elapsed=35s — waiting …
2026-02-27 17:06:41 | DEBUG    | Task 196f7e0b-a6d5-4cc1-a4f5-8e4d1570a939 state=PENDING elapsed=40s — waiting …
2026-02-27 17:06:46 | DEBUG    | Task 196f7e0b-a6d5-4cc1-a4f5-8e4d1570a939 state=PENDING elapsed=45s — waiting …
2026-02-27 17:06:51 | DEBUG    | Task 196f7e0b-a6d5-4cc1-a4f5-8e4d1570a939 state=PENDING elapsed=50s — waiting …
2026-02-27 17:06:56 | DEBUG    | Task 196f7e0b-a6d5-4cc1-a4f5-8e4d1570a939 state=PENDING elapsed=55s — waiting …
2026-02-27 17:07:01 | DEBUG    | Task 196f7e0b-a6d5-4cc1-a4f5-8e4d1570a939 state=PENDING elapsed=60s — waiting …
2026-02-27 17:07:07 | DEBUG    | Task 196f7e0b-a6d5-4cc1-a4f5-8e4d1570a939 state=PENDING elapsed=66s — waiting …
2026-02-27 17:07:12 | DEBUG    | Task 196f7e0b-a6d5-4cc1-a4f5-8e4d1570a939 state=PENDING elapsed=71s — waiting …
2026-02-27 17:07:17 | DEBUG    | Task 196f7e0b-a6d5-4cc1-a4f5-8e4d1570a939 state=PENDING elapsed=76s — waiting …
2026-02-27 17:07:22 | DEBUG    | Task 196f7e0b-a6d5-4cc1-a4f5-8e4d1570a939 state=PENDING elapsed=81s — waiting …
2026-02-27 17:07:27 | DEBUG    | Task 196f7e0b-a6d5-4cc1-a4f5-8e4d1570a939 state=PENDING elapsed=86s — waiting …
2026-02-27 17:07:32 | INFO     | Task 196f7e0b-a6d5-4cc1-a4f5-8e4d1570a939 FINISHED in 91s
2026-02-27 17:07:32 | INFO     | ✅ batch 7/131 (16 files) complete
2026-02-27 17:07:32 | INFO     | --- batch 8/131 (16 files) ---
2026-02-27 17:07:32 | DEBUG    |   Files: 1993-09.pdf, 1993-10.pdf, 1993-11.pdf, 1993-12.pdf, 1993-13.pdf, 1993-14.pdf, 1993-15.pdf, 1993-16.pdf, 1993-17.pdf, 1993-18.pdf, 1993-19.pdf, 1993-20.pdf, 1993-21.pdf, 1993-22.pdf, 1993-23a.pdf, 1993-23b.pdf
2026-02-27 17:07:33 | INFO     | Upload accepted → task_id=3454b10e-af67-4824-bec2-5015938e8767
2026-02-27 17:07:33 | DEBUG    | Task 3454b10e-af67-4824-bec2-5015938e8767 state=PENDING elapsed=0s — waiting …
2026-02-27 17:07:38 | DEBUG    | Task 3454b10e-af67-4824-bec2-5015938e8767 state=PENDING elapsed=5s — waiting …
2026-02-27 17:07:43 | DEBUG    | Task 3454b10e-af67-4824-bec2-5015938e8767 state=PENDING elapsed=10s — waiting …
2026-02-27 17:07:48 | DEBUG    | Task 3454b10e-af67-4824-bec2-5015938e8767 state=PENDING elapsed=15s — waiting …
2026-02-27 17:07:53 | DEBUG    | Task 3454b10e-af67-4824-bec2-5015938e8767 state=PENDING elapsed=20s — waiting …
2026-02-27 17:07:58 | DEBUG    | Task 3454b10e-af67-4824-bec2-5015938e8767 state=PENDING elapsed=25s — waiting …
2026-02-27 17:08:03 | DEBUG    | Task 3454b10e-af67-4824-bec2-5015938e8767 state=PENDING elapsed=30s — waiting …
2026-02-27 17:08:08 | DEBUG    | Task 3454b10e-af67-4824-bec2-5015938e8767 state=PENDING elapsed=35s — waiting …
2026-02-27 17:08:13 | DEBUG    | Task 3454b10e-af67-4824-bec2-5015938e8767 state=PENDING elapsed=40s — waiting …
2026-02-27 17:08:18 | DEBUG    | Task 3454b10e-af67-4824-bec2-5015938e8767 state=PENDING elapsed=45s — waiting …
2026-02-27 17:08:23 | DEBUG    | Task 3454b10e-af67-4824-bec2-5015938e8767 state=PENDING elapsed=50s — waiting …
2026-02-27 17:08:28 | DEBUG    | Task 3454b10e-af67-4824-bec2-5015938e8767 state=PENDING elapsed=55s — waiting …
2026-02-27 17:08:33 | DEBUG    | Task 3454b10e-af67-4824-bec2-5015938e8767 state=PENDING elapsed=60s — waiting …
2026-02-27 17:08:38 | DEBUG    | Task 3454b10e-af67-4824-bec2-5015938e8767 state=PENDING elapsed=65s — waiting …
2026-02-27 17:08:43 | DEBUG    | Task 3454b10e-af67-4824-bec2-5015938e8767 state=PENDING elapsed=70s — waiting …
2026-02-27 17:08:48 | DEBUG    | Task 3454b10e-af67-4824-bec2-5015938e8767 state=PENDING elapsed=75s — waiting …
2026-02-27 17:08:54 | DEBUG    | Task 3454b10e-af67-4824-bec2-5015938e8767 state=PENDING elapsed=81s — waiting …
2026-02-27 17:08:59 | DEBUG    | Task 3454b10e-af67-4824-bec2-5015938e8767 state=PENDING elapsed=86s — waiting …
2026-02-27 17:09:04 | DEBUG    | Task 3454b10e-af67-4824-bec2-5015938e8767 state=PENDING elapsed=91s — waiting …
2026-02-27 17:09:09 | DEBUG    | Task 3454b10e-af67-4824-bec2-5015938e8767 state=PENDING elapsed=96s — waiting …
2026-02-27 17:09:14 | DEBUG    | Task 3454b10e-af67-4824-bec2-5015938e8767 state=PENDING elapsed=101s — waiting …
2026-02-27 17:09:19 | DEBUG    | Task 3454b10e-af67-4824-bec2-5015938e8767 state=PENDING elapsed=106s — waiting …
2026-02-27 17:09:24 | DEBUG    | Task 3454b10e-af67-4824-bec2-5015938e8767 state=PENDING elapsed=111s — waiting …
2026-02-27 17:09:29 | INFO     | Task 3454b10e-af67-4824-bec2-5015938e8767 FINISHED in 116s
2026-02-27 17:09:29 | INFO     | ✅ batch 8/131 (16 files) complete
2026-02-27 17:09:29 | INFO     | --- batch 9/131 (16 files) ---
2026-02-27 17:09:29 | DEBUG    |   Files: 1993-24.pdf, 1993-25.pdf, 1993-26.pdf, 1993-27.pdf, 1993-28.pdf, 1993-29.pdf, 1993-30.pdf, 1993-31.pdf, 1993-32.pdf, 1994-01.pdf, 1994-02.pdf, 1994-03.pdf, 1994-04.pdf, 1994-05.pdf, 1994-06.pdf, 1994-07.pdf
2026-02-27 17:09:30 | INFO     | Upload accepted → task_id=59e20d98-eb41-4f2d-9163-618369e1d4d5
2026-02-27 17:09:30 | DEBUG    | Task 59e20d98-eb41-4f2d-9163-618369e1d4d5 state=PENDING elapsed=0s — waiting …
2026-02-27 17:09:35 | DEBUG    | Task 59e20d98-eb41-4f2d-9163-618369e1d4d5 state=PENDING elapsed=5s — waiting …
2026-02-27 17:09:40 | DEBUG    | Task 59e20d98-eb41-4f2d-9163-618369e1d4d5 state=PENDING elapsed=10s — waiting …
2026-02-27 17:09:45 | DEBUG    | Task 59e20d98-eb41-4f2d-9163-618369e1d4d5 state=PENDING elapsed=15s — waiting …
2026-02-27 17:09:50 | DEBUG    | Task 59e20d98-eb41-4f2d-9163-618369e1d4d5 state=PENDING elapsed=20s — waiting …
2026-02-27 17:09:55 | DEBUG    | Task 59e20d98-eb41-4f2d-9163-618369e1d4d5 state=PENDING elapsed=25s — waiting …
2026-02-27 17:10:00 | DEBUG    | Task 59e20d98-eb41-4f2d-9163-618369e1d4d5 state=PENDING elapsed=30s — waiting …
2026-02-27 17:10:05 | DEBUG    | Task 59e20d98-eb41-4f2d-9163-618369e1d4d5 state=PENDING elapsed=35s — waiting …
2026-02-27 17:10:10 | DEBUG    | Task 59e20d98-eb41-4f2d-9163-618369e1d4d5 state=PENDING elapsed=40s — waiting …
2026-02-27 17:10:15 | DEBUG    | Task 59e20d98-eb41-4f2d-9163-618369e1d4d5 state=PENDING elapsed=45s — waiting …
2026-02-27 17:10:20 | DEBUG    | Task 59e20d98-eb41-4f2d-9163-618369e1d4d5 state=PENDING elapsed=50s — waiting …
2026-02-27 17:10:25 | DEBUG    | Task 59e20d98-eb41-4f2d-9163-618369e1d4d5 state=PENDING elapsed=55s — waiting …
2026-02-27 17:10:30 | DEBUG    | Task 59e20d98-eb41-4f2d-9163-618369e1d4d5 state=PENDING elapsed=60s — waiting …
2026-02-27 17:10:35 | DEBUG    | Task 59e20d98-eb41-4f2d-9163-618369e1d4d5 state=PENDING elapsed=65s — waiting …
2026-02-27 17:10:40 | DEBUG    | Task 59e20d98-eb41-4f2d-9163-618369e1d4d5 state=PENDING elapsed=70s — waiting …
2026-02-27 17:10:45 | DEBUG    | Task 59e20d98-eb41-4f2d-9163-618369e1d4d5 state=PENDING elapsed=75s — waiting …
2026-02-27 17:10:50 | DEBUG    | Task 59e20d98-eb41-4f2d-9163-618369e1d4d5 state=PENDING elapsed=80s — waiting …
2026-02-27 17:10:55 | DEBUG    | Task 59e20d98-eb41-4f2d-9163-618369e1d4d5 state=PENDING elapsed=85s — waiting …
2026-02-27 17:11:00 | DEBUG    | Task 59e20d98-eb41-4f2d-9163-618369e1d4d5 state=PENDING elapsed=90s — waiting …
2026-02-27 17:11:05 | DEBUG    | Task 59e20d98-eb41-4f2d-9163-618369e1d4d5 state=PENDING elapsed=95s — waiting …
2026-02-27 17:11:10 | DEBUG    | Task 59e20d98-eb41-4f2d-9163-618369e1d4d5 state=PENDING elapsed=100s — waiting …
2026-02-27 17:11:15 | DEBUG    | Task 59e20d98-eb41-4f2d-9163-618369e1d4d5 state=PENDING elapsed=105s — waiting …
2026-02-27 17:11:20 | DEBUG    | Task 59e20d98-eb41-4f2d-9163-618369e1d4d5 state=PENDING elapsed=110s — waiting …
2026-02-27 17:11:25 | DEBUG    | Task 59e20d98-eb41-4f2d-9163-618369e1d4d5 state=PENDING elapsed=115s — waiting …
2026-02-27 17:11:30 | DEBUG    | Task 59e20d98-eb41-4f2d-9163-618369e1d4d5 state=PENDING elapsed=120s — waiting …
2026-02-27 17:11:35 | DEBUG    | Task 59e20d98-eb41-4f2d-9163-618369e1d4d5 state=PENDING elapsed=125s — waiting …
2026-02-27 17:11:40 | DEBUG    | Task 59e20d98-eb41-4f2d-9163-618369e1d4d5 state=PENDING elapsed=130s — waiting …
2026-02-27 17:11:45 | DEBUG    | Task 59e20d98-eb41-4f2d-9163-618369e1d4d5 state=PENDING elapsed=135s — waiting …
2026-02-27 17:11:50 | DEBUG    | Task 59e20d98-eb41-4f2d-9163-618369e1d4d5 state=PENDING elapsed=140s — waiting …
2026-02-27 17:11:56 | DEBUG    | Task 59e20d98-eb41-4f2d-9163-618369e1d4d5 state=PENDING elapsed=146s — waiting …
2026-02-27 17:12:03 | DEBUG    | Task 59e20d98-eb41-4f2d-9163-618369e1d4d5 state=PENDING elapsed=153s — waiting …
2026-02-27 17:12:08 | INFO     | Task 59e20d98-eb41-4f2d-9163-618369e1d4d5 FINISHED in 158s
2026-02-27 17:12:08 | INFO     | ✅ batch 9/131 (16 files) complete
2026-02-27 17:12:08 | INFO     | --- batch 10/131 (16 files) ---
2026-02-27 17:12:08 | DEBUG    |   Files: 1994-08.pdf, 1994-09.pdf, 1994-10.pdf, 1994-11.pdf, 1994-12.pdf, 1994-13.pdf, 1994-14.pdf, 1994-15.pdf, 1994-16.pdf, 1994-17.pdf, 1994-18.pdf, 1994-19.pdf, 1994-20.pdf, 1994-21.pdf, 1994-22.pdf, 1994-23.pdf
2026-02-27 17:12:09 | INFO     | Upload accepted → task_id=dd99146f-582f-4a08-992e-c6646a08f846
2026-02-27 17:12:09 | DEBUG    | Task dd99146f-582f-4a08-992e-c6646a08f846 state=PENDING elapsed=0s — waiting …
2026-02-27 17:12:14 | DEBUG    | Task dd99146f-582f-4a08-992e-c6646a08f846 state=PENDING elapsed=5s — waiting …
2026-02-27 17:12:19 | DEBUG    | Task dd99146f-582f-4a08-992e-c6646a08f846 state=PENDING elapsed=10s — waiting …
2026-02-27 17:12:24 | DEBUG    | Task dd99146f-582f-4a08-992e-c6646a08f846 state=PENDING elapsed=15s — waiting …
2026-02-27 17:12:29 | DEBUG    | Task dd99146f-582f-4a08-992e-c6646a08f846 state=PENDING elapsed=20s — waiting …
2026-02-27 17:12:34 | DEBUG    | Task dd99146f-582f-4a08-992e-c6646a08f846 state=PENDING elapsed=25s — waiting …
2026-02-27 17:12:39 | DEBUG    | Task dd99146f-582f-4a08-992e-c6646a08f846 state=PENDING elapsed=30s — waiting …
2026-02-27 17:12:44 | DEBUG    | Task dd99146f-582f-4a08-992e-c6646a08f846 state=PENDING elapsed=35s — waiting …
2026-02-27 17:12:49 | DEBUG    | Task dd99146f-582f-4a08-992e-c6646a08f846 state=PENDING elapsed=40s — waiting …
2026-02-27 17:12:54 | DEBUG    | Task dd99146f-582f-4a08-992e-c6646a08f846 state=PENDING elapsed=45s — waiting …
2026-02-27 17:12:59 | DEBUG    | Task dd99146f-582f-4a08-992e-c6646a08f846 state=PENDING elapsed=50s — waiting …
2026-02-27 17:13:04 | DEBUG    | Task dd99146f-582f-4a08-992e-c6646a08f846 state=PENDING elapsed=55s — waiting …
2026-02-27 17:13:09 | DEBUG    | Task dd99146f-582f-4a08-992e-c6646a08f846 state=PENDING elapsed=60s — waiting …
2026-02-27 17:13:14 | DEBUG    | Task dd99146f-582f-4a08-992e-c6646a08f846 state=PENDING elapsed=65s — waiting …
2026-02-27 17:13:19 | DEBUG    | Task dd99146f-582f-4a08-992e-c6646a08f846 state=PENDING elapsed=70s — waiting …
2026-02-27 17:13:24 | DEBUG    | Task dd99146f-582f-4a08-992e-c6646a08f846 state=PENDING elapsed=75s — waiting …
2026-02-27 17:13:29 | DEBUG    | Task dd99146f-582f-4a08-992e-c6646a08f846 state=PENDING elapsed=80s — waiting …
2026-02-27 17:13:34 | DEBUG    | Task dd99146f-582f-4a08-992e-c6646a08f846 state=PENDING elapsed=85s — waiting …
2026-02-27 17:13:39 | DEBUG    | Task dd99146f-582f-4a08-992e-c6646a08f846 state=PENDING elapsed=90s — waiting …
2026-02-27 17:13:44 | DEBUG    | Task dd99146f-582f-4a08-992e-c6646a08f846 state=PENDING elapsed=95s — waiting …
2026-02-27 17:13:49 | DEBUG    | Task dd99146f-582f-4a08-992e-c6646a08f846 state=PENDING elapsed=100s — waiting …
2026-02-27 17:13:54 | DEBUG    | Task dd99146f-582f-4a08-992e-c6646a08f846 state=PENDING elapsed=105s — waiting …
2026-02-27 17:13:59 | DEBUG    | Task dd99146f-582f-4a08-992e-c6646a08f846 state=PENDING elapsed=110s — waiting …
2026-02-27 17:14:04 | DEBUG    | Task dd99146f-582f-4a08-992e-c6646a08f846 state=PENDING elapsed=115s — waiting …
2026-02-27 17:14:09 | DEBUG    | Task dd99146f-582f-4a08-992e-c6646a08f846 state=PENDING elapsed=120s — waiting …
2026-02-27 17:14:14 | DEBUG    | Task dd99146f-582f-4a08-992e-c6646a08f846 state=PENDING elapsed=125s — waiting …
2026-02-27 17:14:19 | DEBUG    | Task dd99146f-582f-4a08-992e-c6646a08f846 state=PENDING elapsed=130s — waiting …
2026-02-27 17:14:24 | DEBUG    | Task dd99146f-582f-4a08-992e-c6646a08f846 state=PENDING elapsed=135s — waiting …
2026-02-27 17:14:30 | DEBUG    | Task dd99146f-582f-4a08-992e-c6646a08f846 state=PENDING elapsed=141s — waiting …
2026-02-27 17:14:35 | DEBUG    | Task dd99146f-582f-4a08-992e-c6646a08f846 state=PENDING elapsed=146s — waiting …
2026-02-27 17:14:40 | DEBUG    | Task dd99146f-582f-4a08-992e-c6646a08f846 state=PENDING elapsed=151s — waiting …
2026-02-27 17:14:45 | DEBUG    | Task dd99146f-582f-4a08-992e-c6646a08f846 state=PENDING elapsed=156s — waiting …
2026-02-27 17:14:50 | DEBUG    | Task dd99146f-582f-4a08-992e-c6646a08f846 state=PENDING elapsed=161s — waiting …
2026-02-27 17:14:55 | DEBUG    | Task dd99146f-582f-4a08-992e-c6646a08f846 state=PENDING elapsed=166s — waiting …
2026-02-27 17:15:00 | DEBUG    | Task dd99146f-582f-4a08-992e-c6646a08f846 state=PENDING elapsed=171s — waiting …
2026-02-27 17:15:05 | DEBUG    | Task dd99146f-582f-4a08-992e-c6646a08f846 state=PENDING elapsed=176s — waiting …
2026-02-27 17:15:10 | DEBUG    | Task dd99146f-582f-4a08-992e-c6646a08f846 state=PENDING elapsed=181s — waiting …
2026-02-27 17:15:15 | DEBUG    | Task dd99146f-582f-4a08-992e-c6646a08f846 state=PENDING elapsed=186s — waiting …
2026-02-27 17:15:20 | DEBUG    | Task dd99146f-582f-4a08-992e-c6646a08f846 state=PENDING elapsed=191s — waiting …
2026-02-27 17:15:25 | DEBUG    | Task dd99146f-582f-4a08-992e-c6646a08f846 state=PENDING elapsed=196s — waiting …
2026-02-27 17:15:30 | DEBUG    | Task dd99146f-582f-4a08-992e-c6646a08f846 state=PENDING elapsed=201s — waiting …
2026-02-27 17:15:35 | DEBUG    | Task dd99146f-582f-4a08-992e-c6646a08f846 state=PENDING elapsed=206s — waiting …
2026-02-27 17:15:40 | DEBUG    | Task dd99146f-582f-4a08-992e-c6646a08f846 state=PENDING elapsed=211s — waiting …
2026-02-27 17:15:45 | DEBUG    | Task dd99146f-582f-4a08-992e-c6646a08f846 state=PENDING elapsed=216s — waiting …
2026-02-27 17:15:50 | DEBUG    | Task dd99146f-582f-4a08-992e-c6646a08f846 state=PENDING elapsed=221s — waiting …
2026-02-27 17:15:55 | DEBUG    | Task dd99146f-582f-4a08-992e-c6646a08f846 state=PENDING elapsed=226s — waiting …
2026-02-27 17:16:00 | DEBUG    | Task dd99146f-582f-4a08-992e-c6646a08f846 state=PENDING elapsed=231s — waiting …
2026-02-27 17:16:07 | INFO     | Task dd99146f-582f-4a08-992e-c6646a08f846 FINISHED in 239s
2026-02-27 17:16:07 | INFO     | ✅ batch 10/131 (16 files) complete
2026-02-27 17:16:07 | INFO     | --- batch 11/131 (16 files) ---
2026-02-27 17:16:07 | DEBUG    |   Files: 1994-24.pdf, 1994-25.pdf, 1994-26.pdf, 1994-27.pdf, 1994-28.pdf, 1994-29.pdf, 1994-30.pdf, 1994-31.pdf, 1994-32.pdf, 1994-33.pdf, 1995-01.pdf, 1995-02.pdf, 1995-03.pdf, 1995-04.pdf, 1995-05.pdf, 1995-06.pdf
2026-02-27 17:16:11 | INFO     | Upload accepted → task_id=5697332d-084f-4bda-9a0c-46647fb3818a
2026-02-27 17:16:11 | DEBUG    | Task 5697332d-084f-4bda-9a0c-46647fb3818a state=PENDING elapsed=0s — waiting …
2026-02-27 17:16:16 | DEBUG    | Task 5697332d-084f-4bda-9a0c-46647fb3818a state=PENDING elapsed=5s — waiting …
2026-02-27 17:16:21 | DEBUG    | Task 5697332d-084f-4bda-9a0c-46647fb3818a state=PENDING elapsed=10s — waiting …
2026-02-27 17:16:26 | DEBUG    | Task 5697332d-084f-4bda-9a0c-46647fb3818a state=PENDING elapsed=15s — waiting …
2026-02-27 17:16:31 | DEBUG    | Task 5697332d-084f-4bda-9a0c-46647fb3818a state=PENDING elapsed=20s — waiting …
2026-02-27 17:16:36 | DEBUG    | Task 5697332d-084f-4bda-9a0c-46647fb3818a state=PENDING elapsed=25s — waiting …
2026-02-27 17:16:41 | DEBUG    | Task 5697332d-084f-4bda-9a0c-46647fb3818a state=PENDING elapsed=30s — waiting …
2026-02-27 17:16:46 | DEBUG    | Task 5697332d-084f-4bda-9a0c-46647fb3818a state=PENDING elapsed=35s — waiting …
2026-02-27 17:16:51 | DEBUG    | Task 5697332d-084f-4bda-9a0c-46647fb3818a state=PENDING elapsed=40s — waiting …
2026-02-27 17:16:56 | DEBUG    | Task 5697332d-084f-4bda-9a0c-46647fb3818a state=PENDING elapsed=45s — waiting …
2026-02-27 17:17:01 | DEBUG    | Task 5697332d-084f-4bda-9a0c-46647fb3818a state=PENDING elapsed=50s — waiting …
2026-02-27 17:17:06 | DEBUG    | Task 5697332d-084f-4bda-9a0c-46647fb3818a state=PENDING elapsed=55s — waiting …
2026-02-27 17:17:11 | DEBUG    | Task 5697332d-084f-4bda-9a0c-46647fb3818a state=PENDING elapsed=60s — waiting …
2026-02-27 17:17:16 | DEBUG    | Task 5697332d-084f-4bda-9a0c-46647fb3818a state=PENDING elapsed=65s — waiting …
2026-02-27 17:17:21 | DEBUG    | Task 5697332d-084f-4bda-9a0c-46647fb3818a state=PENDING elapsed=70s — waiting …
2026-02-27 17:17:26 | DEBUG    | Task 5697332d-084f-4bda-9a0c-46647fb3818a state=PENDING elapsed=75s — waiting …
2026-02-27 17:17:31 | DEBUG    | Task 5697332d-084f-4bda-9a0c-46647fb3818a state=PENDING elapsed=80s — waiting …
2026-02-27 17:17:36 | DEBUG    | Task 5697332d-084f-4bda-9a0c-46647fb3818a state=PENDING elapsed=85s — waiting …
2026-02-27 17:17:41 | DEBUG    | Task 5697332d-084f-4bda-9a0c-46647fb3818a state=PENDING elapsed=90s — waiting …
2026-02-27 17:17:46 | DEBUG    | Task 5697332d-084f-4bda-9a0c-46647fb3818a state=PENDING elapsed=95s — waiting …
2026-02-27 17:17:51 | DEBUG    | Task 5697332d-084f-4bda-9a0c-46647fb3818a state=PENDING elapsed=100s — waiting …
2026-02-27 17:17:56 | DEBUG    | Task 5697332d-084f-4bda-9a0c-46647fb3818a state=PENDING elapsed=105s — waiting …
2026-02-27 17:18:02 | DEBUG    | Task 5697332d-084f-4bda-9a0c-46647fb3818a state=PENDING elapsed=111s — waiting …
2026-02-27 17:18:07 | INFO     | Task 5697332d-084f-4bda-9a0c-46647fb3818a FINISHED in 116s
2026-02-27 17:18:07 | INFO     | ✅ batch 11/131 (16 files) complete
2026-02-27 17:18:07 | INFO     | --- batch 12/131 (16 files) ---
2026-02-27 17:18:07 | DEBUG    |   Files: 1995-07.pdf, 1995-08.pdf, 1995-09.pdf, 1995-10.pdf, 1995-11.pdf, 1995-12.pdf, 1995-13.pdf, 1995-14.pdf, 1995-15.pdf, 1995-16.pdf, 1995-17.pdf, 1995-18.pdf, 1995-19.pdf, 1995-20.pdf, 1995-21.pdf, 1995-22.pdf
2026-02-27 17:18:08 | INFO     | Upload accepted → task_id=96e85d95-7115-4786-8172-4608518405ab
2026-02-27 17:18:08 | DEBUG    | Task 96e85d95-7115-4786-8172-4608518405ab state=PENDING elapsed=0s — waiting …
2026-02-27 17:18:13 | DEBUG    | Task 96e85d95-7115-4786-8172-4608518405ab state=PENDING elapsed=5s — waiting …
2026-02-27 17:18:18 | DEBUG    | Task 96e85d95-7115-4786-8172-4608518405ab state=PENDING elapsed=10s — waiting …
2026-02-27 17:18:23 | DEBUG    | Task 96e85d95-7115-4786-8172-4608518405ab state=PENDING elapsed=15s — waiting …
2026-02-27 17:18:28 | DEBUG    | Task 96e85d95-7115-4786-8172-4608518405ab state=PENDING elapsed=20s — waiting …
2026-02-27 17:18:33 | DEBUG    | Task 96e85d95-7115-4786-8172-4608518405ab state=PENDING elapsed=25s — waiting …
2026-02-27 17:18:38 | DEBUG    | Task 96e85d95-7115-4786-8172-4608518405ab state=PENDING elapsed=30s — waiting …
2026-02-27 17:18:51 | DEBUG    | Task 96e85d95-7115-4786-8172-4608518405ab state=PENDING elapsed=43s — waiting …
2026-02-27 17:18:58 | DEBUG    | Task 96e85d95-7115-4786-8172-4608518405ab state=PENDING elapsed=50s — waiting …
2026-02-27 17:19:03 | DEBUG    | Task 96e85d95-7115-4786-8172-4608518405ab state=PENDING elapsed=55s — waiting …
2026-02-27 17:19:08 | DEBUG    | Task 96e85d95-7115-4786-8172-4608518405ab state=PENDING elapsed=60s — waiting …
2026-02-27 17:19:14 | INFO     | Task 96e85d95-7115-4786-8172-4608518405ab FINISHED in 66s
2026-02-27 17:19:14 | INFO     | ✅ batch 12/131 (16 files) complete
2026-02-27 17:19:14 | INFO     | --- batch 13/131 (16 files) ---
2026-02-27 17:19:14 | DEBUG    |   Files: 1995-23.pdf, 1995-24.pdf, 1995-25.pdf, 1995-26.pdf, 1995-27.pdf, 1995-28.pdf, 1995-29.pdf, 1995-30.pdf, 1995-31.pdf, 1995-32.pdf, 1995-33.pdf, 1995-34.pdf, 1995-35.pdf, 1995-36.pdf, 1995-37.pdf, 1995-38.pdf
2026-02-27 17:19:15 | INFO     | Upload accepted → task_id=14734cc6-c1db-4007-b69d-e2b69cad9208
2026-02-27 17:19:15 | DEBUG    | Task 14734cc6-c1db-4007-b69d-e2b69cad9208 state=PENDING elapsed=0s — waiting …
2026-02-27 17:19:20 | DEBUG    | Task 14734cc6-c1db-4007-b69d-e2b69cad9208 state=PENDING elapsed=5s — waiting …
2026-02-27 17:19:25 | DEBUG    | Task 14734cc6-c1db-4007-b69d-e2b69cad9208 state=PENDING elapsed=10s — waiting …
2026-02-27 17:19:30 | DEBUG    | Task 14734cc6-c1db-4007-b69d-e2b69cad9208 state=PENDING elapsed=15s — waiting …
2026-02-27 17:19:35 | DEBUG    | Task 14734cc6-c1db-4007-b69d-e2b69cad9208 state=PENDING elapsed=20s — waiting …
2026-02-27 17:19:40 | DEBUG    | Task 14734cc6-c1db-4007-b69d-e2b69cad9208 state=PENDING elapsed=25s — waiting …
2026-02-27 17:19:45 | DEBUG    | Task 14734cc6-c1db-4007-b69d-e2b69cad9208 state=PENDING elapsed=30s — waiting …
2026-02-27 17:19:50 | DEBUG    | Task 14734cc6-c1db-4007-b69d-e2b69cad9208 state=PENDING elapsed=35s — waiting …
2026-02-27 17:19:55 | DEBUG    | Task 14734cc6-c1db-4007-b69d-e2b69cad9208 state=PENDING elapsed=40s — waiting …
2026-02-27 17:20:00 | DEBUG    | Task 14734cc6-c1db-4007-b69d-e2b69cad9208 state=PENDING elapsed=45s — waiting …
2026-02-27 17:20:05 | DEBUG    | Task 14734cc6-c1db-4007-b69d-e2b69cad9208 state=PENDING elapsed=50s — waiting …
2026-02-27 17:20:10 | DEBUG    | Task 14734cc6-c1db-4007-b69d-e2b69cad9208 state=PENDING elapsed=55s — waiting …
2026-02-27 17:20:22 | DEBUG    | Task 14734cc6-c1db-4007-b69d-e2b69cad9208 state=PENDING elapsed=67s — waiting …
2026-02-27 17:20:27 | DEBUG    | Task 14734cc6-c1db-4007-b69d-e2b69cad9208 state=PENDING elapsed=72s — waiting …
2026-02-27 17:20:32 | DEBUG    | Task 14734cc6-c1db-4007-b69d-e2b69cad9208 state=PENDING elapsed=77s — waiting …
2026-02-27 17:20:37 | DEBUG    | Task 14734cc6-c1db-4007-b69d-e2b69cad9208 state=PENDING elapsed=82s — waiting …
2026-02-27 17:20:55 | DEBUG    | Task 14734cc6-c1db-4007-b69d-e2b69cad9208 state=PENDING elapsed=101s — waiting …
2026-02-27 17:21:01 | DEBUG    | Task 14734cc6-c1db-4007-b69d-e2b69cad9208 state=PENDING elapsed=106s — waiting …
2026-02-27 17:21:06 | DEBUG    | Task 14734cc6-c1db-4007-b69d-e2b69cad9208 state=PENDING elapsed=111s — waiting …
2026-02-27 17:21:11 | DEBUG    | Task 14734cc6-c1db-4007-b69d-e2b69cad9208 state=PENDING elapsed=116s — waiting …
2026-02-27 17:21:16 | DEBUG    | Task 14734cc6-c1db-4007-b69d-e2b69cad9208 state=PENDING elapsed=121s — waiting …
2026-02-27 17:21:28 | INFO     | Task 14734cc6-c1db-4007-b69d-e2b69cad9208 FINISHED in 133s
2026-02-27 17:21:28 | INFO     | ✅ batch 13/131 (16 files) complete
2026-02-27 17:21:28 | INFO     | --- batch 14/131 (16 files) ---
2026-02-27 17:21:28 | DEBUG    |   Files: 1995-39.pdf, 1995-40.pdf, 1995-41.pdf, 1995-42.pdf, 1995-43.pdf, 1995-44.pdf, 1995-45.pdf, 1995-46.pdf, 1996-01.pdf, 1996-02.pdf, 1996-03.pdf, 1996-04.pdf, 1996-05.pdf, 1996-06.pdf, 1996-07.pdf, 1996-08.pdf
2026-02-27 17:21:31 | INFO     | Upload accepted → task_id=dd7b0965-29e0-4850-bd00-f0c34759dcb1
2026-02-27 17:21:31 | DEBUG    | Task dd7b0965-29e0-4850-bd00-f0c34759dcb1 state=PENDING elapsed=0s — waiting …
2026-02-27 17:21:36 | DEBUG    | Task dd7b0965-29e0-4850-bd00-f0c34759dcb1 state=PENDING elapsed=5s — waiting …
2026-02-27 17:21:41 | DEBUG    | Task dd7b0965-29e0-4850-bd00-f0c34759dcb1 state=PENDING elapsed=10s — waiting …
2026-02-27 17:21:46 | DEBUG    | Task dd7b0965-29e0-4850-bd00-f0c34759dcb1 state=PENDING elapsed=15s — waiting …
2026-02-27 17:21:51 | DEBUG    | Task dd7b0965-29e0-4850-bd00-f0c34759dcb1 state=PENDING elapsed=20s — waiting …
2026-02-27 17:21:56 | DEBUG    | Task dd7b0965-29e0-4850-bd00-f0c34759dcb1 state=PENDING elapsed=25s — waiting …
2026-02-27 17:22:01 | DEBUG    | Task dd7b0965-29e0-4850-bd00-f0c34759dcb1 state=PENDING elapsed=30s — waiting …
2026-02-27 17:22:06 | DEBUG    | Task dd7b0965-29e0-4850-bd00-f0c34759dcb1 state=PENDING elapsed=35s — waiting …
2026-02-27 17:22:11 | DEBUG    | Task dd7b0965-29e0-4850-bd00-f0c34759dcb1 state=PENDING elapsed=40s — waiting …
2026-02-27 17:22:16 | DEBUG    | Task dd7b0965-29e0-4850-bd00-f0c34759dcb1 state=PENDING elapsed=45s — waiting …
2026-02-27 17:22:21 | DEBUG    | Task dd7b0965-29e0-4850-bd00-f0c34759dcb1 state=PENDING elapsed=50s — waiting …
2026-02-27 17:22:26 | DEBUG    | Task dd7b0965-29e0-4850-bd00-f0c34759dcb1 state=PENDING elapsed=55s — waiting …
2026-02-27 17:22:31 | DEBUG    | Task dd7b0965-29e0-4850-bd00-f0c34759dcb1 state=PENDING elapsed=60s — waiting …
2026-02-27 17:22:37 | DEBUG    | Task dd7b0965-29e0-4850-bd00-f0c34759dcb1 state=PENDING elapsed=66s — waiting …
2026-02-27 17:22:42 | DEBUG    | Task dd7b0965-29e0-4850-bd00-f0c34759dcb1 state=PENDING elapsed=71s — waiting …
2026-02-27 17:22:47 | DEBUG    | Task dd7b0965-29e0-4850-bd00-f0c34759dcb1 state=PENDING elapsed=76s — waiting …
2026-02-27 17:22:52 | DEBUG    | Task dd7b0965-29e0-4850-bd00-f0c34759dcb1 state=PENDING elapsed=81s — waiting …
2026-02-27 17:22:57 | DEBUG    | Task dd7b0965-29e0-4850-bd00-f0c34759dcb1 state=PENDING elapsed=86s — waiting …
2026-02-27 17:23:02 | DEBUG    | Task dd7b0965-29e0-4850-bd00-f0c34759dcb1 state=PENDING elapsed=91s — waiting …
2026-02-27 17:23:07 | DEBUG    | Task dd7b0965-29e0-4850-bd00-f0c34759dcb1 state=PENDING elapsed=96s — waiting …
2026-02-27 17:23:12 | DEBUG    | Task dd7b0965-29e0-4850-bd00-f0c34759dcb1 state=PENDING elapsed=101s — waiting …
2026-02-27 17:23:17 | DEBUG    | Task dd7b0965-29e0-4850-bd00-f0c34759dcb1 state=PENDING elapsed=106s — waiting …
2026-02-27 17:23:22 | DEBUG    | Task dd7b0965-29e0-4850-bd00-f0c34759dcb1 state=PENDING elapsed=111s — waiting …
2026-02-27 17:23:27 | DEBUG    | Task dd7b0965-29e0-4850-bd00-f0c34759dcb1 state=PENDING elapsed=116s — waiting …
2026-02-27 17:23:32 | DEBUG    | Task dd7b0965-29e0-4850-bd00-f0c34759dcb1 state=PENDING elapsed=121s — waiting …
2026-02-27 17:23:37 | DEBUG    | Task dd7b0965-29e0-4850-bd00-f0c34759dcb1 state=PENDING elapsed=126s — waiting …
2026-02-27 17:23:42 | DEBUG    | Task dd7b0965-29e0-4850-bd00-f0c34759dcb1 state=PENDING elapsed=131s — waiting …
2026-02-27 17:23:47 | DEBUG    | Task dd7b0965-29e0-4850-bd00-f0c34759dcb1 state=PENDING elapsed=136s — waiting …
2026-02-27 17:23:52 | DEBUG    | Task dd7b0965-29e0-4850-bd00-f0c34759dcb1 state=PENDING elapsed=141s — waiting …
2026-02-27 17:23:57 | DEBUG    | Task dd7b0965-29e0-4850-bd00-f0c34759dcb1 state=PENDING elapsed=146s — waiting …
2026-02-27 17:24:02 | DEBUG    | Task dd7b0965-29e0-4850-bd00-f0c34759dcb1 state=PENDING elapsed=151s — waiting …
2026-02-27 17:24:07 | DEBUG    | Task dd7b0965-29e0-4850-bd00-f0c34759dcb1 state=PENDING elapsed=156s — waiting …
2026-02-27 17:24:12 | DEBUG    | Task dd7b0965-29e0-4850-bd00-f0c34759dcb1 state=PENDING elapsed=161s — waiting …
2026-02-27 17:24:17 | DEBUG    | Task dd7b0965-29e0-4850-bd00-f0c34759dcb1 state=PENDING elapsed=166s — waiting …
2026-02-27 17:24:22 | DEBUG    | Task dd7b0965-29e0-4850-bd00-f0c34759dcb1 state=PENDING elapsed=171s — waiting …
2026-02-27 17:24:27 | DEBUG    | Task dd7b0965-29e0-4850-bd00-f0c34759dcb1 state=PENDING elapsed=176s — waiting …
2026-02-27 17:24:32 | DEBUG    | Task dd7b0965-29e0-4850-bd00-f0c34759dcb1 state=PENDING elapsed=181s — waiting …
2026-02-27 17:24:37 | DEBUG    | Task dd7b0965-29e0-4850-bd00-f0c34759dcb1 state=PENDING elapsed=186s — waiting …
2026-02-27 17:24:42 | DEBUG    | Task dd7b0965-29e0-4850-bd00-f0c34759dcb1 state=PENDING elapsed=191s — waiting …
2026-02-27 17:24:47 | DEBUG    | Task dd7b0965-29e0-4850-bd00-f0c34759dcb1 state=PENDING elapsed=196s — waiting …
2026-02-27 17:24:52 | DEBUG    | Task dd7b0965-29e0-4850-bd00-f0c34759dcb1 state=PENDING elapsed=201s — waiting …
2026-02-27 17:24:57 | DEBUG    | Task dd7b0965-29e0-4850-bd00-f0c34759dcb1 state=PENDING elapsed=206s — waiting …
2026-02-27 17:25:02 | DEBUG    | Task dd7b0965-29e0-4850-bd00-f0c34759dcb1 state=PENDING elapsed=211s — waiting …
2026-02-27 17:25:07 | DEBUG    | Task dd7b0965-29e0-4850-bd00-f0c34759dcb1 state=PENDING elapsed=216s — waiting …
2026-02-27 17:25:12 | DEBUG    | Task dd7b0965-29e0-4850-bd00-f0c34759dcb1 state=PENDING elapsed=221s — waiting …
2026-02-27 17:25:17 | DEBUG    | Task dd7b0965-29e0-4850-bd00-f0c34759dcb1 state=PENDING elapsed=226s — waiting …
2026-02-27 17:25:22 | DEBUG    | Task dd7b0965-29e0-4850-bd00-f0c34759dcb1 state=PENDING elapsed=231s — waiting …
2026-02-27 17:25:27 | DEBUG    | Task dd7b0965-29e0-4850-bd00-f0c34759dcb1 state=PENDING elapsed=236s — waiting …
2026-02-27 17:25:32 | DEBUG    | Task dd7b0965-29e0-4850-bd00-f0c34759dcb1 state=PENDING elapsed=241s — waiting …
2026-02-27 17:25:37 | DEBUG    | Task dd7b0965-29e0-4850-bd00-f0c34759dcb1 state=PENDING elapsed=246s — waiting …
2026-02-27 17:25:42 | DEBUG    | Task dd7b0965-29e0-4850-bd00-f0c34759dcb1 state=PENDING elapsed=251s — waiting …
2026-02-27 17:25:47 | DEBUG    | Task dd7b0965-29e0-4850-bd00-f0c34759dcb1 state=PENDING elapsed=256s — waiting …
2026-02-27 17:25:52 | DEBUG    | Task dd7b0965-29e0-4850-bd00-f0c34759dcb1 state=PENDING elapsed=261s — waiting …
2026-02-27 17:25:57 | DEBUG    | Task dd7b0965-29e0-4850-bd00-f0c34759dcb1 state=PENDING elapsed=266s — waiting …
2026-02-27 17:26:02 | DEBUG    | Task dd7b0965-29e0-4850-bd00-f0c34759dcb1 state=PENDING elapsed=271s — waiting …
2026-02-27 17:26:07 | DEBUG    | Task dd7b0965-29e0-4850-bd00-f0c34759dcb1 state=PENDING elapsed=276s — waiting …
2026-02-27 17:26:12 | DEBUG    | Task dd7b0965-29e0-4850-bd00-f0c34759dcb1 state=PENDING elapsed=281s — waiting …
2026-02-27 17:26:17 | DEBUG    | Task dd7b0965-29e0-4850-bd00-f0c34759dcb1 state=PENDING elapsed=286s — waiting …
2026-02-27 17:26:22 | DEBUG    | Task dd7b0965-29e0-4850-bd00-f0c34759dcb1 state=PENDING elapsed=291s — waiting …
2026-02-27 17:26:27 | DEBUG    | Task dd7b0965-29e0-4850-bd00-f0c34759dcb1 state=PENDING elapsed=296s — waiting …
2026-02-27 17:26:32 | DEBUG    | Task dd7b0965-29e0-4850-bd00-f0c34759dcb1 state=PENDING elapsed=301s — waiting …
2026-02-27 17:26:37 | DEBUG    | Task dd7b0965-29e0-4850-bd00-f0c34759dcb1 state=PENDING elapsed=306s — waiting …
2026-02-27 17:26:42 | DEBUG    | Task dd7b0965-29e0-4850-bd00-f0c34759dcb1 state=PENDING elapsed=311s — waiting …
2026-02-27 17:26:47 | DEBUG    | Task dd7b0965-29e0-4850-bd00-f0c34759dcb1 state=PENDING elapsed=316s — waiting …
2026-02-27 17:26:52 | DEBUG    | Task dd7b0965-29e0-4850-bd00-f0c34759dcb1 state=PENDING elapsed=321s — waiting …
2026-02-27 17:26:57 | DEBUG    | Task dd7b0965-29e0-4850-bd00-f0c34759dcb1 state=PENDING elapsed=326s — waiting …
2026-02-27 17:27:02 | DEBUG    | Task dd7b0965-29e0-4850-bd00-f0c34759dcb1 state=PENDING elapsed=331s — waiting …
2026-02-27 17:27:07 | DEBUG    | Task dd7b0965-29e0-4850-bd00-f0c34759dcb1 state=PENDING elapsed=336s — waiting …
2026-02-27 17:27:12 | DEBUG    | Task dd7b0965-29e0-4850-bd00-f0c34759dcb1 state=PENDING elapsed=341s — waiting …
2026-02-27 17:27:17 | DEBUG    | Task dd7b0965-29e0-4850-bd00-f0c34759dcb1 state=PENDING elapsed=346s — waiting …
2026-02-27 17:27:22 | DEBUG    | Task dd7b0965-29e0-4850-bd00-f0c34759dcb1 state=PENDING elapsed=351s — waiting …
2026-02-27 17:27:27 | DEBUG    | Task dd7b0965-29e0-4850-bd00-f0c34759dcb1 state=PENDING elapsed=356s — waiting …
2026-02-27 17:27:33 | DEBUG    | Task dd7b0965-29e0-4850-bd00-f0c34759dcb1 state=PENDING elapsed=362s — waiting …
2026-02-27 17:27:38 | DEBUG    | Task dd7b0965-29e0-4850-bd00-f0c34759dcb1 state=PENDING elapsed=367s — waiting …
2026-02-27 17:27:43 | DEBUG    | Task dd7b0965-29e0-4850-bd00-f0c34759dcb1 state=PENDING elapsed=372s — waiting …
2026-02-27 17:27:48 | DEBUG    | Task dd7b0965-29e0-4850-bd00-f0c34759dcb1 state=PENDING elapsed=377s — waiting …
2026-02-27 17:27:53 | DEBUG    | Task dd7b0965-29e0-4850-bd00-f0c34759dcb1 state=PENDING elapsed=382s — waiting …
2026-02-27 17:27:58 | DEBUG    | Task dd7b0965-29e0-4850-bd00-f0c34759dcb1 state=PENDING elapsed=387s — waiting …
2026-02-27 17:28:03 | DEBUG    | Task dd7b0965-29e0-4850-bd00-f0c34759dcb1 state=PENDING elapsed=392s — waiting …
2026-02-27 17:28:08 | DEBUG    | Task dd7b0965-29e0-4850-bd00-f0c34759dcb1 state=PENDING elapsed=397s — waiting …
2026-02-27 17:28:13 | DEBUG    | Task dd7b0965-29e0-4850-bd00-f0c34759dcb1 state=PENDING elapsed=402s — waiting …
2026-02-27 17:28:18 | DEBUG    | Task dd7b0965-29e0-4850-bd00-f0c34759dcb1 state=PENDING elapsed=407s — waiting …
2026-02-27 17:28:23 | DEBUG    | Task dd7b0965-29e0-4850-bd00-f0c34759dcb1 state=PENDING elapsed=412s — waiting …
2026-02-27 17:28:28 | DEBUG    | Task dd7b0965-29e0-4850-bd00-f0c34759dcb1 state=PENDING elapsed=417s — waiting …
2026-02-27 17:28:33 | DEBUG    | Task dd7b0965-29e0-4850-bd00-f0c34759dcb1 state=PENDING elapsed=422s — waiting …
2026-02-27 17:28:38 | DEBUG    | Task dd7b0965-29e0-4850-bd00-f0c34759dcb1 state=PENDING elapsed=427s — waiting …
2026-02-27 17:28:43 | DEBUG    | Task dd7b0965-29e0-4850-bd00-f0c34759dcb1 state=PENDING elapsed=432s — waiting …
2026-02-27 17:28:48 | DEBUG    | Task dd7b0965-29e0-4850-bd00-f0c34759dcb1 state=PENDING elapsed=437s — waiting …
2026-02-27 17:28:53 | DEBUG    | Task dd7b0965-29e0-4850-bd00-f0c34759dcb1 state=PENDING elapsed=442s — waiting …
2026-02-27 17:28:58 | DEBUG    | Task dd7b0965-29e0-4850-bd00-f0c34759dcb1 state=PENDING elapsed=447s — waiting …
2026-02-27 17:29:03 | DEBUG    | Task dd7b0965-29e0-4850-bd00-f0c34759dcb1 state=PENDING elapsed=452s — waiting …
2026-02-27 17:29:08 | INFO     | Task dd7b0965-29e0-4850-bd00-f0c34759dcb1 FINISHED in 457s
2026-02-27 17:29:08 | INFO     | ✅ batch 14/131 (16 files) complete
2026-02-27 17:29:08 | INFO     | --- batch 15/131 (16 files) ---
2026-02-27 17:29:08 | DEBUG    |   Files: 1996-09.pdf, 1996-10.pdf, 1996-11.pdf, 1996-12.pdf, 1996-13.pdf, 1996-14.pdf, 1996-15.pdf, 1996-16.pdf, 1996-17.pdf, 1996-18.pdf, 1996-19.pdf, 1996-20.pdf, 1996-21.pdf, 1996-22.pdf, 1996-23.pdf, 1996-24.pdf
2026-02-27 17:29:09 | INFO     | Upload accepted → task_id=18dbc2aa-cada-4609-a7f2-5b0f11aa8724
2026-02-27 17:29:09 | DEBUG    | Task 18dbc2aa-cada-4609-a7f2-5b0f11aa8724 state=PENDING elapsed=0s — waiting …
2026-02-27 17:29:14 | DEBUG    | Task 18dbc2aa-cada-4609-a7f2-5b0f11aa8724 state=PENDING elapsed=5s — waiting …
2026-02-27 17:29:19 | DEBUG    | Task 18dbc2aa-cada-4609-a7f2-5b0f11aa8724 state=PENDING elapsed=10s — waiting …
2026-02-27 17:29:24 | DEBUG    | Task 18dbc2aa-cada-4609-a7f2-5b0f11aa8724 state=PENDING elapsed=15s — waiting …
2026-02-27 17:29:29 | DEBUG    | Task 18dbc2aa-cada-4609-a7f2-5b0f11aa8724 state=PENDING elapsed=20s — waiting …
2026-02-27 17:29:34 | DEBUG    | Task 18dbc2aa-cada-4609-a7f2-5b0f11aa8724 state=PENDING elapsed=25s — waiting …
2026-02-27 17:29:39 | DEBUG    | Task 18dbc2aa-cada-4609-a7f2-5b0f11aa8724 state=PENDING elapsed=30s — waiting …
2026-02-27 17:29:44 | DEBUG    | Task 18dbc2aa-cada-4609-a7f2-5b0f11aa8724 state=PENDING elapsed=35s — waiting …
2026-02-27 17:29:49 | DEBUG    | Task 18dbc2aa-cada-4609-a7f2-5b0f11aa8724 state=PENDING elapsed=40s — waiting …
2026-02-27 17:29:54 | DEBUG    | Task 18dbc2aa-cada-4609-a7f2-5b0f11aa8724 state=PENDING elapsed=45s — waiting …
2026-02-27 17:29:59 | DEBUG    | Task 18dbc2aa-cada-4609-a7f2-5b0f11aa8724 state=PENDING elapsed=50s — waiting …
2026-02-27 17:30:04 | DEBUG    | Task 18dbc2aa-cada-4609-a7f2-5b0f11aa8724 state=PENDING elapsed=55s — waiting …
2026-02-27 17:30:09 | DEBUG    | Task 18dbc2aa-cada-4609-a7f2-5b0f11aa8724 state=PENDING elapsed=60s — waiting …
2026-02-27 17:30:14 | DEBUG    | Task 18dbc2aa-cada-4609-a7f2-5b0f11aa8724 state=PENDING elapsed=65s — waiting …
2026-02-27 17:30:19 | DEBUG    | Task 18dbc2aa-cada-4609-a7f2-5b0f11aa8724 state=PENDING elapsed=70s — waiting …
2026-02-27 17:30:24 | DEBUG    | Task 18dbc2aa-cada-4609-a7f2-5b0f11aa8724 state=PENDING elapsed=75s — waiting …
2026-02-27 17:30:29 | DEBUG    | Task 18dbc2aa-cada-4609-a7f2-5b0f11aa8724 state=PENDING elapsed=80s — waiting …
2026-02-27 17:30:34 | DEBUG    | Task 18dbc2aa-cada-4609-a7f2-5b0f11aa8724 state=PENDING elapsed=85s — waiting …
2026-02-27 17:30:39 | DEBUG    | Task 18dbc2aa-cada-4609-a7f2-5b0f11aa8724 state=PENDING elapsed=90s — waiting …
2026-02-27 17:30:44 | DEBUG    | Task 18dbc2aa-cada-4609-a7f2-5b0f11aa8724 state=PENDING elapsed=95s — waiting …
2026-02-27 17:30:49 | DEBUG    | Task 18dbc2aa-cada-4609-a7f2-5b0f11aa8724 state=PENDING elapsed=100s — waiting …
2026-02-27 17:30:54 | DEBUG    | Task 18dbc2aa-cada-4609-a7f2-5b0f11aa8724 state=PENDING elapsed=105s — waiting …
2026-02-27 17:30:59 | DEBUG    | Task 18dbc2aa-cada-4609-a7f2-5b0f11aa8724 state=PENDING elapsed=110s — waiting …
2026-02-27 17:31:04 | DEBUG    | Task 18dbc2aa-cada-4609-a7f2-5b0f11aa8724 state=PENDING elapsed=115s — waiting …
2026-02-27 17:31:09 | DEBUG    | Task 18dbc2aa-cada-4609-a7f2-5b0f11aa8724 state=PENDING elapsed=120s — waiting …
2026-02-27 17:31:14 | DEBUG    | Task 18dbc2aa-cada-4609-a7f2-5b0f11aa8724 state=PENDING elapsed=125s — waiting …
2026-02-27 17:31:19 | DEBUG    | Task 18dbc2aa-cada-4609-a7f2-5b0f11aa8724 state=PENDING elapsed=130s — waiting …
2026-02-27 17:31:24 | DEBUG    | Task 18dbc2aa-cada-4609-a7f2-5b0f11aa8724 state=PENDING elapsed=135s — waiting …
2026-02-27 17:31:41 | DEBUG    | Task 18dbc2aa-cada-4609-a7f2-5b0f11aa8724 state=PENDING elapsed=152s — waiting …
2026-02-27 17:31:53 | DEBUG    | Task 18dbc2aa-cada-4609-a7f2-5b0f11aa8724 state=PENDING elapsed=164s — waiting …
2026-02-27 17:31:58 | DEBUG    | Task 18dbc2aa-cada-4609-a7f2-5b0f11aa8724 state=PENDING elapsed=169s — waiting …
2026-02-27 17:32:04 | INFO     | Task 18dbc2aa-cada-4609-a7f2-5b0f11aa8724 FINISHED in 175s
2026-02-27 17:32:04 | INFO     | ✅ batch 15/131 (16 files) complete
2026-02-27 17:32:04 | INFO     | --- batch 16/131 (16 files) ---
2026-02-27 17:32:04 | DEBUG    |   Files: 1996-25.pdf, 1996-26.pdf, 1996-27.pdf, 1996-28.pdf, 1996-29.pdf, 1996-30.pdf, 1996-31.pdf, 1996-32.pdf, 1996-33.pdf, 1996-34.pdf, 1996-35.pdf, 1996-36.pdf, 1996-37.pdf, 1996-38.pdf, 1996-39.pdf, 1996-40.pdf
2026-02-27 17:32:06 | INFO     | Upload accepted → task_id=f476b142-6af6-42cd-8a20-c059124ce933
2026-02-27 17:32:06 | DEBUG    | Task f476b142-6af6-42cd-8a20-c059124ce933 state=PENDING elapsed=0s — waiting …
2026-02-27 17:32:11 | DEBUG    | Task f476b142-6af6-42cd-8a20-c059124ce933 state=PENDING elapsed=5s — waiting …
2026-02-27 17:32:16 | DEBUG    | Task f476b142-6af6-42cd-8a20-c059124ce933 state=PENDING elapsed=10s — waiting …
2026-02-27 17:32:22 | DEBUG    | Task f476b142-6af6-42cd-8a20-c059124ce933 state=PENDING elapsed=16s — waiting …
2026-02-27 17:32:27 | DEBUG    | Task f476b142-6af6-42cd-8a20-c059124ce933 state=PENDING elapsed=21s — waiting …
2026-02-27 17:32:55 | DEBUG    | Task f476b142-6af6-42cd-8a20-c059124ce933 state=PENDING elapsed=49s — waiting …
2026-02-27 17:33:00 | DEBUG    | Task f476b142-6af6-42cd-8a20-c059124ce933 state=PENDING elapsed=54s — waiting …
2026-02-27 17:33:05 | DEBUG    | Task f476b142-6af6-42cd-8a20-c059124ce933 state=PENDING elapsed=59s — waiting …
2026-02-27 17:33:10 | DEBUG    | Task f476b142-6af6-42cd-8a20-c059124ce933 state=PENDING elapsed=64s — waiting …
2026-02-27 17:33:15 | DEBUG    | Task f476b142-6af6-42cd-8a20-c059124ce933 state=PENDING elapsed=69s — waiting …
2026-02-27 17:33:20 | DEBUG    | Task f476b142-6af6-42cd-8a20-c059124ce933 state=PENDING elapsed=74s — waiting …
2026-02-27 17:33:25 | DEBUG    | Task f476b142-6af6-42cd-8a20-c059124ce933 state=PENDING elapsed=79s — waiting …
2026-02-27 17:33:30 | DEBUG    | Task f476b142-6af6-42cd-8a20-c059124ce933 state=PENDING elapsed=84s — waiting …
2026-02-27 17:33:35 | DEBUG    | Task f476b142-6af6-42cd-8a20-c059124ce933 state=PENDING elapsed=89s — waiting …
2026-02-27 17:33:40 | DEBUG    | Task f476b142-6af6-42cd-8a20-c059124ce933 state=PENDING elapsed=94s — waiting …
2026-02-27 17:33:45 | DEBUG    | Task f476b142-6af6-42cd-8a20-c059124ce933 state=PENDING elapsed=99s — waiting …
2026-02-27 17:33:50 | DEBUG    | Task f476b142-6af6-42cd-8a20-c059124ce933 state=PENDING elapsed=104s — waiting …
2026-02-27 17:33:55 | DEBUG    | Task f476b142-6af6-42cd-8a20-c059124ce933 state=PENDING elapsed=109s — waiting …
2026-02-27 17:34:00 | DEBUG    | Task f476b142-6af6-42cd-8a20-c059124ce933 state=PENDING elapsed=114s — waiting …
2026-02-27 17:34:05 | DEBUG    | Task f476b142-6af6-42cd-8a20-c059124ce933 state=PENDING elapsed=119s — waiting …
2026-02-27 17:34:10 | DEBUG    | Task f476b142-6af6-42cd-8a20-c059124ce933 state=PENDING elapsed=124s — waiting …
2026-02-27 17:34:15 | DEBUG    | Task f476b142-6af6-42cd-8a20-c059124ce933 state=PENDING elapsed=129s — waiting …
2026-02-27 17:34:20 | DEBUG    | Task f476b142-6af6-42cd-8a20-c059124ce933 state=PENDING elapsed=134s — waiting …
2026-02-27 17:34:25 | DEBUG    | Task f476b142-6af6-42cd-8a20-c059124ce933 state=PENDING elapsed=139s — waiting …
2026-02-27 17:34:30 | DEBUG    | Task f476b142-6af6-42cd-8a20-c059124ce933 state=PENDING elapsed=144s — waiting …
2026-02-27 17:34:35 | DEBUG    | Task f476b142-6af6-42cd-8a20-c059124ce933 state=PENDING elapsed=149s — waiting …
2026-02-27 17:34:40 | DEBUG    | Task f476b142-6af6-42cd-8a20-c059124ce933 state=PENDING elapsed=154s — waiting …
2026-02-27 17:34:45 | DEBUG    | Task f476b142-6af6-42cd-8a20-c059124ce933 state=PENDING elapsed=159s — waiting …
2026-02-27 17:34:50 | DEBUG    | Task f476b142-6af6-42cd-8a20-c059124ce933 state=PENDING elapsed=164s — waiting …
2026-02-27 17:34:55 | DEBUG    | Task f476b142-6af6-42cd-8a20-c059124ce933 state=PENDING elapsed=169s — waiting …
2026-02-27 17:35:00 | DEBUG    | Task f476b142-6af6-42cd-8a20-c059124ce933 state=PENDING elapsed=174s — waiting …
2026-02-27 17:35:05 | DEBUG    | Task f476b142-6af6-42cd-8a20-c059124ce933 state=PENDING elapsed=179s — waiting …
2026-02-27 17:35:10 | DEBUG    | Task f476b142-6af6-42cd-8a20-c059124ce933 state=PENDING elapsed=184s — waiting …
2026-02-27 17:35:15 | DEBUG    | Task f476b142-6af6-42cd-8a20-c059124ce933 state=PENDING elapsed=189s — waiting …
2026-02-27 17:35:20 | DEBUG    | Task f476b142-6af6-42cd-8a20-c059124ce933 state=PENDING elapsed=194s — waiting …
2026-02-27 17:35:25 | DEBUG    | Task f476b142-6af6-42cd-8a20-c059124ce933 state=PENDING elapsed=199s — waiting …
2026-02-27 17:35:30 | DEBUG    | Task f476b142-6af6-42cd-8a20-c059124ce933 state=PENDING elapsed=204s — waiting …
2026-02-27 17:35:35 | DEBUG    | Task f476b142-6af6-42cd-8a20-c059124ce933 state=PENDING elapsed=209s — waiting …
2026-02-27 17:35:40 | DEBUG    | Task f476b142-6af6-42cd-8a20-c059124ce933 state=PENDING elapsed=214s — waiting …
2026-02-27 17:35:46 | INFO     | Task f476b142-6af6-42cd-8a20-c059124ce933 FINISHED in 220s
2026-02-27 17:35:46 | INFO     | ✅ batch 16/131 (16 files) complete
2026-02-27 17:35:46 | INFO     | --- batch 17/131 (16 files) ---
2026-02-27 17:35:46 | DEBUG    |   Files: 1996-41.pdf, 1996-42.pdf, 1996-43.pdf, 1996-44.pdf, 1996-45.pdf, 1996-46.pdf, 1997-01.pdf, 1997-02.pdf, 1997-03.pdf, 1997-04.pdf, 1997-05.pdf, 1997-06.pdf, 1997-07.pdf, 1997-08.pdf, 1997-09.pdf, 1997-10.pdf
2026-02-27 17:35:51 | INFO     | Upload accepted → task_id=057acf66-76b6-4488-9fad-e17a3568cda9
2026-02-27 17:35:52 | DEBUG    | Task 057acf66-76b6-4488-9fad-e17a3568cda9 state=PENDING elapsed=0s — waiting …
2026-02-27 17:35:57 | DEBUG    | Task 057acf66-76b6-4488-9fad-e17a3568cda9 state=PENDING elapsed=5s — waiting …
2026-02-27 17:36:02 | DEBUG    | Task 057acf66-76b6-4488-9fad-e17a3568cda9 state=PENDING elapsed=10s — waiting …
2026-02-27 17:36:07 | DEBUG    | Task 057acf66-76b6-4488-9fad-e17a3568cda9 state=PENDING elapsed=15s — waiting …
2026-02-27 17:36:12 | DEBUG    | Task 057acf66-76b6-4488-9fad-e17a3568cda9 state=PENDING elapsed=20s — waiting …
2026-02-27 17:36:17 | DEBUG    | Task 057acf66-76b6-4488-9fad-e17a3568cda9 state=PENDING elapsed=25s — waiting …
2026-02-27 17:36:22 | DEBUG    | Task 057acf66-76b6-4488-9fad-e17a3568cda9 state=PENDING elapsed=30s — waiting …
2026-02-27 17:36:27 | DEBUG    | Task 057acf66-76b6-4488-9fad-e17a3568cda9 state=PENDING elapsed=35s — waiting …
2026-02-27 17:36:32 | DEBUG    | Task 057acf66-76b6-4488-9fad-e17a3568cda9 state=PENDING elapsed=40s — waiting …
2026-02-27 17:36:37 | DEBUG    | Task 057acf66-76b6-4488-9fad-e17a3568cda9 state=PENDING elapsed=45s — waiting …
2026-02-27 17:36:42 | DEBUG    | Task 057acf66-76b6-4488-9fad-e17a3568cda9 state=PENDING elapsed=50s — waiting …
2026-02-27 17:36:47 | DEBUG    | Task 057acf66-76b6-4488-9fad-e17a3568cda9 state=PENDING elapsed=55s — waiting …
2026-02-27 17:36:52 | DEBUG    | Task 057acf66-76b6-4488-9fad-e17a3568cda9 state=PENDING elapsed=60s — waiting …
2026-02-27 17:36:57 | DEBUG    | Task 057acf66-76b6-4488-9fad-e17a3568cda9 state=PENDING elapsed=65s — waiting …
2026-02-27 17:37:02 | DEBUG    | Task 057acf66-76b6-4488-9fad-e17a3568cda9 state=PENDING elapsed=70s — waiting …
2026-02-27 17:37:07 | DEBUG    | Task 057acf66-76b6-4488-9fad-e17a3568cda9 state=PENDING elapsed=75s — waiting …
2026-02-27 17:37:12 | DEBUG    | Task 057acf66-76b6-4488-9fad-e17a3568cda9 state=PENDING elapsed=80s — waiting …
2026-02-27 17:37:17 | DEBUG    | Task 057acf66-76b6-4488-9fad-e17a3568cda9 state=PENDING elapsed=85s — waiting …
2026-02-27 17:37:22 | DEBUG    | Task 057acf66-76b6-4488-9fad-e17a3568cda9 state=PENDING elapsed=90s — waiting …
2026-02-27 17:37:27 | DEBUG    | Task 057acf66-76b6-4488-9fad-e17a3568cda9 state=PENDING elapsed=95s — waiting …
2026-02-27 17:37:32 | DEBUG    | Task 057acf66-76b6-4488-9fad-e17a3568cda9 state=PENDING elapsed=100s — waiting …
2026-02-27 17:37:37 | DEBUG    | Task 057acf66-76b6-4488-9fad-e17a3568cda9 state=PENDING elapsed=105s — waiting …
2026-02-27 17:37:42 | DEBUG    | Task 057acf66-76b6-4488-9fad-e17a3568cda9 state=PENDING elapsed=110s — waiting …
2026-02-27 17:37:47 | DEBUG    | Task 057acf66-76b6-4488-9fad-e17a3568cda9 state=PENDING elapsed=115s — waiting …
2026-02-27 17:37:52 | DEBUG    | Task 057acf66-76b6-4488-9fad-e17a3568cda9 state=PENDING elapsed=120s — waiting …
2026-02-27 17:37:57 | DEBUG    | Task 057acf66-76b6-4488-9fad-e17a3568cda9 state=PENDING elapsed=125s — waiting …
2026-02-27 17:38:02 | DEBUG    | Task 057acf66-76b6-4488-9fad-e17a3568cda9 state=PENDING elapsed=130s — waiting …
2026-02-27 17:38:07 | DEBUG    | Task 057acf66-76b6-4488-9fad-e17a3568cda9 state=PENDING elapsed=135s — waiting …
2026-02-27 17:38:12 | DEBUG    | Task 057acf66-76b6-4488-9fad-e17a3568cda9 state=PENDING elapsed=140s — waiting …
2026-02-27 17:38:17 | DEBUG    | Task 057acf66-76b6-4488-9fad-e17a3568cda9 state=PENDING elapsed=145s — waiting …
2026-02-27 17:38:22 | DEBUG    | Task 057acf66-76b6-4488-9fad-e17a3568cda9 state=PENDING elapsed=150s — waiting …
2026-02-27 17:38:27 | DEBUG    | Task 057acf66-76b6-4488-9fad-e17a3568cda9 state=PENDING elapsed=155s — waiting …
2026-02-27 17:38:32 | DEBUG    | Task 057acf66-76b6-4488-9fad-e17a3568cda9 state=PENDING elapsed=160s — waiting …
2026-02-27 17:38:38 | INFO     | Task 057acf66-76b6-4488-9fad-e17a3568cda9 FINISHED in 166s
2026-02-27 17:38:38 | INFO     | ✅ batch 17/131 (16 files) complete
2026-02-27 17:38:38 | INFO     | --- batch 18/131 (16 files) ---
2026-02-27 17:38:38 | DEBUG    |   Files: 1997-11.pdf, 1997-12.pdf, 1997-13.pdf, 1997-14.pdf, 1997-15.pdf, 1997-16.pdf, 1997-17.pdf, 1997-18.pdf, 1997-19.pdf, 1997-20.pdf, 1997-21.pdf, 1997-22.pdf, 1997-23.pdf, 1997-24.pdf, 1997-25.pdf, 1997-26.pdf
2026-02-27 17:38:49 | INFO     | Upload accepted → task_id=d1fe8803-fbd8-46ef-b72b-bdb9d33976b9
2026-02-27 17:38:49 | DEBUG    | Task d1fe8803-fbd8-46ef-b72b-bdb9d33976b9 state=PENDING elapsed=0s — waiting …
2026-02-27 17:38:54 | DEBUG    | Task d1fe8803-fbd8-46ef-b72b-bdb9d33976b9 state=PENDING elapsed=5s — waiting …
2026-02-27 17:38:59 | DEBUG    | Task d1fe8803-fbd8-46ef-b72b-bdb9d33976b9 state=PENDING elapsed=10s — waiting …
2026-02-27 17:39:04 | DEBUG    | Task d1fe8803-fbd8-46ef-b72b-bdb9d33976b9 state=PENDING elapsed=15s — waiting …
2026-02-27 17:39:09 | DEBUG    | Task d1fe8803-fbd8-46ef-b72b-bdb9d33976b9 state=PENDING elapsed=20s — waiting …
2026-02-27 17:39:14 | DEBUG    | Task d1fe8803-fbd8-46ef-b72b-bdb9d33976b9 state=PENDING elapsed=25s — waiting …
2026-02-27 17:39:19 | DEBUG    | Task d1fe8803-fbd8-46ef-b72b-bdb9d33976b9 state=PENDING elapsed=30s — waiting …
2026-02-27 17:39:24 | INFO     | Task d1fe8803-fbd8-46ef-b72b-bdb9d33976b9 FINISHED in 35s
2026-02-27 17:39:24 | INFO     | ✅ batch 18/131 (16 files) complete
2026-02-27 17:39:24 | INFO     | --- batch 19/131 (16 files) ---
2026-02-27 17:39:24 | DEBUG    |   Files: 1997-27.pdf, 1997-28.pdf, 1997-29.pdf, 1997-30.pdf, 1997-31.pdf, 1997-32.pdf, 1997-33.pdf, 1997-34.pdf, 1997-35.pdf, 1997-36.pdf, 1997-37.pdf, 1997-38.pdf, 1997-39.pdf, 1997-40.pdf, 1997-41.pdf, 1997-42.pdf
2026-02-27 17:39:26 | INFO     | Upload accepted → task_id=c9a93be0-8636-4830-a89d-93d51c1ebf1c
2026-02-27 17:39:26 | DEBUG    | Task c9a93be0-8636-4830-a89d-93d51c1ebf1c state=PENDING elapsed=0s — waiting …
2026-02-27 17:39:31 | DEBUG    | Task c9a93be0-8636-4830-a89d-93d51c1ebf1c state=PENDING elapsed=5s — waiting …
2026-02-27 17:39:36 | DEBUG    | Task c9a93be0-8636-4830-a89d-93d51c1ebf1c state=PENDING elapsed=10s — waiting …
2026-02-27 17:39:41 | DEBUG    | Task c9a93be0-8636-4830-a89d-93d51c1ebf1c state=PENDING elapsed=15s — waiting …
2026-02-27 17:39:46 | DEBUG    | Task c9a93be0-8636-4830-a89d-93d51c1ebf1c state=PENDING elapsed=20s — waiting …
2026-02-27 17:39:51 | DEBUG    | Task c9a93be0-8636-4830-a89d-93d51c1ebf1c state=PENDING elapsed=25s — waiting …
2026-02-27 17:39:56 | DEBUG    | Task c9a93be0-8636-4830-a89d-93d51c1ebf1c state=PENDING elapsed=30s — waiting …
2026-02-27 17:40:01 | DEBUG    | Task c9a93be0-8636-4830-a89d-93d51c1ebf1c state=PENDING elapsed=35s — waiting …
2026-02-27 17:40:06 | DEBUG    | Task c9a93be0-8636-4830-a89d-93d51c1ebf1c state=PENDING elapsed=40s — waiting …
2026-02-27 17:40:11 | DEBUG    | Task c9a93be0-8636-4830-a89d-93d51c1ebf1c state=PENDING elapsed=45s — waiting …
2026-02-27 17:40:16 | DEBUG    | Task c9a93be0-8636-4830-a89d-93d51c1ebf1c state=PENDING elapsed=50s — waiting …
2026-02-27 17:40:21 | DEBUG    | Task c9a93be0-8636-4830-a89d-93d51c1ebf1c state=PENDING elapsed=55s — waiting …
2026-02-27 17:40:26 | DEBUG    | Task c9a93be0-8636-4830-a89d-93d51c1ebf1c state=PENDING elapsed=60s — waiting …
2026-02-27 17:40:31 | DEBUG    | Task c9a93be0-8636-4830-a89d-93d51c1ebf1c state=PENDING elapsed=65s — waiting …
2026-02-27 17:40:36 | DEBUG    | Task c9a93be0-8636-4830-a89d-93d51c1ebf1c state=PENDING elapsed=70s — waiting …
2026-02-27 17:40:41 | DEBUG    | Task c9a93be0-8636-4830-a89d-93d51c1ebf1c state=PENDING elapsed=75s — waiting …
2026-02-27 17:40:46 | DEBUG    | Task c9a93be0-8636-4830-a89d-93d51c1ebf1c state=PENDING elapsed=80s — waiting …
2026-02-27 17:40:51 | DEBUG    | Task c9a93be0-8636-4830-a89d-93d51c1ebf1c state=PENDING elapsed=85s — waiting …
2026-02-27 17:40:56 | DEBUG    | Task c9a93be0-8636-4830-a89d-93d51c1ebf1c state=PENDING elapsed=90s — waiting …
2026-02-27 17:41:01 | DEBUG    | Task c9a93be0-8636-4830-a89d-93d51c1ebf1c state=PENDING elapsed=95s — waiting …
2026-02-27 17:41:06 | DEBUG    | Task c9a93be0-8636-4830-a89d-93d51c1ebf1c state=PENDING elapsed=100s — waiting …
2026-02-27 17:41:11 | DEBUG    | Task c9a93be0-8636-4830-a89d-93d51c1ebf1c state=PENDING elapsed=105s — waiting …
2026-02-27 17:41:16 | DEBUG    | Task c9a93be0-8636-4830-a89d-93d51c1ebf1c state=PENDING elapsed=110s — waiting …
2026-02-27 17:41:21 | DEBUG    | Task c9a93be0-8636-4830-a89d-93d51c1ebf1c state=PENDING elapsed=115s — waiting …
2026-02-27 17:41:26 | DEBUG    | Task c9a93be0-8636-4830-a89d-93d51c1ebf1c state=PENDING elapsed=120s — waiting …
2026-02-27 17:41:31 | DEBUG    | Task c9a93be0-8636-4830-a89d-93d51c1ebf1c state=PENDING elapsed=125s — waiting …
2026-02-27 17:41:36 | DEBUG    | Task c9a93be0-8636-4830-a89d-93d51c1ebf1c state=PENDING elapsed=130s — waiting …
2026-02-27 17:41:41 | INFO     | Task c9a93be0-8636-4830-a89d-93d51c1ebf1c FINISHED in 135s
2026-02-27 17:41:41 | INFO     | ✅ batch 19/131 (16 files) complete
2026-02-27 17:41:41 | INFO     | --- batch 20/131 (16 files) ---
2026-02-27 17:41:41 | DEBUG    |   Files: 1998-01.pdf, 1998-02.pdf, 1998-03.pdf, 1998-04.pdf, 1998-05.pdf, 1998-06.pdf, 1998-07.pdf, 1998-08.pdf, 1998-09.pdf, 1998-10.pdf, 1998-11.pdf, 1998-12.pdf, 1998-13.pdf, 1998-14.pdf, 1998-15.pdf, 1998-16.pdf
2026-02-27 17:41:42 | INFO     | Upload accepted → task_id=f6290493-891b-4c0a-b9a0-0bfb040d5a64
2026-02-27 17:41:42 | DEBUG    | Task f6290493-891b-4c0a-b9a0-0bfb040d5a64 state=PENDING elapsed=0s — waiting …
2026-02-27 17:41:47 | DEBUG    | Task f6290493-891b-4c0a-b9a0-0bfb040d5a64 state=PENDING elapsed=5s — waiting …
2026-02-27 17:41:52 | DEBUG    | Task f6290493-891b-4c0a-b9a0-0bfb040d5a64 state=PENDING elapsed=10s — waiting …
2026-02-27 17:41:57 | DEBUG    | Task f6290493-891b-4c0a-b9a0-0bfb040d5a64 state=PENDING elapsed=15s — waiting …
2026-02-27 17:42:02 | DEBUG    | Task f6290493-891b-4c0a-b9a0-0bfb040d5a64 state=PENDING elapsed=20s — waiting …
2026-02-27 17:42:07 | DEBUG    | Task f6290493-891b-4c0a-b9a0-0bfb040d5a64 state=PENDING elapsed=25s — waiting …
2026-02-27 17:42:12 | DEBUG    | Task f6290493-891b-4c0a-b9a0-0bfb040d5a64 state=PENDING elapsed=30s — waiting …
2026-02-27 17:42:17 | DEBUG    | Task f6290493-891b-4c0a-b9a0-0bfb040d5a64 state=PENDING elapsed=35s — waiting …
2026-02-27 17:42:22 | DEBUG    | Task f6290493-891b-4c0a-b9a0-0bfb040d5a64 state=PENDING elapsed=40s — waiting …
2026-02-27 17:42:29 | DEBUG    | Task f6290493-891b-4c0a-b9a0-0bfb040d5a64 state=PENDING elapsed=47s — waiting …
2026-02-27 17:42:34 | DEBUG    | Task f6290493-891b-4c0a-b9a0-0bfb040d5a64 state=PENDING elapsed=52s — waiting …
2026-02-27 17:42:39 | DEBUG    | Task f6290493-891b-4c0a-b9a0-0bfb040d5a64 state=PENDING elapsed=57s — waiting …
2026-02-27 17:42:44 | DEBUG    | Task f6290493-891b-4c0a-b9a0-0bfb040d5a64 state=PENDING elapsed=62s — waiting …
2026-02-27 17:42:49 | DEBUG    | Task f6290493-891b-4c0a-b9a0-0bfb040d5a64 state=PENDING elapsed=67s — waiting …
2026-02-27 17:42:54 | DEBUG    | Task f6290493-891b-4c0a-b9a0-0bfb040d5a64 state=PENDING elapsed=72s — waiting …
2026-02-27 17:42:59 | DEBUG    | Task f6290493-891b-4c0a-b9a0-0bfb040d5a64 state=PENDING elapsed=77s — waiting …
2026-02-27 17:43:04 | DEBUG    | Task f6290493-891b-4c0a-b9a0-0bfb040d5a64 state=PENDING elapsed=82s — waiting …
2026-02-27 17:43:09 | DEBUG    | Task f6290493-891b-4c0a-b9a0-0bfb040d5a64 state=PENDING elapsed=87s — waiting …
2026-02-27 17:43:14 | DEBUG    | Task f6290493-891b-4c0a-b9a0-0bfb040d5a64 state=PENDING elapsed=92s — waiting …
2026-02-27 17:43:19 | DEBUG    | Task f6290493-891b-4c0a-b9a0-0bfb040d5a64 state=PENDING elapsed=97s — waiting …
2026-02-27 17:43:24 | DEBUG    | Task f6290493-891b-4c0a-b9a0-0bfb040d5a64 state=PENDING elapsed=102s — waiting …
2026-02-27 17:43:29 | DEBUG    | Task f6290493-891b-4c0a-b9a0-0bfb040d5a64 state=PENDING elapsed=107s — waiting …
2026-02-27 17:43:34 | INFO     | Task f6290493-891b-4c0a-b9a0-0bfb040d5a64 FINISHED in 112s
2026-02-27 17:43:34 | INFO     | ✅ batch 20/131 (16 files) complete
2026-02-27 17:43:34 | INFO     | --- batch 21/131 (16 files) ---
2026-02-27 17:43:34 | DEBUG    |   Files: 1998-17.pdf, 1998-18.pdf, 1998-19.pdf, 1998-20.pdf, 1998-21.pdf, 1998-22.pdf, 1998-23.pdf, 1998-24.pdf, 1998-25.pdf, 1998-26.pdf, 1998-27.pdf, 1998-28.pdf, 1998-29.pdf, 1998-30.pdf, 1998-31.pdf, 1998-32.pdf
2026-02-27 17:43:35 | INFO     | Upload accepted → task_id=c80b2da4-5117-40e5-9f5e-6ab3b56bc59d
2026-02-27 17:43:35 | DEBUG    | Task c80b2da4-5117-40e5-9f5e-6ab3b56bc59d state=PENDING elapsed=0s — waiting …
2026-02-27 17:43:40 | DEBUG    | Task c80b2da4-5117-40e5-9f5e-6ab3b56bc59d state=PENDING elapsed=5s — waiting …
2026-02-27 17:43:46 | DEBUG    | Task c80b2da4-5117-40e5-9f5e-6ab3b56bc59d state=PENDING elapsed=11s — waiting …
2026-02-27 17:43:51 | DEBUG    | Task c80b2da4-5117-40e5-9f5e-6ab3b56bc59d state=PENDING elapsed=16s — waiting …
2026-02-27 17:43:56 | DEBUG    | Task c80b2da4-5117-40e5-9f5e-6ab3b56bc59d state=PENDING elapsed=21s — waiting …
2026-02-27 17:44:01 | DEBUG    | Task c80b2da4-5117-40e5-9f5e-6ab3b56bc59d state=PENDING elapsed=26s — waiting …
2026-02-27 17:44:06 | DEBUG    | Task c80b2da4-5117-40e5-9f5e-6ab3b56bc59d state=PENDING elapsed=31s — waiting …
2026-02-27 17:44:11 | DEBUG    | Task c80b2da4-5117-40e5-9f5e-6ab3b56bc59d state=PENDING elapsed=36s — waiting …
2026-02-27 17:44:16 | DEBUG    | Task c80b2da4-5117-40e5-9f5e-6ab3b56bc59d state=PENDING elapsed=41s — waiting …
2026-02-27 17:44:21 | DEBUG    | Task c80b2da4-5117-40e5-9f5e-6ab3b56bc59d state=PENDING elapsed=46s — waiting …
2026-02-27 17:44:26 | DEBUG    | Task c80b2da4-5117-40e5-9f5e-6ab3b56bc59d state=PENDING elapsed=51s — waiting …
2026-02-27 17:44:36 | DEBUG    | Task c80b2da4-5117-40e5-9f5e-6ab3b56bc59d state=PENDING elapsed=61s — waiting …
2026-02-27 17:44:41 | DEBUG    | Task c80b2da4-5117-40e5-9f5e-6ab3b56bc59d state=PENDING elapsed=66s — waiting …
2026-02-27 17:44:46 | DEBUG    | Task c80b2da4-5117-40e5-9f5e-6ab3b56bc59d state=PENDING elapsed=71s — waiting …
2026-02-27 17:44:51 | DEBUG    | Task c80b2da4-5117-40e5-9f5e-6ab3b56bc59d state=PENDING elapsed=76s — waiting …
2026-02-27 17:44:56 | INFO     | Task c80b2da4-5117-40e5-9f5e-6ab3b56bc59d FINISHED in 81s
2026-02-27 17:44:56 | INFO     | ✅ batch 21/131 (16 files) complete
2026-02-27 17:44:56 | INFO     | --- batch 22/131 (16 files) ---
2026-02-27 17:44:56 | DEBUG    |   Files: 1998-33.pdf, 1998-34.pdf, 1998-35.pdf, 1998-36.pdf, 1998-37.pdf, 1998-38.pdf, 1998-39.pdf, 1998-40.pdf, 1998-41.pdf, 1998-42.pdf, 1998-43.pdf, 1998-44.pdf, 1998-45.pdf, 1998-46.pdf, 1998-47.pdf, 1998-48.pdf
2026-02-27 17:44:57 | INFO     | Upload accepted → task_id=efeb9883-e5b5-45d0-bc35-47e9233761be
2026-02-27 17:44:57 | DEBUG    | Task efeb9883-e5b5-45d0-bc35-47e9233761be state=PENDING elapsed=0s — waiting …
2026-02-27 17:45:02 | DEBUG    | Task efeb9883-e5b5-45d0-bc35-47e9233761be state=PENDING elapsed=5s — waiting …
2026-02-27 17:45:07 | DEBUG    | Task efeb9883-e5b5-45d0-bc35-47e9233761be state=PENDING elapsed=10s — waiting …
2026-02-27 17:45:12 | DEBUG    | Task efeb9883-e5b5-45d0-bc35-47e9233761be state=PENDING elapsed=15s — waiting …
2026-02-27 17:45:17 | DEBUG    | Task efeb9883-e5b5-45d0-bc35-47e9233761be state=PENDING elapsed=21s — waiting …
2026-02-27 17:45:23 | DEBUG    | Task efeb9883-e5b5-45d0-bc35-47e9233761be state=PENDING elapsed=26s — waiting …
2026-02-27 17:45:28 | DEBUG    | Task efeb9883-e5b5-45d0-bc35-47e9233761be state=PENDING elapsed=31s — waiting …
2026-02-27 17:45:33 | DEBUG    | Task efeb9883-e5b5-45d0-bc35-47e9233761be state=PENDING elapsed=36s — waiting …
2026-02-27 17:45:38 | DEBUG    | Task efeb9883-e5b5-45d0-bc35-47e9233761be state=PENDING elapsed=41s — waiting …
2026-02-27 17:45:43 | DEBUG    | Task efeb9883-e5b5-45d0-bc35-47e9233761be state=PENDING elapsed=46s — waiting …
2026-02-27 17:45:48 | DEBUG    | Task efeb9883-e5b5-45d0-bc35-47e9233761be state=PENDING elapsed=51s — waiting …
2026-02-27 17:45:53 | DEBUG    | Task efeb9883-e5b5-45d0-bc35-47e9233761be state=PENDING elapsed=56s — waiting …
2026-02-27 17:45:58 | DEBUG    | Task efeb9883-e5b5-45d0-bc35-47e9233761be state=PENDING elapsed=61s — waiting …
2026-02-27 17:46:03 | DEBUG    | Task efeb9883-e5b5-45d0-bc35-47e9233761be state=PENDING elapsed=66s — waiting …
2026-02-27 17:46:08 | DEBUG    | Task efeb9883-e5b5-45d0-bc35-47e9233761be state=PENDING elapsed=71s — waiting …
2026-02-27 17:46:13 | DEBUG    | Task efeb9883-e5b5-45d0-bc35-47e9233761be state=PENDING elapsed=76s — waiting …
2026-02-27 17:46:18 | INFO     | Task efeb9883-e5b5-45d0-bc35-47e9233761be FINISHED in 82s
2026-02-27 17:46:18 | INFO     | ✅ batch 22/131 (16 files) complete
2026-02-27 17:46:18 | INFO     | --- batch 23/131 (16 files) ---
2026-02-27 17:46:18 | DEBUG    |   Files: 1998-49.pdf, 1998-50.pdf, 1998-51.pdf, 1998-52.pdf, 1999-01.pdf, 1999-02.pdf, 1999-03.pdf, 1999-04.pdf, 1999-05.pdf, 1999-06.pdf, 1999-07.pdf, 1999-08.pdf, 1999-09.pdf, 1999-10.pdf, 1999-11.pdf, 1999-12.pdf
2026-02-27 17:46:20 | INFO     | Upload accepted → task_id=11298cea-2c9a-4e8c-b084-ac3eb2d6a68f
2026-02-27 17:46:20 | DEBUG    | Task 11298cea-2c9a-4e8c-b084-ac3eb2d6a68f state=PENDING elapsed=0s — waiting …
2026-02-27 17:46:25 | DEBUG    | Task 11298cea-2c9a-4e8c-b084-ac3eb2d6a68f state=PENDING elapsed=5s — waiting …
2026-02-27 17:46:30 | DEBUG    | Task 11298cea-2c9a-4e8c-b084-ac3eb2d6a68f state=PENDING elapsed=10s — waiting …
2026-02-27 17:46:35 | DEBUG    | Task 11298cea-2c9a-4e8c-b084-ac3eb2d6a68f state=PENDING elapsed=15s — waiting …
2026-02-27 17:46:40 | DEBUG    | Task 11298cea-2c9a-4e8c-b084-ac3eb2d6a68f state=PENDING elapsed=20s — waiting …
2026-02-27 17:46:45 | DEBUG    | Task 11298cea-2c9a-4e8c-b084-ac3eb2d6a68f state=PENDING elapsed=25s — waiting …
2026-02-27 17:46:50 | DEBUG    | Task 11298cea-2c9a-4e8c-b084-ac3eb2d6a68f state=PENDING elapsed=30s — waiting …
2026-02-27 17:46:55 | DEBUG    | Task 11298cea-2c9a-4e8c-b084-ac3eb2d6a68f state=PENDING elapsed=35s — waiting …
2026-02-27 17:47:00 | DEBUG    | Task 11298cea-2c9a-4e8c-b084-ac3eb2d6a68f state=PENDING elapsed=40s — waiting …
2026-02-27 17:47:05 | DEBUG    | Task 11298cea-2c9a-4e8c-b084-ac3eb2d6a68f state=PENDING elapsed=45s — waiting …
2026-02-27 17:47:10 | DEBUG    | Task 11298cea-2c9a-4e8c-b084-ac3eb2d6a68f state=PENDING elapsed=50s — waiting …
2026-02-27 17:47:16 | INFO     | Task 11298cea-2c9a-4e8c-b084-ac3eb2d6a68f FINISHED in 56s
2026-02-27 17:47:16 | INFO     | ✅ batch 23/131 (16 files) complete
2026-02-27 17:47:16 | INFO     | --- batch 24/131 (16 files) ---
2026-02-27 17:47:16 | DEBUG    |   Files: 1999-13.pdf, 1999-14.pdf, 1999-15.pdf, 1999-16.pdf, 1999-17.pdf, 1999-18.pdf, 1999-19.pdf, 1999-20.pdf, 1999-21.pdf, 1999-22.pdf, 1999-23.pdf, 1999-24.pdf, 1999-25.pdf, 1999-26.pdf, 1999-27.pdf, 1999-28.pdf
2026-02-27 17:47:18 | INFO     | Upload accepted → task_id=7f0ece8f-3926-433b-8e11-119416868c8e
2026-02-27 17:47:18 | DEBUG    | Task 7f0ece8f-3926-433b-8e11-119416868c8e state=PENDING elapsed=0s — waiting …
2026-02-27 17:47:23 | DEBUG    | Task 7f0ece8f-3926-433b-8e11-119416868c8e state=PENDING elapsed=5s — waiting …
2026-02-27 17:47:28 | DEBUG    | Task 7f0ece8f-3926-433b-8e11-119416868c8e state=PENDING elapsed=10s — waiting …
2026-02-27 17:47:33 | DEBUG    | Task 7f0ece8f-3926-433b-8e11-119416868c8e state=PENDING elapsed=15s — waiting …
2026-02-27 17:47:38 | DEBUG    | Task 7f0ece8f-3926-433b-8e11-119416868c8e state=PENDING elapsed=20s — waiting …
2026-02-27 17:47:43 | DEBUG    | Task 7f0ece8f-3926-433b-8e11-119416868c8e state=PENDING elapsed=25s — waiting …
2026-02-27 17:47:48 | DEBUG    | Task 7f0ece8f-3926-433b-8e11-119416868c8e state=PENDING elapsed=30s — waiting …
2026-02-27 17:47:53 | DEBUG    | Task 7f0ece8f-3926-433b-8e11-119416868c8e state=PENDING elapsed=35s — waiting …
2026-02-27 17:47:58 | DEBUG    | Task 7f0ece8f-3926-433b-8e11-119416868c8e state=PENDING elapsed=40s — waiting …
2026-02-27 17:48:03 | DEBUG    | Task 7f0ece8f-3926-433b-8e11-119416868c8e state=PENDING elapsed=45s — waiting …
2026-02-27 17:48:08 | DEBUG    | Task 7f0ece8f-3926-433b-8e11-119416868c8e state=PENDING elapsed=50s — waiting …
2026-02-27 17:48:13 | DEBUG    | Task 7f0ece8f-3926-433b-8e11-119416868c8e state=PENDING elapsed=55s — waiting …
2026-02-27 17:48:18 | INFO     | Task 7f0ece8f-3926-433b-8e11-119416868c8e FINISHED in 60s
2026-02-27 17:48:18 | INFO     | ✅ batch 24/131 (16 files) complete
2026-02-27 17:48:18 | INFO     | --- batch 25/131 (16 files) ---
2026-02-27 17:48:18 | DEBUG    |   Files: 1999-29.pdf, 1999-30.pdf, 1999-31.pdf, 1999-32.pdf, 1999-33.pdf, 1999-34.pdf, 1999-35.pdf, 1999-36.pdf, 1999-37.pdf, 1999-38.pdf, 1999-39.pdf, 1999-40.pdf, 1999-41.pdf, 1999-42.pdf, 1999-43.pdf, 1999-44.pdf
2026-02-27 17:48:20 | INFO     | Upload accepted → task_id=ca4750aa-82dd-47e4-b039-be617e268b10
2026-02-27 17:48:20 | DEBUG    | Task ca4750aa-82dd-47e4-b039-be617e268b10 state=PENDING elapsed=0s — waiting …
2026-02-27 17:48:25 | DEBUG    | Task ca4750aa-82dd-47e4-b039-be617e268b10 state=PENDING elapsed=5s — waiting …
2026-02-27 17:48:30 | DEBUG    | Task ca4750aa-82dd-47e4-b039-be617e268b10 state=PENDING elapsed=10s — waiting …
2026-02-27 17:48:35 | DEBUG    | Task ca4750aa-82dd-47e4-b039-be617e268b10 state=PENDING elapsed=15s — waiting …
2026-02-27 17:48:40 | DEBUG    | Task ca4750aa-82dd-47e4-b039-be617e268b10 state=PENDING elapsed=20s — waiting …
2026-02-27 17:48:45 | DEBUG    | Task ca4750aa-82dd-47e4-b039-be617e268b10 state=PENDING elapsed=25s — waiting …
2026-02-27 17:48:50 | DEBUG    | Task ca4750aa-82dd-47e4-b039-be617e268b10 state=PENDING elapsed=30s — waiting …
2026-02-27 17:48:55 | DEBUG    | Task ca4750aa-82dd-47e4-b039-be617e268b10 state=PENDING elapsed=35s — waiting …
2026-02-27 17:49:00 | DEBUG    | Task ca4750aa-82dd-47e4-b039-be617e268b10 state=PENDING elapsed=40s — waiting …
2026-02-27 17:49:05 | DEBUG    | Task ca4750aa-82dd-47e4-b039-be617e268b10 state=PENDING elapsed=45s — waiting …
2026-02-27 17:49:10 | DEBUG    | Task ca4750aa-82dd-47e4-b039-be617e268b10 state=PENDING elapsed=50s — waiting …
2026-02-27 17:49:15 | DEBUG    | Task ca4750aa-82dd-47e4-b039-be617e268b10 state=PENDING elapsed=55s — waiting …
2026-02-27 17:49:20 | DEBUG    | Task ca4750aa-82dd-47e4-b039-be617e268b10 state=PENDING elapsed=60s — waiting …
2026-02-27 17:49:25 | DEBUG    | Task ca4750aa-82dd-47e4-b039-be617e268b10 state=PENDING elapsed=65s — waiting …
2026-02-27 17:49:30 | DEBUG    | Task ca4750aa-82dd-47e4-b039-be617e268b10 state=PENDING elapsed=70s — waiting …
2026-02-27 17:49:35 | DEBUG    | Task ca4750aa-82dd-47e4-b039-be617e268b10 state=PENDING elapsed=75s — waiting …
2026-02-27 17:49:40 | INFO     | Task ca4750aa-82dd-47e4-b039-be617e268b10 FINISHED in 80s
2026-02-27 17:49:40 | INFO     | ✅ batch 25/131 (16 files) complete
2026-02-27 17:49:40 | INFO     | --- batch 26/131 (16 files) ---
2026-02-27 17:49:40 | DEBUG    |   Files: 1999-45.pdf, 1999-46.pdf, 1999-47.pdf, 1999-48.pdf, 1999-49.pdf, 1999-50.pdf, 1999-51.pdf, 1999-52.pdf, 1999-53.pdf, 1999-54.pdf, 1999-55.pdf, 1999-56.pdf, 1999-57.pdf, 1999-58.pdf, 1999-59.pdf, 1999-60.pdf
2026-02-27 17:49:41 | INFO     | Upload accepted → task_id=66720ede-7bcd-4ef3-a298-b90ab37ce848
2026-02-27 17:49:41 | DEBUG    | Task 66720ede-7bcd-4ef3-a298-b90ab37ce848 state=PENDING elapsed=0s — waiting …
2026-02-27 17:49:46 | DEBUG    | Task 66720ede-7bcd-4ef3-a298-b90ab37ce848 state=PENDING elapsed=5s — waiting …
2026-02-27 17:49:51 | DEBUG    | Task 66720ede-7bcd-4ef3-a298-b90ab37ce848 state=PENDING elapsed=10s — waiting …
2026-02-27 17:49:56 | DEBUG    | Task 66720ede-7bcd-4ef3-a298-b90ab37ce848 state=PENDING elapsed=15s — waiting …
2026-02-27 17:50:01 | DEBUG    | Task 66720ede-7bcd-4ef3-a298-b90ab37ce848 state=PENDING elapsed=20s — waiting …
2026-02-27 17:50:06 | DEBUG    | Task 66720ede-7bcd-4ef3-a298-b90ab37ce848 state=PENDING elapsed=25s — waiting …
2026-02-27 17:50:11 | DEBUG    | Task 66720ede-7bcd-4ef3-a298-b90ab37ce848 state=PENDING elapsed=30s — waiting …
2026-02-27 17:50:16 | INFO     | Task 66720ede-7bcd-4ef3-a298-b90ab37ce848 FINISHED in 35s
2026-02-27 17:50:16 | INFO     | ✅ batch 26/131 (16 files) complete
2026-02-27 17:50:16 | INFO     | --- batch 27/131 (16 files) ---
2026-02-27 17:50:16 | DEBUG    |   Files: 1999-61.pdf, 2000-01.pdf, 2000-02.pdf, 2000-03.pdf, 2000-04.pdf, 2000-05.pdf, 2000-06.pdf, 2000-07.pdf, 2000-08.pdf, 2000-09.pdf, 2000-10.pdf, 2000-11.pdf, 2000-12.pdf, 2000-13.pdf, 2000-14.pdf, 2000-15.pdf
2026-02-27 17:50:18 | INFO     | Upload accepted → task_id=bcdaa8c6-1830-4996-976c-49837591ce4a
2026-02-27 17:50:18 | DEBUG    | Task bcdaa8c6-1830-4996-976c-49837591ce4a state=PENDING elapsed=0s — waiting …
2026-02-27 17:50:23 | DEBUG    | Task bcdaa8c6-1830-4996-976c-49837591ce4a state=PENDING elapsed=5s — waiting …
2026-02-27 17:50:28 | DEBUG    | Task bcdaa8c6-1830-4996-976c-49837591ce4a state=PENDING elapsed=10s — waiting …
2026-02-27 17:50:33 | DEBUG    | Task bcdaa8c6-1830-4996-976c-49837591ce4a state=PENDING elapsed=15s — waiting …
2026-02-27 17:50:38 | DEBUG    | Task bcdaa8c6-1830-4996-976c-49837591ce4a state=PENDING elapsed=21s — waiting …
2026-02-27 17:50:43 | DEBUG    | Task bcdaa8c6-1830-4996-976c-49837591ce4a state=PENDING elapsed=26s — waiting …
2026-02-27 17:50:48 | DEBUG    | Task bcdaa8c6-1830-4996-976c-49837591ce4a state=PENDING elapsed=31s — waiting …
2026-02-27 17:50:53 | DEBUG    | Task bcdaa8c6-1830-4996-976c-49837591ce4a state=PENDING elapsed=36s — waiting …
2026-02-27 17:50:58 | DEBUG    | Task bcdaa8c6-1830-4996-976c-49837591ce4a state=PENDING elapsed=41s — waiting …
2026-02-27 17:51:03 | DEBUG    | Task bcdaa8c6-1830-4996-976c-49837591ce4a state=PENDING elapsed=46s — waiting …
2026-02-27 17:51:08 | DEBUG    | Task bcdaa8c6-1830-4996-976c-49837591ce4a state=PENDING elapsed=51s — waiting …
2026-02-27 17:51:13 | DEBUG    | Task bcdaa8c6-1830-4996-976c-49837591ce4a state=PENDING elapsed=56s — waiting …
2026-02-27 17:51:18 | DEBUG    | Task bcdaa8c6-1830-4996-976c-49837591ce4a state=PENDING elapsed=61s — waiting …
2026-02-27 17:51:23 | INFO     | Task bcdaa8c6-1830-4996-976c-49837591ce4a FINISHED in 66s
2026-02-27 17:51:23 | INFO     | ✅ batch 27/131 (16 files) complete
2026-02-27 17:51:23 | INFO     | --- batch 28/131 (16 files) ---
2026-02-27 17:51:23 | DEBUG    |   Files: 2000-16.pdf, 2000-17.pdf, 2000-18.pdf, 2000-19.pdf, 2000-20.pdf, 2000-21.pdf, 2000-22.pdf, 2000-23.pdf, 2000-24.pdf, 2000-25.pdf, 2000-26.pdf, 2000-27.pdf, 2000-28.pdf, 2000-29.pdf, 2000-30.pdf, 2000-31.pdf
2026-02-27 17:51:25 | INFO     | Upload accepted → task_id=fb8556d8-9656-4eb4-b80c-22db111ef00d
2026-02-27 17:51:25 | DEBUG    | Task fb8556d8-9656-4eb4-b80c-22db111ef00d state=PENDING elapsed=0s — waiting …
2026-02-27 17:51:30 | DEBUG    | Task fb8556d8-9656-4eb4-b80c-22db111ef00d state=PENDING elapsed=5s — waiting …
2026-02-27 17:51:35 | DEBUG    | Task fb8556d8-9656-4eb4-b80c-22db111ef00d state=PENDING elapsed=10s — waiting …
2026-02-27 17:51:40 | DEBUG    | Task fb8556d8-9656-4eb4-b80c-22db111ef00d state=PENDING elapsed=15s — waiting …
2026-02-27 17:51:45 | DEBUG    | Task fb8556d8-9656-4eb4-b80c-22db111ef00d state=PENDING elapsed=20s — waiting …
2026-02-27 17:51:50 | DEBUG    | Task fb8556d8-9656-4eb4-b80c-22db111ef00d state=PENDING elapsed=25s — waiting …
2026-02-27 17:51:55 | DEBUG    | Task fb8556d8-9656-4eb4-b80c-22db111ef00d state=PENDING elapsed=30s — waiting …
2026-02-27 17:52:00 | DEBUG    | Task fb8556d8-9656-4eb4-b80c-22db111ef00d state=PENDING elapsed=35s — waiting …
2026-02-27 17:52:05 | DEBUG    | Task fb8556d8-9656-4eb4-b80c-22db111ef00d state=PENDING elapsed=40s — waiting …
2026-02-27 17:52:10 | DEBUG    | Task fb8556d8-9656-4eb4-b80c-22db111ef00d state=PENDING elapsed=45s — waiting …
2026-02-27 17:52:15 | DEBUG    | Task fb8556d8-9656-4eb4-b80c-22db111ef00d state=PENDING elapsed=50s — waiting …
2026-02-27 17:52:20 | INFO     | Task fb8556d8-9656-4eb4-b80c-22db111ef00d FINISHED in 55s
2026-02-27 17:52:20 | INFO     | ✅ batch 28/131 (16 files) complete
2026-02-27 17:52:20 | INFO     | --- batch 29/131 (16 files) ---
2026-02-27 17:52:20 | DEBUG    |   Files: 2000-32.pdf, 2000-33.pdf, 2000-34.pdf, 2000-35.pdf, 2000-36.pdf, 2000-37.pdf, 2000-38.pdf, 2000-39.pdf, 2000-40.pdf, 2000-41.pdf, 2000-42.pdf, 2000-43.pdf, 2000-44.pdf, 2000-45.pdf, 2000-46.pdf, 2000-47.pdf
2026-02-27 17:52:21 | INFO     | Upload accepted → task_id=b83fe839-27f1-4ac0-830a-08fc3792199e
2026-02-27 17:52:21 | DEBUG    | Task b83fe839-27f1-4ac0-830a-08fc3792199e state=PENDING elapsed=0s — waiting …
2026-02-27 17:52:26 | DEBUG    | Task b83fe839-27f1-4ac0-830a-08fc3792199e state=PENDING elapsed=5s — waiting …
2026-02-27 17:52:33 | DEBUG    | Task b83fe839-27f1-4ac0-830a-08fc3792199e state=PENDING elapsed=12s — waiting …
2026-02-27 17:52:38 | DEBUG    | Task b83fe839-27f1-4ac0-830a-08fc3792199e state=PENDING elapsed=17s — waiting …
2026-02-27 17:52:43 | DEBUG    | Task b83fe839-27f1-4ac0-830a-08fc3792199e state=PENDING elapsed=22s — waiting …
2026-02-27 17:52:48 | DEBUG    | Task b83fe839-27f1-4ac0-830a-08fc3792199e state=PENDING elapsed=27s — waiting …
2026-02-27 17:52:53 | DEBUG    | Task b83fe839-27f1-4ac0-830a-08fc3792199e state=PENDING elapsed=32s — waiting …
2026-02-27 17:52:58 | DEBUG    | Task b83fe839-27f1-4ac0-830a-08fc3792199e state=PENDING elapsed=37s — waiting …
2026-02-27 17:53:03 | DEBUG    | Task b83fe839-27f1-4ac0-830a-08fc3792199e state=PENDING elapsed=42s — waiting …
2026-02-27 17:53:08 | DEBUG    | Task b83fe839-27f1-4ac0-830a-08fc3792199e state=PENDING elapsed=47s — waiting …
2026-02-27 17:53:13 | DEBUG    | Task b83fe839-27f1-4ac0-830a-08fc3792199e state=PENDING elapsed=52s — waiting …
2026-02-27 17:53:18 | DEBUG    | Task b83fe839-27f1-4ac0-830a-08fc3792199e state=PENDING elapsed=57s — waiting …
2026-02-27 17:53:23 | INFO     | Task b83fe839-27f1-4ac0-830a-08fc3792199e FINISHED in 62s
2026-02-27 17:53:23 | INFO     | ✅ batch 29/131 (16 files) complete
2026-02-27 17:53:23 | INFO     | --- batch 30/131 (16 files) ---
2026-02-27 17:53:23 | DEBUG    |   Files: 2000-48.pdf, 2000-49.pdf, 2000-50.pdf, 2001-01.pdf, 2001-02.pdf, 2001-03.pdf, 2001-04.pdf, 2001-05.pdf, 2001-12.pdf, 2001-14.pdf, 2001-15.pdf, 2001-16.pdf, 2001-17.pdf, 2001-18.pdf, 2001-19.pdf, 2001-20.pdf
2026-02-27 17:53:25 | INFO     | Upload accepted → task_id=9129b937-b697-44ef-b04a-311bf90d8e6b
2026-02-27 17:53:25 | DEBUG    | Task 9129b937-b697-44ef-b04a-311bf90d8e6b state=PENDING elapsed=0s — waiting …
2026-02-27 17:53:30 | DEBUG    | Task 9129b937-b697-44ef-b04a-311bf90d8e6b state=PENDING elapsed=5s — waiting …
2026-02-27 17:53:35 | DEBUG    | Task 9129b937-b697-44ef-b04a-311bf90d8e6b state=PENDING elapsed=10s — waiting …
2026-02-27 17:53:40 | DEBUG    | Task 9129b937-b697-44ef-b04a-311bf90d8e6b state=PENDING elapsed=15s — waiting …
2026-02-27 17:53:45 | DEBUG    | Task 9129b937-b697-44ef-b04a-311bf90d8e6b state=PENDING elapsed=20s — waiting …
2026-02-27 17:53:50 | DEBUG    | Task 9129b937-b697-44ef-b04a-311bf90d8e6b state=PENDING elapsed=25s — waiting …
2026-02-27 17:53:55 | DEBUG    | Task 9129b937-b697-44ef-b04a-311bf90d8e6b state=PENDING elapsed=30s — waiting …
2026-02-27 17:54:00 | DEBUG    | Task 9129b937-b697-44ef-b04a-311bf90d8e6b state=PENDING elapsed=35s — waiting …
2026-02-27 17:54:05 | DEBUG    | Task 9129b937-b697-44ef-b04a-311bf90d8e6b state=PENDING elapsed=40s — waiting …
2026-02-27 17:54:10 | DEBUG    | Task 9129b937-b697-44ef-b04a-311bf90d8e6b state=PENDING elapsed=45s — waiting …
2026-02-27 17:54:15 | DEBUG    | Task 9129b937-b697-44ef-b04a-311bf90d8e6b state=PENDING elapsed=50s — waiting …
2026-02-27 17:54:20 | DEBUG    | Task 9129b937-b697-44ef-b04a-311bf90d8e6b state=PENDING elapsed=55s — waiting …
2026-02-27 17:54:25 | DEBUG    | Task 9129b937-b697-44ef-b04a-311bf90d8e6b state=PENDING elapsed=60s — waiting …
2026-02-27 17:54:30 | DEBUG    | Task 9129b937-b697-44ef-b04a-311bf90d8e6b state=PENDING elapsed=65s — waiting …
2026-02-27 17:54:38 | INFO     | Task 9129b937-b697-44ef-b04a-311bf90d8e6b FINISHED in 73s
2026-02-27 17:54:38 | INFO     | ✅ batch 30/131 (16 files) complete
2026-02-27 17:54:38 | INFO     | --- batch 31/131 (16 files) ---
2026-02-27 17:54:38 | DEBUG    |   Files: 2001-21.pdf, 2001-23.pdf, 2001-27.pdf, 2001-30.pdf, 2001-31.pdf, 2001-33.pdf, 2001-34.pdf, 2001-35.pdf, 2001-36.pdf, 2001-38.pdf, 2001-39.pdf, 2001-40.pdf, 2001-41.pdf, 2001-42.pdf, 2001-43.pdf, 2001-44.pdf
2026-02-27 17:54:41 | INFO     | Upload accepted → task_id=5eddbaef-c58b-483a-a180-b9f815b7b777
2026-02-27 17:54:41 | DEBUG    | Task 5eddbaef-c58b-483a-a180-b9f815b7b777 state=PENDING elapsed=0s — waiting …
2026-02-27 17:54:46 | DEBUG    | Task 5eddbaef-c58b-483a-a180-b9f815b7b777 state=PENDING elapsed=5s — waiting …
2026-02-27 17:54:51 | DEBUG    | Task 5eddbaef-c58b-483a-a180-b9f815b7b777 state=PENDING elapsed=10s — waiting …
2026-02-27 17:54:56 | DEBUG    | Task 5eddbaef-c58b-483a-a180-b9f815b7b777 state=PENDING elapsed=15s — waiting …
2026-02-27 17:55:01 | DEBUG    | Task 5eddbaef-c58b-483a-a180-b9f815b7b777 state=PENDING elapsed=20s — waiting …
2026-02-27 17:55:06 | DEBUG    | Task 5eddbaef-c58b-483a-a180-b9f815b7b777 state=PENDING elapsed=25s — waiting …
2026-02-27 17:55:11 | DEBUG    | Task 5eddbaef-c58b-483a-a180-b9f815b7b777 state=PENDING elapsed=30s — waiting …
2026-02-27 17:55:16 | DEBUG    | Task 5eddbaef-c58b-483a-a180-b9f815b7b777 state=PENDING elapsed=35s — waiting …
2026-02-27 17:55:21 | DEBUG    | Task 5eddbaef-c58b-483a-a180-b9f815b7b777 state=PENDING elapsed=40s — waiting …
2026-02-27 17:55:26 | INFO     | Task 5eddbaef-c58b-483a-a180-b9f815b7b777 FINISHED in 45s
2026-02-27 17:55:26 | INFO     | ✅ batch 31/131 (16 files) complete
2026-02-27 17:55:26 | INFO     | --- batch 32/131 (16 files) ---
2026-02-27 17:55:26 | DEBUG    |   Files: 2001-45.pdf, 2001-47.pdf, 2001-51.pdf, 2001-52.pdf, 2001-56.pdf, 2001-57.pdf, 2001-58.pdf, 2001-59.pdf, 2001-61.pdf, 2001-62.pdf, 2002-01.pdf, 2002-02.pdf, 2002-03.pdf, 2002-04.pdf, 2002-05.pdf, 2002-06.pdf
2026-02-27 17:55:28 | INFO     | Upload accepted → task_id=43b11b80-bf1d-4e40-b76b-d2471a3ac517
2026-02-27 17:55:28 | DEBUG    | Task 43b11b80-bf1d-4e40-b76b-d2471a3ac517 state=PENDING elapsed=0s — waiting …
2026-02-27 17:55:33 | DEBUG    | Task 43b11b80-bf1d-4e40-b76b-d2471a3ac517 state=PENDING elapsed=5s — waiting …
2026-02-27 17:55:38 | DEBUG    | Task 43b11b80-bf1d-4e40-b76b-d2471a3ac517 state=PENDING elapsed=10s — waiting …
2026-02-27 17:55:43 | DEBUG    | Task 43b11b80-bf1d-4e40-b76b-d2471a3ac517 state=PENDING elapsed=15s — waiting …
2026-02-27 17:55:48 | DEBUG    | Task 43b11b80-bf1d-4e40-b76b-d2471a3ac517 state=PENDING elapsed=20s — waiting …
2026-02-27 17:55:53 | DEBUG    | Task 43b11b80-bf1d-4e40-b76b-d2471a3ac517 state=PENDING elapsed=25s — waiting …
2026-02-27 17:55:58 | DEBUG    | Task 43b11b80-bf1d-4e40-b76b-d2471a3ac517 state=PENDING elapsed=30s — waiting …
2026-02-27 17:56:03 | DEBUG    | Task 43b11b80-bf1d-4e40-b76b-d2471a3ac517 state=PENDING elapsed=35s — waiting …
2026-02-27 17:56:08 | DEBUG    | Task 43b11b80-bf1d-4e40-b76b-d2471a3ac517 state=PENDING elapsed=40s — waiting …
2026-02-27 17:56:14 | DEBUG    | Task 43b11b80-bf1d-4e40-b76b-d2471a3ac517 state=PENDING elapsed=47s — waiting …
2026-02-27 17:56:19 | DEBUG    | Task 43b11b80-bf1d-4e40-b76b-d2471a3ac517 state=PENDING elapsed=52s — waiting …
2026-02-27 17:56:24 | DEBUG    | Task 43b11b80-bf1d-4e40-b76b-d2471a3ac517 state=PENDING elapsed=57s — waiting …
2026-02-27 17:56:29 | DEBUG    | Task 43b11b80-bf1d-4e40-b76b-d2471a3ac517 state=PENDING elapsed=62s — waiting …
2026-02-27 17:56:34 | DEBUG    | Task 43b11b80-bf1d-4e40-b76b-d2471a3ac517 state=PENDING elapsed=67s — waiting …
2026-02-27 17:56:39 | DEBUG    | Task 43b11b80-bf1d-4e40-b76b-d2471a3ac517 state=PENDING elapsed=72s — waiting …
2026-02-27 17:56:45 | DEBUG    | Task 43b11b80-bf1d-4e40-b76b-d2471a3ac517 state=PENDING elapsed=77s — waiting …
2026-02-27 17:56:51 | INFO     | Task 43b11b80-bf1d-4e40-b76b-d2471a3ac517 FINISHED in 84s
2026-02-27 17:56:51 | INFO     | ✅ batch 32/131 (16 files) complete
2026-02-27 17:56:51 | INFO     | --- batch 33/131 (16 files) ---
2026-02-27 17:56:51 | DEBUG    |   Files: 2002-07.pdf, 2002-08.pdf, 2002-09.pdf, 2002-10.pdf, 2002-11.pdf, 2002-12.pdf, 2002-13.pdf, 2002-14.pdf, 2002-15.pdf, 2002-16.pdf, 2002-17.pdf, 2002-18.pdf, 2002-19.pdf, 2002-20.pdf, 2002-21.pdf, 2002-22.pdf
2026-02-27 17:56:53 | INFO     | Upload accepted → task_id=f8dd29c8-a852-4d9f-adf2-25124a9c5550
2026-02-27 17:56:54 | DEBUG    | Task f8dd29c8-a852-4d9f-adf2-25124a9c5550 state=PENDING elapsed=0s — waiting …
2026-02-27 17:56:59 | DEBUG    | Task f8dd29c8-a852-4d9f-adf2-25124a9c5550 state=PENDING elapsed=5s — waiting …
2026-02-27 17:57:04 | DEBUG    | Task f8dd29c8-a852-4d9f-adf2-25124a9c5550 state=PENDING elapsed=10s — waiting …
2026-02-27 17:57:09 | DEBUG    | Task f8dd29c8-a852-4d9f-adf2-25124a9c5550 state=PENDING elapsed=15s — waiting …
2026-02-27 17:57:14 | DEBUG    | Task f8dd29c8-a852-4d9f-adf2-25124a9c5550 state=PENDING elapsed=20s — waiting …
2026-02-27 17:57:19 | DEBUG    | Task f8dd29c8-a852-4d9f-adf2-25124a9c5550 state=PENDING elapsed=25s — waiting …
2026-02-27 17:57:24 | DEBUG    | Task f8dd29c8-a852-4d9f-adf2-25124a9c5550 state=PENDING elapsed=30s — waiting …
2026-02-27 17:57:29 | DEBUG    | Task f8dd29c8-a852-4d9f-adf2-25124a9c5550 state=PENDING elapsed=35s — waiting …
2026-02-27 17:57:34 | DEBUG    | Task f8dd29c8-a852-4d9f-adf2-25124a9c5550 state=PENDING elapsed=40s — waiting …
2026-02-27 17:57:39 | DEBUG    | Task f8dd29c8-a852-4d9f-adf2-25124a9c5550 state=PENDING elapsed=45s — waiting …
2026-02-27 17:57:44 | DEBUG    | Task f8dd29c8-a852-4d9f-adf2-25124a9c5550 state=PENDING elapsed=50s — waiting …
2026-02-27 17:57:49 | DEBUG    | Task f8dd29c8-a852-4d9f-adf2-25124a9c5550 state=PENDING elapsed=55s — waiting …
2026-02-27 17:57:54 | DEBUG    | Task f8dd29c8-a852-4d9f-adf2-25124a9c5550 state=PENDING elapsed=60s — waiting …
2026-02-27 17:57:59 | DEBUG    | Task f8dd29c8-a852-4d9f-adf2-25124a9c5550 state=PENDING elapsed=65s — waiting …
2026-02-27 17:58:04 | DEBUG    | Task f8dd29c8-a852-4d9f-adf2-25124a9c5550 state=PENDING elapsed=70s — waiting …
2026-02-27 17:58:09 | DEBUG    | Task f8dd29c8-a852-4d9f-adf2-25124a9c5550 state=PENDING elapsed=75s — waiting …
2026-02-27 17:58:14 | DEBUG    | Task f8dd29c8-a852-4d9f-adf2-25124a9c5550 state=PENDING elapsed=80s — waiting …
2026-02-27 17:58:19 | DEBUG    | Task f8dd29c8-a852-4d9f-adf2-25124a9c5550 state=PENDING elapsed=85s — waiting …
2026-02-27 17:58:24 | DEBUG    | Task f8dd29c8-a852-4d9f-adf2-25124a9c5550 state=PENDING elapsed=90s — waiting …
2026-02-27 17:58:29 | DEBUG    | Task f8dd29c8-a852-4d9f-adf2-25124a9c5550 state=PENDING elapsed=95s — waiting …
2026-02-27 17:58:35 | INFO     | Task f8dd29c8-a852-4d9f-adf2-25124a9c5550 FINISHED in 102s
2026-02-27 17:58:35 | INFO     | ✅ batch 33/131 (16 files) complete
2026-02-27 17:58:35 | INFO     | --- batch 34/131 (16 files) ---
2026-02-27 17:58:35 | DEBUG    |   Files: 2002-23.pdf, 2002-24.pdf, 2002-25.pdf, 2002-26.pdf, 2002-27.pdf, 2002-28.pdf, 2002-29.pdf, 2002-30.pdf, 2002-31.pdf, 2002-32.pdf, 2002-33.pdf, 2002-34.pdf, 2002-35.pdf, 2002-36.pdf, 2002-37.pdf, 2002-38.pdf
2026-02-27 17:58:37 | INFO     | Upload accepted → task_id=611f9faf-87f0-4695-ae9b-d9be8e66e754
2026-02-27 17:58:37 | DEBUG    | Task 611f9faf-87f0-4695-ae9b-d9be8e66e754 state=PENDING elapsed=0s — waiting …
2026-02-27 17:58:42 | DEBUG    | Task 611f9faf-87f0-4695-ae9b-d9be8e66e754 state=PENDING elapsed=5s — waiting …
2026-02-27 17:58:47 | DEBUG    | Task 611f9faf-87f0-4695-ae9b-d9be8e66e754 state=PENDING elapsed=10s — waiting …
2026-02-27 17:58:52 | DEBUG    | Task 611f9faf-87f0-4695-ae9b-d9be8e66e754 state=PENDING elapsed=15s — waiting …
2026-02-27 17:58:57 | DEBUG    | Task 611f9faf-87f0-4695-ae9b-d9be8e66e754 state=PENDING elapsed=20s — waiting …
2026-02-27 17:59:02 | DEBUG    | Task 611f9faf-87f0-4695-ae9b-d9be8e66e754 state=PENDING elapsed=25s — waiting …
2026-02-27 17:59:07 | DEBUG    | Task 611f9faf-87f0-4695-ae9b-d9be8e66e754 state=PENDING elapsed=30s — waiting …
2026-02-27 17:59:12 | DEBUG    | Task 611f9faf-87f0-4695-ae9b-d9be8e66e754 state=PENDING elapsed=35s — waiting …
2026-02-27 17:59:17 | DEBUG    | Task 611f9faf-87f0-4695-ae9b-d9be8e66e754 state=PENDING elapsed=40s — waiting …
2026-02-27 17:59:22 | DEBUG    | Task 611f9faf-87f0-4695-ae9b-d9be8e66e754 state=PENDING elapsed=45s — waiting …
2026-02-27 17:59:27 | DEBUG    | Task 611f9faf-87f0-4695-ae9b-d9be8e66e754 state=PENDING elapsed=50s — waiting …
2026-02-27 17:59:32 | DEBUG    | Task 611f9faf-87f0-4695-ae9b-d9be8e66e754 state=PENDING elapsed=55s — waiting …
2026-02-27 17:59:37 | INFO     | Task 611f9faf-87f0-4695-ae9b-d9be8e66e754 FINISHED in 60s
2026-02-27 17:59:37 | INFO     | ✅ batch 34/131 (16 files) complete
2026-02-27 17:59:37 | INFO     | --- batch 35/131 (16 files) ---
2026-02-27 17:59:37 | DEBUG    |   Files: 2002-39.pdf, 2002-40.pdf, 2002-41.pdf, 2002-42.pdf, 2002-43.pdf, 2002-44.pdf, 2002-45.pdf, 2002-46.pdf, 2002-47.pdf, 2002-48.pdf, 2002-49.pdf, 2002-50.pdf, 2002-51.pdf, 2002-52.pdf, 2002-53.pdf, 2002-54.pdf
2026-02-27 17:59:38 | INFO     | Upload accepted → task_id=d1a94e5d-5aa1-457c-ac37-f7d8d7e2b5c8
2026-02-27 17:59:38 | DEBUG    | Task d1a94e5d-5aa1-457c-ac37-f7d8d7e2b5c8 state=PENDING elapsed=0s — waiting …
2026-02-27 17:59:43 | DEBUG    | Task d1a94e5d-5aa1-457c-ac37-f7d8d7e2b5c8 state=PENDING elapsed=5s — waiting …
2026-02-27 17:59:48 | DEBUG    | Task d1a94e5d-5aa1-457c-ac37-f7d8d7e2b5c8 state=PENDING elapsed=10s — waiting …
2026-02-27 17:59:54 | DEBUG    | Task d1a94e5d-5aa1-457c-ac37-f7d8d7e2b5c8 state=PENDING elapsed=15s — waiting …
2026-02-27 17:59:59 | DEBUG    | Task d1a94e5d-5aa1-457c-ac37-f7d8d7e2b5c8 state=PENDING elapsed=20s — waiting …
2026-02-27 18:00:04 | INFO     | Task d1a94e5d-5aa1-457c-ac37-f7d8d7e2b5c8 FINISHED in 25s
2026-02-27 18:00:04 | INFO     | ✅ batch 35/131 (16 files) complete
2026-02-27 18:00:04 | INFO     | --- batch 36/131 (16 files) ---
2026-02-27 18:00:04 | DEBUG    |   Files: 2002-55.pdf, 2002-56.pdf, 2002-57.pdf, 2002-58.pdf, 2002-59.pdf, 2002-60.pdf, 2002-61.pdf, 2002-62.pdf, 2002-63.pdf, 2002-64.pdf, 2002-65.pdf, 2003-01.pdf, 2003-02.pdf, 2003-03.pdf, 2003-04.pdf, 2003-05.pdf
2026-02-27 18:00:05 | INFO     | Upload accepted → task_id=0acd8d2f-2ed5-458d-b081-9d2bf2ae9f7d
2026-02-27 18:00:05 | DEBUG    | Task 0acd8d2f-2ed5-458d-b081-9d2bf2ae9f7d state=PENDING elapsed=0s — waiting …
2026-02-27 18:00:10 | DEBUG    | Task 0acd8d2f-2ed5-458d-b081-9d2bf2ae9f7d state=PENDING elapsed=5s — waiting …
2026-02-27 18:00:15 | DEBUG    | Task 0acd8d2f-2ed5-458d-b081-9d2bf2ae9f7d state=PENDING elapsed=10s — waiting …
2026-02-27 18:00:23 | DEBUG    | Task 0acd8d2f-2ed5-458d-b081-9d2bf2ae9f7d state=PENDING elapsed=18s — waiting …
2026-02-27 18:00:28 | DEBUG    | Task 0acd8d2f-2ed5-458d-b081-9d2bf2ae9f7d state=PENDING elapsed=23s — waiting …
2026-02-27 18:00:34 | DEBUG    | Task 0acd8d2f-2ed5-458d-b081-9d2bf2ae9f7d state=PENDING elapsed=28s — waiting …
2026-02-27 18:00:39 | DEBUG    | Task 0acd8d2f-2ed5-458d-b081-9d2bf2ae9f7d state=PENDING elapsed=33s — waiting …
2026-02-27 18:00:44 | DEBUG    | Task 0acd8d2f-2ed5-458d-b081-9d2bf2ae9f7d state=PENDING elapsed=38s — waiting …
2026-02-27 18:00:49 | DEBUG    | Task 0acd8d2f-2ed5-458d-b081-9d2bf2ae9f7d state=PENDING elapsed=43s — waiting …
2026-02-27 18:00:54 | DEBUG    | Task 0acd8d2f-2ed5-458d-b081-9d2bf2ae9f7d state=PENDING elapsed=48s — waiting …
2026-02-27 18:00:59 | DEBUG    | Task 0acd8d2f-2ed5-458d-b081-9d2bf2ae9f7d state=PENDING elapsed=53s — waiting …
2026-02-27 18:01:04 | INFO     | Task 0acd8d2f-2ed5-458d-b081-9d2bf2ae9f7d FINISHED in 58s
2026-02-27 18:01:04 | INFO     | ✅ batch 36/131 (16 files) complete
2026-02-27 18:01:04 | INFO     | --- batch 37/131 (16 files) ---
2026-02-27 18:01:04 | DEBUG    |   Files: 2003-06.pdf, 2003-07.pdf, 2003-08.pdf, 2003-09.pdf, 2003-10.pdf, 2003-11.pdf, 2003-12.pdf, 2003-13.pdf, 2003-14.pdf, 2003-15.pdf, 2003-16.pdf, 2003-17.pdf, 2003-18.pdf, 2003-19.pdf, 2003-20.pdf, 2003-21.pdf
2026-02-27 18:01:06 | INFO     | Upload accepted → task_id=45f4e969-15b6-4f70-9049-e79ebcb5592f
2026-02-27 18:01:06 | DEBUG    | Task 45f4e969-15b6-4f70-9049-e79ebcb5592f state=PENDING elapsed=0s — waiting …
2026-02-27 18:01:11 | DEBUG    | Task 45f4e969-15b6-4f70-9049-e79ebcb5592f state=PENDING elapsed=5s — waiting …
2026-02-27 18:01:16 | DEBUG    | Task 45f4e969-15b6-4f70-9049-e79ebcb5592f state=PENDING elapsed=10s — waiting …
2026-02-27 18:01:21 | DEBUG    | Task 45f4e969-15b6-4f70-9049-e79ebcb5592f state=PENDING elapsed=15s — waiting …
2026-02-27 18:01:26 | DEBUG    | Task 45f4e969-15b6-4f70-9049-e79ebcb5592f state=PENDING elapsed=20s — waiting …
2026-02-27 18:01:31 | DEBUG    | Task 45f4e969-15b6-4f70-9049-e79ebcb5592f state=PENDING elapsed=25s — waiting …
2026-02-27 18:01:36 | DEBUG    | Task 45f4e969-15b6-4f70-9049-e79ebcb5592f state=PENDING elapsed=30s — waiting …
2026-02-27 18:01:41 | DEBUG    | Task 45f4e969-15b6-4f70-9049-e79ebcb5592f state=PENDING elapsed=35s — waiting …
2026-02-27 18:01:46 | DEBUG    | Task 45f4e969-15b6-4f70-9049-e79ebcb5592f state=PENDING elapsed=40s — waiting …
2026-02-27 18:01:53 | DEBUG    | Task 45f4e969-15b6-4f70-9049-e79ebcb5592f state=PENDING elapsed=48s — waiting …
2026-02-27 18:01:58 | DEBUG    | Task 45f4e969-15b6-4f70-9049-e79ebcb5592f state=PENDING elapsed=53s — waiting …
2026-02-27 18:02:03 | DEBUG    | Task 45f4e969-15b6-4f70-9049-e79ebcb5592f state=PENDING elapsed=58s — waiting …
2026-02-27 18:02:08 | DEBUG    | Task 45f4e969-15b6-4f70-9049-e79ebcb5592f state=PENDING elapsed=63s — waiting …
2026-02-27 18:02:13 | DEBUG    | Task 45f4e969-15b6-4f70-9049-e79ebcb5592f state=PENDING elapsed=68s — waiting …
2026-02-27 18:02:18 | INFO     | Task 45f4e969-15b6-4f70-9049-e79ebcb5592f FINISHED in 73s
2026-02-27 18:02:18 | INFO     | ✅ batch 37/131 (16 files) complete
2026-02-27 18:02:18 | INFO     | --- batch 38/131 (16 files) ---
2026-02-27 18:02:18 | DEBUG    |   Files: 2003-22.pdf, 2003-23.pdf, 2003-24.pdf, 2003-25.pdf, 2003-26.pdf, 2003-27.pdf, 2003-28.pdf, 2003-29.pdf, 2003-30.pdf, 2003-31.pdf, 2003-32.pdf, 2003-33.pdf, 2003-34.pdf, 2003-35.pdf, 2003-36.pdf, 2003-37.pdf
2026-02-27 18:02:21 | INFO     | Upload accepted → task_id=a49ad93d-de2d-43a2-9772-928cf9e2eb5e
2026-02-27 18:02:21 | DEBUG    | Task a49ad93d-de2d-43a2-9772-928cf9e2eb5e state=PENDING elapsed=0s — waiting …
2026-02-27 18:02:26 | DEBUG    | Task a49ad93d-de2d-43a2-9772-928cf9e2eb5e state=PENDING elapsed=5s — waiting …
2026-02-27 18:02:31 | DEBUG    | Task a49ad93d-de2d-43a2-9772-928cf9e2eb5e state=PENDING elapsed=10s — waiting …
2026-02-27 18:02:36 | DEBUG    | Task a49ad93d-de2d-43a2-9772-928cf9e2eb5e state=PENDING elapsed=15s — waiting …
2026-02-27 18:02:41 | DEBUG    | Task a49ad93d-de2d-43a2-9772-928cf9e2eb5e state=PENDING elapsed=20s — waiting …
2026-02-27 18:02:46 | DEBUG    | Task a49ad93d-de2d-43a2-9772-928cf9e2eb5e state=PENDING elapsed=25s — waiting …
2026-02-27 18:02:51 | DEBUG    | Task a49ad93d-de2d-43a2-9772-928cf9e2eb5e state=PENDING elapsed=30s — waiting …
2026-02-27 18:02:56 | DEBUG    | Task a49ad93d-de2d-43a2-9772-928cf9e2eb5e state=PENDING elapsed=35s — waiting …
2026-02-27 18:03:01 | DEBUG    | Task a49ad93d-de2d-43a2-9772-928cf9e2eb5e state=PENDING elapsed=40s — waiting …
2026-02-27 18:03:06 | DEBUG    | Task a49ad93d-de2d-43a2-9772-928cf9e2eb5e state=PENDING elapsed=45s — waiting …
2026-02-27 18:03:11 | DEBUG    | Task a49ad93d-de2d-43a2-9772-928cf9e2eb5e state=PENDING elapsed=50s — waiting …
2026-02-27 18:03:16 | DEBUG    | Task a49ad93d-de2d-43a2-9772-928cf9e2eb5e state=PENDING elapsed=55s — waiting …
2026-02-27 18:03:21 | DEBUG    | Task a49ad93d-de2d-43a2-9772-928cf9e2eb5e state=PENDING elapsed=60s — waiting …
2026-02-27 18:03:26 | DEBUG    | Task a49ad93d-de2d-43a2-9772-928cf9e2eb5e state=PENDING elapsed=65s — waiting …
2026-02-27 18:03:31 | DEBUG    | Task a49ad93d-de2d-43a2-9772-928cf9e2eb5e state=PENDING elapsed=70s — waiting …
2026-02-27 18:03:36 | DEBUG    | Task a49ad93d-de2d-43a2-9772-928cf9e2eb5e state=PENDING elapsed=75s — waiting …
2026-02-27 18:03:41 | DEBUG    | Task a49ad93d-de2d-43a2-9772-928cf9e2eb5e state=PENDING elapsed=80s — waiting …
2026-02-27 18:03:46 | DEBUG    | Task a49ad93d-de2d-43a2-9772-928cf9e2eb5e state=PENDING elapsed=85s — waiting …
2026-02-27 18:03:51 | DEBUG    | Task a49ad93d-de2d-43a2-9772-928cf9e2eb5e state=PENDING elapsed=90s — waiting …
2026-02-27 18:03:56 | DEBUG    | Task a49ad93d-de2d-43a2-9772-928cf9e2eb5e state=PENDING elapsed=95s — waiting …
2026-02-27 18:04:01 | DEBUG    | Task a49ad93d-de2d-43a2-9772-928cf9e2eb5e state=PENDING elapsed=100s — waiting …
2026-02-27 18:04:06 | DEBUG    | Task a49ad93d-de2d-43a2-9772-928cf9e2eb5e state=PENDING elapsed=105s — waiting …
2026-02-27 18:04:11 | DEBUG    | Task a49ad93d-de2d-43a2-9772-928cf9e2eb5e state=PENDING elapsed=110s — waiting …
2026-02-27 18:04:16 | DEBUG    | Task a49ad93d-de2d-43a2-9772-928cf9e2eb5e state=PENDING elapsed=115s — waiting …
2026-02-27 18:04:21 | DEBUG    | Task a49ad93d-de2d-43a2-9772-928cf9e2eb5e state=PENDING elapsed=120s — waiting …
2026-02-27 18:04:26 | DEBUG    | Task a49ad93d-de2d-43a2-9772-928cf9e2eb5e state=PENDING elapsed=125s — waiting …
2026-02-27 18:04:31 | INFO     | Task a49ad93d-de2d-43a2-9772-928cf9e2eb5e FINISHED in 130s
2026-02-27 18:04:31 | INFO     | ✅ batch 38/131 (16 files) complete
2026-02-27 18:04:31 | INFO     | --- batch 39/131 (16 files) ---
2026-02-27 18:04:31 | DEBUG    |   Files: 2003-38.pdf, 2003-39.pdf, 2003-40.pdf, 2003-41.pdf, 2003-42.pdf, 2003-43.pdf, 2003-44.pdf, 2003-45.pdf, 2003-46.pdf, 2003-47.pdf, 2003-48.pdf, 2003-49.pdf, 2003-50.pdf, 2003-51.pdf, 2003-52.pdf, 2003-53.pdf
2026-02-27 18:04:32 | INFO     | Upload accepted → task_id=68449be3-98ae-469c-baec-319a042cc473
2026-02-27 18:04:32 | DEBUG    | Task 68449be3-98ae-469c-baec-319a042cc473 state=PENDING elapsed=0s — waiting …
2026-02-27 18:04:37 | DEBUG    | Task 68449be3-98ae-469c-baec-319a042cc473 state=PENDING elapsed=5s — waiting …
2026-02-27 18:04:42 | DEBUG    | Task 68449be3-98ae-469c-baec-319a042cc473 state=PENDING elapsed=10s — waiting …
2026-02-27 18:04:47 | DEBUG    | Task 68449be3-98ae-469c-baec-319a042cc473 state=PENDING elapsed=15s — waiting …
2026-02-27 18:04:52 | DEBUG    | Task 68449be3-98ae-469c-baec-319a042cc473 state=PENDING elapsed=20s — waiting …
2026-02-27 18:04:57 | DEBUG    | Task 68449be3-98ae-469c-baec-319a042cc473 state=PENDING elapsed=25s — waiting …
2026-02-27 18:05:02 | DEBUG    | Task 68449be3-98ae-469c-baec-319a042cc473 state=PENDING elapsed=30s — waiting …
2026-02-27 18:05:07 | DEBUG    | Task 68449be3-98ae-469c-baec-319a042cc473 state=PENDING elapsed=35s — waiting …
2026-02-27 18:05:13 | DEBUG    | Task 68449be3-98ae-469c-baec-319a042cc473 state=PENDING elapsed=40s — waiting …
2026-02-27 18:05:18 | DEBUG    | Task 68449be3-98ae-469c-baec-319a042cc473 state=PENDING elapsed=45s — waiting …
2026-02-27 18:05:23 | DEBUG    | Task 68449be3-98ae-469c-baec-319a042cc473 state=PENDING elapsed=50s — waiting …
2026-02-27 18:05:28 | DEBUG    | Task 68449be3-98ae-469c-baec-319a042cc473 state=PENDING elapsed=55s — waiting …
2026-02-27 18:05:33 | DEBUG    | Task 68449be3-98ae-469c-baec-319a042cc473 state=PENDING elapsed=60s — waiting …
2026-02-27 18:05:38 | DEBUG    | Task 68449be3-98ae-469c-baec-319a042cc473 state=PENDING elapsed=65s — waiting …
2026-02-27 18:05:43 | DEBUG    | Task 68449be3-98ae-469c-baec-319a042cc473 state=PENDING elapsed=70s — waiting …
2026-02-27 18:05:48 | DEBUG    | Task 68449be3-98ae-469c-baec-319a042cc473 state=PENDING elapsed=75s — waiting …
2026-02-27 18:05:54 | INFO     | Task 68449be3-98ae-469c-baec-319a042cc473 FINISHED in 81s
2026-02-27 18:05:54 | INFO     | ✅ batch 39/131 (16 files) complete
2026-02-27 18:05:54 | INFO     | --- batch 40/131 (16 files) ---
2026-02-27 18:05:54 | DEBUG    |   Files: 2003-54.pdf, 2003-55.pdf, 2003-56.pdf, 2003-57.pdf, 2003-58.pdf, 2003-59.pdf, 2003-60.pdf, 2003-61.pdf, 2003-62.pdf, 2003-63.pdf, 2003-64.pdf, 2003-65.pdf, 2003-66.pdf, 2003-67.pdf, 2003-68.pdf, 2003-69.pdf
2026-02-27 18:05:55 | INFO     | Upload accepted → task_id=f66d762f-5b11-40f3-ace7-4a3cd25be1c7
2026-02-27 18:05:55 | DEBUG    | Task f66d762f-5b11-40f3-ace7-4a3cd25be1c7 state=PENDING elapsed=0s — waiting …
2026-02-27 18:06:00 | DEBUG    | Task f66d762f-5b11-40f3-ace7-4a3cd25be1c7 state=PENDING elapsed=5s — waiting …
2026-02-27 18:06:05 | DEBUG    | Task f66d762f-5b11-40f3-ace7-4a3cd25be1c7 state=PENDING elapsed=10s — waiting …
2026-02-27 18:06:10 | DEBUG    | Task f66d762f-5b11-40f3-ace7-4a3cd25be1c7 state=PENDING elapsed=15s — waiting …
2026-02-27 18:06:15 | DEBUG    | Task f66d762f-5b11-40f3-ace7-4a3cd25be1c7 state=PENDING elapsed=20s — waiting …
2026-02-27 18:06:20 | DEBUG    | Task f66d762f-5b11-40f3-ace7-4a3cd25be1c7 state=PENDING elapsed=25s — waiting …
2026-02-27 18:06:25 | DEBUG    | Task f66d762f-5b11-40f3-ace7-4a3cd25be1c7 state=PENDING elapsed=30s — waiting …
2026-02-27 18:06:30 | DEBUG    | Task f66d762f-5b11-40f3-ace7-4a3cd25be1c7 state=PENDING elapsed=35s — waiting …
2026-02-27 18:06:35 | DEBUG    | Task f66d762f-5b11-40f3-ace7-4a3cd25be1c7 state=PENDING elapsed=40s — waiting …
2026-02-27 18:06:46 | INFO     | Task f66d762f-5b11-40f3-ace7-4a3cd25be1c7 FINISHED in 51s
2026-02-27 18:06:46 | INFO     | ✅ batch 40/131 (16 files) complete
2026-02-27 18:06:46 | INFO     | --- batch 41/131 (16 files) ---
2026-02-27 18:06:46 | DEBUG    |   Files: 2004-01.pdf, 2004-02.pdf, 2004-03.pdf, 2004-04.pdf, 2004-05.pdf, 2004-06.pdf, 2004-07.pdf, 2004-08.pdf, 2004-09.pdf, 2004-10.pdf, 2004-11.pdf, 2004-12.pdf, 2004-13.pdf, 2004-14.pdf, 2004-15.pdf, 2004-16.pdf
2026-02-27 18:06:50 | INFO     | Upload accepted → task_id=8e4f3633-75b2-4a75-9b50-0e1457eb3f78
2026-02-27 18:06:50 | DEBUG    | Task 8e4f3633-75b2-4a75-9b50-0e1457eb3f78 state=PENDING elapsed=0s — waiting …
2026-02-27 18:06:55 | DEBUG    | Task 8e4f3633-75b2-4a75-9b50-0e1457eb3f78 state=PENDING elapsed=5s — waiting …
2026-02-27 18:07:00 | DEBUG    | Task 8e4f3633-75b2-4a75-9b50-0e1457eb3f78 state=PENDING elapsed=10s — waiting …
2026-02-27 18:07:05 | DEBUG    | Task 8e4f3633-75b2-4a75-9b50-0e1457eb3f78 state=PENDING elapsed=15s — waiting …
2026-02-27 18:07:11 | DEBUG    | Task 8e4f3633-75b2-4a75-9b50-0e1457eb3f78 state=PENDING elapsed=20s — waiting …
2026-02-27 18:07:16 | DEBUG    | Task 8e4f3633-75b2-4a75-9b50-0e1457eb3f78 state=PENDING elapsed=25s — waiting …
2026-02-27 18:07:21 | DEBUG    | Task 8e4f3633-75b2-4a75-9b50-0e1457eb3f78 state=PENDING elapsed=30s — waiting …
2026-02-27 18:07:26 | DEBUG    | Task 8e4f3633-75b2-4a75-9b50-0e1457eb3f78 state=PENDING elapsed=35s — waiting …
2026-02-27 18:07:31 | DEBUG    | Task 8e4f3633-75b2-4a75-9b50-0e1457eb3f78 state=PENDING elapsed=40s — waiting …
2026-02-27 18:07:36 | DEBUG    | Task 8e4f3633-75b2-4a75-9b50-0e1457eb3f78 state=PENDING elapsed=45s — waiting …
2026-02-27 18:07:41 | DEBUG    | Task 8e4f3633-75b2-4a75-9b50-0e1457eb3f78 state=PENDING elapsed=50s — waiting …
2026-02-27 18:07:46 | DEBUG    | Task 8e4f3633-75b2-4a75-9b50-0e1457eb3f78 state=PENDING elapsed=55s — waiting …
2026-02-27 18:07:51 | DEBUG    | Task 8e4f3633-75b2-4a75-9b50-0e1457eb3f78 state=PENDING elapsed=60s — waiting …
2026-02-27 18:07:56 | DEBUG    | Task 8e4f3633-75b2-4a75-9b50-0e1457eb3f78 state=PENDING elapsed=65s — waiting …
2026-02-27 18:08:01 | DEBUG    | Task 8e4f3633-75b2-4a75-9b50-0e1457eb3f78 state=PENDING elapsed=70s — waiting …
2026-02-27 18:08:06 | DEBUG    | Task 8e4f3633-75b2-4a75-9b50-0e1457eb3f78 state=PENDING elapsed=75s — waiting …
2026-02-27 18:08:11 | DEBUG    | Task 8e4f3633-75b2-4a75-9b50-0e1457eb3f78 state=PENDING elapsed=80s — waiting …
2026-02-27 18:08:16 | DEBUG    | Task 8e4f3633-75b2-4a75-9b50-0e1457eb3f78 state=PENDING elapsed=85s — waiting …
2026-02-27 18:08:21 | DEBUG    | Task 8e4f3633-75b2-4a75-9b50-0e1457eb3f78 state=PENDING elapsed=90s — waiting …
2026-02-27 18:08:26 | DEBUG    | Task 8e4f3633-75b2-4a75-9b50-0e1457eb3f78 state=PENDING elapsed=95s — waiting …
2026-02-27 18:08:31 | DEBUG    | Task 8e4f3633-75b2-4a75-9b50-0e1457eb3f78 state=PENDING elapsed=100s — waiting …
2026-02-27 18:08:36 | DEBUG    | Task 8e4f3633-75b2-4a75-9b50-0e1457eb3f78 state=PENDING elapsed=105s — waiting …
2026-02-27 18:08:41 | INFO     | Task 8e4f3633-75b2-4a75-9b50-0e1457eb3f78 FINISHED in 111s
2026-02-27 18:08:41 | INFO     | ✅ batch 41/131 (16 files) complete
2026-02-27 18:08:41 | INFO     | --- batch 42/131 (16 files) ---
2026-02-27 18:08:41 | DEBUG    |   Files: 2004-17.pdf, 2004-18.pdf, 2004-19.pdf, 2004-20.pdf, 2004-21.pdf, 2004-22.pdf, 2004-23.pdf, 2004-24.pdf, 2004-25.pdf, 2004-26.pdf, 2004-27.pdf, 2004-28.pdf, 2004-29.pdf, 2004-30.pdf, 2004-31.pdf, 2004-32.pdf
2026-02-27 18:08:44 | INFO     | Upload accepted → task_id=5b7f63db-492d-4e08-86b9-3749654d1ae8
2026-02-27 18:08:44 | DEBUG    | Task 5b7f63db-492d-4e08-86b9-3749654d1ae8 state=PENDING elapsed=0s — waiting …
2026-02-27 18:08:49 | DEBUG    | Task 5b7f63db-492d-4e08-86b9-3749654d1ae8 state=PENDING elapsed=5s — waiting …
2026-02-27 18:08:54 | DEBUG    | Task 5b7f63db-492d-4e08-86b9-3749654d1ae8 state=PENDING elapsed=10s — waiting …
2026-02-27 18:08:59 | DEBUG    | Task 5b7f63db-492d-4e08-86b9-3749654d1ae8 state=PENDING elapsed=15s — waiting …
2026-02-27 18:09:04 | DEBUG    | Task 5b7f63db-492d-4e08-86b9-3749654d1ae8 state=PENDING elapsed=20s — waiting …
2026-02-27 18:09:09 | DEBUG    | Task 5b7f63db-492d-4e08-86b9-3749654d1ae8 state=PENDING elapsed=25s — waiting …
2026-02-27 18:09:14 | DEBUG    | Task 5b7f63db-492d-4e08-86b9-3749654d1ae8 state=PENDING elapsed=30s — waiting …
2026-02-27 18:09:19 | DEBUG    | Task 5b7f63db-492d-4e08-86b9-3749654d1ae8 state=PENDING elapsed=35s — waiting …
2026-02-27 18:09:24 | DEBUG    | Task 5b7f63db-492d-4e08-86b9-3749654d1ae8 state=PENDING elapsed=40s — waiting …
2026-02-27 18:09:29 | DEBUG    | Task 5b7f63db-492d-4e08-86b9-3749654d1ae8 state=PENDING elapsed=45s — waiting …
2026-02-27 18:09:34 | DEBUG    | Task 5b7f63db-492d-4e08-86b9-3749654d1ae8 state=PENDING elapsed=50s — waiting …
2026-02-27 18:09:39 | DEBUG    | Task 5b7f63db-492d-4e08-86b9-3749654d1ae8 state=PENDING elapsed=55s — waiting …
2026-02-27 18:09:44 | DEBUG    | Task 5b7f63db-492d-4e08-86b9-3749654d1ae8 state=PENDING elapsed=60s — waiting …
2026-02-27 18:09:49 | INFO     | Task 5b7f63db-492d-4e08-86b9-3749654d1ae8 FINISHED in 65s
2026-02-27 18:09:49 | INFO     | ✅ batch 42/131 (16 files) complete
2026-02-27 18:09:49 | INFO     | --- batch 43/131 (16 files) ---
2026-02-27 18:09:49 | DEBUG    |   Files: 2004-33.pdf, 2004-34.pdf, 2004-35.pdf, 2004-36.pdf, 2004-37.pdf, 2004-38.pdf, 2004-39.pdf, 2004-40.pdf, 2004-41.pdf, 2004-42.pdf, 2004-43.pdf, 2004-44.pdf, 2004-45.pdf, 2004-46.pdf, 2004-47.pdf, 2004-48.pdf
2026-02-27 18:09:51 | INFO     | Upload accepted → task_id=a6e1059d-6bb6-4ebe-a000-44857e89eab2
2026-02-27 18:09:51 | DEBUG    | Task a6e1059d-6bb6-4ebe-a000-44857e89eab2 state=PENDING elapsed=0s — waiting …
2026-02-27 18:09:56 | DEBUG    | Task a6e1059d-6bb6-4ebe-a000-44857e89eab2 state=PENDING elapsed=5s — waiting …
2026-02-27 18:10:01 | DEBUG    | Task a6e1059d-6bb6-4ebe-a000-44857e89eab2 state=PENDING elapsed=10s — waiting …
2026-02-27 18:10:06 | DEBUG    | Task a6e1059d-6bb6-4ebe-a000-44857e89eab2 state=PENDING elapsed=15s — waiting …
2026-02-27 18:10:11 | DEBUG    | Task a6e1059d-6bb6-4ebe-a000-44857e89eab2 state=PENDING elapsed=20s — waiting …
2026-02-27 18:10:16 | DEBUG    | Task a6e1059d-6bb6-4ebe-a000-44857e89eab2 state=PENDING elapsed=25s — waiting …
2026-02-27 18:10:21 | DEBUG    | Task a6e1059d-6bb6-4ebe-a000-44857e89eab2 state=PENDING elapsed=30s — waiting …
2026-02-27 18:10:26 | DEBUG    | Task a6e1059d-6bb6-4ebe-a000-44857e89eab2 state=PENDING elapsed=35s — waiting …
2026-02-27 18:10:31 | DEBUG    | Task a6e1059d-6bb6-4ebe-a000-44857e89eab2 state=PENDING elapsed=40s — waiting …
2026-02-27 18:10:36 | DEBUG    | Task a6e1059d-6bb6-4ebe-a000-44857e89eab2 state=PENDING elapsed=45s — waiting …
2026-02-27 18:10:42 | DEBUG    | Task a6e1059d-6bb6-4ebe-a000-44857e89eab2 state=PENDING elapsed=50s — waiting …
2026-02-27 18:10:47 | INFO     | Task a6e1059d-6bb6-4ebe-a000-44857e89eab2 FINISHED in 55s
2026-02-27 18:10:47 | INFO     | ✅ batch 43/131 (16 files) complete
2026-02-27 18:10:47 | INFO     | --- batch 44/131 (16 files) ---
2026-02-27 18:10:47 | DEBUG    |   Files: 2004-49.pdf, 2004-50.pdf, 2004-51.pdf, 2004-52.pdf, 2004-53.pdf, 2004-54.pdf, 2004-55.pdf, 2004-56.pdf, 2004-57.pdf, 2004-58.pdf, 2004-59.pdf, 2004-60.pdf, 2004-61.pdf, 2004-62.pdf, 2004-63.pdf, 2004-64.pdf
2026-02-27 18:10:49 | INFO     | Upload accepted → task_id=451a1715-891a-4805-ba5a-eba0e6e634c1
2026-02-27 18:10:49 | DEBUG    | Task 451a1715-891a-4805-ba5a-eba0e6e634c1 state=PENDING elapsed=0s — waiting …
2026-02-27 18:10:55 | DEBUG    | Task 451a1715-891a-4805-ba5a-eba0e6e634c1 state=PENDING elapsed=6s — waiting …
2026-02-27 18:11:00 | DEBUG    | Task 451a1715-891a-4805-ba5a-eba0e6e634c1 state=PENDING elapsed=11s — waiting …
2026-02-27 18:11:05 | DEBUG    | Task 451a1715-891a-4805-ba5a-eba0e6e634c1 state=PENDING elapsed=16s — waiting …
2026-02-27 18:11:26 | DEBUG    | Task 451a1715-891a-4805-ba5a-eba0e6e634c1 state=PENDING elapsed=37s — waiting …
2026-02-27 18:11:38 | INFO     | Task 451a1715-891a-4805-ba5a-eba0e6e634c1 FINISHED in 49s
2026-02-27 18:11:38 | INFO     | ✅ batch 44/131 (16 files) complete
2026-02-27 18:11:38 | INFO     | --- batch 45/131 (16 files) ---
2026-02-27 18:11:38 | DEBUG    |   Files: 2004-65.pdf, 2004-66.pdf, 2004-67.pdf, 2004-68.pdf, 2004-69.pdf, 2004-70.pdf, 2004-71.pdf, 2004-72.pdf, 2004-73.pdf, 2004-74.pdf, 2005-01.pdf, 2005-02.pdf, 2005-03.pdf, 2005-04.pdf, 2005-05.pdf, 2005-06.pdf
2026-02-27 18:11:46 | INFO     | Upload accepted → task_id=90b473ab-5660-4722-968f-8bcadf0aa243
2026-02-27 18:11:46 | DEBUG    | Task 90b473ab-5660-4722-968f-8bcadf0aa243 state=PENDING elapsed=0s — waiting …
2026-02-27 18:11:51 | DEBUG    | Task 90b473ab-5660-4722-968f-8bcadf0aa243 state=PENDING elapsed=5s — waiting …
2026-02-27 18:11:56 | DEBUG    | Task 90b473ab-5660-4722-968f-8bcadf0aa243 state=PENDING elapsed=10s — waiting …
2026-02-27 18:12:01 | DEBUG    | Task 90b473ab-5660-4722-968f-8bcadf0aa243 state=PENDING elapsed=15s — waiting …
2026-02-27 18:12:14 | DEBUG    | Task 90b473ab-5660-4722-968f-8bcadf0aa243 state=PENDING elapsed=29s — waiting …
2026-02-27 18:12:19 | DEBUG    | Task 90b473ab-5660-4722-968f-8bcadf0aa243 state=PENDING elapsed=34s — waiting …
2026-02-27 18:12:24 | DEBUG    | Task 90b473ab-5660-4722-968f-8bcadf0aa243 state=PENDING elapsed=39s — waiting …
2026-02-27 18:12:29 | DEBUG    | Task 90b473ab-5660-4722-968f-8bcadf0aa243 state=PENDING elapsed=44s — waiting …
2026-02-27 18:12:34 | DEBUG    | Task 90b473ab-5660-4722-968f-8bcadf0aa243 state=PENDING elapsed=49s — waiting …
2026-02-27 18:12:39 | DEBUG    | Task 90b473ab-5660-4722-968f-8bcadf0aa243 state=PENDING elapsed=54s — waiting …
2026-02-27 18:12:44 | DEBUG    | Task 90b473ab-5660-4722-968f-8bcadf0aa243 state=PENDING elapsed=59s — waiting …
2026-02-27 18:12:50 | DEBUG    | Task 90b473ab-5660-4722-968f-8bcadf0aa243 state=PENDING elapsed=64s — waiting …
2026-02-27 18:12:55 | INFO     | Task 90b473ab-5660-4722-968f-8bcadf0aa243 FINISHED in 69s
2026-02-27 18:12:55 | INFO     | ✅ batch 45/131 (16 files) complete
2026-02-27 18:12:55 | INFO     | --- batch 46/131 (16 files) ---
2026-02-27 18:12:55 | DEBUG    |   Files: 2005-07.pdf, 2005-08.pdf, 2005-09.pdf, 2005-10.pdf, 2005-11.pdf, 2005-12.pdf, 2005-13.pdf, 2005-14.pdf, 2005-15.pdf, 2005-16.pdf, 2005-17.pdf, 2005-18.pdf, 2005-19.pdf, 2005-20.pdf, 2005-21.pdf, 2005-22.pdf
2026-02-27 18:12:57 | INFO     | Upload accepted → task_id=7bb15c6e-a851-4096-921d-9db3e1627666
2026-02-27 18:12:57 | DEBUG    | Task 7bb15c6e-a851-4096-921d-9db3e1627666 state=PENDING elapsed=0s — waiting …
2026-02-27 18:13:02 | DEBUG    | Task 7bb15c6e-a851-4096-921d-9db3e1627666 state=PENDING elapsed=5s — waiting …
2026-02-27 18:13:07 | DEBUG    | Task 7bb15c6e-a851-4096-921d-9db3e1627666 state=PENDING elapsed=10s — waiting …
2026-02-27 18:13:12 | DEBUG    | Task 7bb15c6e-a851-4096-921d-9db3e1627666 state=PENDING elapsed=15s — waiting …
2026-02-27 18:13:17 | DEBUG    | Task 7bb15c6e-a851-4096-921d-9db3e1627666 state=PENDING elapsed=20s — waiting …
2026-02-27 18:13:22 | DEBUG    | Task 7bb15c6e-a851-4096-921d-9db3e1627666 state=PENDING elapsed=25s — waiting …
2026-02-27 18:13:27 | DEBUG    | Task 7bb15c6e-a851-4096-921d-9db3e1627666 state=PENDING elapsed=30s — waiting …
2026-02-27 18:13:33 | DEBUG    | Task 7bb15c6e-a851-4096-921d-9db3e1627666 state=PENDING elapsed=36s — waiting …
2026-02-27 18:13:38 | DEBUG    | Task 7bb15c6e-a851-4096-921d-9db3e1627666 state=PENDING elapsed=41s — waiting …
2026-02-27 18:13:43 | DEBUG    | Task 7bb15c6e-a851-4096-921d-9db3e1627666 state=PENDING elapsed=46s — waiting …
2026-02-27 18:13:48 | DEBUG    | Task 7bb15c6e-a851-4096-921d-9db3e1627666 state=PENDING elapsed=51s — waiting …
2026-02-27 18:13:53 | DEBUG    | Task 7bb15c6e-a851-4096-921d-9db3e1627666 state=PENDING elapsed=56s — waiting …
2026-02-27 18:13:58 | DEBUG    | Task 7bb15c6e-a851-4096-921d-9db3e1627666 state=PENDING elapsed=61s — waiting …
2026-02-27 18:14:03 | DEBUG    | Task 7bb15c6e-a851-4096-921d-9db3e1627666 state=PENDING elapsed=66s — waiting …
2026-02-27 18:14:08 | DEBUG    | Task 7bb15c6e-a851-4096-921d-9db3e1627666 state=PENDING elapsed=71s — waiting …
2026-02-27 18:14:13 | DEBUG    | Task 7bb15c6e-a851-4096-921d-9db3e1627666 state=PENDING elapsed=76s — waiting …
2026-02-27 18:14:18 | DEBUG    | Task 7bb15c6e-a851-4096-921d-9db3e1627666 state=PENDING elapsed=81s — waiting …
2026-02-27 18:14:23 | DEBUG    | Task 7bb15c6e-a851-4096-921d-9db3e1627666 state=PENDING elapsed=86s — waiting …
2026-02-27 18:14:28 | INFO     | Task 7bb15c6e-a851-4096-921d-9db3e1627666 FINISHED in 91s
2026-02-27 18:14:28 | INFO     | ✅ batch 46/131 (16 files) complete
2026-02-27 18:14:28 | INFO     | --- batch 47/131 (16 files) ---
2026-02-27 18:14:28 | DEBUG    |   Files: 2005-23.pdf, 2005-24.pdf, 2005-25.pdf, 2005-26.pdf, 2005-27.pdf, 2005-28.pdf, 2005-29.pdf, 2005-30.pdf, 2005-31.pdf, 2005-32.pdf, 2005-33.pdf, 2005-34.pdf, 2005-35.pdf, 2005-36.pdf, 2005-37.pdf, 2005-38.pdf
2026-02-27 18:14:30 | INFO     | Upload accepted → task_id=974a18da-f504-49ec-b8a5-5734b3758887
2026-02-27 18:14:30 | DEBUG    | Task 974a18da-f504-49ec-b8a5-5734b3758887 state=PENDING elapsed=0s — waiting …
2026-02-27 18:14:35 | DEBUG    | Task 974a18da-f504-49ec-b8a5-5734b3758887 state=PENDING elapsed=5s — waiting …
2026-02-27 18:14:40 | DEBUG    | Task 974a18da-f504-49ec-b8a5-5734b3758887 state=PENDING elapsed=10s — waiting …
2026-02-27 18:14:45 | DEBUG    | Task 974a18da-f504-49ec-b8a5-5734b3758887 state=PENDING elapsed=15s — waiting …
2026-02-27 18:14:50 | DEBUG    | Task 974a18da-f504-49ec-b8a5-5734b3758887 state=PENDING elapsed=20s — waiting …
2026-02-27 18:14:55 | DEBUG    | Task 974a18da-f504-49ec-b8a5-5734b3758887 state=PENDING elapsed=25s — waiting …
2026-02-27 18:15:00 | DEBUG    | Task 974a18da-f504-49ec-b8a5-5734b3758887 state=PENDING elapsed=30s — waiting …
2026-02-27 18:15:05 | DEBUG    | Task 974a18da-f504-49ec-b8a5-5734b3758887 state=PENDING elapsed=35s — waiting …
2026-02-27 18:15:10 | DEBUG    | Task 974a18da-f504-49ec-b8a5-5734b3758887 state=PENDING elapsed=40s — waiting …
2026-02-27 18:15:15 | DEBUG    | Task 974a18da-f504-49ec-b8a5-5734b3758887 state=PENDING elapsed=45s — waiting …
2026-02-27 18:15:20 | DEBUG    | Task 974a18da-f504-49ec-b8a5-5734b3758887 state=PENDING elapsed=50s — waiting …
2026-02-27 18:15:26 | DEBUG    | Task 974a18da-f504-49ec-b8a5-5734b3758887 state=PENDING elapsed=55s — waiting …
2026-02-27 18:15:31 | DEBUG    | Task 974a18da-f504-49ec-b8a5-5734b3758887 state=PENDING elapsed=60s — waiting …
2026-02-27 18:15:36 | DEBUG    | Task 974a18da-f504-49ec-b8a5-5734b3758887 state=PENDING elapsed=65s — waiting …
2026-02-27 18:15:41 | INFO     | Task 974a18da-f504-49ec-b8a5-5734b3758887 FINISHED in 70s
2026-02-27 18:15:41 | INFO     | ✅ batch 47/131 (16 files) complete
2026-02-27 18:15:41 | INFO     | --- batch 48/131 (16 files) ---
2026-02-27 18:15:41 | DEBUG    |   Files: 2005-39.pdf, 2005-40.pdf, 2005-41.pdf, 2005-42.pdf, 2005-43.pdf, 2005-44.pdf, 2005-45.pdf, 2005-46.pdf, 2005-47.pdf, 2005-48.pdf, 2005-49.pdf, 2005-50.pdf, 2005-51.pdf, 2005-52.pdf, 2005-53.pdf, 2005-54.pdf
2026-02-27 18:15:44 | INFO     | Upload accepted → task_id=80a6b6b8-97a7-49e6-bf6b-96b919267f6f
2026-02-27 18:15:44 | DEBUG    | Task 80a6b6b8-97a7-49e6-bf6b-96b919267f6f state=PENDING elapsed=0s — waiting …
2026-02-27 18:15:58 | DEBUG    | Task 80a6b6b8-97a7-49e6-bf6b-96b919267f6f state=PENDING elapsed=14s — waiting …
2026-02-27 18:16:03 | DEBUG    | Task 80a6b6b8-97a7-49e6-bf6b-96b919267f6f state=PENDING elapsed=19s — waiting …
2026-02-27 18:16:08 | DEBUG    | Task 80a6b6b8-97a7-49e6-bf6b-96b919267f6f state=PENDING elapsed=24s — waiting …
2026-02-27 18:16:13 | DEBUG    | Task 80a6b6b8-97a7-49e6-bf6b-96b919267f6f state=PENDING elapsed=29s — waiting …
2026-02-27 18:16:18 | DEBUG    | Task 80a6b6b8-97a7-49e6-bf6b-96b919267f6f state=PENDING elapsed=34s — waiting …
2026-02-27 18:16:23 | DEBUG    | Task 80a6b6b8-97a7-49e6-bf6b-96b919267f6f state=PENDING elapsed=39s — waiting …
2026-02-27 18:16:28 | DEBUG    | Task 80a6b6b8-97a7-49e6-bf6b-96b919267f6f state=PENDING elapsed=44s — waiting …
2026-02-27 18:16:37 | INFO     | Task 80a6b6b8-97a7-49e6-bf6b-96b919267f6f FINISHED in 53s
2026-02-27 18:16:37 | INFO     | ✅ batch 48/131 (16 files) complete
2026-02-27 18:16:37 | INFO     | --- batch 49/131 (16 files) ---
2026-02-27 18:16:37 | DEBUG    |   Files: 2005-55.pdf, 2005-56.pdf, 2005-57.pdf, 2005-58.pdf, 2005-59.pdf, 2005-60.pdf, 2005-61.pdf, 2005-62.pdf, 2005-63.pdf, 2005-64.pdf, 2005-65.pdf, 2005-66.pdf, 2005-67.pdf, 2005-68.pdf, 2006-01.pdf, 2006-02.pdf
2026-02-27 18:16:46 | INFO     | Upload accepted → task_id=c24f4ef2-63e0-4e6a-b8db-5cf89ba088f2
2026-02-27 18:16:46 | DEBUG    | Task c24f4ef2-63e0-4e6a-b8db-5cf89ba088f2 state=PENDING elapsed=0s — waiting …
2026-02-27 18:16:51 | DEBUG    | Task c24f4ef2-63e0-4e6a-b8db-5cf89ba088f2 state=PENDING elapsed=5s — waiting …
2026-02-27 18:16:56 | DEBUG    | Task c24f4ef2-63e0-4e6a-b8db-5cf89ba088f2 state=PENDING elapsed=10s — waiting …
2026-02-27 18:17:01 | DEBUG    | Task c24f4ef2-63e0-4e6a-b8db-5cf89ba088f2 state=PENDING elapsed=15s — waiting …
2026-02-27 18:17:06 | DEBUG    | Task c24f4ef2-63e0-4e6a-b8db-5cf89ba088f2 state=PENDING elapsed=20s — waiting …
2026-02-27 18:17:11 | DEBUG    | Task c24f4ef2-63e0-4e6a-b8db-5cf89ba088f2 state=PENDING elapsed=25s — waiting …
2026-02-27 18:17:16 | DEBUG    | Task c24f4ef2-63e0-4e6a-b8db-5cf89ba088f2 state=PENDING elapsed=30s — waiting …
2026-02-27 18:17:24 | DEBUG    | Task c24f4ef2-63e0-4e6a-b8db-5cf89ba088f2 state=PENDING elapsed=38s — waiting …
2026-02-27 18:17:34 | INFO     | Task c24f4ef2-63e0-4e6a-b8db-5cf89ba088f2 FINISHED in 49s
2026-02-27 18:17:34 | INFO     | ✅ batch 49/131 (16 files) complete
2026-02-27 18:17:34 | INFO     | --- batch 50/131 (16 files) ---
2026-02-27 18:17:34 | DEBUG    |   Files: 2006-03.pdf, 2006-04.pdf, 2006-05.pdf, 2006-06.pdf, 2006-07.pdf, 2006-08.pdf, 2006-09.pdf, 2006-10.pdf, 2006-11.pdf, 2006-12.pdf, 2006-13.pdf, 2006-14.pdf, 2006-15.pdf, 2006-16.pdf, 2006-17.pdf, 2006-18.pdf
2026-02-27 18:17:37 | INFO     | Upload accepted → task_id=93b54d43-4a64-460e-9bb2-8fda86bd9d43
2026-02-27 18:17:37 | DEBUG    | Task 93b54d43-4a64-460e-9bb2-8fda86bd9d43 state=PENDING elapsed=0s — waiting …
2026-02-27 18:17:42 | DEBUG    | Task 93b54d43-4a64-460e-9bb2-8fda86bd9d43 state=PENDING elapsed=5s — waiting …
2026-02-27 18:17:47 | DEBUG    | Task 93b54d43-4a64-460e-9bb2-8fda86bd9d43 state=PENDING elapsed=10s — waiting …
2026-02-27 18:17:52 | DEBUG    | Task 93b54d43-4a64-460e-9bb2-8fda86bd9d43 state=PENDING elapsed=15s — waiting …
2026-02-27 18:17:57 | DEBUG    | Task 93b54d43-4a64-460e-9bb2-8fda86bd9d43 state=PENDING elapsed=20s — waiting …
2026-02-27 18:18:02 | DEBUG    | Task 93b54d43-4a64-460e-9bb2-8fda86bd9d43 state=PENDING elapsed=25s — waiting …
2026-02-27 18:18:07 | DEBUG    | Task 93b54d43-4a64-460e-9bb2-8fda86bd9d43 state=PENDING elapsed=30s — waiting …
2026-02-27 18:18:12 | DEBUG    | Task 93b54d43-4a64-460e-9bb2-8fda86bd9d43 state=PENDING elapsed=35s — waiting …
2026-02-27 18:18:17 | DEBUG    | Task 93b54d43-4a64-460e-9bb2-8fda86bd9d43 state=PENDING elapsed=40s — waiting …
2026-02-27 18:18:22 | DEBUG    | Task 93b54d43-4a64-460e-9bb2-8fda86bd9d43 state=PENDING elapsed=45s — waiting …
2026-02-27 18:18:27 | DEBUG    | Task 93b54d43-4a64-460e-9bb2-8fda86bd9d43 state=PENDING elapsed=50s — waiting …
2026-02-27 18:18:33 | INFO     | Task 93b54d43-4a64-460e-9bb2-8fda86bd9d43 FINISHED in 56s
2026-02-27 18:18:33 | INFO     | ✅ batch 50/131 (16 files) complete
2026-02-27 18:18:33 | INFO     | --- batch 51/131 (16 files) ---
2026-02-27 18:18:33 | DEBUG    |   Files: 2006-19.pdf, 2006-20.pdf, 2006-21.pdf, 2006-22.pdf, 2006-23.pdf, 2006-24.pdf, 2006-25.pdf, 2006-26.pdf, 2006-27.pdf, 2006-28.pdf, 2006-29.pdf, 2006-30.pdf, 2006-31.pdf, 2006-32.pdf, 2006-33.pdf, 2006-34.pdf
2026-02-27 18:18:35 | INFO     | Upload accepted → task_id=10b29711-fdc6-40e6-8ade-afeba1abbb54
2026-02-27 18:18:35 | DEBUG    | Task 10b29711-fdc6-40e6-8ade-afeba1abbb54 state=PENDING elapsed=0s — waiting …
2026-02-27 18:18:40 | DEBUG    | Task 10b29711-fdc6-40e6-8ade-afeba1abbb54 state=PENDING elapsed=5s — waiting …
2026-02-27 18:18:45 | DEBUG    | Task 10b29711-fdc6-40e6-8ade-afeba1abbb54 state=PENDING elapsed=10s — waiting …
2026-02-27 18:18:50 | DEBUG    | Task 10b29711-fdc6-40e6-8ade-afeba1abbb54 state=PENDING elapsed=15s — waiting …
2026-02-27 18:18:55 | DEBUG    | Task 10b29711-fdc6-40e6-8ade-afeba1abbb54 state=PENDING elapsed=20s — waiting …
2026-02-27 18:19:00 | DEBUG    | Task 10b29711-fdc6-40e6-8ade-afeba1abbb54 state=PENDING elapsed=25s — waiting …
2026-02-27 18:19:06 | INFO     | Task 10b29711-fdc6-40e6-8ade-afeba1abbb54 FINISHED in 31s
2026-02-27 18:19:06 | INFO     | ✅ batch 51/131 (16 files) complete
2026-02-27 18:19:06 | INFO     | --- batch 52/131 (16 files) ---
2026-02-27 18:19:06 | DEBUG    |   Files: 2006-35.pdf, 2006-36.pdf, 2006-37.pdf, 2006-38.pdf, 2006-39.pdf, 2006-40.pdf, 2006-41.pdf, 2006-42.pdf, 2006-43.pdf, 2006-44.pdf, 2006-45.pdf, 2006-46.pdf, 2006-47.pdf, 2006-48.pdf, 2006-49.pdf, 2006-50.pdf
2026-02-27 18:19:08 | INFO     | Upload accepted → task_id=d2ce413c-67b2-4665-999c-daac41343d53
2026-02-27 18:19:08 | DEBUG    | Task d2ce413c-67b2-4665-999c-daac41343d53 state=PENDING elapsed=0s — waiting …
2026-02-27 18:19:13 | DEBUG    | Task d2ce413c-67b2-4665-999c-daac41343d53 state=PENDING elapsed=5s — waiting …
2026-02-27 18:19:18 | DEBUG    | Task d2ce413c-67b2-4665-999c-daac41343d53 state=PENDING elapsed=10s — waiting …
2026-02-27 18:19:23 | DEBUG    | Task d2ce413c-67b2-4665-999c-daac41343d53 state=PENDING elapsed=15s — waiting …
2026-02-27 18:19:28 | DEBUG    | Task d2ce413c-67b2-4665-999c-daac41343d53 state=PENDING elapsed=20s — waiting …
2026-02-27 18:19:33 | DEBUG    | Task d2ce413c-67b2-4665-999c-daac41343d53 state=PENDING elapsed=25s — waiting …
2026-02-27 18:19:38 | DEBUG    | Task d2ce413c-67b2-4665-999c-daac41343d53 state=PENDING elapsed=30s — waiting …
2026-02-27 18:19:43 | DEBUG    | Task d2ce413c-67b2-4665-999c-daac41343d53 state=PENDING elapsed=35s — waiting …
2026-02-27 18:19:48 | DEBUG    | Task d2ce413c-67b2-4665-999c-daac41343d53 state=PENDING elapsed=40s — waiting …
2026-02-27 18:19:53 | DEBUG    | Task d2ce413c-67b2-4665-999c-daac41343d53 state=PENDING elapsed=45s — waiting …
2026-02-27 18:20:01 | INFO     | Task d2ce413c-67b2-4665-999c-daac41343d53 FINISHED in 53s
2026-02-27 18:20:01 | INFO     | ✅ batch 52/131 (16 files) complete
2026-02-27 18:20:01 | INFO     | --- batch 53/131 (16 files) ---
2026-02-27 18:20:01 | DEBUG    |   Files: 2006-51.pdf, 2006-52.pdf, 2006-53.pdf, 2006-54.pdf, 2006-55.pdf, 2006-56.pdf, 2006-57.pdf, 2006-58.pdf, 2006-59.pdf, 2006-60.pdf, 2006-61.pdf, 2006-62.pdf, 2007-01.pdf, 2007-02.pdf, 2007-03.pdf, 2007-04.pdf
2026-02-27 18:20:03 | INFO     | Upload accepted → task_id=c9f2f6b5-1feb-4027-9d9e-c90fdb765063
2026-02-27 18:20:03 | DEBUG    | Task c9f2f6b5-1feb-4027-9d9e-c90fdb765063 state=PENDING elapsed=0s — waiting …
2026-02-27 18:20:08 | DEBUG    | Task c9f2f6b5-1feb-4027-9d9e-c90fdb765063 state=PENDING elapsed=5s — waiting …
2026-02-27 18:20:13 | DEBUG    | Task c9f2f6b5-1feb-4027-9d9e-c90fdb765063 state=PENDING elapsed=10s — waiting …
2026-02-27 18:20:18 | DEBUG    | Task c9f2f6b5-1feb-4027-9d9e-c90fdb765063 state=PENDING elapsed=15s — waiting …
2026-02-27 18:20:23 | DEBUG    | Task c9f2f6b5-1feb-4027-9d9e-c90fdb765063 state=PENDING elapsed=20s — waiting …
2026-02-27 18:20:28 | DEBUG    | Task c9f2f6b5-1feb-4027-9d9e-c90fdb765063 state=PENDING elapsed=25s — waiting …
2026-02-27 18:20:35 | DEBUG    | Task c9f2f6b5-1feb-4027-9d9e-c90fdb765063 state=PENDING elapsed=32s — waiting …
2026-02-27 18:20:40 | DEBUG    | Task c9f2f6b5-1feb-4027-9d9e-c90fdb765063 state=PENDING elapsed=37s — waiting …
2026-02-27 18:20:45 | DEBUG    | Task c9f2f6b5-1feb-4027-9d9e-c90fdb765063 state=PENDING elapsed=42s — waiting …
2026-02-27 18:20:51 | INFO     | Task c9f2f6b5-1feb-4027-9d9e-c90fdb765063 FINISHED in 48s
2026-02-27 18:20:51 | INFO     | ✅ batch 53/131 (16 files) complete
2026-02-27 18:20:51 | INFO     | --- batch 54/131 (16 files) ---
2026-02-27 18:20:51 | DEBUG    |   Files: 2007-05.pdf, 2007-06.pdf, 2007-07.pdf, 2007-08.pdf, 2007-09.pdf, 2007-10.pdf, 2007-11.pdf, 2007-12.pdf, 2007-13.pdf, 2007-14.pdf, 2007-15.pdf, 2007-16.pdf, 2007-17.pdf, 2007-18.pdf, 2007-19.pdf, 2007-20.pdf
2026-02-27 18:20:56 | INFO     | Upload accepted → task_id=dfa07267-2ddc-41a2-9d71-52a075e06887
2026-02-27 18:20:56 | DEBUG    | Task dfa07267-2ddc-41a2-9d71-52a075e06887 state=PENDING elapsed=0s — waiting …
2026-02-27 18:21:01 | DEBUG    | Task dfa07267-2ddc-41a2-9d71-52a075e06887 state=PENDING elapsed=5s — waiting …
2026-02-27 18:21:06 | DEBUG    | Task dfa07267-2ddc-41a2-9d71-52a075e06887 state=PENDING elapsed=10s — waiting …
2026-02-27 18:21:11 | DEBUG    | Task dfa07267-2ddc-41a2-9d71-52a075e06887 state=PENDING elapsed=15s — waiting …
2026-02-27 18:21:16 | DEBUG    | Task dfa07267-2ddc-41a2-9d71-52a075e06887 state=PENDING elapsed=20s — waiting …
2026-02-27 18:21:21 | DEBUG    | Task dfa07267-2ddc-41a2-9d71-52a075e06887 state=PENDING elapsed=25s — waiting …
2026-02-27 18:21:26 | DEBUG    | Task dfa07267-2ddc-41a2-9d71-52a075e06887 state=PENDING elapsed=30s — waiting …
2026-02-27 18:21:31 | DEBUG    | Task dfa07267-2ddc-41a2-9d71-52a075e06887 state=PENDING elapsed=35s — waiting …
2026-02-27 18:21:36 | DEBUG    | Task dfa07267-2ddc-41a2-9d71-52a075e06887 state=PENDING elapsed=40s — waiting …
2026-02-27 18:21:41 | DEBUG    | Task dfa07267-2ddc-41a2-9d71-52a075e06887 state=PENDING elapsed=45s — waiting …
2026-02-27 18:21:48 | INFO     | Task dfa07267-2ddc-41a2-9d71-52a075e06887 FINISHED in 52s
2026-02-27 18:21:48 | INFO     | ✅ batch 54/131 (16 files) complete
2026-02-27 18:21:48 | INFO     | --- batch 55/131 (16 files) ---
2026-02-27 18:21:48 | DEBUG    |   Files: 2007-21.pdf, 2007-22.pdf, 2007-23.pdf, 2007-24.pdf, 2007-25.pdf, 2007-26.pdf, 2007-27.pdf, 2007-28.pdf, 2007-29.pdf, 2007-30.pdf, 2007-31.pdf, 2007-32.pdf, 2007-33.pdf, 2007-34.pdf, 2007-35.pdf, 2007-36.pdf
2026-02-27 18:21:52 | INFO     | Upload accepted → task_id=cea00fbc-fa01-4d3b-9b97-7bfd4927b7f7
2026-02-27 18:21:52 | DEBUG    | Task cea00fbc-fa01-4d3b-9b97-7bfd4927b7f7 state=PENDING elapsed=0s — waiting …
2026-02-27 18:21:57 | DEBUG    | Task cea00fbc-fa01-4d3b-9b97-7bfd4927b7f7 state=PENDING elapsed=5s — waiting …
2026-02-27 18:22:03 | DEBUG    | Task cea00fbc-fa01-4d3b-9b97-7bfd4927b7f7 state=PENDING elapsed=11s — waiting …
2026-02-27 18:22:09 | DEBUG    | Task cea00fbc-fa01-4d3b-9b97-7bfd4927b7f7 state=PENDING elapsed=17s — waiting …
2026-02-27 18:22:14 | DEBUG    | Task cea00fbc-fa01-4d3b-9b97-7bfd4927b7f7 state=PENDING elapsed=22s — waiting …
2026-02-27 18:22:19 | DEBUG    | Task cea00fbc-fa01-4d3b-9b97-7bfd4927b7f7 state=PENDING elapsed=27s — waiting …
2026-02-27 18:22:24 | DEBUG    | Task cea00fbc-fa01-4d3b-9b97-7bfd4927b7f7 state=PENDING elapsed=32s — waiting …
2026-02-27 18:22:29 | DEBUG    | Task cea00fbc-fa01-4d3b-9b97-7bfd4927b7f7 state=PENDING elapsed=37s — waiting …
2026-02-27 18:22:35 | INFO     | Task cea00fbc-fa01-4d3b-9b97-7bfd4927b7f7 FINISHED in 43s
2026-02-27 18:22:35 | INFO     | ✅ batch 55/131 (16 files) complete
2026-02-27 18:22:35 | INFO     | --- batch 56/131 (16 files) ---
2026-02-27 18:22:35 | DEBUG    |   Files: 2007-37.pdf, 2007-38.pdf, 2007-39.pdf, 2007-40.pdf, 2007-41.pdf, 2007-42.pdf, 2007-43.pdf, 2007-44.pdf, 2007-45.pdf, 2007-46.pdf, 2007-47.pdf, 2007-48.pdf, 2007-49.pdf, 2007-50.pdf, 2007-51.pdf, 2007-52.pdf
2026-02-27 18:22:39 | INFO     | Upload accepted → task_id=b82d1fee-baa1-42dd-a437-b0e6842f2213
2026-02-27 18:22:39 | DEBUG    | Task b82d1fee-baa1-42dd-a437-b0e6842f2213 state=PENDING elapsed=0s — waiting …
2026-02-27 18:22:44 | DEBUG    | Task b82d1fee-baa1-42dd-a437-b0e6842f2213 state=PENDING elapsed=5s — waiting …
2026-02-27 18:22:49 | DEBUG    | Task b82d1fee-baa1-42dd-a437-b0e6842f2213 state=PENDING elapsed=10s — waiting …
2026-02-27 18:22:54 | DEBUG    | Task b82d1fee-baa1-42dd-a437-b0e6842f2213 state=PENDING elapsed=15s — waiting …
2026-02-27 18:22:59 | DEBUG    | Task b82d1fee-baa1-42dd-a437-b0e6842f2213 state=PENDING elapsed=20s — waiting …
2026-02-27 18:23:04 | DEBUG    | Task b82d1fee-baa1-42dd-a437-b0e6842f2213 state=PENDING elapsed=25s — waiting …
2026-02-27 18:23:09 | DEBUG    | Task b82d1fee-baa1-42dd-a437-b0e6842f2213 state=PENDING elapsed=30s — waiting …
2026-02-27 18:23:14 | DEBUG    | Task b82d1fee-baa1-42dd-a437-b0e6842f2213 state=PENDING elapsed=35s — waiting …
2026-02-27 18:23:19 | DEBUG    | Task b82d1fee-baa1-42dd-a437-b0e6842f2213 state=PENDING elapsed=40s — waiting …
2026-02-27 18:23:24 | INFO     | Task b82d1fee-baa1-42dd-a437-b0e6842f2213 FINISHED in 45s
2026-02-27 18:23:24 | INFO     | ✅ batch 56/131 (16 files) complete
2026-02-27 18:23:24 | INFO     | --- batch 57/131 (16 files) ---
2026-02-27 18:23:24 | DEBUG    |   Files: 2007-53.pdf, 2007-54.pdf, 2007-55.pdf, 2007-56.pdf, 2007-57.pdf, 2007-58.pdf, 2007-59.pdf, 2007-60.pdf, 2007-61.pdf, 2007-62.pdf, 2007-63.pdf, 2007-64.pdf, 2007-65.pdf, 2007-66.pdf, 2007-67.pdf, 2007-68.pdf
2026-02-27 18:23:26 | INFO     | Upload accepted → task_id=23fc9fec-b6ef-442c-acff-fda25ef71ea4
2026-02-27 18:23:26 | DEBUG    | Task 23fc9fec-b6ef-442c-acff-fda25ef71ea4 state=PENDING elapsed=0s — waiting …
2026-02-27 18:23:32 | DEBUG    | Task 23fc9fec-b6ef-442c-acff-fda25ef71ea4 state=PENDING elapsed=6s — waiting …
2026-02-27 18:23:37 | DEBUG    | Task 23fc9fec-b6ef-442c-acff-fda25ef71ea4 state=PENDING elapsed=11s — waiting …
2026-02-27 18:23:42 | DEBUG    | Task 23fc9fec-b6ef-442c-acff-fda25ef71ea4 state=PENDING elapsed=16s — waiting …
2026-02-27 18:23:47 | DEBUG    | Task 23fc9fec-b6ef-442c-acff-fda25ef71ea4 state=PENDING elapsed=21s — waiting …
2026-02-27 18:23:52 | DEBUG    | Task 23fc9fec-b6ef-442c-acff-fda25ef71ea4 state=PENDING elapsed=26s — waiting …
2026-02-27 18:23:57 | DEBUG    | Task 23fc9fec-b6ef-442c-acff-fda25ef71ea4 state=PENDING elapsed=31s — waiting …
2026-02-27 18:24:02 | INFO     | Task 23fc9fec-b6ef-442c-acff-fda25ef71ea4 FINISHED in 37s
2026-02-27 18:24:02 | INFO     | ✅ batch 57/131 (16 files) complete
2026-02-27 18:24:02 | INFO     | --- batch 58/131 (16 files) ---
2026-02-27 18:24:02 | DEBUG    |   Files: 2007-69.pdf, 2007-70.pdf, 2007-71.pdf, 2007-72.pdf, 2008-01.pdf, 2008-02.pdf, 2008-03.pdf, 2008-04.pdf, 2008-05.pdf, 2008-06.pdf, 2008-07.pdf, 2008-08.pdf, 2008-09.pdf, 2008-10.pdf, 2008-11.pdf, 2008-12.pdf
2026-02-27 18:24:06 | INFO     | Upload accepted → task_id=0da4f258-64ca-4a07-a5ab-e27edd395e93
2026-02-27 18:24:06 | DEBUG    | Task 0da4f258-64ca-4a07-a5ab-e27edd395e93 state=PENDING elapsed=0s — waiting …
2026-02-27 18:24:11 | DEBUG    | Task 0da4f258-64ca-4a07-a5ab-e27edd395e93 state=PENDING elapsed=5s — waiting …
2026-02-27 18:24:16 | DEBUG    | Task 0da4f258-64ca-4a07-a5ab-e27edd395e93 state=PENDING elapsed=10s — waiting …
2026-02-27 18:24:21 | DEBUG    | Task 0da4f258-64ca-4a07-a5ab-e27edd395e93 state=PENDING elapsed=15s — waiting …
2026-02-27 18:24:26 | DEBUG    | Task 0da4f258-64ca-4a07-a5ab-e27edd395e93 state=PENDING elapsed=20s — waiting …
2026-02-27 18:24:31 | DEBUG    | Task 0da4f258-64ca-4a07-a5ab-e27edd395e93 state=PENDING elapsed=25s — waiting …
2026-02-27 18:24:36 | DEBUG    | Task 0da4f258-64ca-4a07-a5ab-e27edd395e93 state=PENDING elapsed=30s — waiting …
2026-02-27 18:24:41 | DEBUG    | Task 0da4f258-64ca-4a07-a5ab-e27edd395e93 state=PENDING elapsed=35s — waiting …
2026-02-27 18:24:46 | DEBUG    | Task 0da4f258-64ca-4a07-a5ab-e27edd395e93 state=PENDING elapsed=40s — waiting …
2026-02-27 18:24:51 | DEBUG    | Task 0da4f258-64ca-4a07-a5ab-e27edd395e93 state=PENDING elapsed=45s — waiting …
2026-02-27 18:24:58 | INFO     | Task 0da4f258-64ca-4a07-a5ab-e27edd395e93 FINISHED in 52s
2026-02-27 18:24:58 | INFO     | ✅ batch 58/131 (16 files) complete
2026-02-27 18:24:58 | INFO     | --- batch 59/131 (16 files) ---
2026-02-27 18:24:58 | DEBUG    |   Files: 2008-13.pdf, 2008-14.pdf, 2008-15.pdf, 2008-16.pdf, 2008-17.pdf, 2008-18.pdf, 2008-19.pdf, 2008-20.pdf, 2008-21.pdf, 2008-22.pdf, 2008-23.pdf, 2008-24.pdf, 2008-25.pdf, 2008-26.pdf, 2008-27.pdf, 2008-28.pdf
2026-02-27 18:25:02 | INFO     | Upload accepted → task_id=a18190d0-60fd-4fb3-8048-353bee1aace4
2026-02-27 18:25:02 | DEBUG    | Task a18190d0-60fd-4fb3-8048-353bee1aace4 state=PENDING elapsed=0s — waiting …
2026-02-27 18:25:07 | DEBUG    | Task a18190d0-60fd-4fb3-8048-353bee1aace4 state=PENDING elapsed=5s — waiting …
2026-02-27 18:25:12 | DEBUG    | Task a18190d0-60fd-4fb3-8048-353bee1aace4 state=PENDING elapsed=10s — waiting …
2026-02-27 18:25:17 | DEBUG    | Task a18190d0-60fd-4fb3-8048-353bee1aace4 state=PENDING elapsed=15s — waiting …
2026-02-27 18:25:22 | DEBUG    | Task a18190d0-60fd-4fb3-8048-353bee1aace4 state=PENDING elapsed=20s — waiting …
2026-02-27 18:25:27 | DEBUG    | Task a18190d0-60fd-4fb3-8048-353bee1aace4 state=PENDING elapsed=25s — waiting …
2026-02-27 18:25:32 | DEBUG    | Task a18190d0-60fd-4fb3-8048-353bee1aace4 state=PENDING elapsed=30s — waiting …
2026-02-27 18:25:37 | DEBUG    | Task a18190d0-60fd-4fb3-8048-353bee1aace4 state=PENDING elapsed=35s — waiting …
2026-02-27 18:25:42 | DEBUG    | Task a18190d0-60fd-4fb3-8048-353bee1aace4 state=PENDING elapsed=40s — waiting …
2026-02-27 18:25:47 | DEBUG    | Task a18190d0-60fd-4fb3-8048-353bee1aace4 state=PENDING elapsed=45s — waiting …
2026-02-27 18:25:52 | DEBUG    | Task a18190d0-60fd-4fb3-8048-353bee1aace4 state=PENDING elapsed=50s — waiting …
2026-02-27 18:26:00 | INFO     | Task a18190d0-60fd-4fb3-8048-353bee1aace4 FINISHED in 58s
2026-02-27 18:26:00 | INFO     | ✅ batch 59/131 (16 files) complete
2026-02-27 18:26:00 | INFO     | --- batch 60/131 (16 files) ---
2026-02-27 18:26:00 | DEBUG    |   Files: 2008-29.pdf, 2008-30.pdf, 2008-31.pdf, 2008-32.pdf, 2008-33.pdf, 2008-34.pdf, 2008-35.pdf, 2008-36.pdf, 2008-37.pdf, 2008-38.pdf, 2008-39.pdf, 2008-40.pdf, 2008-41.pdf, 2008-42.pdf, 2008-43.pdf, 2008-44.pdf
2026-02-27 18:26:06 | INFO     | Upload accepted → task_id=8cfcf511-41bf-47e1-beae-f258f619446c
2026-02-27 18:26:06 | DEBUG    | Task 8cfcf511-41bf-47e1-beae-f258f619446c state=PENDING elapsed=0s — waiting …
2026-02-27 18:26:11 | DEBUG    | Task 8cfcf511-41bf-47e1-beae-f258f619446c state=PENDING elapsed=5s — waiting …
2026-02-27 18:26:16 | DEBUG    | Task 8cfcf511-41bf-47e1-beae-f258f619446c state=PENDING elapsed=10s — waiting …
2026-02-27 18:26:21 | DEBUG    | Task 8cfcf511-41bf-47e1-beae-f258f619446c state=PENDING elapsed=15s — waiting …
2026-02-27 18:26:26 | DEBUG    | Task 8cfcf511-41bf-47e1-beae-f258f619446c state=PENDING elapsed=20s — waiting …
2026-02-27 18:26:31 | DEBUG    | Task 8cfcf511-41bf-47e1-beae-f258f619446c state=PENDING elapsed=25s — waiting …
2026-02-27 18:26:36 | DEBUG    | Task 8cfcf511-41bf-47e1-beae-f258f619446c state=PENDING elapsed=30s — waiting …
2026-02-27 18:26:44 | INFO     | Task 8cfcf511-41bf-47e1-beae-f258f619446c FINISHED in 38s
2026-02-27 18:26:44 | INFO     | ✅ batch 60/131 (16 files) complete
2026-02-27 18:26:44 | INFO     | --- batch 61/131 (16 files) ---
2026-02-27 18:26:44 | DEBUG    |   Files: 2008-45.pdf, 2008-46.pdf, 2008-47.pdf, 2008-48.pdf, 2008-49.pdf, 2008-50.pdf, 2008-51.pdf, 2008-52.pdf, 2008-53.pdf, 2008-54.pdf, 2008-55.pdf, 2008-56.pdf, 2008-57.pdf, 2008-58.pdf, 2008-59.pdf, 2008-60.pdf
2026-02-27 18:26:48 | INFO     | Upload accepted → task_id=80b66001-dec8-4652-a3cf-d040eb0acc4d
2026-02-27 18:26:48 | DEBUG    | Task 80b66001-dec8-4652-a3cf-d040eb0acc4d state=PENDING elapsed=0s — waiting …
2026-02-27 18:26:56 | DEBUG    | Task 80b66001-dec8-4652-a3cf-d040eb0acc4d state=PENDING elapsed=7s — waiting …
2026-02-27 18:27:01 | DEBUG    | Task 80b66001-dec8-4652-a3cf-d040eb0acc4d state=PENDING elapsed=12s — waiting …
2026-02-27 18:27:06 | DEBUG    | Task 80b66001-dec8-4652-a3cf-d040eb0acc4d state=PENDING elapsed=17s — waiting …
2026-02-27 18:27:11 | DEBUG    | Task 80b66001-dec8-4652-a3cf-d040eb0acc4d state=PENDING elapsed=22s — waiting …
2026-02-27 18:27:16 | DEBUG    | Task 80b66001-dec8-4652-a3cf-d040eb0acc4d state=PENDING elapsed=27s — waiting …
2026-02-27 18:27:21 | DEBUG    | Task 80b66001-dec8-4652-a3cf-d040eb0acc4d state=PENDING elapsed=32s — waiting …
2026-02-27 18:27:26 | DEBUG    | Task 80b66001-dec8-4652-a3cf-d040eb0acc4d state=PENDING elapsed=37s — waiting …
2026-02-27 18:27:31 | DEBUG    | Task 80b66001-dec8-4652-a3cf-d040eb0acc4d state=PENDING elapsed=42s — waiting …
2026-02-27 18:27:36 | DEBUG    | Task 80b66001-dec8-4652-a3cf-d040eb0acc4d state=PENDING elapsed=47s — waiting …
2026-02-27 18:27:41 | DEBUG    | Task 80b66001-dec8-4652-a3cf-d040eb0acc4d state=PENDING elapsed=52s — waiting …
2026-02-27 18:27:46 | DEBUG    | Task 80b66001-dec8-4652-a3cf-d040eb0acc4d state=PENDING elapsed=58s — waiting …
2026-02-27 18:27:52 | INFO     | Task 80b66001-dec8-4652-a3cf-d040eb0acc4d FINISHED in 64s
2026-02-27 18:27:52 | INFO     | ✅ batch 61/131 (16 files) complete
2026-02-27 18:27:52 | INFO     | --- batch 62/131 (16 files) ---
2026-02-27 18:27:52 | DEBUG    |   Files: 2008-61.pdf, 2008-62.pdf, 2008-63.pdf, 2008-64.pdf, 2008-65.pdf, 2008-66.pdf, 2008-67.pdf, 2008-68.pdf, 2008-69.pdf, 2008-70.pdf, CRR200901.pdf, CRR200902.pdf, CRR200903.pdf, CRR200904.pdf, CRR200905.pdf, CRR200906.pdf
2026-02-27 18:27:54 | INFO     | Upload accepted → task_id=9f54567e-d63d-42ba-ade1-008b2dd64c13
2026-02-27 18:27:54 | DEBUG    | Task 9f54567e-d63d-42ba-ade1-008b2dd64c13 state=PENDING elapsed=0s — waiting …
2026-02-27 18:27:59 | DEBUG    | Task 9f54567e-d63d-42ba-ade1-008b2dd64c13 state=PENDING elapsed=5s — waiting …
2026-02-27 18:28:04 | DEBUG    | Task 9f54567e-d63d-42ba-ade1-008b2dd64c13 state=PENDING elapsed=10s — waiting …
2026-02-27 18:28:12 | DEBUG    | Task 9f54567e-d63d-42ba-ade1-008b2dd64c13 state=PENDING elapsed=18s — waiting …
2026-02-27 18:28:17 | DEBUG    | Task 9f54567e-d63d-42ba-ade1-008b2dd64c13 state=PENDING elapsed=23s — waiting …
2026-02-27 18:28:22 | DEBUG    | Task 9f54567e-d63d-42ba-ade1-008b2dd64c13 state=PENDING elapsed=28s — waiting …
2026-02-27 18:28:27 | DEBUG    | Task 9f54567e-d63d-42ba-ade1-008b2dd64c13 state=PENDING elapsed=33s — waiting …
2026-02-27 18:28:32 | DEBUG    | Task 9f54567e-d63d-42ba-ade1-008b2dd64c13 state=PENDING elapsed=38s — waiting …
2026-02-27 18:28:37 | DEBUG    | Task 9f54567e-d63d-42ba-ade1-008b2dd64c13 state=PENDING elapsed=43s — waiting …
2026-02-27 18:28:42 | INFO     | Task 9f54567e-d63d-42ba-ade1-008b2dd64c13 FINISHED in 48s
2026-02-27 18:28:42 | INFO     | ✅ batch 62/131 (16 files) complete
2026-02-27 18:28:42 | INFO     | --- batch 63/131 (16 files) ---
2026-02-27 18:28:42 | DEBUG    |   Files: CRR200907.pdf, CRR200908.pdf, CRR200909.pdf, CRR200910.pdf, CRR200911.pdf, CRR200912.pdf, CRR200913.pdf, CRR200914.pdf, CRR200915.pdf, CRR200916.pdf, CRR200917.pdf, CRR200918.pdf, CRR200919.pdf, CRR200920.pdf, CRR200921.pdf, CRR200922.pdf
2026-02-27 18:28:47 | INFO     | Upload accepted → task_id=2908f7aa-5a21-4199-8178-089a0e314e21
2026-02-27 18:28:47 | DEBUG    | Task 2908f7aa-5a21-4199-8178-089a0e314e21 state=PENDING elapsed=0s — waiting …
2026-02-27 18:28:52 | DEBUG    | Task 2908f7aa-5a21-4199-8178-089a0e314e21 state=PENDING elapsed=5s — waiting …
2026-02-27 18:28:57 | DEBUG    | Task 2908f7aa-5a21-4199-8178-089a0e314e21 state=PENDING elapsed=10s — waiting …
2026-02-27 18:29:02 | DEBUG    | Task 2908f7aa-5a21-4199-8178-089a0e314e21 state=PENDING elapsed=15s — waiting …
2026-02-27 18:29:07 | DEBUG    | Task 2908f7aa-5a21-4199-8178-089a0e314e21 state=PENDING elapsed=20s — waiting …
2026-02-27 18:29:12 | DEBUG    | Task 2908f7aa-5a21-4199-8178-089a0e314e21 state=PENDING elapsed=25s — waiting …
2026-02-27 18:29:17 | DEBUG    | Task 2908f7aa-5a21-4199-8178-089a0e314e21 state=PENDING elapsed=30s — waiting …
2026-02-27 18:29:22 | DEBUG    | Task 2908f7aa-5a21-4199-8178-089a0e314e21 state=PENDING elapsed=35s — waiting …
2026-02-27 18:29:27 | INFO     | Task 2908f7aa-5a21-4199-8178-089a0e314e21 FINISHED in 41s
2026-02-27 18:29:27 | INFO     | ✅ batch 63/131 (16 files) complete
2026-02-27 18:29:27 | INFO     | --- batch 64/131 (16 files) ---
2026-02-27 18:29:27 | DEBUG    |   Files: CRR200923.pdf, CRR200924.pdf, CRR200925.pdf, CRR200926.pdf, CRR200927.pdf, CRR200928.pdf, CRR200929.pdf, CRR200930.pdf, CRR200931.pdf, CRR200932.pdf, CRR200933.pdf, CRR200934.pdf, CRR200935.pdf, CRR200936.pdf, CRR200937.pdf, CRR200938.pdf
2026-02-27 18:29:32 | INFO     | Upload accepted → task_id=a6478087-a466-41d0-bbe9-50f303d51430
2026-02-27 18:29:32 | DEBUG    | Task a6478087-a466-41d0-bbe9-50f303d51430 state=PENDING elapsed=0s — waiting …
2026-02-27 18:29:37 | DEBUG    | Task a6478087-a466-41d0-bbe9-50f303d51430 state=PENDING elapsed=5s — waiting …
2026-02-27 18:29:42 | DEBUG    | Task a6478087-a466-41d0-bbe9-50f303d51430 state=PENDING elapsed=10s — waiting …
2026-02-27 18:29:47 | DEBUG    | Task a6478087-a466-41d0-bbe9-50f303d51430 state=PENDING elapsed=15s — waiting …
2026-02-27 18:29:52 | DEBUG    | Task a6478087-a466-41d0-bbe9-50f303d51430 state=PENDING elapsed=20s — waiting …
2026-02-27 18:29:57 | DEBUG    | Task a6478087-a466-41d0-bbe9-50f303d51430 state=PENDING elapsed=25s — waiting …
2026-02-27 18:30:02 | DEBUG    | Task a6478087-a466-41d0-bbe9-50f303d51430 state=PENDING elapsed=30s — waiting …
2026-02-27 18:30:07 | DEBUG    | Task a6478087-a466-41d0-bbe9-50f303d51430 state=PENDING elapsed=35s — waiting …
2026-02-27 18:30:12 | DEBUG    | Task a6478087-a466-41d0-bbe9-50f303d51430 state=PENDING elapsed=40s — waiting …
2026-02-27 18:30:17 | DEBUG    | Task a6478087-a466-41d0-bbe9-50f303d51430 state=PENDING elapsed=45s — waiting …
2026-02-27 18:30:22 | DEBUG    | Task a6478087-a466-41d0-bbe9-50f303d51430 state=PENDING elapsed=50s — waiting …
2026-02-27 18:30:27 | INFO     | Task a6478087-a466-41d0-bbe9-50f303d51430 FINISHED in 56s
2026-02-27 18:30:27 | INFO     | ✅ batch 64/131 (16 files) complete
2026-02-27 18:30:27 | INFO     | --- batch 65/131 (16 files) ---
2026-02-27 18:30:27 | DEBUG    |   Files: CRR200939.pdf, CRR200940.pdf, CRR200941.pdf, CRR200942.pdf, CRR200943.pdf, CRR200944.pdf, CRR200945.pdf, CRR200946.pdf, CRR200947.pdf, CRR200948.pdf, CRR200949.pdf, CRR200950.pdf, CRR200951.pdf, CRR200952.pdf, CRR200953.pdf, CRR200954.pdf
2026-02-27 18:30:30 | INFO     | Upload accepted → task_id=6d77f05d-8463-45c1-88e7-5bff66d2114f
2026-02-27 18:30:30 | DEBUG    | Task 6d77f05d-8463-45c1-88e7-5bff66d2114f state=PENDING elapsed=0s — waiting …
2026-02-27 18:30:35 | DEBUG    | Task 6d77f05d-8463-45c1-88e7-5bff66d2114f state=PENDING elapsed=5s — waiting …
2026-02-27 18:30:40 | DEBUG    | Task 6d77f05d-8463-45c1-88e7-5bff66d2114f state=PENDING elapsed=10s — waiting …
2026-02-27 18:30:45 | DEBUG    | Task 6d77f05d-8463-45c1-88e7-5bff66d2114f state=PENDING elapsed=15s — waiting …
2026-02-27 18:30:50 | DEBUG    | Task 6d77f05d-8463-45c1-88e7-5bff66d2114f state=PENDING elapsed=20s — waiting …
2026-02-27 18:30:55 | INFO     | Task 6d77f05d-8463-45c1-88e7-5bff66d2114f FINISHED in 25s
2026-02-27 18:30:55 | INFO     | ✅ batch 65/131 (16 files) complete
2026-02-27 18:30:55 | INFO     | --- batch 66/131 (16 files) ---
2026-02-27 18:30:55 | DEBUG    |   Files: CRR200955.pdf, CRR200956.pdf, CRR200957.pdf, CRR200958.pdf, CRR200959.pdf, CRR200960.pdf, CRR200961.pdf, CRR200962.pdf, CRR200963.pdf, CRR200964.pdf, CRR200965.pdf, CRR200966.pdf, CRR200967.pdf, CRR200968.pdf, CRR200969.pdf, CRR200970.pdf
2026-02-27 18:30:59 | INFO     | Upload accepted → task_id=e8f6d6da-3264-4a0f-95bd-0fdf4b1b0099
2026-02-27 18:30:59 | DEBUG    | Task e8f6d6da-3264-4a0f-95bd-0fdf4b1b0099 state=PENDING elapsed=0s — waiting …
2026-02-27 18:31:04 | DEBUG    | Task e8f6d6da-3264-4a0f-95bd-0fdf4b1b0099 state=PENDING elapsed=5s — waiting …
2026-02-27 18:31:12 | DEBUG    | Task e8f6d6da-3264-4a0f-95bd-0fdf4b1b0099 state=PENDING elapsed=13s — waiting …
2026-02-27 18:31:17 | DEBUG    | Task e8f6d6da-3264-4a0f-95bd-0fdf4b1b0099 state=PENDING elapsed=18s — waiting …
2026-02-27 18:31:22 | DEBUG    | Task e8f6d6da-3264-4a0f-95bd-0fdf4b1b0099 state=PENDING elapsed=23s — waiting …
2026-02-27 18:31:27 | DEBUG    | Task e8f6d6da-3264-4a0f-95bd-0fdf4b1b0099 state=PENDING elapsed=28s — waiting …
2026-02-27 18:31:32 | DEBUG    | Task e8f6d6da-3264-4a0f-95bd-0fdf4b1b0099 state=PENDING elapsed=33s — waiting …
2026-02-27 18:31:37 | DEBUG    | Task e8f6d6da-3264-4a0f-95bd-0fdf4b1b0099 state=PENDING elapsed=38s — waiting …
2026-02-27 18:31:42 | DEBUG    | Task e8f6d6da-3264-4a0f-95bd-0fdf4b1b0099 state=PENDING elapsed=43s — waiting …
2026-02-27 18:31:48 | INFO     | Task e8f6d6da-3264-4a0f-95bd-0fdf4b1b0099 FINISHED in 49s
2026-02-27 18:31:48 | INFO     | ✅ batch 66/131 (16 files) complete
2026-02-27 18:31:48 | INFO     | --- batch 67/131 (16 files) ---
2026-02-27 18:31:48 | DEBUG    |   Files: CRR200971.pdf, CRR200972.pdf, CRR200973.pdf, CRR200974.pdf, CRR200975.pdf, CRR200976.pdf, CRR200977.pdf, SummaryBook2009.pdf, CRR201001.pdf, CRR201002.pdf, CRR201003.pdf, CRR201004.pdf, CRR201005.pdf, CRR201006.pdf, CRR201007.pdf, CRR201008.pdf
2026-02-27 18:31:54 | INFO     | Upload accepted → task_id=73882d26-89fe-454d-8e1c-b49ab5def315
2026-02-27 18:31:54 | DEBUG    | Task 73882d26-89fe-454d-8e1c-b49ab5def315 state=PENDING elapsed=0s — waiting …
2026-02-27 18:31:59 | DEBUG    | Task 73882d26-89fe-454d-8e1c-b49ab5def315 state=PENDING elapsed=5s — waiting …
2026-02-27 18:32:04 | DEBUG    | Task 73882d26-89fe-454d-8e1c-b49ab5def315 state=PENDING elapsed=10s — waiting …
2026-02-27 18:32:09 | DEBUG    | Task 73882d26-89fe-454d-8e1c-b49ab5def315 state=PENDING elapsed=15s — waiting …
2026-02-27 18:32:14 | DEBUG    | Task 73882d26-89fe-454d-8e1c-b49ab5def315 state=PENDING elapsed=20s — waiting …
2026-02-27 18:32:21 | DEBUG    | Task 73882d26-89fe-454d-8e1c-b49ab5def315 state=PENDING elapsed=27s — waiting …
2026-02-27 18:32:26 | DEBUG    | Task 73882d26-89fe-454d-8e1c-b49ab5def315 state=PENDING elapsed=32s — waiting …
2026-02-27 18:32:31 | DEBUG    | Task 73882d26-89fe-454d-8e1c-b49ab5def315 state=PENDING elapsed=37s — waiting …
2026-02-27 18:32:36 | DEBUG    | Task 73882d26-89fe-454d-8e1c-b49ab5def315 state=PENDING elapsed=42s — waiting …
2026-02-27 18:32:41 | DEBUG    | Task 73882d26-89fe-454d-8e1c-b49ab5def315 state=PENDING elapsed=47s — waiting …
2026-02-27 18:32:46 | DEBUG    | Task 73882d26-89fe-454d-8e1c-b49ab5def315 state=PENDING elapsed=52s — waiting …
2026-02-27 18:32:51 | DEBUG    | Task 73882d26-89fe-454d-8e1c-b49ab5def315 state=PENDING elapsed=57s — waiting …
2026-02-27 18:32:56 | DEBUG    | Task 73882d26-89fe-454d-8e1c-b49ab5def315 state=PENDING elapsed=62s — waiting …
2026-02-27 18:33:01 | DEBUG    | Task 73882d26-89fe-454d-8e1c-b49ab5def315 state=PENDING elapsed=67s — waiting …
2026-02-27 18:33:06 | DEBUG    | Task 73882d26-89fe-454d-8e1c-b49ab5def315 state=PENDING elapsed=72s — waiting …
2026-02-27 18:33:11 | DEBUG    | Task 73882d26-89fe-454d-8e1c-b49ab5def315 state=PENDING elapsed=77s — waiting …
2026-02-27 18:33:16 | DEBUG    | Task 73882d26-89fe-454d-8e1c-b49ab5def315 state=PENDING elapsed=82s — waiting …
2026-02-27 18:33:21 | DEBUG    | Task 73882d26-89fe-454d-8e1c-b49ab5def315 state=PENDING elapsed=87s — waiting …
2026-02-27 18:33:27 | INFO     | Task 73882d26-89fe-454d-8e1c-b49ab5def315 FINISHED in 93s
2026-02-27 18:33:27 | INFO     | ✅ batch 67/131 (16 files) complete
2026-02-27 18:33:27 | INFO     | --- batch 68/131 (16 files) ---
2026-02-27 18:33:27 | DEBUG    |   Files: CRR201009.pdf, CRR201010.pdf, CRR201011.pdf, CRR201012.pdf, CRR201013.pdf, CRR201014.pdf, CRR201015.pdf, CRR201016.pdf, CRR201017.pdf, CRR201018.pdf, CRR201019.pdf, CRR201020.pdf, CRR201021.pdf, CRR201022.pdf, CRR201023.pdf, CRR201024.pdf
2026-02-27 18:33:30 | INFO     | Upload accepted → task_id=f2439437-851d-45f9-9589-76f0fd08a3a0
2026-02-27 18:33:30 | DEBUG    | Task f2439437-851d-45f9-9589-76f0fd08a3a0 state=PENDING elapsed=0s — waiting …
2026-02-27 18:33:35 | DEBUG    | Task f2439437-851d-45f9-9589-76f0fd08a3a0 state=PENDING elapsed=5s — waiting …
2026-02-27 18:33:40 | DEBUG    | Task f2439437-851d-45f9-9589-76f0fd08a3a0 state=PENDING elapsed=10s — waiting …
2026-02-27 18:33:45 | DEBUG    | Task f2439437-851d-45f9-9589-76f0fd08a3a0 state=PENDING elapsed=15s — waiting …
2026-02-27 18:33:50 | DEBUG    | Task f2439437-851d-45f9-9589-76f0fd08a3a0 state=PENDING elapsed=20s — waiting …
2026-02-27 18:33:55 | DEBUG    | Task f2439437-851d-45f9-9589-76f0fd08a3a0 state=PENDING elapsed=25s — waiting …
2026-02-27 18:34:00 | DEBUG    | Task f2439437-851d-45f9-9589-76f0fd08a3a0 state=PENDING elapsed=30s — waiting …
2026-02-27 18:34:05 | INFO     | Task f2439437-851d-45f9-9589-76f0fd08a3a0 FINISHED in 35s
2026-02-27 18:34:05 | INFO     | ✅ batch 68/131 (16 files) complete
2026-02-27 18:34:05 | INFO     | --- batch 69/131 (16 files) ---
2026-02-27 18:34:05 | DEBUG    |   Files: CRR201025.pdf, CRR201026.pdf, CRR201027.pdf, CRR201028.pdf, CRR201029.pdf, CRR201030.pdf, CRR201031.pdf, CRR201032.pdf, CRR201033.pdf, CRR201034.pdf, CRR201035.pdf, CRR201036.pdf, CRR201037.pdf, CRR201038.pdf, CRR201039.pdf, CRR201040.pdf
2026-02-27 18:34:07 | INFO     | Upload accepted → task_id=828f0e95-1f85-4bff-866b-1fa82a741c1b
2026-02-27 18:34:07 | DEBUG    | Task 828f0e95-1f85-4bff-866b-1fa82a741c1b state=PENDING elapsed=0s — waiting …
2026-02-27 18:34:12 | DEBUG    | Task 828f0e95-1f85-4bff-866b-1fa82a741c1b state=PENDING elapsed=5s — waiting …
2026-02-27 18:34:17 | DEBUG    | Task 828f0e95-1f85-4bff-866b-1fa82a741c1b state=PENDING elapsed=10s — waiting …
2026-02-27 18:34:22 | DEBUG    | Task 828f0e95-1f85-4bff-866b-1fa82a741c1b state=PENDING elapsed=15s — waiting …
2026-02-27 18:34:27 | DEBUG    | Task 828f0e95-1f85-4bff-866b-1fa82a741c1b state=PENDING elapsed=20s — waiting …
2026-02-27 18:34:32 | DEBUG    | Task 828f0e95-1f85-4bff-866b-1fa82a741c1b state=PENDING elapsed=25s — waiting …
2026-02-27 18:34:37 | DEBUG    | Task 828f0e95-1f85-4bff-866b-1fa82a741c1b state=PENDING elapsed=30s — waiting …
2026-02-27 18:34:42 | DEBUG    | Task 828f0e95-1f85-4bff-866b-1fa82a741c1b state=PENDING elapsed=35s — waiting …
2026-02-27 18:34:47 | DEBUG    | Task 828f0e95-1f85-4bff-866b-1fa82a741c1b state=PENDING elapsed=40s — waiting …
2026-02-27 18:34:52 | DEBUG    | Task 828f0e95-1f85-4bff-866b-1fa82a741c1b state=PENDING elapsed=45s — waiting …
2026-02-27 18:34:58 | INFO     | Task 828f0e95-1f85-4bff-866b-1fa82a741c1b FINISHED in 50s
2026-02-27 18:34:58 | INFO     | ✅ batch 69/131 (16 files) complete
2026-02-27 18:34:58 | INFO     | --- batch 70/131 (16 files) ---
2026-02-27 18:34:58 | DEBUG    |   Files: CRR201041.pdf, CRR201042.pdf, CRR201043.pdf, CRR201044.pdf, CRR201045.pdf, CRR201046.pdf, CRR201047.pdf, CRR201048.pdf, CRR201049.pdf, CRR201050.pdf, CRR201051.pdf, CRR201052.pdf, CRR201053.pdf, CRR201054.pdf, CRR201055.pdf, CRR201056.pdf
2026-02-27 18:35:00 | INFO     | Upload accepted → task_id=a9f6431f-0af5-4239-b6ac-9a075d77f090
2026-02-27 18:35:00 | DEBUG    | Task a9f6431f-0af5-4239-b6ac-9a075d77f090 state=PENDING elapsed=0s — waiting …
2026-02-27 18:35:06 | DEBUG    | Task a9f6431f-0af5-4239-b6ac-9a075d77f090 state=PENDING elapsed=6s — waiting …
2026-02-27 18:35:11 | DEBUG    | Task a9f6431f-0af5-4239-b6ac-9a075d77f090 state=PENDING elapsed=11s — waiting …
2026-02-27 18:35:16 | DEBUG    | Task a9f6431f-0af5-4239-b6ac-9a075d77f090 state=PENDING elapsed=16s — waiting …
2026-02-27 18:35:21 | DEBUG    | Task a9f6431f-0af5-4239-b6ac-9a075d77f090 state=PENDING elapsed=21s — waiting …
2026-02-27 18:35:26 | DEBUG    | Task a9f6431f-0af5-4239-b6ac-9a075d77f090 state=PENDING elapsed=26s — waiting …
2026-02-27 18:35:31 | DEBUG    | Task a9f6431f-0af5-4239-b6ac-9a075d77f090 state=PENDING elapsed=31s — waiting …
2026-02-27 18:35:36 | DEBUG    | Task a9f6431f-0af5-4239-b6ac-9a075d77f090 state=PENDING elapsed=36s — waiting …
2026-02-27 18:35:44 | INFO     | Task a9f6431f-0af5-4239-b6ac-9a075d77f090 FINISHED in 43s
2026-02-27 18:35:44 | INFO     | ✅ batch 70/131 (16 files) complete
2026-02-27 18:35:44 | INFO     | --- batch 71/131 (16 files) ---
2026-02-27 18:35:44 | DEBUG    |   Files: CRR201057.pdf, CRR201058.pdf, CRR201059.pdf, CRR201060.pdf, CRR201061.pdf, CRR201062.pdf, CRR201063.pdf, CRR201064.pdf, CRR201065.pdf, CRR201066.pdf, CRR201067.pdf, CRR201068.pdf, CRR201069.pdf, CRR201070.pdf, CRR201071.pdf, CRR201072.pdf
2026-02-27 18:35:47 | INFO     | Upload accepted → task_id=12a66a64-a307-48b2-b284-513d24deb4b0
2026-02-27 18:35:47 | DEBUG    | Task 12a66a64-a307-48b2-b284-513d24deb4b0 state=PENDING elapsed=0s — waiting …
2026-02-27 18:35:52 | DEBUG    | Task 12a66a64-a307-48b2-b284-513d24deb4b0 state=PENDING elapsed=5s — waiting …
2026-02-27 18:35:57 | DEBUG    | Task 12a66a64-a307-48b2-b284-513d24deb4b0 state=PENDING elapsed=10s — waiting …
2026-02-27 18:36:02 | DEBUG    | Task 12a66a64-a307-48b2-b284-513d24deb4b0 state=PENDING elapsed=15s — waiting …
2026-02-27 18:36:07 | DEBUG    | Task 12a66a64-a307-48b2-b284-513d24deb4b0 state=PENDING elapsed=20s — waiting …
2026-02-27 18:36:12 | DEBUG    | Task 12a66a64-a307-48b2-b284-513d24deb4b0 state=PENDING elapsed=25s — waiting …
2026-02-27 18:36:17 | DEBUG    | Task 12a66a64-a307-48b2-b284-513d24deb4b0 state=PENDING elapsed=30s — waiting …
2026-02-27 18:36:22 | DEBUG    | Task 12a66a64-a307-48b2-b284-513d24deb4b0 state=PENDING elapsed=35s — waiting …
2026-02-27 18:36:27 | DEBUG    | Task 12a66a64-a307-48b2-b284-513d24deb4b0 state=PENDING elapsed=40s — waiting …
2026-02-27 18:36:32 | DEBUG    | Task 12a66a64-a307-48b2-b284-513d24deb4b0 state=PENDING elapsed=45s — waiting …
2026-02-27 18:36:37 | INFO     | Task 12a66a64-a307-48b2-b284-513d24deb4b0 FINISHED in 50s
2026-02-27 18:36:37 | INFO     | ✅ batch 71/131 (16 files) complete
2026-02-27 18:36:37 | INFO     | --- batch 72/131 (16 files) ---
2026-02-27 18:36:37 | DEBUG    |   Files: CRR201073.pdf, CRR201074.pdf, CRR201075.pdf, CRR201076.pdf, CRR201077.pdf, CRR201078.pdf, CRR201079.pdf, CRR201080.pdf, CRR201081.pdf, CRR201082.pdf, CRR201083.pdf, CRR201084.pdf, CRR201085.pdf, CRR201086.pdf, CRR201087.pdf, CRR201088.pdf
2026-02-27 18:36:40 | INFO     | Upload accepted → task_id=9317a6ef-482f-406d-a1b0-1c3686197ee6
2026-02-27 18:36:40 | DEBUG    | Task 9317a6ef-482f-406d-a1b0-1c3686197ee6 state=PENDING elapsed=0s — waiting …
2026-02-27 18:36:45 | DEBUG    | Task 9317a6ef-482f-406d-a1b0-1c3686197ee6 state=PENDING elapsed=5s — waiting …
2026-02-27 18:36:50 | DEBUG    | Task 9317a6ef-482f-406d-a1b0-1c3686197ee6 state=PENDING elapsed=10s — waiting …
2026-02-27 18:36:58 | DEBUG    | Task 9317a6ef-482f-406d-a1b0-1c3686197ee6 state=PENDING elapsed=18s — waiting …
2026-02-27 18:37:03 | DEBUG    | Task 9317a6ef-482f-406d-a1b0-1c3686197ee6 state=PENDING elapsed=23s — waiting …
2026-02-27 18:37:08 | DEBUG    | Task 9317a6ef-482f-406d-a1b0-1c3686197ee6 state=PENDING elapsed=28s — waiting …
2026-02-27 18:37:13 | DEBUG    | Task 9317a6ef-482f-406d-a1b0-1c3686197ee6 state=PENDING elapsed=33s — waiting …
2026-02-27 18:37:18 | DEBUG    | Task 9317a6ef-482f-406d-a1b0-1c3686197ee6 state=PENDING elapsed=38s — waiting …
2026-02-27 18:37:23 | DEBUG    | Task 9317a6ef-482f-406d-a1b0-1c3686197ee6 state=PENDING elapsed=43s — waiting …
2026-02-27 18:37:28 | DEBUG    | Task 9317a6ef-482f-406d-a1b0-1c3686197ee6 state=PENDING elapsed=48s — waiting …
2026-02-27 18:37:33 | INFO     | Task 9317a6ef-482f-406d-a1b0-1c3686197ee6 FINISHED in 53s
2026-02-27 18:37:33 | INFO     | ✅ batch 72/131 (16 files) complete
2026-02-27 18:37:33 | INFO     | --- batch 73/131 (16 files) ---
2026-02-27 18:37:33 | DEBUG    |   Files: CRR201089.pdf, CRR201090.pdf, CRR201091.pdf, CRR201092.pdf, CRR201093.pdf, CRR201094.pdf, CRR201095.pdf, CRR201096.pdf, CRR201097.pdf, SummaryBook2010.pdf, CRR201101.pdf, CRR201102.pdf, CRR201103.pdf, CRR201104.pdf, CRR201105.pdf, CRR201106.pdf
2026-02-27 18:37:36 | INFO     | Upload accepted → task_id=97126614-e32d-48ef-85b2-22ea19bbc132
2026-02-27 18:37:36 | DEBUG    | Task 97126614-e32d-48ef-85b2-22ea19bbc132 state=PENDING elapsed=0s — waiting …
2026-02-27 18:37:41 | DEBUG    | Task 97126614-e32d-48ef-85b2-22ea19bbc132 state=PENDING elapsed=5s — waiting …
2026-02-27 18:37:46 | DEBUG    | Task 97126614-e32d-48ef-85b2-22ea19bbc132 state=PENDING elapsed=10s — waiting …
2026-02-27 18:37:51 | DEBUG    | Task 97126614-e32d-48ef-85b2-22ea19bbc132 state=PENDING elapsed=15s — waiting …
2026-02-27 18:37:56 | DEBUG    | Task 97126614-e32d-48ef-85b2-22ea19bbc132 state=PENDING elapsed=20s — waiting …
2026-02-27 18:38:01 | DEBUG    | Task 97126614-e32d-48ef-85b2-22ea19bbc132 state=PENDING elapsed=25s — waiting …
2026-02-27 18:38:06 | DEBUG    | Task 97126614-e32d-48ef-85b2-22ea19bbc132 state=PENDING elapsed=30s — waiting …
2026-02-27 18:38:11 | DEBUG    | Task 97126614-e32d-48ef-85b2-22ea19bbc132 state=PENDING elapsed=35s — waiting …
2026-02-27 18:38:16 | DEBUG    | Task 97126614-e32d-48ef-85b2-22ea19bbc132 state=PENDING elapsed=40s — waiting …
2026-02-27 18:38:21 | DEBUG    | Task 97126614-e32d-48ef-85b2-22ea19bbc132 state=PENDING elapsed=45s — waiting …
2026-02-27 18:38:26 | DEBUG    | Task 97126614-e32d-48ef-85b2-22ea19bbc132 state=PENDING elapsed=50s — waiting …
2026-02-27 18:38:31 | DEBUG    | Task 97126614-e32d-48ef-85b2-22ea19bbc132 state=PENDING elapsed=55s — waiting …
2026-02-27 18:38:36 | DEBUG    | Task 97126614-e32d-48ef-85b2-22ea19bbc132 state=PENDING elapsed=60s — waiting …
2026-02-27 18:38:41 | DEBUG    | Task 97126614-e32d-48ef-85b2-22ea19bbc132 state=PENDING elapsed=65s — waiting …
2026-02-27 18:38:46 | DEBUG    | Task 97126614-e32d-48ef-85b2-22ea19bbc132 state=PENDING elapsed=70s — waiting …
2026-02-27 18:38:51 | DEBUG    | Task 97126614-e32d-48ef-85b2-22ea19bbc132 state=PENDING elapsed=75s — waiting …
2026-02-27 18:38:56 | DEBUG    | Task 97126614-e32d-48ef-85b2-22ea19bbc132 state=PENDING elapsed=80s — waiting …
2026-02-27 18:39:01 | DEBUG    | Task 97126614-e32d-48ef-85b2-22ea19bbc132 state=PENDING elapsed=85s — waiting …
2026-02-27 18:39:06 | DEBUG    | Task 97126614-e32d-48ef-85b2-22ea19bbc132 state=PENDING elapsed=90s — waiting …
2026-02-27 18:39:11 | DEBUG    | Task 97126614-e32d-48ef-85b2-22ea19bbc132 state=PENDING elapsed=95s — waiting …
2026-02-27 18:39:16 | DEBUG    | Task 97126614-e32d-48ef-85b2-22ea19bbc132 state=PENDING elapsed=100s — waiting …
2026-02-27 18:39:22 | INFO     | Task 97126614-e32d-48ef-85b2-22ea19bbc132 FINISHED in 106s
2026-02-27 18:39:22 | INFO     | ✅ batch 73/131 (16 files) complete
2026-02-27 18:39:22 | INFO     | --- batch 74/131 (16 files) ---
2026-02-27 18:39:22 | DEBUG    |   Files: CRR201107.pdf, CRR201108.pdf, CRR201109.pdf, CRR201110.pdf, CRR2011100.pdf, CRR2011101.pdf, CRR2011102.pdf, CRR201111.pdf, CRR201112.pdf, CRR201113.pdf, CRR201114.pdf, CRR201115.pdf, CRR201116.pdf, CRR201117.pdf, CRR201118.pdf, CRR201119.pdf
2026-02-27 18:39:25 | INFO     | Upload accepted → task_id=fb5c7d19-6f2c-4611-8bcb-1dbaa398b0ab
2026-02-27 18:39:25 | DEBUG    | Task fb5c7d19-6f2c-4611-8bcb-1dbaa398b0ab state=PENDING elapsed=0s — waiting …
2026-02-27 18:39:30 | DEBUG    | Task fb5c7d19-6f2c-4611-8bcb-1dbaa398b0ab state=PENDING elapsed=5s — waiting …
2026-02-27 18:39:35 | DEBUG    | Task fb5c7d19-6f2c-4611-8bcb-1dbaa398b0ab state=PENDING elapsed=10s — waiting …
2026-02-27 18:39:40 | DEBUG    | Task fb5c7d19-6f2c-4611-8bcb-1dbaa398b0ab state=PENDING elapsed=15s — waiting …
2026-02-27 18:39:45 | DEBUG    | Task fb5c7d19-6f2c-4611-8bcb-1dbaa398b0ab state=PENDING elapsed=20s — waiting …
2026-02-27 18:39:50 | DEBUG    | Task fb5c7d19-6f2c-4611-8bcb-1dbaa398b0ab state=PENDING elapsed=25s — waiting …
2026-02-27 18:39:55 | DEBUG    | Task fb5c7d19-6f2c-4611-8bcb-1dbaa398b0ab state=PENDING elapsed=30s — waiting …
2026-02-27 18:40:00 | DEBUG    | Task fb5c7d19-6f2c-4611-8bcb-1dbaa398b0ab state=PENDING elapsed=35s — waiting …
2026-02-27 18:40:05 | DEBUG    | Task fb5c7d19-6f2c-4611-8bcb-1dbaa398b0ab state=PENDING elapsed=40s — waiting …
2026-02-27 18:40:12 | INFO     | Task fb5c7d19-6f2c-4611-8bcb-1dbaa398b0ab FINISHED in 46s
2026-02-27 18:40:12 | INFO     | ✅ batch 74/131 (16 files) complete
2026-02-27 18:40:12 | INFO     | --- batch 75/131 (16 files) ---
2026-02-27 18:40:12 | DEBUG    |   Files: CRR201120.pdf, CRR201121.pdf, CRR201122.pdf, CRR201123.pdf, CRR201124.pdf, CRR201125.pdf, CRR201126.pdf, CRR201127.pdf, CRR201128.pdf, CRR201129.pdf, CRR201130.pdf, CRR201131.pdf, CRR201132.pdf, CRR201133.pdf, CRR201134.pdf, CRR201135.pdf
2026-02-27 18:40:15 | INFO     | Upload accepted → task_id=6f9039b9-c527-46ed-afc1-3d3722526e0d
2026-02-27 18:40:15 | DEBUG    | Task 6f9039b9-c527-46ed-afc1-3d3722526e0d state=PENDING elapsed=0s — waiting …
2026-02-27 18:40:20 | DEBUG    | Task 6f9039b9-c527-46ed-afc1-3d3722526e0d state=PENDING elapsed=5s — waiting …
2026-02-27 18:40:25 | DEBUG    | Task 6f9039b9-c527-46ed-afc1-3d3722526e0d state=PENDING elapsed=10s — waiting …
2026-02-27 18:40:30 | DEBUG    | Task 6f9039b9-c527-46ed-afc1-3d3722526e0d state=PENDING elapsed=15s — waiting …
2026-02-27 18:40:35 | DEBUG    | Task 6f9039b9-c527-46ed-afc1-3d3722526e0d state=PENDING elapsed=20s — waiting …
2026-02-27 18:40:40 | DEBUG    | Task 6f9039b9-c527-46ed-afc1-3d3722526e0d state=PENDING elapsed=25s — waiting …
2026-02-27 18:40:45 | DEBUG    | Task 6f9039b9-c527-46ed-afc1-3d3722526e0d state=PENDING elapsed=30s — waiting …
2026-02-27 18:40:50 | DEBUG    | Task 6f9039b9-c527-46ed-afc1-3d3722526e0d state=PENDING elapsed=35s — waiting …
2026-02-27 18:40:55 | DEBUG    | Task 6f9039b9-c527-46ed-afc1-3d3722526e0d state=PENDING elapsed=40s — waiting …
2026-02-27 18:41:01 | INFO     | Task 6f9039b9-c527-46ed-afc1-3d3722526e0d FINISHED in 47s
2026-02-27 18:41:01 | INFO     | ✅ batch 75/131 (16 files) complete
2026-02-27 18:41:01 | INFO     | --- batch 76/131 (16 files) ---
2026-02-27 18:41:01 | DEBUG    |   Files: CRR201136.pdf, CRR201137.pdf, CRR201138.pdf, CRR201139.pdf, CRR201140.pdf, CRR201141.pdf, CRR201142.pdf, CRR201143.pdf, CRR201144.pdf, CRR201145.pdf, CRR201146.pdf, CRR201147.pdf, CRR201148.pdf, CRR201149.pdf, CRR201150.pdf, CRR201151.pdf
2026-02-27 18:41:04 | INFO     | Upload accepted → task_id=e155b841-b36a-4bcc-be94-341688675d66
2026-02-27 18:41:04 | DEBUG    | Task e155b841-b36a-4bcc-be94-341688675d66 state=PENDING elapsed=0s — waiting …
2026-02-27 18:41:09 | DEBUG    | Task e155b841-b36a-4bcc-be94-341688675d66 state=PENDING elapsed=5s — waiting …
2026-02-27 18:41:14 | DEBUG    | Task e155b841-b36a-4bcc-be94-341688675d66 state=PENDING elapsed=10s — waiting …
2026-02-27 18:41:19 | DEBUG    | Task e155b841-b36a-4bcc-be94-341688675d66 state=PENDING elapsed=15s — waiting …
2026-02-27 18:41:24 | DEBUG    | Task e155b841-b36a-4bcc-be94-341688675d66 state=PENDING elapsed=20s — waiting …
2026-02-27 18:41:29 | DEBUG    | Task e155b841-b36a-4bcc-be94-341688675d66 state=PENDING elapsed=25s — waiting …
2026-02-27 18:41:34 | DEBUG    | Task e155b841-b36a-4bcc-be94-341688675d66 state=PENDING elapsed=30s — waiting …
2026-02-27 18:41:39 | DEBUG    | Task e155b841-b36a-4bcc-be94-341688675d66 state=PENDING elapsed=35s — waiting …
2026-02-27 18:41:44 | DEBUG    | Task e155b841-b36a-4bcc-be94-341688675d66 state=PENDING elapsed=40s — waiting …
2026-02-27 18:41:49 | DEBUG    | Task e155b841-b36a-4bcc-be94-341688675d66 state=PENDING elapsed=45s — waiting …
2026-02-27 18:41:55 | INFO     | Task e155b841-b36a-4bcc-be94-341688675d66 FINISHED in 51s
2026-02-27 18:41:55 | INFO     | ✅ batch 76/131 (16 files) complete
2026-02-27 18:41:55 | INFO     | --- batch 77/131 (16 files) ---
2026-02-27 18:41:55 | DEBUG    |   Files: CRR201152.pdf, CRR201153.pdf, CRR201154.pdf, CRR201155.pdf, CRR201156.pdf, CRR201157.pdf, CRR201158.pdf, CRR201159.pdf, CRR201160.pdf, CRR201161.pdf, CRR201162.pdf, CRR201163.pdf, CRR201164.pdf, CRR201165.pdf, CRR201166.pdf, CRR201167.pdf
2026-02-27 18:41:58 | INFO     | Upload accepted → task_id=9aa45beb-cf7c-4a1e-b04f-b687d3551309
2026-02-27 18:41:58 | DEBUG    | Task 9aa45beb-cf7c-4a1e-b04f-b687d3551309 state=PENDING elapsed=0s — waiting …
2026-02-27 18:42:03 | DEBUG    | Task 9aa45beb-cf7c-4a1e-b04f-b687d3551309 state=PENDING elapsed=5s — waiting …
2026-02-27 18:42:08 | DEBUG    | Task 9aa45beb-cf7c-4a1e-b04f-b687d3551309 state=PENDING elapsed=10s — waiting …
2026-02-27 18:42:13 | DEBUG    | Task 9aa45beb-cf7c-4a1e-b04f-b687d3551309 state=PENDING elapsed=15s — waiting …
2026-02-27 18:42:18 | DEBUG    | Task 9aa45beb-cf7c-4a1e-b04f-b687d3551309 state=PENDING elapsed=20s — waiting …
2026-02-27 18:42:23 | DEBUG    | Task 9aa45beb-cf7c-4a1e-b04f-b687d3551309 state=PENDING elapsed=25s — waiting …
2026-02-27 18:42:28 | DEBUG    | Task 9aa45beb-cf7c-4a1e-b04f-b687d3551309 state=PENDING elapsed=30s — waiting …
2026-02-27 18:42:37 | INFO     | Task 9aa45beb-cf7c-4a1e-b04f-b687d3551309 FINISHED in 39s
2026-02-27 18:42:37 | INFO     | ✅ batch 77/131 (16 files) complete
2026-02-27 18:42:37 | INFO     | --- batch 78/131 (16 files) ---
2026-02-27 18:42:37 | DEBUG    |   Files: CRR201168.pdf, CRR201169.pdf, CRR201170.pdf, CRR201171.pdf, CRR201172.pdf, CRR201173.pdf, CRR201174.pdf, CRR201175.pdf, CRR201176.pdf, CRR201177.pdf, CRR201178.pdf, CRR201179.pdf, CRR201180.pdf, CRR201181.pdf, CRR201182.pdf, CRR201183.pdf
2026-02-27 18:42:42 | INFO     | Upload accepted → task_id=d77e8725-4a0f-4410-8bd0-efe363efd491
2026-02-27 18:42:42 | DEBUG    | Task d77e8725-4a0f-4410-8bd0-efe363efd491 state=PENDING elapsed=0s — waiting …
2026-02-27 18:42:47 | DEBUG    | Task d77e8725-4a0f-4410-8bd0-efe363efd491 state=PENDING elapsed=5s — waiting …
2026-02-27 18:42:52 | DEBUG    | Task d77e8725-4a0f-4410-8bd0-efe363efd491 state=PENDING elapsed=10s — waiting …
2026-02-27 18:42:57 | DEBUG    | Task d77e8725-4a0f-4410-8bd0-efe363efd491 state=PENDING elapsed=15s — waiting …
2026-02-27 18:43:02 | DEBUG    | Task d77e8725-4a0f-4410-8bd0-efe363efd491 state=PENDING elapsed=20s — waiting …
2026-02-27 18:43:07 | DEBUG    | Task d77e8725-4a0f-4410-8bd0-efe363efd491 state=PENDING elapsed=25s — waiting …
2026-02-27 18:43:12 | DEBUG    | Task d77e8725-4a0f-4410-8bd0-efe363efd491 state=PENDING elapsed=30s — waiting …
2026-02-27 18:43:17 | DEBUG    | Task d77e8725-4a0f-4410-8bd0-efe363efd491 state=PENDING elapsed=35s — waiting …
2026-02-27 18:43:22 | DEBUG    | Task d77e8725-4a0f-4410-8bd0-efe363efd491 state=PENDING elapsed=40s — waiting …
2026-02-27 18:43:27 | DEBUG    | Task d77e8725-4a0f-4410-8bd0-efe363efd491 state=PENDING elapsed=45s — waiting …
2026-02-27 18:43:32 | DEBUG    | Task d77e8725-4a0f-4410-8bd0-efe363efd491 state=PENDING elapsed=50s — waiting …
2026-02-27 18:43:37 | DEBUG    | Task d77e8725-4a0f-4410-8bd0-efe363efd491 state=PENDING elapsed=55s — waiting …
2026-02-27 18:43:45 | INFO     | Task d77e8725-4a0f-4410-8bd0-efe363efd491 FINISHED in 63s
2026-02-27 18:43:45 | INFO     | ✅ batch 78/131 (16 files) complete
2026-02-27 18:43:45 | INFO     | --- batch 79/131 (16 files) ---
2026-02-27 18:43:45 | DEBUG    |   Files: CRR201184.pdf, CRR201185.pdf, CRR201186.pdf, CRR201187.pdf, CRR201188.pdf, CRR201189.pdf, CRR201190.pdf, CRR201191.pdf, CRR201192.pdf, CRR201193.pdf, CRR201194.pdf, CRR201195.pdf, CRR201196.pdf, CRR201197.pdf, CRR201198.pdf, CRR201199.pdf
2026-02-27 18:43:52 | INFO     | Upload accepted → task_id=508525fb-9de7-44a4-b737-d5b2318d5896
2026-02-27 18:43:52 | DEBUG    | Task 508525fb-9de7-44a4-b737-d5b2318d5896 state=PENDING elapsed=0s — waiting …
2026-02-27 18:43:57 | DEBUG    | Task 508525fb-9de7-44a4-b737-d5b2318d5896 state=PENDING elapsed=5s — waiting …
2026-02-27 18:44:02 | DEBUG    | Task 508525fb-9de7-44a4-b737-d5b2318d5896 state=PENDING elapsed=10s — waiting …
2026-02-27 18:44:07 | DEBUG    | Task 508525fb-9de7-44a4-b737-d5b2318d5896 state=PENDING elapsed=15s — waiting …
2026-02-27 18:44:12 | DEBUG    | Task 508525fb-9de7-44a4-b737-d5b2318d5896 state=PENDING elapsed=20s — waiting …
2026-02-27 18:44:17 | DEBUG    | Task 508525fb-9de7-44a4-b737-d5b2318d5896 state=PENDING elapsed=25s — waiting …
2026-02-27 18:44:24 | DEBUG    | Task 508525fb-9de7-44a4-b737-d5b2318d5896 state=PENDING elapsed=33s — waiting …
2026-02-27 18:44:29 | DEBUG    | Task 508525fb-9de7-44a4-b737-d5b2318d5896 state=PENDING elapsed=38s — waiting …
2026-02-27 18:44:34 | DEBUG    | Task 508525fb-9de7-44a4-b737-d5b2318d5896 state=PENDING elapsed=43s — waiting …
2026-02-27 18:44:39 | DEBUG    | Task 508525fb-9de7-44a4-b737-d5b2318d5896 state=PENDING elapsed=48s — waiting …
2026-02-27 18:44:44 | DEBUG    | Task 508525fb-9de7-44a4-b737-d5b2318d5896 state=PENDING elapsed=53s — waiting …
2026-02-27 18:44:49 | INFO     | Task 508525fb-9de7-44a4-b737-d5b2318d5896 FINISHED in 58s
2026-02-27 18:44:49 | INFO     | ✅ batch 79/131 (16 files) complete
2026-02-27 18:44:49 | INFO     | --- batch 80/131 (16 files) ---
2026-02-27 18:44:49 | DEBUG    |   Files: SummaryBook2011.pdf, CRR201201.pdf, CRR201202.pdf, CRR201203.pdf, CRR201204.pdf, CRR201205.pdf, CRR201206.pdf, CRR201207.pdf, CRR201208.pdf, CRR201209.pdf, CRR201210.pdf, CRR201211.pdf, CRR201212.pdf, CRR201213.pdf, CRR201214.pdf, CRR201215.pdf
2026-02-27 18:44:53 | INFO     | Upload accepted → task_id=34ee4dfa-8e03-4c41-b8a1-91d397ab977d
2026-02-27 18:44:53 | DEBUG    | Task 34ee4dfa-8e03-4c41-b8a1-91d397ab977d state=PENDING elapsed=0s — waiting …
2026-02-27 18:44:58 | DEBUG    | Task 34ee4dfa-8e03-4c41-b8a1-91d397ab977d state=PENDING elapsed=5s — waiting …
2026-02-27 18:45:03 | DEBUG    | Task 34ee4dfa-8e03-4c41-b8a1-91d397ab977d state=PENDING elapsed=10s — waiting …
2026-02-27 18:45:08 | DEBUG    | Task 34ee4dfa-8e03-4c41-b8a1-91d397ab977d state=PENDING elapsed=15s — waiting …
2026-02-27 18:45:13 | DEBUG    | Task 34ee4dfa-8e03-4c41-b8a1-91d397ab977d state=PENDING elapsed=20s — waiting …
2026-02-27 18:45:18 | DEBUG    | Task 34ee4dfa-8e03-4c41-b8a1-91d397ab977d state=PENDING elapsed=25s — waiting …
2026-02-27 18:45:23 | DEBUG    | Task 34ee4dfa-8e03-4c41-b8a1-91d397ab977d state=PENDING elapsed=30s — waiting …
2026-02-27 18:45:28 | DEBUG    | Task 34ee4dfa-8e03-4c41-b8a1-91d397ab977d state=PENDING elapsed=35s — waiting …
2026-02-27 18:45:34 | DEBUG    | Task 34ee4dfa-8e03-4c41-b8a1-91d397ab977d state=PENDING elapsed=41s — waiting …
2026-02-27 18:45:39 | DEBUG    | Task 34ee4dfa-8e03-4c41-b8a1-91d397ab977d state=PENDING elapsed=46s — waiting …
2026-02-27 18:45:44 | DEBUG    | Task 34ee4dfa-8e03-4c41-b8a1-91d397ab977d state=PENDING elapsed=51s — waiting …
2026-02-27 18:45:49 | DEBUG    | Task 34ee4dfa-8e03-4c41-b8a1-91d397ab977d state=PENDING elapsed=56s — waiting …
2026-02-27 18:45:54 | DEBUG    | Task 34ee4dfa-8e03-4c41-b8a1-91d397ab977d state=PENDING elapsed=61s — waiting …
2026-02-27 18:45:59 | DEBUG    | Task 34ee4dfa-8e03-4c41-b8a1-91d397ab977d state=PENDING elapsed=66s — waiting …
2026-02-27 18:46:04 | DEBUG    | Task 34ee4dfa-8e03-4c41-b8a1-91d397ab977d state=PENDING elapsed=71s — waiting …
2026-02-27 18:46:09 | DEBUG    | Task 34ee4dfa-8e03-4c41-b8a1-91d397ab977d state=PENDING elapsed=76s — waiting …
2026-02-27 18:46:18 | INFO     | Task 34ee4dfa-8e03-4c41-b8a1-91d397ab977d FINISHED in 85s
2026-02-27 18:46:18 | INFO     | ✅ batch 80/131 (16 files) complete
2026-02-27 18:46:18 | INFO     | --- batch 81/131 (16 files) ---
2026-02-27 18:46:18 | DEBUG    |   Files: CRR201216.pdf, CRR201217.pdf, CRR201218.pdf, CRR201219.pdf, CRR201220.pdf, CRR201221.pdf, CRR201222.pdf, CRR201223.pdf, CRR201224.pdf, CRR201225.pdf, CRR201226.pdf, CRR201227.pdf, CRR201228.pdf, CRR201229.pdf, CRR201230.pdf, CRR201231.pdf
2026-02-27 18:46:21 | INFO     | Upload accepted → task_id=de15e1bf-4af2-49ab-914f-201f167e8ca6
2026-02-27 18:46:21 | DEBUG    | Task de15e1bf-4af2-49ab-914f-201f167e8ca6 state=PENDING elapsed=0s — waiting …
2026-02-27 18:46:26 | DEBUG    | Task de15e1bf-4af2-49ab-914f-201f167e8ca6 state=PENDING elapsed=5s — waiting …
2026-02-27 18:46:31 | DEBUG    | Task de15e1bf-4af2-49ab-914f-201f167e8ca6 state=PENDING elapsed=10s — waiting …
2026-02-27 18:46:36 | DEBUG    | Task de15e1bf-4af2-49ab-914f-201f167e8ca6 state=PENDING elapsed=15s — waiting …
2026-02-27 18:46:42 | DEBUG    | Task de15e1bf-4af2-49ab-914f-201f167e8ca6 state=PENDING elapsed=21s — waiting …
2026-02-27 18:46:47 | DEBUG    | Task de15e1bf-4af2-49ab-914f-201f167e8ca6 state=PENDING elapsed=26s — waiting …
2026-02-27 18:46:52 | DEBUG    | Task de15e1bf-4af2-49ab-914f-201f167e8ca6 state=PENDING elapsed=31s — waiting …
2026-02-27 18:46:57 | DEBUG    | Task de15e1bf-4af2-49ab-914f-201f167e8ca6 state=PENDING elapsed=36s — waiting …
2026-02-27 18:47:02 | DEBUG    | Task de15e1bf-4af2-49ab-914f-201f167e8ca6 state=PENDING elapsed=41s — waiting …
2026-02-27 18:47:07 | DEBUG    | Task de15e1bf-4af2-49ab-914f-201f167e8ca6 state=PENDING elapsed=46s — waiting …
2026-02-27 18:47:14 | INFO     | Task de15e1bf-4af2-49ab-914f-201f167e8ca6 FINISHED in 53s
2026-02-27 18:47:14 | INFO     | ✅ batch 81/131 (16 files) complete
2026-02-27 18:47:14 | INFO     | --- batch 82/131 (16 files) ---
2026-02-27 18:47:14 | DEBUG    |   Files: CRR201232.pdf, CRR201233.pdf, CRR201234.pdf, CRR201235.pdf, CRR201236.pdf, CRR201237.pdf, CRR201238.pdf, CRR201239.pdf, CRR201240.pdf, CRR201241.pdf, CRR201242.pdf, CRR201243.pdf, CRR201244.pdf, CRR201245.pdf, CRR201246.pdf, CRR201247.pdf
2026-02-27 18:47:17 | INFO     | Upload accepted → task_id=63ac0425-0f62-4b7e-b3de-dd2f0130d214
2026-02-27 18:47:17 | DEBUG    | Task 63ac0425-0f62-4b7e-b3de-dd2f0130d214 state=PENDING elapsed=0s — waiting …
2026-02-27 18:47:22 | DEBUG    | Task 63ac0425-0f62-4b7e-b3de-dd2f0130d214 state=PENDING elapsed=5s — waiting …
2026-02-27 18:47:27 | DEBUG    | Task 63ac0425-0f62-4b7e-b3de-dd2f0130d214 state=PENDING elapsed=10s — waiting …
2026-02-27 18:47:32 | DEBUG    | Task 63ac0425-0f62-4b7e-b3de-dd2f0130d214 state=PENDING elapsed=15s — waiting …
2026-02-27 18:47:41 | DEBUG    | Task 63ac0425-0f62-4b7e-b3de-dd2f0130d214 state=PENDING elapsed=24s — waiting …
2026-02-27 18:47:46 | DEBUG    | Task 63ac0425-0f62-4b7e-b3de-dd2f0130d214 state=PENDING elapsed=29s — waiting …
2026-02-27 18:47:51 | DEBUG    | Task 63ac0425-0f62-4b7e-b3de-dd2f0130d214 state=PENDING elapsed=34s — waiting …
2026-02-27 18:47:56 | DEBUG    | Task 63ac0425-0f62-4b7e-b3de-dd2f0130d214 state=PENDING elapsed=39s — waiting …
2026-02-27 18:48:04 | INFO     | Task 63ac0425-0f62-4b7e-b3de-dd2f0130d214 FINISHED in 47s
2026-02-27 18:48:04 | INFO     | ✅ batch 82/131 (16 files) complete
2026-02-27 18:48:04 | INFO     | --- batch 83/131 (16 files) ---
2026-02-27 18:48:04 | DEBUG    |   Files: CRR201248.pdf, CRR201249.pdf, CRR201250.pdf, CRR201251.pdf, CRR201252.pdf, CRR201253.pdf, CRR201254.pdf, CRR201255.pdf, CRR201256.pdf, CRR201257.pdf, CRR201258.pdf, CRR201259.pdf, CRR201260.pdf, CRR201261.pdf, CRR201262.pdf, CRR201263.pdf
2026-02-27 18:48:07 | INFO     | Upload accepted → task_id=268685a8-fd8c-4c33-b456-f84ec53f6d66
2026-02-27 18:48:07 | DEBUG    | Task 268685a8-fd8c-4c33-b456-f84ec53f6d66 state=PENDING elapsed=0s — waiting …
2026-02-27 18:48:13 | DEBUG    | Task 268685a8-fd8c-4c33-b456-f84ec53f6d66 state=PENDING elapsed=6s — waiting …
2026-02-27 18:48:18 | DEBUG    | Task 268685a8-fd8c-4c33-b456-f84ec53f6d66 state=PENDING elapsed=11s — waiting …
2026-02-27 18:48:23 | DEBUG    | Task 268685a8-fd8c-4c33-b456-f84ec53f6d66 state=PENDING elapsed=16s — waiting …
2026-02-27 18:48:28 | DEBUG    | Task 268685a8-fd8c-4c33-b456-f84ec53f6d66 state=PENDING elapsed=21s — waiting …
2026-02-27 18:48:33 | DEBUG    | Task 268685a8-fd8c-4c33-b456-f84ec53f6d66 state=PENDING elapsed=26s — waiting …
2026-02-27 18:48:38 | DEBUG    | Task 268685a8-fd8c-4c33-b456-f84ec53f6d66 state=PENDING elapsed=31s — waiting …
2026-02-27 18:48:43 | DEBUG    | Task 268685a8-fd8c-4c33-b456-f84ec53f6d66 state=PENDING elapsed=36s — waiting …
2026-02-27 18:48:48 | DEBUG    | Task 268685a8-fd8c-4c33-b456-f84ec53f6d66 state=PENDING elapsed=41s — waiting …
2026-02-27 18:48:53 | DEBUG    | Task 268685a8-fd8c-4c33-b456-f84ec53f6d66 state=PENDING elapsed=46s — waiting …
2026-02-27 18:48:59 | DEBUG    | Task 268685a8-fd8c-4c33-b456-f84ec53f6d66 state=PENDING elapsed=52s — waiting …
2026-02-27 18:49:04 | INFO     | Task 268685a8-fd8c-4c33-b456-f84ec53f6d66 FINISHED in 57s
2026-02-27 18:49:04 | INFO     | ✅ batch 83/131 (16 files) complete
2026-02-27 18:49:04 | INFO     | --- batch 84/131 (16 files) ---
2026-02-27 18:49:04 | DEBUG    |   Files: CRR201264.pdf, CRR201265.pdf, CRR201266.pdf, CRR201267.pdf, CRR201268.pdf, CRR201269.pdf, CRR201270.pdf, CRR201271.pdf, CRR201272.pdf, CRR201273.pdf, CRR201274.pdf, CRR201275.pdf, CRR201276.pdf, CRR201277.pdf, CRR201278.pdf, CRR201279.pdf
2026-02-27 18:49:07 | INFO     | Upload accepted → task_id=9c67d98a-3a8e-40d0-9239-e47fe4c4e064
2026-02-27 18:49:07 | DEBUG    | Task 9c67d98a-3a8e-40d0-9239-e47fe4c4e064 state=PENDING elapsed=0s — waiting …
2026-02-27 18:49:12 | DEBUG    | Task 9c67d98a-3a8e-40d0-9239-e47fe4c4e064 state=PENDING elapsed=5s — waiting …
2026-02-27 18:49:17 | DEBUG    | Task 9c67d98a-3a8e-40d0-9239-e47fe4c4e064 state=PENDING elapsed=10s — waiting …
2026-02-27 18:49:22 | DEBUG    | Task 9c67d98a-3a8e-40d0-9239-e47fe4c4e064 state=PENDING elapsed=15s — waiting …
2026-02-27 18:49:27 | DEBUG    | Task 9c67d98a-3a8e-40d0-9239-e47fe4c4e064 state=PENDING elapsed=20s — waiting …
2026-02-27 18:49:32 | DEBUG    | Task 9c67d98a-3a8e-40d0-9239-e47fe4c4e064 state=PENDING elapsed=25s — waiting …
2026-02-27 18:49:37 | DEBUG    | Task 9c67d98a-3a8e-40d0-9239-e47fe4c4e064 state=PENDING elapsed=30s — waiting …
2026-02-27 18:49:42 | DEBUG    | Task 9c67d98a-3a8e-40d0-9239-e47fe4c4e064 state=PENDING elapsed=35s — waiting …
2026-02-27 18:49:47 | DEBUG    | Task 9c67d98a-3a8e-40d0-9239-e47fe4c4e064 state=PENDING elapsed=40s — waiting …
2026-02-27 18:49:52 | INFO     | Task 9c67d98a-3a8e-40d0-9239-e47fe4c4e064 FINISHED in 45s
2026-02-27 18:49:52 | INFO     | ✅ batch 84/131 (16 files) complete
2026-02-27 18:49:52 | INFO     | --- batch 85/131 (16 files) ---
2026-02-27 18:49:52 | DEBUG    |   Files: CRR201280.pdf, CRR201281.pdf, CRR201282.pdf, CRR201283.pdf, CRR201284.pdf, CRR201285.pdf, SummaryBook2012.pdf, CRR201301.pdf, CRR201302.pdf, CRR201303.pdf, CRR201304.pdf, CRR201305.pdf, CRR201306.pdf, CRR201307.pdf, CRR201308.pdf, CRR201309.pdf
2026-02-27 18:49:55 | INFO     | Upload accepted → task_id=b1f444df-b84c-4422-ad24-11f5ecea4d30
2026-02-27 18:49:55 | DEBUG    | Task b1f444df-b84c-4422-ad24-11f5ecea4d30 state=PENDING elapsed=0s — waiting …
2026-02-27 18:50:00 | DEBUG    | Task b1f444df-b84c-4422-ad24-11f5ecea4d30 state=PENDING elapsed=5s — waiting …
2026-02-27 18:50:05 | DEBUG    | Task b1f444df-b84c-4422-ad24-11f5ecea4d30 state=PENDING elapsed=10s — waiting …
2026-02-27 18:50:14 | DEBUG    | Task b1f444df-b84c-4422-ad24-11f5ecea4d30 state=PENDING elapsed=19s — waiting …
2026-02-27 18:50:19 | DEBUG    | Task b1f444df-b84c-4422-ad24-11f5ecea4d30 state=PENDING elapsed=24s — waiting …
2026-02-27 18:50:24 | DEBUG    | Task b1f444df-b84c-4422-ad24-11f5ecea4d30 state=PENDING elapsed=29s — waiting …
2026-02-27 18:50:29 | DEBUG    | Task b1f444df-b84c-4422-ad24-11f5ecea4d30 state=PENDING elapsed=34s — waiting …
2026-02-27 18:50:34 | DEBUG    | Task b1f444df-b84c-4422-ad24-11f5ecea4d30 state=PENDING elapsed=39s — waiting …
2026-02-27 18:50:39 | DEBUG    | Task b1f444df-b84c-4422-ad24-11f5ecea4d30 state=PENDING elapsed=44s — waiting …
2026-02-27 18:50:44 | DEBUG    | Task b1f444df-b84c-4422-ad24-11f5ecea4d30 state=PENDING elapsed=49s — waiting …
2026-02-27 18:50:49 | DEBUG    | Task b1f444df-b84c-4422-ad24-11f5ecea4d30 state=PENDING elapsed=54s — waiting …
2026-02-27 18:50:54 | DEBUG    | Task b1f444df-b84c-4422-ad24-11f5ecea4d30 state=PENDING elapsed=59s — waiting …
2026-02-27 18:50:59 | DEBUG    | Task b1f444df-b84c-4422-ad24-11f5ecea4d30 state=PENDING elapsed=64s — waiting …
2026-02-27 18:51:04 | DEBUG    | Task b1f444df-b84c-4422-ad24-11f5ecea4d30 state=PENDING elapsed=69s — waiting …
2026-02-27 18:51:09 | DEBUG    | Task b1f444df-b84c-4422-ad24-11f5ecea4d30 state=PENDING elapsed=74s — waiting …
2026-02-27 18:51:17 | DEBUG    | Task b1f444df-b84c-4422-ad24-11f5ecea4d30 state=PENDING elapsed=82s — waiting …
2026-02-27 18:51:22 | INFO     | Task b1f444df-b84c-4422-ad24-11f5ecea4d30 FINISHED in 88s
2026-02-27 18:51:22 | INFO     | ✅ batch 85/131 (16 files) complete
2026-02-27 18:51:22 | INFO     | --- batch 86/131 (16 files) ---
2026-02-27 18:51:22 | DEBUG    |   Files: CRR201310.pdf, CRR201311.pdf, CRR201312.pdf, CRR201313.pdf, CRR201314.pdf, CRR201315.pdf, CRR201316.pdf, CRR201317.pdf, CRR201318.pdf, CRR201319.pdf, CRR201320.pdf, CRR201321.pdf, CRR201322.pdf, CRR201323.pdf, CRR201324.pdf, CRR201325.pdf
2026-02-27 18:51:27 | INFO     | Upload accepted → task_id=31a9d262-d52a-4c1f-a68b-e0746d7cc74e
2026-02-27 18:51:27 | DEBUG    | Task 31a9d262-d52a-4c1f-a68b-e0746d7cc74e state=PENDING elapsed=0s — waiting …
2026-02-27 18:51:32 | DEBUG    | Task 31a9d262-d52a-4c1f-a68b-e0746d7cc74e state=PENDING elapsed=5s — waiting …
2026-02-27 18:51:37 | DEBUG    | Task 31a9d262-d52a-4c1f-a68b-e0746d7cc74e state=PENDING elapsed=10s — waiting …
2026-02-27 18:51:42 | DEBUG    | Task 31a9d262-d52a-4c1f-a68b-e0746d7cc74e state=PENDING elapsed=15s — waiting …
2026-02-27 18:51:47 | DEBUG    | Task 31a9d262-d52a-4c1f-a68b-e0746d7cc74e state=PENDING elapsed=20s — waiting …
2026-02-27 18:51:52 | DEBUG    | Task 31a9d262-d52a-4c1f-a68b-e0746d7cc74e state=PENDING elapsed=25s — waiting …
2026-02-27 18:51:57 | DEBUG    | Task 31a9d262-d52a-4c1f-a68b-e0746d7cc74e state=PENDING elapsed=30s — waiting …
2026-02-27 18:52:02 | DEBUG    | Task 31a9d262-d52a-4c1f-a68b-e0746d7cc74e state=PENDING elapsed=35s — waiting …
2026-02-27 18:52:07 | DEBUG    | Task 31a9d262-d52a-4c1f-a68b-e0746d7cc74e state=PENDING elapsed=40s — waiting …
2026-02-27 18:52:12 | DEBUG    | Task 31a9d262-d52a-4c1f-a68b-e0746d7cc74e state=PENDING elapsed=45s — waiting …
2026-02-27 18:52:17 | DEBUG    | Task 31a9d262-d52a-4c1f-a68b-e0746d7cc74e state=PENDING elapsed=50s — waiting …
2026-02-27 18:52:22 | DEBUG    | Task 31a9d262-d52a-4c1f-a68b-e0746d7cc74e state=PENDING elapsed=55s — waiting …
2026-02-27 18:52:27 | DEBUG    | Task 31a9d262-d52a-4c1f-a68b-e0746d7cc74e state=PENDING elapsed=60s — waiting …
2026-02-27 18:52:32 | DEBUG    | Task 31a9d262-d52a-4c1f-a68b-e0746d7cc74e state=PENDING elapsed=65s — waiting …
2026-02-27 18:52:37 | DEBUG    | Task 31a9d262-d52a-4c1f-a68b-e0746d7cc74e state=PENDING elapsed=70s — waiting …
2026-02-27 18:52:46 | INFO     | Task 31a9d262-d52a-4c1f-a68b-e0746d7cc74e FINISHED in 79s
2026-02-27 18:52:46 | INFO     | ✅ batch 86/131 (16 files) complete
2026-02-27 18:52:46 | INFO     | --- batch 87/131 (16 files) ---
2026-02-27 18:52:46 | DEBUG    |   Files: CRR201326.pdf, CRR201327.pdf, CRR201328.pdf, CRR201329.pdf, CRR201330.pdf, CRR201331.pdf, CRR201332.pdf, CRR201333.pdf, CRR201334.pdf, CRR201335.pdf, CRR201336.pdf, CRR201337.pdf, CRR201338.pdf, CRR201339.pdf, CRR201340.pdf, CRR201341.pdf
2026-02-27 18:52:51 | INFO     | Upload accepted → task_id=5ec13560-016a-418e-82b4-0443779ff74e
2026-02-27 18:52:51 | DEBUG    | Task 5ec13560-016a-418e-82b4-0443779ff74e state=PENDING elapsed=0s — waiting …
2026-02-27 18:52:56 | DEBUG    | Task 5ec13560-016a-418e-82b4-0443779ff74e state=PENDING elapsed=5s — waiting …
2026-02-27 18:53:01 | DEBUG    | Task 5ec13560-016a-418e-82b4-0443779ff74e state=PENDING elapsed=10s — waiting …
2026-02-27 18:53:06 | DEBUG    | Task 5ec13560-016a-418e-82b4-0443779ff74e state=PENDING elapsed=15s — waiting …
2026-02-27 18:53:11 | DEBUG    | Task 5ec13560-016a-418e-82b4-0443779ff74e state=PENDING elapsed=20s — waiting …
2026-02-27 18:53:16 | DEBUG    | Task 5ec13560-016a-418e-82b4-0443779ff74e state=PENDING elapsed=25s — waiting …
2026-02-27 18:53:21 | DEBUG    | Task 5ec13560-016a-418e-82b4-0443779ff74e state=PENDING elapsed=30s — waiting …
2026-02-27 18:53:26 | DEBUG    | Task 5ec13560-016a-418e-82b4-0443779ff74e state=PENDING elapsed=35s — waiting …
2026-02-27 18:53:31 | DEBUG    | Task 5ec13560-016a-418e-82b4-0443779ff74e state=PENDING elapsed=40s — waiting …
2026-02-27 18:53:36 | DEBUG    | Task 5ec13560-016a-418e-82b4-0443779ff74e state=PENDING elapsed=45s — waiting …
2026-02-27 18:53:41 | DEBUG    | Task 5ec13560-016a-418e-82b4-0443779ff74e state=PENDING elapsed=50s — waiting …
2026-02-27 18:53:46 | DEBUG    | Task 5ec13560-016a-418e-82b4-0443779ff74e state=PENDING elapsed=55s — waiting …
2026-02-27 18:53:51 | DEBUG    | Task 5ec13560-016a-418e-82b4-0443779ff74e state=PENDING elapsed=60s — waiting …
2026-02-27 18:53:56 | DEBUG    | Task 5ec13560-016a-418e-82b4-0443779ff74e state=PENDING elapsed=65s — waiting …
2026-02-27 18:54:01 | DEBUG    | Task 5ec13560-016a-418e-82b4-0443779ff74e state=PENDING elapsed=70s — waiting …
2026-02-27 18:54:06 | DEBUG    | Task 5ec13560-016a-418e-82b4-0443779ff74e state=PENDING elapsed=75s — waiting …
2026-02-27 18:54:13 | INFO     | Task 5ec13560-016a-418e-82b4-0443779ff74e FINISHED in 82s
2026-02-27 18:54:13 | INFO     | ✅ batch 87/131 (16 files) complete
2026-02-27 18:54:13 | INFO     | --- batch 88/131 (16 files) ---
2026-02-27 18:54:13 | DEBUG    |   Files: CRR201342.pdf, CRR201343.pdf, CRR201344.pdf, CRR201345.pdf, CRR201346.pdf, CRR201347.pdf, CRR201348.pdf, CRR201349.pdf, CRR201350.pdf, CRR201351.pdf, CRR201352.pdf, CRR201353.pdf, CRR201354.pdf, CRR201355.pdf, CRR201356.pdf, CRR201357.pdf
2026-02-27 18:54:17 | INFO     | Upload accepted → task_id=8005edeb-7215-48ba-893a-0eafa3b93af0
2026-02-27 18:54:17 | DEBUG    | Task 8005edeb-7215-48ba-893a-0eafa3b93af0 state=PENDING elapsed=0s — waiting …
2026-02-27 18:54:22 | DEBUG    | Task 8005edeb-7215-48ba-893a-0eafa3b93af0 state=PENDING elapsed=5s — waiting …
2026-02-27 18:54:27 | DEBUG    | Task 8005edeb-7215-48ba-893a-0eafa3b93af0 state=PENDING elapsed=10s — waiting …
2026-02-27 18:54:32 | DEBUG    | Task 8005edeb-7215-48ba-893a-0eafa3b93af0 state=PENDING elapsed=15s — waiting …
2026-02-27 18:54:37 | DEBUG    | Task 8005edeb-7215-48ba-893a-0eafa3b93af0 state=PENDING elapsed=20s — waiting …
2026-02-27 18:54:43 | DEBUG    | Task 8005edeb-7215-48ba-893a-0eafa3b93af0 state=PENDING elapsed=27s — waiting …
2026-02-27 18:54:48 | DEBUG    | Task 8005edeb-7215-48ba-893a-0eafa3b93af0 state=PENDING elapsed=32s — waiting …
2026-02-27 18:54:53 | INFO     | Task 8005edeb-7215-48ba-893a-0eafa3b93af0 FINISHED in 37s
2026-02-27 18:54:53 | INFO     | ✅ batch 88/131 (16 files) complete
2026-02-27 18:54:53 | INFO     | --- batch 89/131 (16 files) ---
2026-02-27 18:54:53 | DEBUG    |   Files: CRR201358.pdf, CRR201359.pdf, CRR201360.pdf, CRR201361.pdf, CRR201362.pdf, CRR201363.pdf, CRR201364.pdf, CRR201365.pdf, CRR201366.pdf, CRR201367.pdf, CRR201368.pdf, CRR201369.pdf, CRR201370.pdf, CRR201371.pdf, CRR201372.pdf, CRR201373.pdf
2026-02-27 18:54:59 | INFO     | Upload accepted → task_id=bcd867c9-84f8-4894-a497-1217b262225a
2026-02-27 18:55:00 | DEBUG    | Task bcd867c9-84f8-4894-a497-1217b262225a state=PENDING elapsed=0s — waiting …
2026-02-27 18:55:05 | DEBUG    | Task bcd867c9-84f8-4894-a497-1217b262225a state=PENDING elapsed=5s — waiting …
2026-02-27 18:55:10 | DEBUG    | Task bcd867c9-84f8-4894-a497-1217b262225a state=PENDING elapsed=10s — waiting …
2026-02-27 18:55:15 | DEBUG    | Task bcd867c9-84f8-4894-a497-1217b262225a state=PENDING elapsed=15s — waiting …
2026-02-27 18:55:20 | DEBUG    | Task bcd867c9-84f8-4894-a497-1217b262225a state=PENDING elapsed=20s — waiting …
2026-02-27 18:55:25 | DEBUG    | Task bcd867c9-84f8-4894-a497-1217b262225a state=PENDING elapsed=25s — waiting …
2026-02-27 18:55:30 | DEBUG    | Task bcd867c9-84f8-4894-a497-1217b262225a state=PENDING elapsed=30s — waiting …
2026-02-27 18:55:35 | DEBUG    | Task bcd867c9-84f8-4894-a497-1217b262225a state=PENDING elapsed=35s — waiting …
2026-02-27 18:55:40 | DEBUG    | Task bcd867c9-84f8-4894-a497-1217b262225a state=PENDING elapsed=40s — waiting …
2026-02-27 18:55:45 | DEBUG    | Task bcd867c9-84f8-4894-a497-1217b262225a state=PENDING elapsed=45s — waiting …
2026-02-27 18:55:50 | DEBUG    | Task bcd867c9-84f8-4894-a497-1217b262225a state=PENDING elapsed=50s — waiting …
2026-02-27 18:55:55 | INFO     | Task bcd867c9-84f8-4894-a497-1217b262225a FINISHED in 55s
2026-02-27 18:55:55 | INFO     | ✅ batch 89/131 (16 files) complete
2026-02-27 18:55:55 | INFO     | --- batch 90/131 (16 files) ---
2026-02-27 18:55:55 | DEBUG    |   Files: CRR201374.pdf, CRR201375.pdf, CRR201376.pdf, CRR201377.pdf, CRR201378.pdf, CRR201379.pdf, CRR201380.pdf, CRR201381.pdf, CRR201382.pdf, CRR201383.pdf, CRR201384.pdf, CRR201385.pdf, CRR201386.pdf, SummaryBook2013.pdf, CRR201401.pdf, CRR201402.pdf
2026-02-27 18:56:03 | INFO     | Upload accepted → task_id=e9f8fe50-c3af-43fa-b63c-7440ac86663f
2026-02-27 18:56:03 | DEBUG    | Task e9f8fe50-c3af-43fa-b63c-7440ac86663f state=PENDING elapsed=0s — waiting …
2026-02-27 18:56:08 | DEBUG    | Task e9f8fe50-c3af-43fa-b63c-7440ac86663f state=PENDING elapsed=5s — waiting …
2026-02-27 18:56:13 | DEBUG    | Task e9f8fe50-c3af-43fa-b63c-7440ac86663f state=PENDING elapsed=10s — waiting …
2026-02-27 18:56:18 | DEBUG    | Task e9f8fe50-c3af-43fa-b63c-7440ac86663f state=PENDING elapsed=15s — waiting …
2026-02-27 18:56:23 | DEBUG    | Task e9f8fe50-c3af-43fa-b63c-7440ac86663f state=PENDING elapsed=20s — waiting …
2026-02-27 18:56:28 | DEBUG    | Task e9f8fe50-c3af-43fa-b63c-7440ac86663f state=PENDING elapsed=25s — waiting …
2026-02-27 18:56:33 | DEBUG    | Task e9f8fe50-c3af-43fa-b63c-7440ac86663f state=PENDING elapsed=30s — waiting …
2026-02-27 18:56:38 | DEBUG    | Task e9f8fe50-c3af-43fa-b63c-7440ac86663f state=PENDING elapsed=35s — waiting …
2026-02-27 18:56:43 | DEBUG    | Task e9f8fe50-c3af-43fa-b63c-7440ac86663f state=PENDING elapsed=40s — waiting …
2026-02-27 18:56:48 | DEBUG    | Task e9f8fe50-c3af-43fa-b63c-7440ac86663f state=PENDING elapsed=45s — waiting …
2026-02-27 18:56:53 | DEBUG    | Task e9f8fe50-c3af-43fa-b63c-7440ac86663f state=PENDING elapsed=50s — waiting …
2026-02-27 18:56:58 | DEBUG    | Task e9f8fe50-c3af-43fa-b63c-7440ac86663f state=PENDING elapsed=55s — waiting …
2026-02-27 18:57:03 | DEBUG    | Task e9f8fe50-c3af-43fa-b63c-7440ac86663f state=PENDING elapsed=60s — waiting …
2026-02-27 18:57:08 | DEBUG    | Task e9f8fe50-c3af-43fa-b63c-7440ac86663f state=PENDING elapsed=65s — waiting …
2026-02-27 18:57:13 | DEBUG    | Task e9f8fe50-c3af-43fa-b63c-7440ac86663f state=PENDING elapsed=70s — waiting …
2026-02-27 18:57:18 | DEBUG    | Task e9f8fe50-c3af-43fa-b63c-7440ac86663f state=PENDING elapsed=75s — waiting …
2026-02-27 18:57:23 | INFO     | Task e9f8fe50-c3af-43fa-b63c-7440ac86663f FINISHED in 80s
2026-02-27 18:57:23 | INFO     | ✅ batch 90/131 (16 files) complete
2026-02-27 18:57:23 | INFO     | --- batch 91/131 (16 files) ---
2026-02-27 18:57:23 | DEBUG    |   Files: CRR201403.pdf, CRR201404.pdf, CRR201405.pdf, CRR201406.pdf, CRR201407.pdf, CRR201408.pdf, CRR201409.pdf, CRR201410.pdf, CRR201411.pdf, CRR201412.pdf, CRR201413.pdf, CRR201414.pdf, CRR201415.pdf, CRR201416.pdf, CRR201417.pdf, CRR201418.pdf
2026-02-27 18:57:30 | INFO     | Upload accepted → task_id=d6be28ce-35c6-447b-accc-491b4232c12b
2026-02-27 18:57:30 | DEBUG    | Task d6be28ce-35c6-447b-accc-491b4232c12b state=PENDING elapsed=0s — waiting …
2026-02-27 18:57:35 | DEBUG    | Task d6be28ce-35c6-447b-accc-491b4232c12b state=PENDING elapsed=5s — waiting …
2026-02-27 18:57:40 | DEBUG    | Task d6be28ce-35c6-447b-accc-491b4232c12b state=PENDING elapsed=10s — waiting …
2026-02-27 18:57:45 | DEBUG    | Task d6be28ce-35c6-447b-accc-491b4232c12b state=PENDING elapsed=15s — waiting …
2026-02-27 18:57:50 | DEBUG    | Task d6be28ce-35c6-447b-accc-491b4232c12b state=PENDING elapsed=20s — waiting …
2026-02-27 18:57:55 | DEBUG    | Task d6be28ce-35c6-447b-accc-491b4232c12b state=PENDING elapsed=25s — waiting …
2026-02-27 18:58:00 | DEBUG    | Task d6be28ce-35c6-447b-accc-491b4232c12b state=PENDING elapsed=30s — waiting …
2026-02-27 18:58:05 | DEBUG    | Task d6be28ce-35c6-447b-accc-491b4232c12b state=PENDING elapsed=35s — waiting …
2026-02-27 18:58:10 | DEBUG    | Task d6be28ce-35c6-447b-accc-491b4232c12b state=PENDING elapsed=40s — waiting …
2026-02-27 18:58:15 | DEBUG    | Task d6be28ce-35c6-447b-accc-491b4232c12b state=PENDING elapsed=45s — waiting …
2026-02-27 18:58:20 | DEBUG    | Task d6be28ce-35c6-447b-accc-491b4232c12b state=PENDING elapsed=50s — waiting …
2026-02-27 18:58:25 | DEBUG    | Task d6be28ce-35c6-447b-accc-491b4232c12b state=PENDING elapsed=55s — waiting …
2026-02-27 18:58:30 | DEBUG    | Task d6be28ce-35c6-447b-accc-491b4232c12b state=PENDING elapsed=60s — waiting …
2026-02-27 18:58:37 | INFO     | Task d6be28ce-35c6-447b-accc-491b4232c12b FINISHED in 68s
2026-02-27 18:58:37 | INFO     | ✅ batch 91/131 (16 files) complete
2026-02-27 18:58:37 | INFO     | --- batch 92/131 (16 files) ---
2026-02-27 18:58:37 | DEBUG    |   Files: CRR201419.pdf, CRR201420.pdf, CRR201421.pdf, CRR201422.pdf, CRR201423.pdf, CRR201424.pdf, CRR201425.pdf, CRR201426.pdf, CRR201427.pdf, CRR201428.pdf, CRR201429.pdf, CRR201430.pdf, CRR201431.pdf, CRR201432.pdf, CRR201433.pdf, CRR201434.pdf
2026-02-27 18:58:41 | INFO     | Upload accepted → task_id=111310d8-b6ce-4f23-ac00-71289226f8d0
2026-02-27 18:58:41 | DEBUG    | Task 111310d8-b6ce-4f23-ac00-71289226f8d0 state=PENDING elapsed=0s — waiting …
2026-02-27 18:58:46 | DEBUG    | Task 111310d8-b6ce-4f23-ac00-71289226f8d0 state=PENDING elapsed=5s — waiting …
2026-02-27 18:58:51 | DEBUG    | Task 111310d8-b6ce-4f23-ac00-71289226f8d0 state=PENDING elapsed=10s — waiting …
2026-02-27 18:58:56 | DEBUG    | Task 111310d8-b6ce-4f23-ac00-71289226f8d0 state=PENDING elapsed=15s — waiting …
2026-02-27 18:59:01 | DEBUG    | Task 111310d8-b6ce-4f23-ac00-71289226f8d0 state=PENDING elapsed=20s — waiting …
2026-02-27 18:59:06 | DEBUG    | Task 111310d8-b6ce-4f23-ac00-71289226f8d0 state=PENDING elapsed=25s — waiting …
2026-02-27 18:59:11 | DEBUG    | Task 111310d8-b6ce-4f23-ac00-71289226f8d0 state=PENDING elapsed=30s — waiting …
2026-02-27 18:59:16 | DEBUG    | Task 111310d8-b6ce-4f23-ac00-71289226f8d0 state=PENDING elapsed=35s — waiting …
2026-02-27 18:59:23 | DEBUG    | Task 111310d8-b6ce-4f23-ac00-71289226f8d0 state=PENDING elapsed=42s — waiting …
2026-02-27 18:59:28 | DEBUG    | Task 111310d8-b6ce-4f23-ac00-71289226f8d0 state=PENDING elapsed=47s — waiting …
2026-02-27 18:59:33 | INFO     | Task 111310d8-b6ce-4f23-ac00-71289226f8d0 FINISHED in 52s
2026-02-27 18:59:33 | INFO     | ✅ batch 92/131 (16 files) complete
2026-02-27 18:59:33 | INFO     | --- batch 93/131 (16 files) ---
2026-02-27 18:59:33 | DEBUG    |   Files: CRR201435.pdf, CRR201436.pdf, CRR201437.pdf, CRR201438.pdf, CRR201439.pdf, CRR201440.pdf, CRR201441.pdf, CRR201442.pdf, CRR201443.pdf, CRR201444.pdf, CRR201445.pdf, CRR201446.pdf, CRR201447.pdf, CRR201448.pdf, CRR201449.pdf, CRR201450.pdf
2026-02-27 18:59:36 | INFO     | Upload accepted → task_id=318122f0-72b1-41e4-9ae4-c019053424d1
2026-02-27 18:59:36 | DEBUG    | Task 318122f0-72b1-41e4-9ae4-c019053424d1 state=PENDING elapsed=0s — waiting …
2026-02-27 18:59:41 | DEBUG    | Task 318122f0-72b1-41e4-9ae4-c019053424d1 state=PENDING elapsed=5s — waiting …
2026-02-27 18:59:46 | DEBUG    | Task 318122f0-72b1-41e4-9ae4-c019053424d1 state=PENDING elapsed=10s — waiting …
2026-02-27 18:59:51 | DEBUG    | Task 318122f0-72b1-41e4-9ae4-c019053424d1 state=PENDING elapsed=15s — waiting …
2026-02-27 18:59:56 | DEBUG    | Task 318122f0-72b1-41e4-9ae4-c019053424d1 state=PENDING elapsed=20s — waiting …
2026-02-27 19:00:02 | INFO     | Task 318122f0-72b1-41e4-9ae4-c019053424d1 FINISHED in 26s
2026-02-27 19:00:02 | INFO     | ✅ batch 93/131 (16 files) complete
2026-02-27 19:00:02 | INFO     | --- batch 94/131 (16 files) ---
2026-02-27 19:00:02 | DEBUG    |   Files: CRR201451.pdf, CRR201452.pdf, CRR201453.pdf, CRR201454.pdf, CRR201455.pdf, CRR201456.pdf, CRR201457.pdf, CRR201458.pdf, CRR201459.pdf, CRR201460.pdf, CRR201461.pdf, CRR201462.pdf, CRR201463.pdf, CRR201464.pdf, CRR201465.pdf, CRR201466.pdf
2026-02-27 19:00:05 | INFO     | Upload accepted → task_id=f04dca82-40ad-4f49-b4f3-f0ccb0c0e7bc
2026-02-27 19:00:05 | DEBUG    | Task f04dca82-40ad-4f49-b4f3-f0ccb0c0e7bc state=PENDING elapsed=0s — waiting …
2026-02-27 19:00:10 | DEBUG    | Task f04dca82-40ad-4f49-b4f3-f0ccb0c0e7bc state=PENDING elapsed=5s — waiting …
2026-02-27 19:00:15 | DEBUG    | Task f04dca82-40ad-4f49-b4f3-f0ccb0c0e7bc state=PENDING elapsed=10s — waiting …
2026-02-27 19:00:20 | DEBUG    | Task f04dca82-40ad-4f49-b4f3-f0ccb0c0e7bc state=PENDING elapsed=15s — waiting …
2026-02-27 19:00:25 | DEBUG    | Task f04dca82-40ad-4f49-b4f3-f0ccb0c0e7bc state=PENDING elapsed=20s — waiting …
2026-02-27 19:00:30 | DEBUG    | Task f04dca82-40ad-4f49-b4f3-f0ccb0c0e7bc state=PENDING elapsed=25s — waiting …
2026-02-27 19:00:35 | DEBUG    | Task f04dca82-40ad-4f49-b4f3-f0ccb0c0e7bc state=PENDING elapsed=30s — waiting …
2026-02-27 19:00:40 | DEBUG    | Task f04dca82-40ad-4f49-b4f3-f0ccb0c0e7bc state=PENDING elapsed=35s — waiting …
2026-02-27 19:00:47 | INFO     | Task f04dca82-40ad-4f49-b4f3-f0ccb0c0e7bc FINISHED in 41s
2026-02-27 19:00:47 | INFO     | ✅ batch 94/131 (16 files) complete
2026-02-27 19:00:47 | INFO     | --- batch 95/131 (16 files) ---
2026-02-27 19:00:47 | DEBUG    |   Files: CRR201467.pdf, CRR201468.pdf, CRR201469.pdf, CRR201470.pdf, CRR201471.pdf, CRR201472.pdf, CRR201473.pdf, CRR201474.pdf, CRR201475.pdf, CRR201476.pdf, CRR201477.pdf, CRR201478.pdf, CRR201479.pdf, CRR201480.pdf, SummaryBook2014.pdf, CRR201501.pdf
2026-02-27 19:00:50 | INFO     | Upload accepted → task_id=da529039-26da-446c-9357-de4cf87fbbb6
2026-02-27 19:00:50 | DEBUG    | Task da529039-26da-446c-9357-de4cf87fbbb6 state=PENDING elapsed=0s — waiting …
2026-02-27 19:00:55 | DEBUG    | Task da529039-26da-446c-9357-de4cf87fbbb6 state=PENDING elapsed=5s — waiting …
2026-02-27 19:01:00 | DEBUG    | Task da529039-26da-446c-9357-de4cf87fbbb6 state=PENDING elapsed=10s — waiting …
2026-02-27 19:01:05 | DEBUG    | Task da529039-26da-446c-9357-de4cf87fbbb6 state=PENDING elapsed=15s — waiting …
2026-02-27 19:01:10 | DEBUG    | Task da529039-26da-446c-9357-de4cf87fbbb6 state=PENDING elapsed=20s — waiting …
2026-02-27 19:01:15 | DEBUG    | Task da529039-26da-446c-9357-de4cf87fbbb6 state=PENDING elapsed=25s — waiting …
2026-02-27 19:01:20 | DEBUG    | Task da529039-26da-446c-9357-de4cf87fbbb6 state=PENDING elapsed=30s — waiting …
2026-02-27 19:01:25 | DEBUG    | Task da529039-26da-446c-9357-de4cf87fbbb6 state=PENDING elapsed=35s — waiting …
2026-02-27 19:01:30 | DEBUG    | Task da529039-26da-446c-9357-de4cf87fbbb6 state=PENDING elapsed=40s — waiting …
2026-02-27 19:01:35 | DEBUG    | Task da529039-26da-446c-9357-de4cf87fbbb6 state=PENDING elapsed=45s — waiting …
2026-02-27 19:01:43 | INFO     | Task da529039-26da-446c-9357-de4cf87fbbb6 FINISHED in 53s
2026-02-27 19:01:43 | INFO     | ✅ batch 95/131 (16 files) complete
2026-02-27 19:01:43 | INFO     | --- batch 96/131 (16 files) ---
2026-02-27 19:01:43 | DEBUG    |   Files: CRR201502.pdf, CRR201503.pdf, CRR201504.pdf, CRR201505.pdf, CRR201506.pdf, CRR201507.pdf, CRR201508.pdf, CRR201509.pdf, CRR201510.pdf, CRR201511.pdf, CRR201512.pdf, CRR201513.pdf, CRR201514.pdf, CRR201515.pdf, CRR201516.pdf, CRR201517.pdf
2026-02-27 19:01:47 | INFO     | Upload accepted → task_id=b97f86fc-8e8a-4f74-b04e-0bd5b2d5234b
2026-02-27 19:01:47 | DEBUG    | Task b97f86fc-8e8a-4f74-b04e-0bd5b2d5234b state=PENDING elapsed=0s — waiting …
2026-02-27 19:01:52 | DEBUG    | Task b97f86fc-8e8a-4f74-b04e-0bd5b2d5234b state=PENDING elapsed=5s — waiting …
2026-02-27 19:01:57 | DEBUG    | Task b97f86fc-8e8a-4f74-b04e-0bd5b2d5234b state=PENDING elapsed=10s — waiting …
2026-02-27 19:02:02 | DEBUG    | Task b97f86fc-8e8a-4f74-b04e-0bd5b2d5234b state=PENDING elapsed=15s — waiting …
2026-02-27 19:02:07 | DEBUG    | Task b97f86fc-8e8a-4f74-b04e-0bd5b2d5234b state=PENDING elapsed=20s — waiting …
2026-02-27 19:02:12 | DEBUG    | Task b97f86fc-8e8a-4f74-b04e-0bd5b2d5234b state=PENDING elapsed=25s — waiting …
2026-02-27 19:02:17 | DEBUG    | Task b97f86fc-8e8a-4f74-b04e-0bd5b2d5234b state=PENDING elapsed=30s — waiting …
2026-02-27 19:02:22 | DEBUG    | Task b97f86fc-8e8a-4f74-b04e-0bd5b2d5234b state=PENDING elapsed=35s — waiting …
2026-02-27 19:02:28 | INFO     | Task b97f86fc-8e8a-4f74-b04e-0bd5b2d5234b FINISHED in 41s
2026-02-27 19:02:28 | INFO     | ✅ batch 96/131 (16 files) complete
2026-02-27 19:02:28 | INFO     | --- batch 97/131 (16 files) ---
2026-02-27 19:02:28 | DEBUG    |   Files: CRR201518.pdf, CRR201519.pdf, CRR201520.pdf, CRR201521.pdf, CRR201522.pdf, CRR201523.pdf, CRR201524.pdf, CRR201525.pdf, CRR201526.pdf, CRR201527.pdf, CRR201528.pdf, CRR201529.pdf, CRR201530.pdf, CRR201531.pdf, CRR201532.pdf, CRR201533.pdf
2026-02-27 19:02:32 | INFO     | Upload accepted → task_id=00a734a0-b06c-4526-8a3a-7f20765318a9
2026-02-27 19:02:32 | DEBUG    | Task 00a734a0-b06c-4526-8a3a-7f20765318a9 state=PENDING elapsed=0s — waiting …
2026-02-27 19:02:37 | DEBUG    | Task 00a734a0-b06c-4526-8a3a-7f20765318a9 state=PENDING elapsed=5s — waiting …
2026-02-27 19:02:42 | DEBUG    | Task 00a734a0-b06c-4526-8a3a-7f20765318a9 state=PENDING elapsed=10s — waiting …
2026-02-27 19:02:47 | DEBUG    | Task 00a734a0-b06c-4526-8a3a-7f20765318a9 state=PENDING elapsed=15s — waiting …
2026-02-27 19:02:52 | DEBUG    | Task 00a734a0-b06c-4526-8a3a-7f20765318a9 state=PENDING elapsed=20s — waiting …
2026-02-27 19:02:57 | DEBUG    | Task 00a734a0-b06c-4526-8a3a-7f20765318a9 state=PENDING elapsed=25s — waiting …
2026-02-27 19:03:02 | DEBUG    | Task 00a734a0-b06c-4526-8a3a-7f20765318a9 state=PENDING elapsed=30s — waiting …
2026-02-27 19:03:10 | INFO     | Task 00a734a0-b06c-4526-8a3a-7f20765318a9 FINISHED in 38s
2026-02-27 19:03:10 | INFO     | ✅ batch 97/131 (16 files) complete
2026-02-27 19:03:10 | INFO     | --- batch 98/131 (16 files) ---
2026-02-27 19:03:10 | DEBUG    |   Files: CRR201534.pdf, CRR201535.pdf, CRR201536.pdf, CRR201537.pdf, CRR201538.pdf, CRR201539.pdf, CRR201540.pdf, CRR201541.pdf, CRR201542.pdf, CRR201543.pdf, CRR201544.pdf, CRR201545.pdf, CRR201546.pdf, CRR201547.pdf, CRR201548.pdf, CRR201549.pdf
2026-02-27 19:03:13 | INFO     | Upload accepted → task_id=df8c8f93-a680-4406-afde-4b32da4b093d
2026-02-27 19:03:13 | DEBUG    | Task df8c8f93-a680-4406-afde-4b32da4b093d state=PENDING elapsed=0s — waiting …
2026-02-27 19:03:19 | DEBUG    | Task df8c8f93-a680-4406-afde-4b32da4b093d state=PENDING elapsed=5s — waiting …
2026-02-27 19:03:24 | DEBUG    | Task df8c8f93-a680-4406-afde-4b32da4b093d state=PENDING elapsed=10s — waiting …
2026-02-27 19:03:29 | DEBUG    | Task df8c8f93-a680-4406-afde-4b32da4b093d state=PENDING elapsed=15s — waiting …
2026-02-27 19:03:34 | DEBUG    | Task df8c8f93-a680-4406-afde-4b32da4b093d state=PENDING elapsed=20s — waiting …
2026-02-27 19:03:39 | DEBUG    | Task df8c8f93-a680-4406-afde-4b32da4b093d state=PENDING elapsed=25s — waiting …
2026-02-27 19:03:44 | DEBUG    | Task df8c8f93-a680-4406-afde-4b32da4b093d state=PENDING elapsed=30s — waiting …
2026-02-27 19:03:49 | DEBUG    | Task df8c8f93-a680-4406-afde-4b32da4b093d state=PENDING elapsed=35s — waiting …
2026-02-27 19:03:55 | INFO     | Task df8c8f93-a680-4406-afde-4b32da4b093d FINISHED in 41s
2026-02-27 19:03:55 | INFO     | ✅ batch 98/131 (16 files) complete
2026-02-27 19:03:55 | INFO     | --- batch 99/131 (16 files) ---
2026-02-27 19:03:55 | DEBUG    |   Files: CRR201550.pdf, CRR201551.pdf, CRR201552.pdf, CRR201553.pdf, CRR201554.pdf, CRR201555.pdf, CRR201556.pdf, CRR201557.pdf, CRR201558.pdf, CRR201559.pdf, CRR201560.pdf, CRR201561.pdf, CRR201562.pdf, CRR201563.pdf, CRR201564.pdf, CRR201565.pdf
2026-02-27 19:03:58 | INFO     | Upload accepted → task_id=710ce142-deaa-4650-9f3a-2c419608374f
2026-02-27 19:03:58 | DEBUG    | Task 710ce142-deaa-4650-9f3a-2c419608374f state=PENDING elapsed=0s — waiting …
2026-02-27 19:04:03 | DEBUG    | Task 710ce142-deaa-4650-9f3a-2c419608374f state=PENDING elapsed=5s — waiting …
2026-02-27 19:04:08 | DEBUG    | Task 710ce142-deaa-4650-9f3a-2c419608374f state=PENDING elapsed=10s — waiting …
2026-02-27 19:04:13 | DEBUG    | Task 710ce142-deaa-4650-9f3a-2c419608374f state=PENDING elapsed=15s — waiting …
2026-02-27 19:04:18 | DEBUG    | Task 710ce142-deaa-4650-9f3a-2c419608374f state=PENDING elapsed=20s — waiting …
2026-02-27 19:04:23 | DEBUG    | Task 710ce142-deaa-4650-9f3a-2c419608374f state=PENDING elapsed=25s — waiting …
2026-02-27 19:04:28 | DEBUG    | Task 710ce142-deaa-4650-9f3a-2c419608374f state=PENDING elapsed=30s — waiting …
2026-02-27 19:04:34 | INFO     | Task 710ce142-deaa-4650-9f3a-2c419608374f FINISHED in 36s
2026-02-27 19:04:34 | INFO     | ✅ batch 99/131 (16 files) complete
2026-02-27 19:04:34 | INFO     | --- batch 100/131 (16 files) ---
2026-02-27 19:04:34 | DEBUG    |   Files: CRR201566.pdf, CRR201567.pdf, CRR201568.pdf, CRR201569.pdf, CRR201570.pdf, CRR201571.pdf, CRR201572.pdf, CRR201573.pdf, CRR201574.pdf, CRR201575.pdf, CRR201576.pdf, CRR201577.pdf, SummaryBook2015.pdf, CRR201600.pdf, CRR201601.pdf, CRR201602.pdf
2026-02-27 19:04:39 | INFO     | Upload accepted → task_id=852c8962-76e2-4690-890d-7d427a56236e
2026-02-27 19:04:39 | DEBUG    | Task 852c8962-76e2-4690-890d-7d427a56236e state=PENDING elapsed=0s — waiting …
2026-02-27 19:04:44 | DEBUG    | Task 852c8962-76e2-4690-890d-7d427a56236e state=PENDING elapsed=5s — waiting …
2026-02-27 19:04:49 | DEBUG    | Task 852c8962-76e2-4690-890d-7d427a56236e state=PENDING elapsed=10s — waiting …
2026-02-27 19:04:54 | DEBUG    | Task 852c8962-76e2-4690-890d-7d427a56236e state=PENDING elapsed=15s — waiting …
2026-02-27 19:04:59 | DEBUG    | Task 852c8962-76e2-4690-890d-7d427a56236e state=PENDING elapsed=20s — waiting …
2026-02-27 19:05:04 | DEBUG    | Task 852c8962-76e2-4690-890d-7d427a56236e state=PENDING elapsed=25s — waiting …
2026-02-27 19:05:09 | DEBUG    | Task 852c8962-76e2-4690-890d-7d427a56236e state=PENDING elapsed=30s — waiting …
2026-02-27 19:05:14 | DEBUG    | Task 852c8962-76e2-4690-890d-7d427a56236e state=PENDING elapsed=35s — waiting …
2026-02-27 19:05:19 | DEBUG    | Task 852c8962-76e2-4690-890d-7d427a56236e state=PENDING elapsed=40s — waiting …
2026-02-27 19:05:24 | DEBUG    | Task 852c8962-76e2-4690-890d-7d427a56236e state=PENDING elapsed=45s — waiting …
2026-02-27 19:05:29 | DEBUG    | Task 852c8962-76e2-4690-890d-7d427a56236e state=PENDING elapsed=50s — waiting …
2026-02-27 19:05:34 | DEBUG    | Task 852c8962-76e2-4690-890d-7d427a56236e state=PENDING elapsed=55s — waiting …
2026-02-27 19:05:39 | DEBUG    | Task 852c8962-76e2-4690-890d-7d427a56236e state=PENDING elapsed=60s — waiting …
2026-02-27 19:05:44 | DEBUG    | Task 852c8962-76e2-4690-890d-7d427a56236e state=PENDING elapsed=65s — waiting …
2026-02-27 19:05:49 | DEBUG    | Task 852c8962-76e2-4690-890d-7d427a56236e state=PENDING elapsed=70s — waiting …
2026-02-27 19:05:54 | DEBUG    | Task 852c8962-76e2-4690-890d-7d427a56236e state=PENDING elapsed=75s — waiting …
2026-02-27 19:05:59 | DEBUG    | Task 852c8962-76e2-4690-890d-7d427a56236e state=PENDING elapsed=80s — waiting …
2026-02-27 19:06:04 | DEBUG    | Task 852c8962-76e2-4690-890d-7d427a56236e state=PENDING elapsed=85s — waiting …
2026-02-27 19:06:18 | INFO     | Task 852c8962-76e2-4690-890d-7d427a56236e FINISHED in 99s
2026-02-27 19:06:18 | INFO     | ✅ batch 100/131 (16 files) complete
2026-02-27 19:06:18 | INFO     | --- batch 101/131 (16 files) ---
2026-02-27 19:06:18 | DEBUG    |   Files: CRR201603.pdf, CRR201604.pdf, CRR201605.pdf, CRR201606.pdf, CRR201607.pdf, CRR201608.pdf, CRR201609.pdf, CRR201610.pdf, CRR201611.pdf, CRR201612.pdf, CRR201613.pdf, CRR201614.pdf, CRR201615.pdf, CRR201616.pdf, CRR201617.pdf, CRR201618.pdf
2026-02-27 19:06:21 | INFO     | Upload accepted → task_id=714cdfdb-57af-4558-b2f9-462fba256ae9
2026-02-27 19:06:21 | DEBUG    | Task 714cdfdb-57af-4558-b2f9-462fba256ae9 state=PENDING elapsed=0s — waiting …
2026-02-27 19:06:26 | DEBUG    | Task 714cdfdb-57af-4558-b2f9-462fba256ae9 state=PENDING elapsed=5s — waiting …
2026-02-27 19:06:31 | DEBUG    | Task 714cdfdb-57af-4558-b2f9-462fba256ae9 state=PENDING elapsed=10s — waiting …
2026-02-27 19:06:36 | DEBUG    | Task 714cdfdb-57af-4558-b2f9-462fba256ae9 state=PENDING elapsed=15s — waiting …
2026-02-27 19:06:41 | DEBUG    | Task 714cdfdb-57af-4558-b2f9-462fba256ae9 state=PENDING elapsed=20s — waiting …
2026-02-27 19:06:47 | DEBUG    | Task 714cdfdb-57af-4558-b2f9-462fba256ae9 state=PENDING elapsed=25s — waiting …
2026-02-27 19:06:53 | INFO     | Task 714cdfdb-57af-4558-b2f9-462fba256ae9 FINISHED in 31s
2026-02-27 19:06:53 | INFO     | ✅ batch 101/131 (16 files) complete
2026-02-27 19:06:53 | INFO     | --- batch 102/131 (16 files) ---
2026-02-27 19:06:53 | DEBUG    |   Files: CRR201619.pdf, CRR201620.pdf, CRR201621.pdf, CRR201622.pdf, CRR201623.pdf, CRR201624.pdf, CRR201625.pdf, CRR201626.pdf, CRR201627.pdf, CRR201628.pdf, CRR201629.pdf, CRR201630.pdf, CRR201631.pdf, CRR201632.pdf, CRR201633.pdf, CRR201634.pdf
2026-02-27 19:06:57 | INFO     | Upload accepted → task_id=bdfddf4f-d715-4277-bfef-77a3666c33cf
2026-02-27 19:06:57 | DEBUG    | Task bdfddf4f-d715-4277-bfef-77a3666c33cf state=PENDING elapsed=0s — waiting …
2026-02-27 19:07:02 | DEBUG    | Task bdfddf4f-d715-4277-bfef-77a3666c33cf state=PENDING elapsed=5s — waiting …
2026-02-27 19:07:07 | DEBUG    | Task bdfddf4f-d715-4277-bfef-77a3666c33cf state=PENDING elapsed=10s — waiting …
2026-02-27 19:07:12 | DEBUG    | Task bdfddf4f-d715-4277-bfef-77a3666c33cf state=PENDING elapsed=15s — waiting …
2026-02-27 19:07:17 | DEBUG    | Task bdfddf4f-d715-4277-bfef-77a3666c33cf state=PENDING elapsed=20s — waiting …
2026-02-27 19:07:22 | DEBUG    | Task bdfddf4f-d715-4277-bfef-77a3666c33cf state=PENDING elapsed=25s — waiting …
2026-02-27 19:07:27 | DEBUG    | Task bdfddf4f-d715-4277-bfef-77a3666c33cf state=PENDING elapsed=30s — waiting …
2026-02-27 19:07:32 | DEBUG    | Task bdfddf4f-d715-4277-bfef-77a3666c33cf state=PENDING elapsed=35s — waiting …
2026-02-27 19:07:37 | DEBUG    | Task bdfddf4f-d715-4277-bfef-77a3666c33cf state=PENDING elapsed=40s — waiting …
2026-02-27 19:07:45 | INFO     | Task bdfddf4f-d715-4277-bfef-77a3666c33cf FINISHED in 48s
2026-02-27 19:07:45 | INFO     | ✅ batch 102/131 (16 files) complete
2026-02-27 19:07:45 | INFO     | --- batch 103/131 (16 files) ---
2026-02-27 19:07:45 | DEBUG    |   Files: CRR201635.pdf, CRR201636.pdf, CRR201637.pdf, CRR201638.pdf, CRR201639.pdf, CRR201640.pdf, CRR201641.pdf, CRR201642.pdf, CRR201643.pdf, CRR201644.pdf, CRR201645.pdf, CRR201646.pdf, CRR201647.pdf, CRR201648.pdf, CRR201649.pdf, CRR201650.pdf
2026-02-27 19:07:49 | INFO     | Upload accepted → task_id=379df3c3-a330-45af-9ca6-258daac4ded3
2026-02-27 19:07:49 | DEBUG    | Task 379df3c3-a330-45af-9ca6-258daac4ded3 state=PENDING elapsed=0s — waiting …
2026-02-27 19:07:54 | DEBUG    | Task 379df3c3-a330-45af-9ca6-258daac4ded3 state=PENDING elapsed=5s — waiting …
2026-02-27 19:07:59 | DEBUG    | Task 379df3c3-a330-45af-9ca6-258daac4ded3 state=PENDING elapsed=10s — waiting …
2026-02-27 19:08:04 | DEBUG    | Task 379df3c3-a330-45af-9ca6-258daac4ded3 state=PENDING elapsed=15s — waiting …
2026-02-27 19:08:09 | DEBUG    | Task 379df3c3-a330-45af-9ca6-258daac4ded3 state=PENDING elapsed=20s — waiting …
2026-02-27 19:08:14 | DEBUG    | Task 379df3c3-a330-45af-9ca6-258daac4ded3 state=PENDING elapsed=25s — waiting …
2026-02-27 19:08:19 | DEBUG    | Task 379df3c3-a330-45af-9ca6-258daac4ded3 state=PENDING elapsed=30s — waiting …
2026-02-27 19:08:24 | DEBUG    | Task 379df3c3-a330-45af-9ca6-258daac4ded3 state=PENDING elapsed=35s — waiting …
2026-02-27 19:08:33 | INFO     | Task 379df3c3-a330-45af-9ca6-258daac4ded3 FINISHED in 43s
2026-02-27 19:08:33 | INFO     | ✅ batch 103/131 (16 files) complete
2026-02-27 19:08:33 | INFO     | --- batch 104/131 (16 files) ---
2026-02-27 19:08:33 | DEBUG    |   Files: CRR201651.pdf, CRR201652.pdf, CRR201653.pdf, CRR201654.pdf, CRR201655.pdf, CRR201656.pdf, CRR201657.pdf, CRR201658.pdf, CRR201659.pdf, CRR201660.pdf, CRR201661.pdf, CRR201662.pdf, CRR201663.pdf, CRR201664.pdf, CRR201665.pdf, CRR201666.pdf
2026-02-27 19:08:37 | INFO     | Upload accepted → task_id=2a96c033-3b25-4f3e-a573-20127a743b09
2026-02-27 19:08:37 | DEBUG    | Task 2a96c033-3b25-4f3e-a573-20127a743b09 state=PENDING elapsed=0s — waiting …
2026-02-27 19:08:42 | DEBUG    | Task 2a96c033-3b25-4f3e-a573-20127a743b09 state=PENDING elapsed=5s — waiting …
2026-02-27 19:08:47 | DEBUG    | Task 2a96c033-3b25-4f3e-a573-20127a743b09 state=PENDING elapsed=10s — waiting …
2026-02-27 19:08:52 | DEBUG    | Task 2a96c033-3b25-4f3e-a573-20127a743b09 state=PENDING elapsed=15s — waiting …
2026-02-27 19:08:57 | DEBUG    | Task 2a96c033-3b25-4f3e-a573-20127a743b09 state=PENDING elapsed=20s — waiting …
2026-02-27 19:09:02 | DEBUG    | Task 2a96c033-3b25-4f3e-a573-20127a743b09 state=PENDING elapsed=25s — waiting …
2026-02-27 19:09:07 | DEBUG    | Task 2a96c033-3b25-4f3e-a573-20127a743b09 state=PENDING elapsed=30s — waiting …
2026-02-27 19:09:12 | DEBUG    | Task 2a96c033-3b25-4f3e-a573-20127a743b09 state=PENDING elapsed=35s — waiting …
2026-02-27 19:09:17 | DEBUG    | Task 2a96c033-3b25-4f3e-a573-20127a743b09 state=PENDING elapsed=40s — waiting …
2026-02-27 19:09:22 | DEBUG    | Task 2a96c033-3b25-4f3e-a573-20127a743b09 state=PENDING elapsed=45s — waiting …
2026-02-27 19:09:27 | INFO     | Task 2a96c033-3b25-4f3e-a573-20127a743b09 FINISHED in 50s
2026-02-27 19:09:27 | INFO     | ✅ batch 104/131 (16 files) complete
2026-02-27 19:09:27 | INFO     | --- batch 105/131 (16 files) ---
2026-02-27 19:09:27 | DEBUG    |   Files: CRR201667.pdf, CRR201668.pdf, CRR201669.pdf, CRR201670.pdf, CRR201671.pdf, CRR201672.pdf, CRR201673.pdf, CRR201674.pdf, CRR201675.pdf, CRR201676.pdf, CRR201677.pdf, CRR201678.pdf, CRR201679.pdf, CRR201680.pdf, CRR201681.pdf, CRR201682.pdf
2026-02-27 19:09:31 | INFO     | Upload accepted → task_id=9082419f-7f57-437c-b82d-21c391695314
2026-02-27 19:09:31 | DEBUG    | Task 9082419f-7f57-437c-b82d-21c391695314 state=PENDING elapsed=0s — waiting …
2026-02-27 19:09:36 | DEBUG    | Task 9082419f-7f57-437c-b82d-21c391695314 state=PENDING elapsed=5s — waiting …
2026-02-27 19:09:41 | DEBUG    | Task 9082419f-7f57-437c-b82d-21c391695314 state=PENDING elapsed=10s — waiting …
2026-02-27 19:09:46 | DEBUG    | Task 9082419f-7f57-437c-b82d-21c391695314 state=PENDING elapsed=15s — waiting …
2026-02-27 19:09:51 | DEBUG    | Task 9082419f-7f57-437c-b82d-21c391695314 state=PENDING elapsed=20s — waiting …
2026-02-27 19:09:56 | DEBUG    | Task 9082419f-7f57-437c-b82d-21c391695314 state=PENDING elapsed=25s — waiting …
2026-02-27 19:10:01 | DEBUG    | Task 9082419f-7f57-437c-b82d-21c391695314 state=PENDING elapsed=30s — waiting …
2026-02-27 19:10:06 | DEBUG    | Task 9082419f-7f57-437c-b82d-21c391695314 state=PENDING elapsed=35s — waiting …
2026-02-27 19:10:24 | INFO     | Task 9082419f-7f57-437c-b82d-21c391695314 FINISHED in 53s
2026-02-27 19:10:24 | INFO     | ✅ batch 105/131 (16 files) complete
2026-02-27 19:10:24 | INFO     | --- batch 106/131 (16 files) ---
2026-02-27 19:10:24 | DEBUG    |   Files: CRR201683.pdf, CRR201700.pdf, CRR201701.pdf, CRR201702.pdf, CRR201703.pdf, CRR201704.pdf, CRR201705.pdf, CRR201706.pdf, CRR201707.pdf, CRR201708.pdf, CRR201709.pdf, CRR201710.pdf, CRR201711.pdf, CRR201712.pdf, CRR201713.pdf, CRR201714.pdf
2026-02-27 19:10:34 | INFO     | Upload accepted → task_id=e03f70bb-422e-48df-ada0-cb41cf26f554
2026-02-27 19:10:34 | DEBUG    | Task e03f70bb-422e-48df-ada0-cb41cf26f554 state=PENDING elapsed=0s — waiting …
2026-02-27 19:10:39 | DEBUG    | Task e03f70bb-422e-48df-ada0-cb41cf26f554 state=PENDING elapsed=5s — waiting …
2026-02-27 19:10:44 | DEBUG    | Task e03f70bb-422e-48df-ada0-cb41cf26f554 state=PENDING elapsed=10s — waiting …
2026-02-27 19:10:49 | DEBUG    | Task e03f70bb-422e-48df-ada0-cb41cf26f554 state=PENDING elapsed=15s — waiting …
2026-02-27 19:10:54 | DEBUG    | Task e03f70bb-422e-48df-ada0-cb41cf26f554 state=PENDING elapsed=20s — waiting …
2026-02-27 19:10:59 | DEBUG    | Task e03f70bb-422e-48df-ada0-cb41cf26f554 state=PENDING elapsed=25s — waiting …
2026-02-27 19:11:04 | DEBUG    | Task e03f70bb-422e-48df-ada0-cb41cf26f554 state=PENDING elapsed=30s — waiting …
2026-02-27 19:11:09 | DEBUG    | Task e03f70bb-422e-48df-ada0-cb41cf26f554 state=PENDING elapsed=35s — waiting …
2026-02-27 19:11:14 | DEBUG    | Task e03f70bb-422e-48df-ada0-cb41cf26f554 state=PENDING elapsed=40s — waiting …
2026-02-27 19:11:19 | DEBUG    | Task e03f70bb-422e-48df-ada0-cb41cf26f554 state=PENDING elapsed=45s — waiting …
2026-02-27 19:11:24 | DEBUG    | Task e03f70bb-422e-48df-ada0-cb41cf26f554 state=PENDING elapsed=50s — waiting …
2026-02-27 19:11:31 | INFO     | Task e03f70bb-422e-48df-ada0-cb41cf26f554 FINISHED in 58s
2026-02-27 19:11:31 | INFO     | ✅ batch 106/131 (16 files) complete
2026-02-27 19:11:31 | INFO     | --- batch 107/131 (16 files) ---
2026-02-27 19:11:31 | DEBUG    |   Files: CRR201715.pdf, CRR201716.pdf, CRR201717.pdf, CRR201718.pdf, CRR201719.pdf, CRR201720.pdf, CRR201721.pdf, CRR201722.pdf, CRR201723.pdf, CRR201724.pdf, CRR201725.pdf, CRR201726.pdf, CRR201727.pdf, CRR201728.pdf, CRR201729.pdf, CRR201730.pdf
2026-02-27 19:11:35 | INFO     | Upload accepted → task_id=86eb5843-2bb4-497d-8388-7c8c35784d84
2026-02-27 19:11:35 | DEBUG    | Task 86eb5843-2bb4-497d-8388-7c8c35784d84 state=PENDING elapsed=0s — waiting …
2026-02-27 19:11:40 | DEBUG    | Task 86eb5843-2bb4-497d-8388-7c8c35784d84 state=PENDING elapsed=5s — waiting …
2026-02-27 19:11:45 | DEBUG    | Task 86eb5843-2bb4-497d-8388-7c8c35784d84 state=PENDING elapsed=10s — waiting …
2026-02-27 19:11:50 | DEBUG    | Task 86eb5843-2bb4-497d-8388-7c8c35784d84 state=PENDING elapsed=15s — waiting …
2026-02-27 19:11:55 | DEBUG    | Task 86eb5843-2bb4-497d-8388-7c8c35784d84 state=PENDING elapsed=20s — waiting …
2026-02-27 19:12:00 | DEBUG    | Task 86eb5843-2bb4-497d-8388-7c8c35784d84 state=PENDING elapsed=25s — waiting …
2026-02-27 19:12:05 | DEBUG    | Task 86eb5843-2bb4-497d-8388-7c8c35784d84 state=PENDING elapsed=30s — waiting …
2026-02-27 19:12:10 | DEBUG    | Task 86eb5843-2bb4-497d-8388-7c8c35784d84 state=PENDING elapsed=35s — waiting …
2026-02-27 19:12:15 | DEBUG    | Task 86eb5843-2bb4-497d-8388-7c8c35784d84 state=PENDING elapsed=40s — waiting …
2026-02-27 19:12:20 | DEBUG    | Task 86eb5843-2bb4-497d-8388-7c8c35784d84 state=PENDING elapsed=45s — waiting …
2026-02-27 19:12:25 | INFO     | Task 86eb5843-2bb4-497d-8388-7c8c35784d84 FINISHED in 50s
2026-02-27 19:12:25 | INFO     | ✅ batch 107/131 (16 files) complete
2026-02-27 19:12:25 | INFO     | --- batch 108/131 (16 files) ---
2026-02-27 19:12:25 | DEBUG    |   Files: CRR201731.pdf, CRR201800.pdf, CRR201801.pdf, CRR201802.pdf, CRR201803.pdf, CRR201804.pdf, CRR201805.pdf, CRR201806.pdf, CRR201807.pdf, CRR201808.pdf, CRR201809.pdf, CRR201810.pdf, CRR201811.pdf, CRR201812.pdf, CRR201813.pdf, CRR201814.pdf
2026-02-27 19:12:30 | INFO     | Upload accepted → task_id=fedc5e2d-ac75-4ec0-8755-4a2287269448
2026-02-27 19:12:30 | DEBUG    | Task fedc5e2d-ac75-4ec0-8755-4a2287269448 state=PENDING elapsed=0s — waiting …
2026-02-27 19:12:35 | DEBUG    | Task fedc5e2d-ac75-4ec0-8755-4a2287269448 state=PENDING elapsed=5s — waiting …
2026-02-27 19:12:40 | DEBUG    | Task fedc5e2d-ac75-4ec0-8755-4a2287269448 state=PENDING elapsed=10s — waiting …
2026-02-27 19:12:45 | DEBUG    | Task fedc5e2d-ac75-4ec0-8755-4a2287269448 state=PENDING elapsed=15s — waiting …
2026-02-27 19:12:50 | DEBUG    | Task fedc5e2d-ac75-4ec0-8755-4a2287269448 state=PENDING elapsed=20s — waiting …
2026-02-27 19:12:55 | DEBUG    | Task fedc5e2d-ac75-4ec0-8755-4a2287269448 state=PENDING elapsed=25s — waiting …
2026-02-27 19:13:00 | DEBUG    | Task fedc5e2d-ac75-4ec0-8755-4a2287269448 state=PENDING elapsed=30s — waiting …
2026-02-27 19:13:05 | DEBUG    | Task fedc5e2d-ac75-4ec0-8755-4a2287269448 state=PENDING elapsed=35s — waiting …
2026-02-27 19:13:10 | DEBUG    | Task fedc5e2d-ac75-4ec0-8755-4a2287269448 state=PENDING elapsed=40s — waiting …
2026-02-27 19:13:15 | DEBUG    | Task fedc5e2d-ac75-4ec0-8755-4a2287269448 state=PENDING elapsed=45s — waiting …
2026-02-27 19:13:20 | DEBUG    | Task fedc5e2d-ac75-4ec0-8755-4a2287269448 state=PENDING elapsed=50s — waiting …
2026-02-27 19:13:25 | DEBUG    | Task fedc5e2d-ac75-4ec0-8755-4a2287269448 state=PENDING elapsed=55s — waiting …
2026-02-27 19:13:31 | INFO     | Task fedc5e2d-ac75-4ec0-8755-4a2287269448 FINISHED in 62s
2026-02-27 19:13:31 | INFO     | ✅ batch 108/131 (16 files) complete
2026-02-27 19:13:31 | INFO     | --- batch 109/131 (16 files) ---
2026-02-27 19:13:31 | DEBUG    |   Files: CRR201815.pdf, CRR201816.pdf, CRR201817.pdf, CRR201818.pdf, CRR201819.pdf, CRR201820.pdf, CRR201821.pdf, CRR201822.pdf, CRR201823.pdf, CRR201824.pdf, CRR201825.pdf, CRR201826.pdf, CRR201827.pdf, CRR201828.pdf, CRR201829.pdf, CRR201830.pdf
2026-02-27 19:13:36 | INFO     | Upload accepted → task_id=be215f1d-2e95-49c4-99af-8cefcf51372f
2026-02-27 19:13:36 | DEBUG    | Task be215f1d-2e95-49c4-99af-8cefcf51372f state=PENDING elapsed=0s — waiting …
2026-02-27 19:13:41 | DEBUG    | Task be215f1d-2e95-49c4-99af-8cefcf51372f state=PENDING elapsed=5s — waiting …
2026-02-27 19:13:46 | DEBUG    | Task be215f1d-2e95-49c4-99af-8cefcf51372f state=PENDING elapsed=10s — waiting …
2026-02-27 19:13:51 | DEBUG    | Task be215f1d-2e95-49c4-99af-8cefcf51372f state=PENDING elapsed=15s — waiting …
2026-02-27 19:13:56 | DEBUG    | Task be215f1d-2e95-49c4-99af-8cefcf51372f state=PENDING elapsed=20s — waiting …
2026-02-27 19:14:01 | DEBUG    | Task be215f1d-2e95-49c4-99af-8cefcf51372f state=PENDING elapsed=25s — waiting …
2026-02-27 19:14:06 | DEBUG    | Task be215f1d-2e95-49c4-99af-8cefcf51372f state=PENDING elapsed=30s — waiting …
2026-02-27 19:14:11 | DEBUG    | Task be215f1d-2e95-49c4-99af-8cefcf51372f state=PENDING elapsed=35s — waiting …
2026-02-27 19:14:16 | INFO     | Task be215f1d-2e95-49c4-99af-8cefcf51372f FINISHED in 41s
2026-02-27 19:14:16 | INFO     | ✅ batch 109/131 (16 files) complete
2026-02-27 19:14:16 | INFO     | --- batch 110/131 (16 files) ---
2026-02-27 19:14:16 | DEBUG    |   Files: CRR201831.pdf, CRR201832.pdf, CRR201833.pdf, CRR201834.pdf, CRR201835.pdf, CRR201836.pdf, CRR201837.pdf, CRR201838.pdf, CRR201839.pdf, CRR201840.pdf, CRR201841.pdf, CRR201842.pdf, CRR201843.pdf, CRR201844.pdf, CRR201845.pdf, CRR201846.pdf
2026-02-27 19:14:22 | INFO     | Upload accepted → task_id=71af5aa6-8952-4dd3-8b66-e16b892776c7
2026-02-27 19:14:22 | DEBUG    | Task 71af5aa6-8952-4dd3-8b66-e16b892776c7 state=PENDING elapsed=0s — waiting …
2026-02-27 19:14:27 | DEBUG    | Task 71af5aa6-8952-4dd3-8b66-e16b892776c7 state=PENDING elapsed=5s — waiting …
2026-02-27 19:14:32 | DEBUG    | Task 71af5aa6-8952-4dd3-8b66-e16b892776c7 state=PENDING elapsed=10s — waiting …
2026-02-27 19:14:37 | DEBUG    | Task 71af5aa6-8952-4dd3-8b66-e16b892776c7 state=PENDING elapsed=15s — waiting …
2026-02-27 19:14:42 | DEBUG    | Task 71af5aa6-8952-4dd3-8b66-e16b892776c7 state=PENDING elapsed=20s — waiting …
2026-02-27 19:14:47 | DEBUG    | Task 71af5aa6-8952-4dd3-8b66-e16b892776c7 state=PENDING elapsed=25s — waiting …
2026-02-27 19:14:52 | DEBUG    | Task 71af5aa6-8952-4dd3-8b66-e16b892776c7 state=PENDING elapsed=30s — waiting …
2026-02-27 19:15:01 | INFO     | Task 71af5aa6-8952-4dd3-8b66-e16b892776c7 FINISHED in 39s
2026-02-27 19:15:01 | INFO     | ✅ batch 110/131 (16 files) complete
2026-02-27 19:15:01 | INFO     | --- batch 111/131 (16 files) ---
2026-02-27 19:15:01 | DEBUG    |   Files: CRR201847.pdf, CRR201848.pdf, CRR201849.pdf, CRR201850.pdf, CRR201851.pdf, CRR201852.pdf, CRR201853.pdf, CRR201854.pdf, CRR201855.pdf, CRR201856.pdf, CRR201900.pdf, CRR201901.pdf, CRR201902.pdf, CRR201903.pdf, CRR201904.pdf, CRR201905.pdf
2026-02-27 19:15:10 | INFO     | Upload accepted → task_id=261ad265-ba13-40e8-be92-00c54059a9b4
2026-02-27 19:15:10 | DEBUG    | Task 261ad265-ba13-40e8-be92-00c54059a9b4 state=PENDING elapsed=0s — waiting …
2026-02-27 19:15:15 | DEBUG    | Task 261ad265-ba13-40e8-be92-00c54059a9b4 state=PENDING elapsed=5s — waiting …
2026-02-27 19:15:20 | DEBUG    | Task 261ad265-ba13-40e8-be92-00c54059a9b4 state=PENDING elapsed=10s — waiting …
2026-02-27 19:15:25 | DEBUG    | Task 261ad265-ba13-40e8-be92-00c54059a9b4 state=PENDING elapsed=15s — waiting …
2026-02-27 19:15:30 | DEBUG    | Task 261ad265-ba13-40e8-be92-00c54059a9b4 state=PENDING elapsed=20s — waiting …
2026-02-27 19:15:35 | DEBUG    | Task 261ad265-ba13-40e8-be92-00c54059a9b4 state=PENDING elapsed=25s — waiting …
2026-02-27 19:15:40 | DEBUG    | Task 261ad265-ba13-40e8-be92-00c54059a9b4 state=PENDING elapsed=30s — waiting …
2026-02-27 19:15:45 | DEBUG    | Task 261ad265-ba13-40e8-be92-00c54059a9b4 state=PENDING elapsed=35s — waiting …
2026-02-27 19:15:50 | DEBUG    | Task 261ad265-ba13-40e8-be92-00c54059a9b4 state=PENDING elapsed=40s — waiting …
2026-02-27 19:15:55 | DEBUG    | Task 261ad265-ba13-40e8-be92-00c54059a9b4 state=PENDING elapsed=45s — waiting …
2026-02-27 19:16:08 | INFO     | Task 261ad265-ba13-40e8-be92-00c54059a9b4 FINISHED in 58s
2026-02-27 19:16:08 | INFO     | ✅ batch 111/131 (16 files) complete
2026-02-27 19:16:08 | INFO     | --- batch 112/131 (16 files) ---
2026-02-27 19:16:08 | DEBUG    |   Files: CRR201906.pdf, CRR201907.pdf, CRR201908.pdf, CRR201909.pdf, CRR201910.pdf, CRR201912.pdf, CRR201913.pdf, CRR201914.pdf, CRR201915.pdf, CRR201916.pdf, CRR201917.pdf, CRR201918.pdf, CRR201919.pdf, CRR201920.pdf, CRR201921.pdf, CRR201922.pdf
2026-02-27 19:16:16 | INFO     | Upload accepted → task_id=9594698c-5112-4512-a3e6-b39577c5906d
2026-02-27 19:16:16 | DEBUG    | Task 9594698c-5112-4512-a3e6-b39577c5906d state=PENDING elapsed=0s — waiting …
2026-02-27 19:16:21 | DEBUG    | Task 9594698c-5112-4512-a3e6-b39577c5906d state=PENDING elapsed=5s — waiting …
2026-02-27 19:16:26 | DEBUG    | Task 9594698c-5112-4512-a3e6-b39577c5906d state=PENDING elapsed=10s — waiting …
2026-02-27 19:16:31 | DEBUG    | Task 9594698c-5112-4512-a3e6-b39577c5906d state=PENDING elapsed=15s — waiting …
2026-02-27 19:16:36 | DEBUG    | Task 9594698c-5112-4512-a3e6-b39577c5906d state=PENDING elapsed=20s — waiting …
2026-02-27 19:16:41 | DEBUG    | Task 9594698c-5112-4512-a3e6-b39577c5906d state=PENDING elapsed=25s — waiting …
2026-02-27 19:16:46 | DEBUG    | Task 9594698c-5112-4512-a3e6-b39577c5906d state=PENDING elapsed=30s — waiting …
2026-02-27 19:16:51 | DEBUG    | Task 9594698c-5112-4512-a3e6-b39577c5906d state=PENDING elapsed=35s — waiting …
2026-02-27 19:17:00 | INFO     | Task 9594698c-5112-4512-a3e6-b39577c5906d FINISHED in 44s
2026-02-27 19:17:00 | INFO     | ✅ batch 112/131 (16 files) complete
2026-02-27 19:17:00 | INFO     | --- batch 113/131 (16 files) ---
2026-02-27 19:17:00 | DEBUG    |   Files: CRR201923.pdf, CRR201924.pdf, CRR201925.pdf, CRR201926.pdf, CRR201927.pdf, CRR201928.pdf, CRR201929.pdf, CRR201930.pdf, CRR201931.pdf, CRR201932.pdf, CRR201933.pdf, CRR201934.pdf, CRR201935.pdf, CRR201936.pdf, CRR201937.pdf, CRR201938.pdf
2026-02-27 19:17:05 | INFO     | Upload accepted → task_id=2ed6a4e7-c208-4825-a28c-0025ce791eda
2026-02-27 19:17:05 | DEBUG    | Task 2ed6a4e7-c208-4825-a28c-0025ce791eda state=PENDING elapsed=0s — waiting …
2026-02-27 19:17:10 | DEBUG    | Task 2ed6a4e7-c208-4825-a28c-0025ce791eda state=PENDING elapsed=5s — waiting …
2026-02-27 19:17:15 | DEBUG    | Task 2ed6a4e7-c208-4825-a28c-0025ce791eda state=PENDING elapsed=10s — waiting …
2026-02-27 19:17:20 | DEBUG    | Task 2ed6a4e7-c208-4825-a28c-0025ce791eda state=PENDING elapsed=15s — waiting …
2026-02-27 19:17:25 | DEBUG    | Task 2ed6a4e7-c208-4825-a28c-0025ce791eda state=PENDING elapsed=20s — waiting …
2026-02-27 19:17:30 | DEBUG    | Task 2ed6a4e7-c208-4825-a28c-0025ce791eda state=PENDING elapsed=25s — waiting …
2026-02-27 19:17:38 | INFO     | Task 2ed6a4e7-c208-4825-a28c-0025ce791eda FINISHED in 32s
2026-02-27 19:17:38 | INFO     | ✅ batch 113/131 (16 files) complete
2026-02-27 19:17:38 | INFO     | --- batch 114/131 (16 files) ---
2026-02-27 19:17:38 | DEBUG    |   Files: CRR201939.pdf, CRR201940.pdf, CRR201941.pdf, CRR201942.pdf, CRR201943.pdf, CRR201944.pdf, CRR201945.pdf, CRR201946.pdf, CRR201947.pdf, CRR201948.pdf, CRR201949.pdf, CRR201950.pdf, CRR201951.pdf, CRR201952.pdf, CRR201953.pdf, CRR201954.pdf
2026-02-27 19:17:42 | INFO     | Upload accepted → task_id=a1cad337-44e3-4224-a574-1b8bbc79e0a0
2026-02-27 19:17:42 | DEBUG    | Task a1cad337-44e3-4224-a574-1b8bbc79e0a0 state=PENDING elapsed=0s — waiting …
2026-02-27 19:17:47 | DEBUG    | Task a1cad337-44e3-4224-a574-1b8bbc79e0a0 state=PENDING elapsed=5s — waiting …
2026-02-27 19:17:52 | DEBUG    | Task a1cad337-44e3-4224-a574-1b8bbc79e0a0 state=PENDING elapsed=10s — waiting …
2026-02-27 19:17:57 | DEBUG    | Task a1cad337-44e3-4224-a574-1b8bbc79e0a0 state=PENDING elapsed=15s — waiting …
2026-02-27 19:18:02 | DEBUG    | Task a1cad337-44e3-4224-a574-1b8bbc79e0a0 state=PENDING elapsed=20s — waiting …
2026-02-27 19:18:07 | DEBUG    | Task a1cad337-44e3-4224-a574-1b8bbc79e0a0 state=PENDING elapsed=25s — waiting …
2026-02-27 19:18:12 | DEBUG    | Task a1cad337-44e3-4224-a574-1b8bbc79e0a0 state=PENDING elapsed=30s — waiting …
2026-02-27 19:18:17 | DEBUG    | Task a1cad337-44e3-4224-a574-1b8bbc79e0a0 state=PENDING elapsed=35s — waiting …
2026-02-27 19:18:22 | DEBUG    | Task a1cad337-44e3-4224-a574-1b8bbc79e0a0 state=PENDING elapsed=40s — waiting …
2026-02-27 19:18:28 | INFO     | Task a1cad337-44e3-4224-a574-1b8bbc79e0a0 FINISHED in 46s
2026-02-27 19:18:28 | INFO     | ✅ batch 114/131 (16 files) complete
2026-02-27 19:18:28 | INFO     | --- batch 115/131 (16 files) ---
2026-02-27 19:18:28 | DEBUG    |   Files: CRR201955.pdf, CRR201956.pdf, CRR201957.pdf, CRR202000.pdf, CRR202001.pdf, CRR202002.pdf, CRR202003.pdf, CRR202004.pdf, CRR202005.pdf, CRR202006.pdf, CRR202007.pdf, CRR202008.pdf, CRR202009.pdf, CRR202010.pdf, CRR202011.pdf, CRR202012.pdf
2026-02-27 19:18:33 | INFO     | Upload accepted → task_id=e82f0083-9833-4b59-b65e-8f21a437d3d4
2026-02-27 19:18:33 | DEBUG    | Task e82f0083-9833-4b59-b65e-8f21a437d3d4 state=PENDING elapsed=0s — waiting …
2026-02-27 19:18:38 | DEBUG    | Task e82f0083-9833-4b59-b65e-8f21a437d3d4 state=PENDING elapsed=5s — waiting …
2026-02-27 19:18:43 | DEBUG    | Task e82f0083-9833-4b59-b65e-8f21a437d3d4 state=PENDING elapsed=10s — waiting …
2026-02-27 19:18:48 | DEBUG    | Task e82f0083-9833-4b59-b65e-8f21a437d3d4 state=PENDING elapsed=15s — waiting …
2026-02-27 19:18:53 | DEBUG    | Task e82f0083-9833-4b59-b65e-8f21a437d3d4 state=PENDING elapsed=20s — waiting …
2026-02-27 19:18:58 | DEBUG    | Task e82f0083-9833-4b59-b65e-8f21a437d3d4 state=PENDING elapsed=25s — waiting …
2026-02-27 19:19:03 | DEBUG    | Task e82f0083-9833-4b59-b65e-8f21a437d3d4 state=PENDING elapsed=30s — waiting …
2026-02-27 19:19:08 | DEBUG    | Task e82f0083-9833-4b59-b65e-8f21a437d3d4 state=PENDING elapsed=35s — waiting …
2026-02-27 19:19:13 | DEBUG    | Task e82f0083-9833-4b59-b65e-8f21a437d3d4 state=PENDING elapsed=40s — waiting …
2026-02-27 19:19:18 | DEBUG    | Task e82f0083-9833-4b59-b65e-8f21a437d3d4 state=PENDING elapsed=45s — waiting …
2026-02-27 19:19:25 | INFO     | Task e82f0083-9833-4b59-b65e-8f21a437d3d4 FINISHED in 52s
2026-02-27 19:19:25 | INFO     | ✅ batch 115/131 (16 files) complete
2026-02-27 19:19:25 | INFO     | --- batch 116/131 (16 files) ---
2026-02-27 19:19:25 | DEBUG    |   Files: CRR202013.pdf, CRR202014.pdf, CRR202015.pdf, CRR202016.pdf, CRR202017.pdf, CRR202018.pdf, CRR202019.pdf, CRR202020.pdf, CRR202021.pdf, CRR202022.pdf, CRR202023.pdf, CRR202024.pdf, CRR202025.pdf, CRR202026.pdf, CRR202027.pdf, CRR202028.pdf
2026-02-27 19:19:32 | INFO     | Upload accepted → task_id=2e2fd70b-431b-4e27-89b1-2e994c9e6f0c
2026-02-27 19:19:32 | DEBUG    | Task 2e2fd70b-431b-4e27-89b1-2e994c9e6f0c state=PENDING elapsed=0s — waiting …
2026-02-27 19:19:37 | DEBUG    | Task 2e2fd70b-431b-4e27-89b1-2e994c9e6f0c state=PENDING elapsed=5s — waiting …
2026-02-27 19:19:42 | DEBUG    | Task 2e2fd70b-431b-4e27-89b1-2e994c9e6f0c state=PENDING elapsed=10s — waiting …
2026-02-27 19:19:47 | DEBUG    | Task 2e2fd70b-431b-4e27-89b1-2e994c9e6f0c state=PENDING elapsed=15s — waiting …
2026-02-27 19:19:52 | DEBUG    | Task 2e2fd70b-431b-4e27-89b1-2e994c9e6f0c state=PENDING elapsed=20s — waiting …
2026-02-27 19:19:57 | DEBUG    | Task 2e2fd70b-431b-4e27-89b1-2e994c9e6f0c state=PENDING elapsed=25s — waiting …
2026-02-27 19:20:02 | DEBUG    | Task 2e2fd70b-431b-4e27-89b1-2e994c9e6f0c state=PENDING elapsed=30s — waiting …
2026-02-27 19:20:09 | INFO     | Task 2e2fd70b-431b-4e27-89b1-2e994c9e6f0c FINISHED in 37s
2026-02-27 19:20:09 | INFO     | ✅ batch 116/131 (16 files) complete
2026-02-27 19:20:09 | INFO     | --- batch 117/131 (16 files) ---
2026-02-27 19:20:09 | DEBUG    |   Files: CRR202029.pdf, CRR202030.pdf, CRR202031.pdf, CRR202032.pdf, CRR202033.pdf, CRR202034.pdf, CRR202035.pdf, CRR202036.pdf, CRR202037.pdf, CRR202038.pdf, CRR202039.pdf, CRR202040.pdf, CRR202041.pdf, CRR202042.pdf, CRR202043.pdf, CRR202044.pdf
2026-02-27 19:20:15 | INFO     | Upload accepted → task_id=dd11395e-cabb-4508-8b54-e6415755e673
2026-02-27 19:20:15 | DEBUG    | Task dd11395e-cabb-4508-8b54-e6415755e673 state=PENDING elapsed=0s — waiting …
2026-02-27 19:20:20 | DEBUG    | Task dd11395e-cabb-4508-8b54-e6415755e673 state=PENDING elapsed=5s — waiting …
2026-02-27 19:20:25 | DEBUG    | Task dd11395e-cabb-4508-8b54-e6415755e673 state=PENDING elapsed=10s — waiting …
2026-02-27 19:20:30 | DEBUG    | Task dd11395e-cabb-4508-8b54-e6415755e673 state=PENDING elapsed=15s — waiting …
2026-02-27 19:20:35 | DEBUG    | Task dd11395e-cabb-4508-8b54-e6415755e673 state=PENDING elapsed=20s — waiting …
2026-02-27 19:20:40 | DEBUG    | Task dd11395e-cabb-4508-8b54-e6415755e673 state=PENDING elapsed=25s — waiting …
2026-02-27 19:20:45 | DEBUG    | Task dd11395e-cabb-4508-8b54-e6415755e673 state=PENDING elapsed=30s — waiting …
2026-02-27 19:20:52 | INFO     | Task dd11395e-cabb-4508-8b54-e6415755e673 FINISHED in 36s
2026-02-27 19:20:52 | INFO     | ✅ batch 117/131 (16 files) complete
2026-02-27 19:20:52 | INFO     | --- batch 118/131 (16 files) ---
2026-02-27 19:20:52 | DEBUG    |   Files: CRR202045.pdf, CRR202046.pdf, CRR202047.pdf, CRR202048.pdf, CRR202049.pdf, CRR202050.pdf, CRR202051.pdf, CRR202052.pdf, CRR202053.pdf, CRR202054.pdf, CRR202055.pdf, CRR202056.pdf, CRR202057.pdf, CRR202058.pdf, CRR202059.pdf, CRR202060.pdf
2026-02-27 19:21:05 | INFO     | Upload accepted → task_id=d4d92fc0-cb63-4d0c-8c88-c862cae87089
2026-02-27 19:21:05 | DEBUG    | Task d4d92fc0-cb63-4d0c-8c88-c862cae87089 state=PENDING elapsed=0s — waiting …
2026-02-27 19:21:10 | DEBUG    | Task d4d92fc0-cb63-4d0c-8c88-c862cae87089 state=PENDING elapsed=5s — waiting …
2026-02-27 19:21:15 | DEBUG    | Task d4d92fc0-cb63-4d0c-8c88-c862cae87089 state=PENDING elapsed=10s — waiting …
2026-02-27 19:21:20 | DEBUG    | Task d4d92fc0-cb63-4d0c-8c88-c862cae87089 state=PENDING elapsed=15s — waiting …
2026-02-27 19:21:25 | DEBUG    | Task d4d92fc0-cb63-4d0c-8c88-c862cae87089 state=PENDING elapsed=20s — waiting …
2026-02-27 19:21:30 | DEBUG    | Task d4d92fc0-cb63-4d0c-8c88-c862cae87089 state=PENDING elapsed=25s — waiting …
2026-02-27 19:21:35 | DEBUG    | Task d4d92fc0-cb63-4d0c-8c88-c862cae87089 state=PENDING elapsed=30s — waiting …
2026-02-27 19:21:40 | DEBUG    | Task d4d92fc0-cb63-4d0c-8c88-c862cae87089 state=PENDING elapsed=35s — waiting …
2026-02-27 19:21:45 | DEBUG    | Task d4d92fc0-cb63-4d0c-8c88-c862cae87089 state=PENDING elapsed=40s — waiting …
2026-02-27 19:21:51 | INFO     | Task d4d92fc0-cb63-4d0c-8c88-c862cae87089 FINISHED in 47s
2026-02-27 19:21:51 | INFO     | ✅ batch 118/131 (16 files) complete
2026-02-27 19:21:51 | INFO     | --- batch 119/131 (16 files) ---
2026-02-27 19:21:51 | DEBUG    |   Files: CRR202061.pdf, CRR202062.pdf, CRR202063.pdf, CRR202064.pdf, CRR202100.pdf, CRR202101.pdf, CRR202102.pdf, CRR202103.pdf, CRR202104.pdf, CRR202105.pdf, CRR202106.pdf, CRR202107.pdf, CRR202108.pdf, CRR202109.pdf, CRR202110.pdf, CRR202111.pdf
2026-02-27 19:22:03 | INFO     | Upload accepted → task_id=95b71234-16f3-4cba-bfa1-6bad6c6059b9
2026-02-27 19:22:03 | DEBUG    | Task 95b71234-16f3-4cba-bfa1-6bad6c6059b9 state=PENDING elapsed=0s — waiting …
2026-02-27 19:22:08 | DEBUG    | Task 95b71234-16f3-4cba-bfa1-6bad6c6059b9 state=PENDING elapsed=5s — waiting …
2026-02-27 19:22:13 | DEBUG    | Task 95b71234-16f3-4cba-bfa1-6bad6c6059b9 state=PENDING elapsed=10s — waiting …
2026-02-27 19:22:18 | DEBUG    | Task 95b71234-16f3-4cba-bfa1-6bad6c6059b9 state=PENDING elapsed=15s — waiting …
2026-02-27 19:22:23 | DEBUG    | Task 95b71234-16f3-4cba-bfa1-6bad6c6059b9 state=PENDING elapsed=20s — waiting …
2026-02-27 19:22:28 | DEBUG    | Task 95b71234-16f3-4cba-bfa1-6bad6c6059b9 state=PENDING elapsed=25s — waiting …
2026-02-27 19:22:33 | DEBUG    | Task 95b71234-16f3-4cba-bfa1-6bad6c6059b9 state=PENDING elapsed=30s — waiting …
2026-02-27 19:22:38 | DEBUG    | Task 95b71234-16f3-4cba-bfa1-6bad6c6059b9 state=PENDING elapsed=35s — waiting …
2026-02-27 19:22:43 | DEBUG    | Task 95b71234-16f3-4cba-bfa1-6bad6c6059b9 state=PENDING elapsed=40s — waiting …
2026-02-27 19:22:48 | DEBUG    | Task 95b71234-16f3-4cba-bfa1-6bad6c6059b9 state=PENDING elapsed=45s — waiting …
2026-02-27 19:22:56 | INFO     | Task 95b71234-16f3-4cba-bfa1-6bad6c6059b9 FINISHED in 53s
2026-02-27 19:22:56 | INFO     | ✅ batch 119/131 (16 files) complete
2026-02-27 19:22:56 | INFO     | --- batch 120/131 (16 files) ---
2026-02-27 19:22:56 | DEBUG    |   Files: CRR202112.pdf, CRR202113.pdf, CRR202114.pdf, CRR202115.pdf, CRR202116.pdf, CRR202117.pdf, CRR202118.pdf, CRR202119.pdf, CRR202120.pdf, CRR202121.pdf, CRR202122.pdf, CRR202123.pdf, CRR202124.pdf, CRR202125.pdf, CRR202126.pdf, CRR202127.pdf
2026-02-27 19:23:01 | INFO     | Upload accepted → task_id=483d60e5-8b49-4641-8920-5671a00e08f9
2026-02-27 19:23:01 | DEBUG    | Task 483d60e5-8b49-4641-8920-5671a00e08f9 state=PENDING elapsed=0s — waiting …
2026-02-27 19:23:06 | DEBUG    | Task 483d60e5-8b49-4641-8920-5671a00e08f9 state=PENDING elapsed=5s — waiting …
2026-02-27 19:23:11 | DEBUG    | Task 483d60e5-8b49-4641-8920-5671a00e08f9 state=PENDING elapsed=10s — waiting …
2026-02-27 19:23:16 | DEBUG    | Task 483d60e5-8b49-4641-8920-5671a00e08f9 state=PENDING elapsed=15s — waiting …
2026-02-27 19:23:21 | DEBUG    | Task 483d60e5-8b49-4641-8920-5671a00e08f9 state=PENDING elapsed=20s — waiting …
2026-02-27 19:23:26 | DEBUG    | Task 483d60e5-8b49-4641-8920-5671a00e08f9 state=PENDING elapsed=25s — waiting …
2026-02-27 19:23:34 | INFO     | Task 483d60e5-8b49-4641-8920-5671a00e08f9 FINISHED in 33s
2026-02-27 19:23:34 | INFO     | ✅ batch 120/131 (16 files) complete
2026-02-27 19:23:34 | INFO     | --- batch 121/131 (16 files) ---
2026-02-27 19:23:34 | DEBUG    |   Files: CRR202128.pdf, CRR202129.pdf, CRR202130.pdf, CRR202131.pdf, CRR202132.pdf, CRR202133.pdf, CRR202134.pdf, CRR202135.pdf, CRR202136.pdf, CRR202137.pdf, CRR202138.pdf, CRR202139.pdf, CRR202140.pdf, CRR202141.pdf, CRR202142.pdf, CRR202143.pdf
2026-02-27 19:23:39 | INFO     | Upload accepted → task_id=06907d0f-56b5-4f5d-be48-e6362f741828
2026-02-27 19:23:39 | DEBUG    | Task 06907d0f-56b5-4f5d-be48-e6362f741828 state=PENDING elapsed=0s — waiting …
2026-02-27 19:23:44 | DEBUG    | Task 06907d0f-56b5-4f5d-be48-e6362f741828 state=PENDING elapsed=5s — waiting …
2026-02-27 19:23:49 | DEBUG    | Task 06907d0f-56b5-4f5d-be48-e6362f741828 state=PENDING elapsed=10s — waiting …
2026-02-27 19:23:54 | DEBUG    | Task 06907d0f-56b5-4f5d-be48-e6362f741828 state=PENDING elapsed=15s — waiting …
2026-02-27 19:23:59 | DEBUG    | Task 06907d0f-56b5-4f5d-be48-e6362f741828 state=PENDING elapsed=20s — waiting …
2026-02-27 19:24:04 | DEBUG    | Task 06907d0f-56b5-4f5d-be48-e6362f741828 state=PENDING elapsed=25s — waiting …
2026-02-27 19:24:09 | DEBUG    | Task 06907d0f-56b5-4f5d-be48-e6362f741828 state=PENDING elapsed=30s — waiting …
2026-02-27 19:24:18 | INFO     | Task 06907d0f-56b5-4f5d-be48-e6362f741828 FINISHED in 39s
2026-02-27 19:24:18 | INFO     | ✅ batch 121/131 (16 files) complete
2026-02-27 19:24:18 | INFO     | --- batch 122/131 (16 files) ---
2026-02-27 19:24:18 | DEBUG    |   Files: CRR202144.pdf, CRR202145.pdf, CRR202146.pdf, CRR202147.pdf, CRR202148.pdf, CRR202149.pdf, CRR202150.pdf, CRR202151.pdf, CRR202152.pdf, CRR202200.pdf, CRR202201.pdf, CRR202202.pdf, CRR202203.pdf, CRR202204.pdf, CRR202205.pdf, CRR202206.pdf
2026-02-27 19:24:23 | INFO     | Upload accepted → task_id=1e27cc13-cdb4-48c9-bb12-0bb298936181
2026-02-27 19:24:23 | DEBUG    | Task 1e27cc13-cdb4-48c9-bb12-0bb298936181 state=PENDING elapsed=0s — waiting …
2026-02-27 19:24:28 | DEBUG    | Task 1e27cc13-cdb4-48c9-bb12-0bb298936181 state=PENDING elapsed=5s — waiting …
2026-02-27 19:24:33 | DEBUG    | Task 1e27cc13-cdb4-48c9-bb12-0bb298936181 state=PENDING elapsed=10s — waiting …
2026-02-27 19:24:38 | DEBUG    | Task 1e27cc13-cdb4-48c9-bb12-0bb298936181 state=PENDING elapsed=15s — waiting …
2026-02-27 19:24:43 | DEBUG    | Task 1e27cc13-cdb4-48c9-bb12-0bb298936181 state=PENDING elapsed=20s — waiting …
2026-02-27 19:24:48 | DEBUG    | Task 1e27cc13-cdb4-48c9-bb12-0bb298936181 state=PENDING elapsed=25s — waiting …
2026-02-27 19:24:53 | DEBUG    | Task 1e27cc13-cdb4-48c9-bb12-0bb298936181 state=PENDING elapsed=30s — waiting …
2026-02-27 19:24:58 | DEBUG    | Task 1e27cc13-cdb4-48c9-bb12-0bb298936181 state=PENDING elapsed=35s — waiting …
2026-02-27 19:25:03 | DEBUG    | Task 1e27cc13-cdb4-48c9-bb12-0bb298936181 state=PENDING elapsed=40s — waiting …
2026-02-27 19:25:08 | DEBUG    | Task 1e27cc13-cdb4-48c9-bb12-0bb298936181 state=PENDING elapsed=45s — waiting …
2026-02-27 19:25:15 | INFO     | Task 1e27cc13-cdb4-48c9-bb12-0bb298936181 FINISHED in 51s
2026-02-27 19:25:15 | INFO     | ✅ batch 122/131 (16 files) complete
2026-02-27 19:25:15 | INFO     | --- batch 123/131 (16 files) ---
2026-02-27 19:25:15 | DEBUG    |   Files: CRR202207.pdf, CRR202208.pdf, CRR202209.pdf, CRR202210.pdf, CRR202211.pdf, CRR202212.pdf, CRR202213.pdf, CRR202214.pdf, CRR202215.pdf, CRR202216.pdf, CRR202217.pdf, CRR202218.pdf, CRR202219.pdf, CRR202220.pdf, CRR202221.pdf, CRR202222.pdf
2026-02-27 19:25:26 | INFO     | Upload accepted → task_id=4c24ac47-6f0a-47c1-9983-ffaf37fa727a
2026-02-27 19:25:26 | DEBUG    | Task 4c24ac47-6f0a-47c1-9983-ffaf37fa727a state=PENDING elapsed=0s — waiting …
2026-02-27 19:25:31 | DEBUG    | Task 4c24ac47-6f0a-47c1-9983-ffaf37fa727a state=PENDING elapsed=5s — waiting …
2026-02-27 19:25:36 | DEBUG    | Task 4c24ac47-6f0a-47c1-9983-ffaf37fa727a state=PENDING elapsed=10s — waiting …
2026-02-27 19:25:41 | DEBUG    | Task 4c24ac47-6f0a-47c1-9983-ffaf37fa727a state=PENDING elapsed=15s — waiting …
2026-02-27 19:25:46 | DEBUG    | Task 4c24ac47-6f0a-47c1-9983-ffaf37fa727a state=PENDING elapsed=20s — waiting …
2026-02-27 19:25:51 | DEBUG    | Task 4c24ac47-6f0a-47c1-9983-ffaf37fa727a state=PENDING elapsed=25s — waiting …
2026-02-27 19:25:56 | DEBUG    | Task 4c24ac47-6f0a-47c1-9983-ffaf37fa727a state=PENDING elapsed=30s — waiting …
2026-02-27 19:26:01 | DEBUG    | Task 4c24ac47-6f0a-47c1-9983-ffaf37fa727a state=PENDING elapsed=35s — waiting …
2026-02-27 19:26:12 | INFO     | Task 4c24ac47-6f0a-47c1-9983-ffaf37fa727a FINISHED in 46s
2026-02-27 19:26:12 | INFO     | ✅ batch 123/131 (16 files) complete
2026-02-27 19:26:12 | INFO     | --- batch 124/131 (16 files) ---
2026-02-27 19:26:12 | DEBUG    |   Files: CRR202223.pdf, CRR202224.pdf, CRR202225.pdf, CRR202226.pdf, CRR202227.pdf, CRR202228.pdf, CRR202229.pdf, CRR202230.pdf, CRR202231.pdf, CRR202232.pdf, CRR202233.pdf, CRR202234.pdf, CRR202235.pdf, CRR202236.pdf, CRR202237.pdf, CRR202238.pdf
2026-02-27 19:26:20 | INFO     | Upload accepted → task_id=4e95c0c1-a09b-4287-9dd1-83afe81810f5
2026-02-27 19:26:20 | DEBUG    | Task 4e95c0c1-a09b-4287-9dd1-83afe81810f5 state=PENDING elapsed=0s — waiting …
2026-02-27 19:26:25 | DEBUG    | Task 4e95c0c1-a09b-4287-9dd1-83afe81810f5 state=PENDING elapsed=5s — waiting …
2026-02-27 19:26:30 | DEBUG    | Task 4e95c0c1-a09b-4287-9dd1-83afe81810f5 state=PENDING elapsed=10s — waiting …
2026-02-27 19:26:35 | DEBUG    | Task 4e95c0c1-a09b-4287-9dd1-83afe81810f5 state=PENDING elapsed=15s — waiting …
2026-02-27 19:26:40 | DEBUG    | Task 4e95c0c1-a09b-4287-9dd1-83afe81810f5 state=PENDING elapsed=20s — waiting …
2026-02-27 19:26:45 | DEBUG    | Task 4e95c0c1-a09b-4287-9dd1-83afe81810f5 state=PENDING elapsed=25s — waiting …
2026-02-27 19:26:50 | DEBUG    | Task 4e95c0c1-a09b-4287-9dd1-83afe81810f5 state=PENDING elapsed=30s — waiting …
2026-02-27 19:26:58 | INFO     | Task 4e95c0c1-a09b-4287-9dd1-83afe81810f5 FINISHED in 38s
2026-02-27 19:26:58 | INFO     | ✅ batch 124/131 (16 files) complete
2026-02-27 19:26:58 | INFO     | --- batch 125/131 (16 files) ---
2026-02-27 19:26:58 | DEBUG    |   Files: CRR202239.pdf, CRR202240.pdf, CRR202241.pdf, CRR202242.pdf, CRR202243.pdf, CRR202244.pdf, CRR202245.pdf, CRR202246.pdf, CRR202247.pdf, CRR202248.pdf, CRR202249.pdf, CRR202250.pdf, CRR202251.pdf, CRR202252.pdf, CRR202253.pdf, CRR202254.pdf
2026-02-27 19:27:02 | INFO     | Upload accepted → task_id=6be1c1e3-7464-4b10-9b7e-1657646ab919
2026-02-27 19:27:02 | DEBUG    | Task 6be1c1e3-7464-4b10-9b7e-1657646ab919 state=PENDING elapsed=0s — waiting …
2026-02-27 19:27:07 | DEBUG    | Task 6be1c1e3-7464-4b10-9b7e-1657646ab919 state=PENDING elapsed=5s — waiting …
2026-02-27 19:27:12 | DEBUG    | Task 6be1c1e3-7464-4b10-9b7e-1657646ab919 state=PENDING elapsed=10s — waiting …
2026-02-27 19:27:17 | DEBUG    | Task 6be1c1e3-7464-4b10-9b7e-1657646ab919 state=PENDING elapsed=15s — waiting …
2026-02-27 19:27:22 | DEBUG    | Task 6be1c1e3-7464-4b10-9b7e-1657646ab919 state=PENDING elapsed=20s — waiting …
2026-02-27 19:27:27 | DEBUG    | Task 6be1c1e3-7464-4b10-9b7e-1657646ab919 state=PENDING elapsed=25s — waiting …
2026-02-27 19:27:32 | DEBUG    | Task 6be1c1e3-7464-4b10-9b7e-1657646ab919 state=PENDING elapsed=30s — waiting …
2026-02-27 19:27:40 | INFO     | Task 6be1c1e3-7464-4b10-9b7e-1657646ab919 FINISHED in 37s
2026-02-27 19:27:40 | INFO     | ✅ batch 125/131 (16 files) complete
2026-02-27 19:27:40 | INFO     | --- batch 126/131 (16 files) ---
2026-02-27 19:27:40 | DEBUG    |   Files: CRR202255.pdf, CRR202256.pdf, CRR202257.pdf, CRR202301.pdf, CRR202302.pdf, CRR202303.pdf, CRR202304.pdf, CRR202305.pdf, CRR202306.pdf, CRR202307.pdf, CRR202308.pdf, CRR202309.pdf, CRR202310.pdf, CRR202311.pdf, CRR202312.pdf, CRR202313.pdf
2026-02-27 19:27:44 | INFO     | Upload accepted → task_id=1030c5db-fcf6-46e4-aa74-ce8ef3746dba
2026-02-27 19:27:44 | DEBUG    | Task 1030c5db-fcf6-46e4-aa74-ce8ef3746dba state=PENDING elapsed=0s — waiting …
2026-02-27 19:27:49 | DEBUG    | Task 1030c5db-fcf6-46e4-aa74-ce8ef3746dba state=PENDING elapsed=5s — waiting …
2026-02-27 19:27:54 | DEBUG    | Task 1030c5db-fcf6-46e4-aa74-ce8ef3746dba state=PENDING elapsed=10s — waiting …
2026-02-27 19:27:59 | DEBUG    | Task 1030c5db-fcf6-46e4-aa74-ce8ef3746dba state=PENDING elapsed=15s — waiting …
2026-02-27 19:28:04 | DEBUG    | Task 1030c5db-fcf6-46e4-aa74-ce8ef3746dba state=PENDING elapsed=20s — waiting …
2026-02-27 19:28:09 | DEBUG    | Task 1030c5db-fcf6-46e4-aa74-ce8ef3746dba state=PENDING elapsed=25s — waiting …
2026-02-27 19:28:14 | DEBUG    | Task 1030c5db-fcf6-46e4-aa74-ce8ef3746dba state=PENDING elapsed=30s — waiting …
2026-02-27 19:28:19 | DEBUG    | Task 1030c5db-fcf6-46e4-aa74-ce8ef3746dba state=PENDING elapsed=35s — waiting …
2026-02-27 19:28:29 | INFO     | Task 1030c5db-fcf6-46e4-aa74-ce8ef3746dba FINISHED in 44s
2026-02-27 19:28:29 | INFO     | ✅ batch 126/131 (16 files) complete
2026-02-27 19:28:29 | INFO     | --- batch 127/131 (16 files) ---
2026-02-27 19:28:29 | DEBUG    |   Files: CRR202314.pdf, CRR202315.pdf, CRR202316.pdf, CRR202317.pdf, CRR202318.pdf, CRR202319.pdf, CRR202320.pdf, CRR202321.pdf, CRR202322.pdf, CRR202323.pdf, CRR202324.pdf, CRR202325.pdf, CRR202326.pdf, CRR202327.pdf, CRR202328.pdf, CRR202329.pdf
2026-02-27 19:28:33 | INFO     | Upload accepted → task_id=0389980f-b632-49e8-b95a-939db00ef701
2026-02-27 19:28:33 | DEBUG    | Task 0389980f-b632-49e8-b95a-939db00ef701 state=PENDING elapsed=0s — waiting …
2026-02-27 19:28:38 | DEBUG    | Task 0389980f-b632-49e8-b95a-939db00ef701 state=PENDING elapsed=5s — waiting …
2026-02-27 19:28:43 | DEBUG    | Task 0389980f-b632-49e8-b95a-939db00ef701 state=PENDING elapsed=10s — waiting …
2026-02-27 19:28:48 | DEBUG    | Task 0389980f-b632-49e8-b95a-939db00ef701 state=PENDING elapsed=15s — waiting …
2026-02-27 19:28:53 | DEBUG    | Task 0389980f-b632-49e8-b95a-939db00ef701 state=PENDING elapsed=20s — waiting …
2026-02-27 19:28:58 | DEBUG    | Task 0389980f-b632-49e8-b95a-939db00ef701 state=PENDING elapsed=25s — waiting …
2026-02-27 19:29:03 | DEBUG    | Task 0389980f-b632-49e8-b95a-939db00ef701 state=PENDING elapsed=30s — waiting …
2026-02-27 19:29:08 | DEBUG    | Task 0389980f-b632-49e8-b95a-939db00ef701 state=PENDING elapsed=35s — waiting …
2026-02-27 19:29:15 | INFO     | Task 0389980f-b632-49e8-b95a-939db00ef701 FINISHED in 42s
2026-02-27 19:29:15 | INFO     | ✅ batch 127/131 (16 files) complete
2026-02-27 19:29:15 | INFO     | --- batch 128/131 (16 files) ---
2026-02-27 19:29:15 | DEBUG    |   Files: CRR202330.pdf, CRR202331.pdf, CRR202332.pdf, CRR202333.pdf, CRR202334.pdf, CRR202335.pdf, CRR202336.pdf, CRR202337.pdf, CRR202338.pdf, CRR202339.pdf, CRR202401.pdf, CRR202402.pdf, CRR202403.pdf, CRR202404.pdf, CRR202405.pdf, CRR202406.pdf
2026-02-27 19:29:20 | INFO     | Upload accepted → task_id=68b52c0b-dc42-4a6d-82d6-877c89039f0f
2026-02-27 19:29:20 | DEBUG    | Task 68b52c0b-dc42-4a6d-82d6-877c89039f0f state=PENDING elapsed=0s — waiting …
2026-02-27 19:29:25 | DEBUG    | Task 68b52c0b-dc42-4a6d-82d6-877c89039f0f state=PENDING elapsed=5s — waiting …
2026-02-27 19:29:30 | DEBUG    | Task 68b52c0b-dc42-4a6d-82d6-877c89039f0f state=PENDING elapsed=10s — waiting …
2026-02-27 19:29:35 | DEBUG    | Task 68b52c0b-dc42-4a6d-82d6-877c89039f0f state=PENDING elapsed=15s — waiting …
2026-02-27 19:29:40 | DEBUG    | Task 68b52c0b-dc42-4a6d-82d6-877c89039f0f state=PENDING elapsed=20s — waiting …
2026-02-27 19:29:45 | DEBUG    | Task 68b52c0b-dc42-4a6d-82d6-877c89039f0f state=PENDING elapsed=25s — waiting …
2026-02-27 19:29:50 | DEBUG    | Task 68b52c0b-dc42-4a6d-82d6-877c89039f0f state=PENDING elapsed=30s — waiting …
2026-02-27 19:29:55 | DEBUG    | Task 68b52c0b-dc42-4a6d-82d6-877c89039f0f state=PENDING elapsed=35s — waiting …
2026-02-27 19:30:01 | INFO     | Task 68b52c0b-dc42-4a6d-82d6-877c89039f0f FINISHED in 41s
2026-02-27 19:30:01 | INFO     | ✅ batch 128/131 (16 files) complete
2026-02-27 19:30:01 | INFO     | --- batch 129/131 (16 files) ---
2026-02-27 19:30:01 | DEBUG    |   Files: CRR202407.pdf, CRR202408.pdf, CRR202409.pdf, CRR202410.pdf, CRR202411.pdf, CRR202412.pdf, CRR202413.pdf, CRR202414.pdf, CRR202415.pdf, CRR202416.pdf, CRR202417.pdf, CRR202418.pdf, CRR202419.pdf, CRR202420.pdf, CRR202421.pdf, CRR202422.pdf
2026-02-27 19:30:06 | INFO     | Upload accepted → task_id=eb9d8aa5-1509-47dc-a3fe-3f06f34cd9c4
2026-02-27 19:30:06 | DEBUG    | Task eb9d8aa5-1509-47dc-a3fe-3f06f34cd9c4 state=PENDING elapsed=0s — waiting …
2026-02-27 19:30:11 | DEBUG    | Task eb9d8aa5-1509-47dc-a3fe-3f06f34cd9c4 state=PENDING elapsed=5s — waiting …
2026-02-27 19:30:16 | DEBUG    | Task eb9d8aa5-1509-47dc-a3fe-3f06f34cd9c4 state=PENDING elapsed=10s — waiting …
2026-02-27 19:30:21 | DEBUG    | Task eb9d8aa5-1509-47dc-a3fe-3f06f34cd9c4 state=PENDING elapsed=15s — waiting …
2026-02-27 19:30:26 | DEBUG    | Task eb9d8aa5-1509-47dc-a3fe-3f06f34cd9c4 state=PENDING elapsed=20s — waiting …
2026-02-27 19:30:31 | DEBUG    | Task eb9d8aa5-1509-47dc-a3fe-3f06f34cd9c4 state=PENDING elapsed=25s — waiting …
2026-02-27 19:30:36 | DEBUG    | Task eb9d8aa5-1509-47dc-a3fe-3f06f34cd9c4 state=PENDING elapsed=30s — waiting …
2026-02-27 19:30:42 | INFO     | Task eb9d8aa5-1509-47dc-a3fe-3f06f34cd9c4 FINISHED in 36s
2026-02-27 19:30:42 | INFO     | ✅ batch 129/131 (16 files) complete
2026-02-27 19:30:42 | INFO     | --- batch 130/131 (16 files) ---
2026-02-27 19:30:42 | DEBUG    |   Files: CRR202423.pdf, CRR202424.pdf, CRR202425.pdf, CRR202426.pdf, CRR202427.pdf, CRR202428.pdf, CRR202429.pdf, CRR202430.pdf, CRR202431.pdf, CRR202432.pdf, CRR202433.pdf, CRR202434.pdf, CRR202435.pdf, CRR202436.pdf, CRR202437.pdf, CRR202438.pdf
2026-02-27 19:30:48 | INFO     | Upload accepted → task_id=4b72054d-90b8-4dab-93a9-52fcef6817a6
2026-02-27 19:30:48 | DEBUG    | Task 4b72054d-90b8-4dab-93a9-52fcef6817a6 state=PENDING elapsed=0s — waiting …
2026-02-27 19:30:53 | DEBUG    | Task 4b72054d-90b8-4dab-93a9-52fcef6817a6 state=PENDING elapsed=5s — waiting …
2026-02-27 19:30:58 | DEBUG    | Task 4b72054d-90b8-4dab-93a9-52fcef6817a6 state=PENDING elapsed=10s — waiting …
2026-02-27 19:31:03 | DEBUG    | Task 4b72054d-90b8-4dab-93a9-52fcef6817a6 state=PENDING elapsed=15s — waiting …
2026-02-27 19:31:08 | DEBUG    | Task 4b72054d-90b8-4dab-93a9-52fcef6817a6 state=PENDING elapsed=20s — waiting …
2026-02-27 19:31:13 | DEBUG    | Task 4b72054d-90b8-4dab-93a9-52fcef6817a6 state=PENDING elapsed=25s — waiting …
2026-02-27 19:31:18 | DEBUG    | Task 4b72054d-90b8-4dab-93a9-52fcef6817a6 state=PENDING elapsed=30s — waiting …
2026-02-27 19:31:23 | DEBUG    | Task 4b72054d-90b8-4dab-93a9-52fcef6817a6 state=PENDING elapsed=35s — waiting …
2026-02-27 19:31:28 | DEBUG    | Task 4b72054d-90b8-4dab-93a9-52fcef6817a6 state=PENDING elapsed=40s — waiting …
2026-02-27 19:31:34 | INFO     | Task 4b72054d-90b8-4dab-93a9-52fcef6817a6 FINISHED in 47s
2026-02-27 19:31:34 | INFO     | ✅ batch 130/131 (16 files) complete
2026-02-27 19:31:34 | INFO     | --- batch 131/131 (8 files) ---
2026-02-27 19:31:34 | DEBUG    |   Files: CRR202439.pdf, CRR202440.pdf, CRR202441.pdf, CRR202442.pdf, CRR202516.pdf, CRR202522.pdf, CRR202528.pdf, CRR202529.pdf
2026-02-27 19:31:39 | INFO     | Upload accepted → task_id=7b64d2a6-5f58-44bc-ab5a-f88c367dde6f
2026-02-27 19:31:39 | DEBUG    | Task 7b64d2a6-5f58-44bc-ab5a-f88c367dde6f state=PENDING elapsed=0s — waiting …
2026-02-27 19:31:44 | DEBUG    | Task 7b64d2a6-5f58-44bc-ab5a-f88c367dde6f state=PENDING elapsed=5s — waiting …
2026-02-27 19:31:49 | DEBUG    | Task 7b64d2a6-5f58-44bc-ab5a-f88c367dde6f state=PENDING elapsed=10s — waiting …
2026-02-27 19:31:54 | DEBUG    | Task 7b64d2a6-5f58-44bc-ab5a-f88c367dde6f state=PENDING elapsed=15s — waiting …
2026-02-27 19:32:03 | INFO     | Task 7b64d2a6-5f58-44bc-ab5a-f88c367dde6f FINISHED in 24s
2026-02-27 19:32:03 | INFO     | ✅ batch 131/131 (8 files) complete
2026-02-27 19:32:03 | INFO     | === SUCCESS  ingested=2088  skipped=0 ===
