2026-02-27 16:54:17 | INFO     | === START  dir='/gaia/b04s/CONSORCIOS/CWP'  collection='CWP' ===
2026-02-27 16:54:17 | INFO     | Discovered 750 supported file(s)
2026-02-27 16:54:23 | INFO     | Collection 'CWP' created: {"message":"Collection CWP created successfully.","collection_name":"CWP"}
2026-02-27 16:54:26 | INFO     | list_documents: 0 existing doc(s) in 'CWP' (total reported: 0)
2026-02-27 16:54:26 | INFO     | Classification: 750 new, 0 already present
2026-02-27 16:54:26 | INFO     | Uploading 47 batch(es) of up to 16 file(s) each
2026-02-27 16:54:26 | INFO     | --- batch 1/47 (16 files) ---
2026-02-27 16:54:26 | DEBUG    |   Files: 1-11_Rapstine_contactlessseismicacquisition.pdf, 2028.pdf, 37.pdf, 40.pdf, 41.pdf, 835.pdf, 838.pdf, 839.pdf, Aragao_Sava_CWP_927_Report_2019.pdf, Arora_Tsvankin_CWP_936_Report_2019.pdf, Bai_thesis_reduced.pdf, CWP-041_Bleistein_report.pdf, CWP-042_Gilliam&Hagin_report.pdf, CWP-043_Cohen&Bleistein.pdf, CWP-044_DeSanto_lecturenotes.pdf, CWP-045_Quist_report.pdf
2026-02-27 16:54:27 | INFO     | Upload accepted → task_id=51063620-6d59-4706-978c-53f08723365c
2026-02-27 16:54:27 | DEBUG    | Task 51063620-6d59-4706-978c-53f08723365c state=PENDING elapsed=0s — waiting …
2026-02-27 16:54:32 | DEBUG    | Task 51063620-6d59-4706-978c-53f08723365c state=PENDING elapsed=5s — waiting …
2026-02-27 16:54:37 | DEBUG    | Task 51063620-6d59-4706-978c-53f08723365c state=PENDING elapsed=10s — waiting …
2026-02-27 16:54:42 | DEBUG    | Task 51063620-6d59-4706-978c-53f08723365c state=PENDING elapsed=15s — waiting …
2026-02-27 16:54:48 | DEBUG    | Task 51063620-6d59-4706-978c-53f08723365c state=PENDING elapsed=21s — waiting …
2026-02-27 16:54:57 | DEBUG    | Task 51063620-6d59-4706-978c-53f08723365c state=PENDING elapsed=30s — waiting …
2026-02-27 16:55:02 | DEBUG    | Task 51063620-6d59-4706-978c-53f08723365c state=PENDING elapsed=35s — waiting …
2026-02-27 16:55:07 | DEBUG    | Task 51063620-6d59-4706-978c-53f08723365c state=PENDING elapsed=40s — waiting …
2026-02-27 16:55:13 | DEBUG    | Task 51063620-6d59-4706-978c-53f08723365c state=PENDING elapsed=45s — waiting …
2026-02-27 16:55:18 | DEBUG    | Task 51063620-6d59-4706-978c-53f08723365c state=PENDING elapsed=50s — waiting …
2026-02-27 16:55:23 | DEBUG    | Task 51063620-6d59-4706-978c-53f08723365c state=PENDING elapsed=55s — waiting …
2026-02-27 16:55:28 | DEBUG    | Task 51063620-6d59-4706-978c-53f08723365c state=PENDING elapsed=60s — waiting …
2026-02-27 16:55:33 | DEBUG    | Task 51063620-6d59-4706-978c-53f08723365c state=PENDING elapsed=65s — waiting …
2026-02-27 16:55:38 | DEBUG    | Task 51063620-6d59-4706-978c-53f08723365c state=PENDING elapsed=70s — waiting …
2026-02-27 16:55:43 | DEBUG    | Task 51063620-6d59-4706-978c-53f08723365c state=PENDING elapsed=75s — waiting …
2026-02-27 16:55:48 | DEBUG    | Task 51063620-6d59-4706-978c-53f08723365c state=PENDING elapsed=80s — waiting …
2026-02-27 16:55:53 | DEBUG    | Task 51063620-6d59-4706-978c-53f08723365c state=PENDING elapsed=85s — waiting …
2026-02-27 16:55:58 | DEBUG    | Task 51063620-6d59-4706-978c-53f08723365c state=PENDING elapsed=90s — waiting …
2026-02-27 16:56:03 | DEBUG    | Task 51063620-6d59-4706-978c-53f08723365c state=PENDING elapsed=96s — waiting …
2026-02-27 16:56:08 | DEBUG    | Task 51063620-6d59-4706-978c-53f08723365c state=PENDING elapsed=101s — waiting …
2026-02-27 16:56:13 | DEBUG    | Task 51063620-6d59-4706-978c-53f08723365c state=PENDING elapsed=106s — waiting …
2026-02-27 16:56:18 | DEBUG    | Task 51063620-6d59-4706-978c-53f08723365c state=PENDING elapsed=111s — waiting …
2026-02-27 16:56:23 | DEBUG    | Task 51063620-6d59-4706-978c-53f08723365c state=PENDING elapsed=116s — waiting …
2026-02-27 16:56:28 | DEBUG    | Task 51063620-6d59-4706-978c-53f08723365c state=PENDING elapsed=121s — waiting …
2026-02-27 16:56:33 | DEBUG    | Task 51063620-6d59-4706-978c-53f08723365c state=PENDING elapsed=126s — waiting …
2026-02-27 16:56:38 | DEBUG    | Task 51063620-6d59-4706-978c-53f08723365c state=PENDING elapsed=131s — waiting …
2026-02-27 16:56:43 | DEBUG    | Task 51063620-6d59-4706-978c-53f08723365c state=PENDING elapsed=136s — waiting …
2026-02-27 16:56:48 | DEBUG    | Task 51063620-6d59-4706-978c-53f08723365c state=PENDING elapsed=141s — waiting …
2026-02-27 16:56:53 | DEBUG    | Task 51063620-6d59-4706-978c-53f08723365c state=PENDING elapsed=146s — waiting …
2026-02-27 16:56:58 | DEBUG    | Task 51063620-6d59-4706-978c-53f08723365c state=PENDING elapsed=151s — waiting …
2026-02-27 16:57:03 | DEBUG    | Task 51063620-6d59-4706-978c-53f08723365c state=PENDING elapsed=156s — waiting …
2026-02-27 16:57:08 | DEBUG    | Task 51063620-6d59-4706-978c-53f08723365c state=PENDING elapsed=161s — waiting …
2026-02-27 16:57:13 | DEBUG    | Task 51063620-6d59-4706-978c-53f08723365c state=PENDING elapsed=166s — waiting …
2026-02-27 16:57:18 | DEBUG    | Task 51063620-6d59-4706-978c-53f08723365c state=PENDING elapsed=171s — waiting …
2026-02-27 16:57:23 | DEBUG    | Task 51063620-6d59-4706-978c-53f08723365c state=PENDING elapsed=176s — waiting …
2026-02-27 16:57:28 | DEBUG    | Task 51063620-6d59-4706-978c-53f08723365c state=PENDING elapsed=181s — waiting …
2026-02-27 16:57:33 | DEBUG    | Task 51063620-6d59-4706-978c-53f08723365c state=PENDING elapsed=186s — waiting …
2026-02-27 16:57:38 | DEBUG    | Task 51063620-6d59-4706-978c-53f08723365c state=PENDING elapsed=191s — waiting …
2026-02-27 16:57:43 | DEBUG    | Task 51063620-6d59-4706-978c-53f08723365c state=PENDING elapsed=196s — waiting …
2026-02-27 16:57:48 | DEBUG    | Task 51063620-6d59-4706-978c-53f08723365c state=PENDING elapsed=201s — waiting …
2026-02-27 16:57:53 | DEBUG    | Task 51063620-6d59-4706-978c-53f08723365c state=PENDING elapsed=206s — waiting …
2026-02-27 16:57:58 | DEBUG    | Task 51063620-6d59-4706-978c-53f08723365c state=PENDING elapsed=211s — waiting …
2026-02-27 16:58:03 | DEBUG    | Task 51063620-6d59-4706-978c-53f08723365c state=PENDING elapsed=216s — waiting …
2026-02-27 16:58:08 | DEBUG    | Task 51063620-6d59-4706-978c-53f08723365c state=PENDING elapsed=221s — waiting …
2026-02-27 16:58:13 | DEBUG    | Task 51063620-6d59-4706-978c-53f08723365c state=PENDING elapsed=226s — waiting …
2026-02-27 16:58:18 | DEBUG    | Task 51063620-6d59-4706-978c-53f08723365c state=PENDING elapsed=231s — waiting …
2026-02-27 16:58:23 | DEBUG    | Task 51063620-6d59-4706-978c-53f08723365c state=PENDING elapsed=236s — waiting …
2026-02-27 16:58:28 | DEBUG    | Task 51063620-6d59-4706-978c-53f08723365c state=PENDING elapsed=241s — waiting …
2026-02-27 16:58:33 | DEBUG    | Task 51063620-6d59-4706-978c-53f08723365c state=PENDING elapsed=246s — waiting …
2026-02-27 16:58:38 | DEBUG    | Task 51063620-6d59-4706-978c-53f08723365c state=PENDING elapsed=251s — waiting …
2026-02-27 16:58:43 | DEBUG    | Task 51063620-6d59-4706-978c-53f08723365c state=PENDING elapsed=256s — waiting …
2026-02-27 16:58:48 | DEBUG    | Task 51063620-6d59-4706-978c-53f08723365c state=PENDING elapsed=261s — waiting …
2026-02-27 16:58:53 | DEBUG    | Task 51063620-6d59-4706-978c-53f08723365c state=PENDING elapsed=266s — waiting …
2026-02-27 16:58:58 | DEBUG    | Task 51063620-6d59-4706-978c-53f08723365c state=PENDING elapsed=271s — waiting …
2026-02-27 16:59:03 | DEBUG    | Task 51063620-6d59-4706-978c-53f08723365c state=PENDING elapsed=276s — waiting …
2026-02-27 16:59:08 | DEBUG    | Task 51063620-6d59-4706-978c-53f08723365c state=PENDING elapsed=281s — waiting …
2026-02-27 16:59:13 | DEBUG    | Task 51063620-6d59-4706-978c-53f08723365c state=PENDING elapsed=286s — waiting …
2026-02-27 16:59:18 | DEBUG    | Task 51063620-6d59-4706-978c-53f08723365c state=PENDING elapsed=291s — waiting …
2026-02-27 16:59:23 | DEBUG    | Task 51063620-6d59-4706-978c-53f08723365c state=PENDING elapsed=296s — waiting …
2026-02-27 16:59:28 | DEBUG    | Task 51063620-6d59-4706-978c-53f08723365c state=PENDING elapsed=301s — waiting …
2026-02-27 16:59:33 | DEBUG    | Task 51063620-6d59-4706-978c-53f08723365c state=PENDING elapsed=306s — waiting …
2026-02-27 16:59:38 | DEBUG    | Task 51063620-6d59-4706-978c-53f08723365c state=PENDING elapsed=311s — waiting …
2026-02-27 16:59:43 | DEBUG    | Task 51063620-6d59-4706-978c-53f08723365c state=PENDING elapsed=316s — waiting …
2026-02-27 16:59:48 | DEBUG    | Task 51063620-6d59-4706-978c-53f08723365c state=PENDING elapsed=321s — waiting …
2026-02-27 16:59:53 | DEBUG    | Task 51063620-6d59-4706-978c-53f08723365c state=PENDING elapsed=326s — waiting …
2026-02-27 16:59:59 | DEBUG    | Task 51063620-6d59-4706-978c-53f08723365c state=PENDING elapsed=331s — waiting …
2026-02-27 17:00:04 | DEBUG    | Task 51063620-6d59-4706-978c-53f08723365c state=PENDING elapsed=336s — waiting …
2026-02-27 17:00:09 | DEBUG    | Task 51063620-6d59-4706-978c-53f08723365c state=PENDING elapsed=341s — waiting …
2026-02-27 17:00:14 | DEBUG    | Task 51063620-6d59-4706-978c-53f08723365c state=PENDING elapsed=346s — waiting …
2026-02-27 17:00:19 | DEBUG    | Task 51063620-6d59-4706-978c-53f08723365c state=PENDING elapsed=351s — waiting …
2026-02-27 17:00:24 | DEBUG    | Task 51063620-6d59-4706-978c-53f08723365c state=PENDING elapsed=356s — waiting …
2026-02-27 17:00:29 | DEBUG    | Task 51063620-6d59-4706-978c-53f08723365c state=PENDING elapsed=361s — waiting …
2026-02-27 17:00:34 | DEBUG    | Task 51063620-6d59-4706-978c-53f08723365c state=PENDING elapsed=366s — waiting …
2026-02-27 17:00:39 | DEBUG    | Task 51063620-6d59-4706-978c-53f08723365c state=PENDING elapsed=371s — waiting …
2026-02-27 17:00:44 | DEBUG    | Task 51063620-6d59-4706-978c-53f08723365c state=PENDING elapsed=376s — waiting …
2026-02-27 17:00:49 | DEBUG    | Task 51063620-6d59-4706-978c-53f08723365c state=PENDING elapsed=381s — waiting …
2026-02-27 17:00:54 | INFO     | Task 51063620-6d59-4706-978c-53f08723365c FINISHED in 386s
2026-02-27 17:00:54 | INFO     | ✅ batch 1/47 (16 files) complete
2026-02-27 17:00:54 | INFO     | --- batch 2/47 (16 files) ---
2026-02-27 17:00:54 | DEBUG    |   Files: CWP-046_Project_Review_1986.pdf, CWP-047_Kaczkowski_report.pdf, CWP-054_Sullivan_report.pdf, CWP-055_ProjectReview_1987.pdf, CWP-058_Bleistein_et_al.pdf, CWP-059_Zuver_PhDthesis.pdf, CWP-086_1989_Project_Review_reduced.pdf, CWP-091_Linda_Boden_PhDthesis_1989.pdf, CWP-092_Araya_Report_1989.pdf, CWP-1000_Yang_Shragge.pdf, CWP-1001_Almuteri_Shragge_Sava.pdf, CWP-1002_Almuteri_Sava_Shragge.pdf, CWP-1003_Saengduean_Snieder_Wakin.pdf, CWP-1004-Sethi.pdf, CWP-1005_Hafiz_Eileen.pdf, CWP-1006_Alzahrani_Shragge.pdf
2026-02-27 17:00:54 | INFO     | Upload accepted → task_id=4fec5044-a81e-4e83-a6c0-3018a6e56f78
2026-02-27 17:00:54 | DEBUG    | Task 4fec5044-a81e-4e83-a6c0-3018a6e56f78 state=PENDING elapsed=0s — waiting …
2026-02-27 17:00:59 | DEBUG    | Task 4fec5044-a81e-4e83-a6c0-3018a6e56f78 state=PENDING elapsed=5s — waiting …
2026-02-27 17:01:04 | DEBUG    | Task 4fec5044-a81e-4e83-a6c0-3018a6e56f78 state=PENDING elapsed=10s — waiting …
2026-02-27 17:01:09 | DEBUG    | Task 4fec5044-a81e-4e83-a6c0-3018a6e56f78 state=PENDING elapsed=15s — waiting …
2026-02-27 17:01:14 | DEBUG    | Task 4fec5044-a81e-4e83-a6c0-3018a6e56f78 state=PENDING elapsed=20s — waiting …
2026-02-27 17:01:19 | DEBUG    | Task 4fec5044-a81e-4e83-a6c0-3018a6e56f78 state=PENDING elapsed=25s — waiting …
2026-02-27 17:01:24 | DEBUG    | Task 4fec5044-a81e-4e83-a6c0-3018a6e56f78 state=PENDING elapsed=30s — waiting …
2026-02-27 17:01:30 | DEBUG    | Task 4fec5044-a81e-4e83-a6c0-3018a6e56f78 state=PENDING elapsed=35s — waiting …
2026-02-27 17:01:35 | DEBUG    | Task 4fec5044-a81e-4e83-a6c0-3018a6e56f78 state=PENDING elapsed=40s — waiting …
2026-02-27 17:01:40 | DEBUG    | Task 4fec5044-a81e-4e83-a6c0-3018a6e56f78 state=PENDING elapsed=45s — waiting …
2026-02-27 17:01:45 | DEBUG    | Task 4fec5044-a81e-4e83-a6c0-3018a6e56f78 state=PENDING elapsed=50s — waiting …
2026-02-27 17:01:50 | DEBUG    | Task 4fec5044-a81e-4e83-a6c0-3018a6e56f78 state=PENDING elapsed=55s — waiting …
2026-02-27 17:01:55 | DEBUG    | Task 4fec5044-a81e-4e83-a6c0-3018a6e56f78 state=PENDING elapsed=60s — waiting …
2026-02-27 17:02:00 | DEBUG    | Task 4fec5044-a81e-4e83-a6c0-3018a6e56f78 state=PENDING elapsed=65s — waiting …
2026-02-27 17:02:05 | DEBUG    | Task 4fec5044-a81e-4e83-a6c0-3018a6e56f78 state=PENDING elapsed=70s — waiting …
2026-02-27 17:02:11 | DEBUG    | Task 4fec5044-a81e-4e83-a6c0-3018a6e56f78 state=PENDING elapsed=76s — waiting …
2026-02-27 17:02:16 | DEBUG    | Task 4fec5044-a81e-4e83-a6c0-3018a6e56f78 state=PENDING elapsed=81s — waiting …
2026-02-27 17:02:21 | DEBUG    | Task 4fec5044-a81e-4e83-a6c0-3018a6e56f78 state=PENDING elapsed=86s — waiting …
2026-02-27 17:02:26 | DEBUG    | Task 4fec5044-a81e-4e83-a6c0-3018a6e56f78 state=PENDING elapsed=91s — waiting …
2026-02-27 17:02:31 | DEBUG    | Task 4fec5044-a81e-4e83-a6c0-3018a6e56f78 state=PENDING elapsed=97s — waiting …
2026-02-27 17:02:36 | DEBUG    | Task 4fec5044-a81e-4e83-a6c0-3018a6e56f78 state=PENDING elapsed=102s — waiting …
2026-02-27 17:02:41 | DEBUG    | Task 4fec5044-a81e-4e83-a6c0-3018a6e56f78 state=PENDING elapsed=107s — waiting …
2026-02-27 17:02:46 | DEBUG    | Task 4fec5044-a81e-4e83-a6c0-3018a6e56f78 state=PENDING elapsed=112s — waiting …
2026-02-27 17:02:51 | DEBUG    | Task 4fec5044-a81e-4e83-a6c0-3018a6e56f78 state=PENDING elapsed=117s — waiting …
2026-02-27 17:02:56 | DEBUG    | Task 4fec5044-a81e-4e83-a6c0-3018a6e56f78 state=PENDING elapsed=122s — waiting …
2026-02-27 17:03:01 | DEBUG    | Task 4fec5044-a81e-4e83-a6c0-3018a6e56f78 state=PENDING elapsed=127s — waiting …
2026-02-27 17:03:06 | DEBUG    | Task 4fec5044-a81e-4e83-a6c0-3018a6e56f78 state=PENDING elapsed=132s — waiting …
2026-02-27 17:03:11 | DEBUG    | Task 4fec5044-a81e-4e83-a6c0-3018a6e56f78 state=PENDING elapsed=137s — waiting …
2026-02-27 17:03:16 | DEBUG    | Task 4fec5044-a81e-4e83-a6c0-3018a6e56f78 state=PENDING elapsed=142s — waiting …
2026-02-27 17:03:21 | DEBUG    | Task 4fec5044-a81e-4e83-a6c0-3018a6e56f78 state=PENDING elapsed=147s — waiting …
2026-02-27 17:03:26 | DEBUG    | Task 4fec5044-a81e-4e83-a6c0-3018a6e56f78 state=PENDING elapsed=152s — waiting …
2026-02-27 17:03:31 | DEBUG    | Task 4fec5044-a81e-4e83-a6c0-3018a6e56f78 state=PENDING elapsed=157s — waiting …
2026-02-27 17:03:36 | DEBUG    | Task 4fec5044-a81e-4e83-a6c0-3018a6e56f78 state=PENDING elapsed=162s — waiting …
2026-02-27 17:03:41 | DEBUG    | Task 4fec5044-a81e-4e83-a6c0-3018a6e56f78 state=PENDING elapsed=167s — waiting …
2026-02-27 17:03:46 | DEBUG    | Task 4fec5044-a81e-4e83-a6c0-3018a6e56f78 state=PENDING elapsed=172s — waiting …
2026-02-27 17:03:51 | DEBUG    | Task 4fec5044-a81e-4e83-a6c0-3018a6e56f78 state=PENDING elapsed=177s — waiting …
2026-02-27 17:03:56 | DEBUG    | Task 4fec5044-a81e-4e83-a6c0-3018a6e56f78 state=PENDING elapsed=182s — waiting …
2026-02-27 17:04:01 | DEBUG    | Task 4fec5044-a81e-4e83-a6c0-3018a6e56f78 state=PENDING elapsed=187s — waiting …
2026-02-27 17:04:06 | DEBUG    | Task 4fec5044-a81e-4e83-a6c0-3018a6e56f78 state=PENDING elapsed=192s — waiting …
2026-02-27 17:04:11 | DEBUG    | Task 4fec5044-a81e-4e83-a6c0-3018a6e56f78 state=PENDING elapsed=197s — waiting …
2026-02-27 17:04:16 | DEBUG    | Task 4fec5044-a81e-4e83-a6c0-3018a6e56f78 state=PENDING elapsed=202s — waiting …
2026-02-27 17:04:21 | DEBUG    | Task 4fec5044-a81e-4e83-a6c0-3018a6e56f78 state=PENDING elapsed=207s — waiting …
2026-02-27 17:04:26 | DEBUG    | Task 4fec5044-a81e-4e83-a6c0-3018a6e56f78 state=PENDING elapsed=212s — waiting …
2026-02-27 17:04:31 | DEBUG    | Task 4fec5044-a81e-4e83-a6c0-3018a6e56f78 state=PENDING elapsed=217s — waiting …
2026-02-27 17:04:36 | DEBUG    | Task 4fec5044-a81e-4e83-a6c0-3018a6e56f78 state=PENDING elapsed=222s — waiting …
2026-02-27 17:04:41 | DEBUG    | Task 4fec5044-a81e-4e83-a6c0-3018a6e56f78 state=PENDING elapsed=227s — waiting …
2026-02-27 17:04:46 | DEBUG    | Task 4fec5044-a81e-4e83-a6c0-3018a6e56f78 state=PENDING elapsed=232s — waiting …
2026-02-27 17:04:51 | DEBUG    | Task 4fec5044-a81e-4e83-a6c0-3018a6e56f78 state=PENDING elapsed=237s — waiting …
2026-02-27 17:04:56 | DEBUG    | Task 4fec5044-a81e-4e83-a6c0-3018a6e56f78 state=PENDING elapsed=242s — waiting …
2026-02-27 17:05:01 | DEBUG    | Task 4fec5044-a81e-4e83-a6c0-3018a6e56f78 state=PENDING elapsed=247s — waiting …
2026-02-27 17:05:06 | DEBUG    | Task 4fec5044-a81e-4e83-a6c0-3018a6e56f78 state=PENDING elapsed=252s — waiting …
2026-02-27 17:05:11 | DEBUG    | Task 4fec5044-a81e-4e83-a6c0-3018a6e56f78 state=PENDING elapsed=257s — waiting …
2026-02-27 17:05:16 | DEBUG    | Task 4fec5044-a81e-4e83-a6c0-3018a6e56f78 state=PENDING elapsed=262s — waiting …
2026-02-27 17:05:27 | DEBUG    | Task 4fec5044-a81e-4e83-a6c0-3018a6e56f78 state=PENDING elapsed=273s — waiting …
2026-02-27 17:05:32 | DEBUG    | Task 4fec5044-a81e-4e83-a6c0-3018a6e56f78 state=PENDING elapsed=278s — waiting …
2026-02-27 17:05:49 | DEBUG    | Task 4fec5044-a81e-4e83-a6c0-3018a6e56f78 state=PENDING elapsed=295s — waiting …
2026-02-27 17:05:54 | DEBUG    | Task 4fec5044-a81e-4e83-a6c0-3018a6e56f78 state=PENDING elapsed=300s — waiting …
2026-02-27 17:06:01 | DEBUG    | Task 4fec5044-a81e-4e83-a6c0-3018a6e56f78 state=PENDING elapsed=306s — waiting …
2026-02-27 17:06:06 | DEBUG    | Task 4fec5044-a81e-4e83-a6c0-3018a6e56f78 state=PENDING elapsed=311s — waiting …
2026-02-27 17:06:11 | DEBUG    | Task 4fec5044-a81e-4e83-a6c0-3018a6e56f78 state=PENDING elapsed=316s — waiting …
2026-02-27 17:06:16 | DEBUG    | Task 4fec5044-a81e-4e83-a6c0-3018a6e56f78 state=PENDING elapsed=321s — waiting …
2026-02-27 17:06:21 | DEBUG    | Task 4fec5044-a81e-4e83-a6c0-3018a6e56f78 state=PENDING elapsed=326s — waiting …
2026-02-27 17:06:26 | DEBUG    | Task 4fec5044-a81e-4e83-a6c0-3018a6e56f78 state=PENDING elapsed=331s — waiting …
2026-02-27 17:06:31 | DEBUG    | Task 4fec5044-a81e-4e83-a6c0-3018a6e56f78 state=PENDING elapsed=336s — waiting …
2026-02-27 17:06:36 | DEBUG    | Task 4fec5044-a81e-4e83-a6c0-3018a6e56f78 state=PENDING elapsed=341s — waiting …
2026-02-27 17:06:41 | DEBUG    | Task 4fec5044-a81e-4e83-a6c0-3018a6e56f78 state=PENDING elapsed=346s — waiting …
2026-02-27 17:06:46 | DEBUG    | Task 4fec5044-a81e-4e83-a6c0-3018a6e56f78 state=PENDING elapsed=351s — waiting …
2026-02-27 17:06:51 | DEBUG    | Task 4fec5044-a81e-4e83-a6c0-3018a6e56f78 state=PENDING elapsed=356s — waiting …
2026-02-27 17:06:56 | DEBUG    | Task 4fec5044-a81e-4e83-a6c0-3018a6e56f78 state=PENDING elapsed=361s — waiting …
2026-02-27 17:07:01 | DEBUG    | Task 4fec5044-a81e-4e83-a6c0-3018a6e56f78 state=PENDING elapsed=366s — waiting …
2026-02-27 17:07:07 | DEBUG    | Task 4fec5044-a81e-4e83-a6c0-3018a6e56f78 state=PENDING elapsed=372s — waiting …
2026-02-27 17:07:12 | DEBUG    | Task 4fec5044-a81e-4e83-a6c0-3018a6e56f78 state=PENDING elapsed=377s — waiting …
2026-02-27 17:07:17 | DEBUG    | Task 4fec5044-a81e-4e83-a6c0-3018a6e56f78 state=PENDING elapsed=382s — waiting …
2026-02-27 17:07:22 | DEBUG    | Task 4fec5044-a81e-4e83-a6c0-3018a6e56f78 state=PENDING elapsed=387s — waiting …
2026-02-27 17:07:27 | DEBUG    | Task 4fec5044-a81e-4e83-a6c0-3018a6e56f78 state=PENDING elapsed=393s — waiting …
2026-02-27 17:07:32 | DEBUG    | Task 4fec5044-a81e-4e83-a6c0-3018a6e56f78 state=PENDING elapsed=398s — waiting …
2026-02-27 17:07:37 | DEBUG    | Task 4fec5044-a81e-4e83-a6c0-3018a6e56f78 state=PENDING elapsed=403s — waiting …
2026-02-27 17:07:42 | DEBUG    | Task 4fec5044-a81e-4e83-a6c0-3018a6e56f78 state=PENDING elapsed=408s — waiting …
2026-02-27 17:07:47 | DEBUG    | Task 4fec5044-a81e-4e83-a6c0-3018a6e56f78 state=PENDING elapsed=413s — waiting …
2026-02-27 17:07:52 | DEBUG    | Task 4fec5044-a81e-4e83-a6c0-3018a6e56f78 state=PENDING elapsed=418s — waiting …
2026-02-27 17:07:57 | DEBUG    | Task 4fec5044-a81e-4e83-a6c0-3018a6e56f78 state=PENDING elapsed=423s — waiting …
2026-02-27 17:08:02 | INFO     | Task 4fec5044-a81e-4e83-a6c0-3018a6e56f78 FINISHED in 428s
2026-02-27 17:08:02 | INFO     | ✅ batch 2/47 (16 files) complete
2026-02-27 17:08:02 | INFO     | --- batch 3/47 (16 files) ---
2026-02-27 17:08:02 | DEBUG    |   Files: CWP-1007_Pawelec_Wakin_Sava_2022.pdf, CWP-1008-kiraz-etal_CNN_SRME_Part_1-report.pdf, CWP-1009-kiraz-etal_CNN_SRME_Part_2.pdf, CWP-1014-Jaimes-Snieder-Report.pdf, CWP-1015-Yanhua-Liu-Report-2023.pdf, CWP-1017_thresholding_Pawelec.pdf, CWP-1018_interpolation_and_filtering-Pawelec&Sava.pdf, CWP-1021_Yanhua.pdf, CWP-1022_Snieder_etal.pdf, CWP-1023_Pandey.pdf, CWP-1024_Almuteri.pdf, CWP-1025_Snyder_etal(1).pdf, CWP-1027_Issah.pdf, CWP-1028_Yanhua_Liu_PhDthesis.pdf, CWP-1029_Khalid_Almuteri_PhDthesis_FA2023.pdf, CWP-1030_Werter_Silva_MSthesis.pdf
2026-02-27 17:08:05 | INFO     | Upload accepted → task_id=0946521c-7d19-4608-9765-6377ee2eed8a
2026-02-27 17:08:05 | DEBUG    | Task 0946521c-7d19-4608-9765-6377ee2eed8a state=PENDING elapsed=0s — waiting …
2026-02-27 17:08:10 | DEBUG    | Task 0946521c-7d19-4608-9765-6377ee2eed8a state=PENDING elapsed=5s — waiting …
2026-02-27 17:08:15 | DEBUG    | Task 0946521c-7d19-4608-9765-6377ee2eed8a state=PENDING elapsed=10s — waiting …
2026-02-27 17:08:20 | DEBUG    | Task 0946521c-7d19-4608-9765-6377ee2eed8a state=PENDING elapsed=15s — waiting …
2026-02-27 17:08:25 | DEBUG    | Task 0946521c-7d19-4608-9765-6377ee2eed8a state=PENDING elapsed=20s — waiting …
2026-02-27 17:08:30 | DEBUG    | Task 0946521c-7d19-4608-9765-6377ee2eed8a state=PENDING elapsed=25s — waiting …
2026-02-27 17:08:35 | DEBUG    | Task 0946521c-7d19-4608-9765-6377ee2eed8a state=PENDING elapsed=30s — waiting …
2026-02-27 17:08:40 | DEBUG    | Task 0946521c-7d19-4608-9765-6377ee2eed8a state=PENDING elapsed=35s — waiting …
2026-02-27 17:08:45 | DEBUG    | Task 0946521c-7d19-4608-9765-6377ee2eed8a state=PENDING elapsed=40s — waiting …
2026-02-27 17:08:50 | DEBUG    | Task 0946521c-7d19-4608-9765-6377ee2eed8a state=PENDING elapsed=45s — waiting …
2026-02-27 17:08:55 | DEBUG    | Task 0946521c-7d19-4608-9765-6377ee2eed8a state=PENDING elapsed=50s — waiting …
2026-02-27 17:09:00 | DEBUG    | Task 0946521c-7d19-4608-9765-6377ee2eed8a state=PENDING elapsed=55s — waiting …
2026-02-27 17:09:05 | DEBUG    | Task 0946521c-7d19-4608-9765-6377ee2eed8a state=PENDING elapsed=60s — waiting …
2026-02-27 17:09:11 | DEBUG    | Task 0946521c-7d19-4608-9765-6377ee2eed8a state=PENDING elapsed=66s — waiting …
2026-02-27 17:09:16 | DEBUG    | Task 0946521c-7d19-4608-9765-6377ee2eed8a state=PENDING elapsed=71s — waiting …
2026-02-27 17:09:21 | DEBUG    | Task 0946521c-7d19-4608-9765-6377ee2eed8a state=PENDING elapsed=76s — waiting …
2026-02-27 17:09:26 | DEBUG    | Task 0946521c-7d19-4608-9765-6377ee2eed8a state=PENDING elapsed=81s — waiting …
2026-02-27 17:09:31 | DEBUG    | Task 0946521c-7d19-4608-9765-6377ee2eed8a state=PENDING elapsed=86s — waiting …
2026-02-27 17:09:36 | DEBUG    | Task 0946521c-7d19-4608-9765-6377ee2eed8a state=PENDING elapsed=91s — waiting …
2026-02-27 17:09:41 | DEBUG    | Task 0946521c-7d19-4608-9765-6377ee2eed8a state=PENDING elapsed=96s — waiting …
2026-02-27 17:09:46 | DEBUG    | Task 0946521c-7d19-4608-9765-6377ee2eed8a state=PENDING elapsed=101s — waiting …
2026-02-27 17:09:51 | DEBUG    | Task 0946521c-7d19-4608-9765-6377ee2eed8a state=PENDING elapsed=106s — waiting …
2026-02-27 17:09:56 | DEBUG    | Task 0946521c-7d19-4608-9765-6377ee2eed8a state=PENDING elapsed=111s — waiting …
2026-02-27 17:10:01 | DEBUG    | Task 0946521c-7d19-4608-9765-6377ee2eed8a state=PENDING elapsed=116s — waiting …
2026-02-27 17:10:06 | DEBUG    | Task 0946521c-7d19-4608-9765-6377ee2eed8a state=PENDING elapsed=121s — waiting …
2026-02-27 17:10:11 | DEBUG    | Task 0946521c-7d19-4608-9765-6377ee2eed8a state=PENDING elapsed=126s — waiting …
2026-02-27 17:10:16 | DEBUG    | Task 0946521c-7d19-4608-9765-6377ee2eed8a state=PENDING elapsed=131s — waiting …
2026-02-27 17:10:21 | DEBUG    | Task 0946521c-7d19-4608-9765-6377ee2eed8a state=PENDING elapsed=136s — waiting …
2026-02-27 17:10:26 | DEBUG    | Task 0946521c-7d19-4608-9765-6377ee2eed8a state=PENDING elapsed=141s — waiting …
2026-02-27 17:10:31 | DEBUG    | Task 0946521c-7d19-4608-9765-6377ee2eed8a state=PENDING elapsed=146s — waiting …
2026-02-27 17:10:36 | DEBUG    | Task 0946521c-7d19-4608-9765-6377ee2eed8a state=PENDING elapsed=151s — waiting …
2026-02-27 17:10:41 | DEBUG    | Task 0946521c-7d19-4608-9765-6377ee2eed8a state=PENDING elapsed=156s — waiting …
2026-02-27 17:10:46 | DEBUG    | Task 0946521c-7d19-4608-9765-6377ee2eed8a state=PENDING elapsed=161s — waiting …
2026-02-27 17:10:51 | DEBUG    | Task 0946521c-7d19-4608-9765-6377ee2eed8a state=PENDING elapsed=166s — waiting …
2026-02-27 17:10:56 | DEBUG    | Task 0946521c-7d19-4608-9765-6377ee2eed8a state=PENDING elapsed=171s — waiting …
2026-02-27 17:11:01 | DEBUG    | Task 0946521c-7d19-4608-9765-6377ee2eed8a state=PENDING elapsed=176s — waiting …
2026-02-27 17:11:06 | DEBUG    | Task 0946521c-7d19-4608-9765-6377ee2eed8a state=PENDING elapsed=181s — waiting …
2026-02-27 17:11:11 | DEBUG    | Task 0946521c-7d19-4608-9765-6377ee2eed8a state=PENDING elapsed=186s — waiting …
2026-02-27 17:11:16 | DEBUG    | Task 0946521c-7d19-4608-9765-6377ee2eed8a state=PENDING elapsed=191s — waiting …
2026-02-27 17:11:21 | DEBUG    | Task 0946521c-7d19-4608-9765-6377ee2eed8a state=PENDING elapsed=196s — waiting …
2026-02-27 17:11:26 | DEBUG    | Task 0946521c-7d19-4608-9765-6377ee2eed8a state=PENDING elapsed=201s — waiting …
2026-02-27 17:11:31 | DEBUG    | Task 0946521c-7d19-4608-9765-6377ee2eed8a state=PENDING elapsed=206s — waiting …
2026-02-27 17:11:36 | DEBUG    | Task 0946521c-7d19-4608-9765-6377ee2eed8a state=PENDING elapsed=211s — waiting …
2026-02-27 17:11:41 | DEBUG    | Task 0946521c-7d19-4608-9765-6377ee2eed8a state=PENDING elapsed=216s — waiting …
2026-02-27 17:11:46 | DEBUG    | Task 0946521c-7d19-4608-9765-6377ee2eed8a state=PENDING elapsed=221s — waiting …
2026-02-27 17:11:51 | DEBUG    | Task 0946521c-7d19-4608-9765-6377ee2eed8a state=PENDING elapsed=226s — waiting …
2026-02-27 17:11:56 | DEBUG    | Task 0946521c-7d19-4608-9765-6377ee2eed8a state=PENDING elapsed=231s — waiting …
2026-02-27 17:12:03 | DEBUG    | Task 0946521c-7d19-4608-9765-6377ee2eed8a state=PENDING elapsed=238s — waiting …
2026-02-27 17:12:09 | DEBUG    | Task 0946521c-7d19-4608-9765-6377ee2eed8a state=PENDING elapsed=244s — waiting …
2026-02-27 17:12:14 | DEBUG    | Task 0946521c-7d19-4608-9765-6377ee2eed8a state=PENDING elapsed=249s — waiting …
2026-02-27 17:12:19 | DEBUG    | Task 0946521c-7d19-4608-9765-6377ee2eed8a state=PENDING elapsed=254s — waiting …
2026-02-27 17:12:24 | DEBUG    | Task 0946521c-7d19-4608-9765-6377ee2eed8a state=PENDING elapsed=259s — waiting …
2026-02-27 17:12:29 | DEBUG    | Task 0946521c-7d19-4608-9765-6377ee2eed8a state=PENDING elapsed=264s — waiting …
2026-02-27 17:12:34 | DEBUG    | Task 0946521c-7d19-4608-9765-6377ee2eed8a state=PENDING elapsed=269s — waiting …
2026-02-27 17:12:39 | DEBUG    | Task 0946521c-7d19-4608-9765-6377ee2eed8a state=PENDING elapsed=274s — waiting …
2026-02-27 17:12:44 | DEBUG    | Task 0946521c-7d19-4608-9765-6377ee2eed8a state=PENDING elapsed=279s — waiting …
2026-02-27 17:12:49 | DEBUG    | Task 0946521c-7d19-4608-9765-6377ee2eed8a state=PENDING elapsed=284s — waiting …
2026-02-27 17:12:54 | DEBUG    | Task 0946521c-7d19-4608-9765-6377ee2eed8a state=PENDING elapsed=289s — waiting …
2026-02-27 17:12:59 | DEBUG    | Task 0946521c-7d19-4608-9765-6377ee2eed8a state=PENDING elapsed=294s — waiting …
2026-02-27 17:13:04 | DEBUG    | Task 0946521c-7d19-4608-9765-6377ee2eed8a state=PENDING elapsed=299s — waiting …
2026-02-27 17:13:09 | DEBUG    | Task 0946521c-7d19-4608-9765-6377ee2eed8a state=PENDING elapsed=304s — waiting …
2026-02-27 17:13:14 | DEBUG    | Task 0946521c-7d19-4608-9765-6377ee2eed8a state=PENDING elapsed=309s — waiting …
2026-02-27 17:13:19 | DEBUG    | Task 0946521c-7d19-4608-9765-6377ee2eed8a state=PENDING elapsed=314s — waiting …
2026-02-27 17:13:24 | DEBUG    | Task 0946521c-7d19-4608-9765-6377ee2eed8a state=PENDING elapsed=319s — waiting …
2026-02-27 17:13:29 | DEBUG    | Task 0946521c-7d19-4608-9765-6377ee2eed8a state=PENDING elapsed=324s — waiting …
2026-02-27 17:13:34 | DEBUG    | Task 0946521c-7d19-4608-9765-6377ee2eed8a state=PENDING elapsed=329s — waiting …
2026-02-27 17:13:39 | DEBUG    | Task 0946521c-7d19-4608-9765-6377ee2eed8a state=PENDING elapsed=334s — waiting …
2026-02-27 17:13:44 | DEBUG    | Task 0946521c-7d19-4608-9765-6377ee2eed8a state=PENDING elapsed=339s — waiting …
2026-02-27 17:13:49 | DEBUG    | Task 0946521c-7d19-4608-9765-6377ee2eed8a state=PENDING elapsed=344s — waiting …
2026-02-27 17:13:54 | DEBUG    | Task 0946521c-7d19-4608-9765-6377ee2eed8a state=PENDING elapsed=349s — waiting …
2026-02-27 17:13:59 | DEBUG    | Task 0946521c-7d19-4608-9765-6377ee2eed8a state=PENDING elapsed=354s — waiting …
2026-02-27 17:14:04 | DEBUG    | Task 0946521c-7d19-4608-9765-6377ee2eed8a state=PENDING elapsed=359s — waiting …
2026-02-27 17:14:09 | DEBUG    | Task 0946521c-7d19-4608-9765-6377ee2eed8a state=PENDING elapsed=364s — waiting …
2026-02-27 17:14:14 | DEBUG    | Task 0946521c-7d19-4608-9765-6377ee2eed8a state=PENDING elapsed=369s — waiting …
2026-02-27 17:14:19 | DEBUG    | Task 0946521c-7d19-4608-9765-6377ee2eed8a state=PENDING elapsed=374s — waiting …
2026-02-27 17:14:24 | DEBUG    | Task 0946521c-7d19-4608-9765-6377ee2eed8a state=PENDING elapsed=379s — waiting …
2026-02-27 17:14:30 | INFO     | Task 0946521c-7d19-4608-9765-6377ee2eed8a FINISHED in 385s
2026-02-27 17:14:30 | INFO     | ✅ batch 3/47 (16 files) complete
2026-02-27 17:14:30 | INFO     | --- batch 4/47 (16 files) ---
2026-02-27 17:14:30 | DEBUG    |   Files: CWP-107_Project_Review_1991.pdf, CWP-110_Hedley_MSthesis_1991.pdf, CWP-114_H_Lydia_Deng_ 1992_MSthesis.pdf, CWP-115_Artley_MSthesis_1992.pdf, CWP-116_Francesca_Fazzari_MSthesis_1992.pdf, CWP-121_1992_Project_Review.pdf, CWP-132_Mohammed_Alfaraj_PhDthesis.pdf, CWP-153_ProjectReview_1994.pdf, CWP-159_Scales&Tarantola_report.pdf, CWP-160_Scales&Smith_1994.pdf, CWP-163_Omar_Uzcategui_FA1994.pdf, CWP-168_Liu&Bleistein_excerptfromthesis.pdf, CWP-168_Zhenyue_Liu_PhDthesis_SP1995.pdf, CWP-169_Meng_et_al._report.pdf, CWP-172_Cohen_report.pdf, CWP-173_Cohen_report.pdf
2026-02-27 17:14:32 | INFO     | Upload accepted → task_id=94b43cb3-c0c5-4f63-834c-439d84c2031b
2026-02-27 17:14:32 | DEBUG    | Task 94b43cb3-c0c5-4f63-834c-439d84c2031b state=PENDING elapsed=0s — waiting …
2026-02-27 17:14:37 | DEBUG    | Task 94b43cb3-c0c5-4f63-834c-439d84c2031b state=PENDING elapsed=5s — waiting …
2026-02-27 17:14:42 | DEBUG    | Task 94b43cb3-c0c5-4f63-834c-439d84c2031b state=PENDING elapsed=10s — waiting …
2026-02-27 17:14:47 | DEBUG    | Task 94b43cb3-c0c5-4f63-834c-439d84c2031b state=PENDING elapsed=15s — waiting …
2026-02-27 17:14:52 | DEBUG    | Task 94b43cb3-c0c5-4f63-834c-439d84c2031b state=PENDING elapsed=20s — waiting …
2026-02-27 17:14:57 | DEBUG    | Task 94b43cb3-c0c5-4f63-834c-439d84c2031b state=PENDING elapsed=25s — waiting …
2026-02-27 17:15:02 | DEBUG    | Task 94b43cb3-c0c5-4f63-834c-439d84c2031b state=PENDING elapsed=30s — waiting …
2026-02-27 17:15:07 | DEBUG    | Task 94b43cb3-c0c5-4f63-834c-439d84c2031b state=PENDING elapsed=35s — waiting …
2026-02-27 17:15:12 | DEBUG    | Task 94b43cb3-c0c5-4f63-834c-439d84c2031b state=PENDING elapsed=40s — waiting …
2026-02-27 17:15:17 | DEBUG    | Task 94b43cb3-c0c5-4f63-834c-439d84c2031b state=PENDING elapsed=45s — waiting …
2026-02-27 17:15:22 | DEBUG    | Task 94b43cb3-c0c5-4f63-834c-439d84c2031b state=PENDING elapsed=50s — waiting …
2026-02-27 17:15:27 | DEBUG    | Task 94b43cb3-c0c5-4f63-834c-439d84c2031b state=PENDING elapsed=55s — waiting …
2026-02-27 17:15:32 | DEBUG    | Task 94b43cb3-c0c5-4f63-834c-439d84c2031b state=PENDING elapsed=60s — waiting …
2026-02-27 17:15:37 | DEBUG    | Task 94b43cb3-c0c5-4f63-834c-439d84c2031b state=PENDING elapsed=65s — waiting …
2026-02-27 17:15:42 | DEBUG    | Task 94b43cb3-c0c5-4f63-834c-439d84c2031b state=PENDING elapsed=70s — waiting …
2026-02-27 17:15:47 | DEBUG    | Task 94b43cb3-c0c5-4f63-834c-439d84c2031b state=PENDING elapsed=75s — waiting …
2026-02-27 17:15:52 | DEBUG    | Task 94b43cb3-c0c5-4f63-834c-439d84c2031b state=PENDING elapsed=80s — waiting …
2026-02-27 17:15:57 | DEBUG    | Task 94b43cb3-c0c5-4f63-834c-439d84c2031b state=PENDING elapsed=85s — waiting …
2026-02-27 17:16:07 | DEBUG    | Task 94b43cb3-c0c5-4f63-834c-439d84c2031b state=PENDING elapsed=96s — waiting …
2026-02-27 17:16:12 | DEBUG    | Task 94b43cb3-c0c5-4f63-834c-439d84c2031b state=PENDING elapsed=101s — waiting …
2026-02-27 17:16:17 | DEBUG    | Task 94b43cb3-c0c5-4f63-834c-439d84c2031b state=PENDING elapsed=106s — waiting …
2026-02-27 17:16:23 | DEBUG    | Task 94b43cb3-c0c5-4f63-834c-439d84c2031b state=PENDING elapsed=111s — waiting …
2026-02-27 17:16:28 | DEBUG    | Task 94b43cb3-c0c5-4f63-834c-439d84c2031b state=PENDING elapsed=116s — waiting …
2026-02-27 17:16:33 | DEBUG    | Task 94b43cb3-c0c5-4f63-834c-439d84c2031b state=PENDING elapsed=121s — waiting …
2026-02-27 17:16:38 | DEBUG    | Task 94b43cb3-c0c5-4f63-834c-439d84c2031b state=PENDING elapsed=126s — waiting …
2026-02-27 17:16:43 | DEBUG    | Task 94b43cb3-c0c5-4f63-834c-439d84c2031b state=PENDING elapsed=131s — waiting …
2026-02-27 17:16:48 | DEBUG    | Task 94b43cb3-c0c5-4f63-834c-439d84c2031b state=PENDING elapsed=136s — waiting …
2026-02-27 17:16:53 | DEBUG    | Task 94b43cb3-c0c5-4f63-834c-439d84c2031b state=PENDING elapsed=141s — waiting …
2026-02-27 17:16:58 | DEBUG    | Task 94b43cb3-c0c5-4f63-834c-439d84c2031b state=PENDING elapsed=146s — waiting …
2026-02-27 17:17:03 | DEBUG    | Task 94b43cb3-c0c5-4f63-834c-439d84c2031b state=PENDING elapsed=151s — waiting …
2026-02-27 17:17:08 | DEBUG    | Task 94b43cb3-c0c5-4f63-834c-439d84c2031b state=PENDING elapsed=156s — waiting …
2026-02-27 17:17:13 | DEBUG    | Task 94b43cb3-c0c5-4f63-834c-439d84c2031b state=PENDING elapsed=161s — waiting …
2026-02-27 17:17:18 | DEBUG    | Task 94b43cb3-c0c5-4f63-834c-439d84c2031b state=PENDING elapsed=166s — waiting …
2026-02-27 17:17:23 | DEBUG    | Task 94b43cb3-c0c5-4f63-834c-439d84c2031b state=PENDING elapsed=171s — waiting …
2026-02-27 17:17:28 | DEBUG    | Task 94b43cb3-c0c5-4f63-834c-439d84c2031b state=PENDING elapsed=176s — waiting …
2026-02-27 17:17:33 | DEBUG    | Task 94b43cb3-c0c5-4f63-834c-439d84c2031b state=PENDING elapsed=181s — waiting …
2026-02-27 17:17:38 | DEBUG    | Task 94b43cb3-c0c5-4f63-834c-439d84c2031b state=PENDING elapsed=186s — waiting …
2026-02-27 17:17:43 | DEBUG    | Task 94b43cb3-c0c5-4f63-834c-439d84c2031b state=PENDING elapsed=191s — waiting …
2026-02-27 17:17:48 | DEBUG    | Task 94b43cb3-c0c5-4f63-834c-439d84c2031b state=PENDING elapsed=196s — waiting …
2026-02-27 17:17:53 | DEBUG    | Task 94b43cb3-c0c5-4f63-834c-439d84c2031b state=PENDING elapsed=201s — waiting …
2026-02-27 17:17:58 | DEBUG    | Task 94b43cb3-c0c5-4f63-834c-439d84c2031b state=PENDING elapsed=206s — waiting …
2026-02-27 17:18:03 | DEBUG    | Task 94b43cb3-c0c5-4f63-834c-439d84c2031b state=PENDING elapsed=211s — waiting …
2026-02-27 17:18:08 | DEBUG    | Task 94b43cb3-c0c5-4f63-834c-439d84c2031b state=PENDING elapsed=216s — waiting …
2026-02-27 17:18:13 | DEBUG    | Task 94b43cb3-c0c5-4f63-834c-439d84c2031b state=PENDING elapsed=221s — waiting …
2026-02-27 17:18:18 | DEBUG    | Task 94b43cb3-c0c5-4f63-834c-439d84c2031b state=PENDING elapsed=226s — waiting …
2026-02-27 17:18:23 | DEBUG    | Task 94b43cb3-c0c5-4f63-834c-439d84c2031b state=PENDING elapsed=231s — waiting …
2026-02-27 17:18:28 | DEBUG    | Task 94b43cb3-c0c5-4f63-834c-439d84c2031b state=PENDING elapsed=236s — waiting …
2026-02-27 17:18:33 | DEBUG    | Task 94b43cb3-c0c5-4f63-834c-439d84c2031b state=PENDING elapsed=241s — waiting …
2026-02-27 17:18:38 | DEBUG    | Task 94b43cb3-c0c5-4f63-834c-439d84c2031b state=PENDING elapsed=246s — waiting …
2026-02-27 17:18:51 | DEBUG    | Task 94b43cb3-c0c5-4f63-834c-439d84c2031b state=PENDING elapsed=259s — waiting …
2026-02-27 17:18:57 | DEBUG    | Task 94b43cb3-c0c5-4f63-834c-439d84c2031b state=PENDING elapsed=265s — waiting …
2026-02-27 17:19:02 | DEBUG    | Task 94b43cb3-c0c5-4f63-834c-439d84c2031b state=PENDING elapsed=270s — waiting …
2026-02-27 17:19:07 | DEBUG    | Task 94b43cb3-c0c5-4f63-834c-439d84c2031b state=PENDING elapsed=275s — waiting …
2026-02-27 17:19:14 | DEBUG    | Task 94b43cb3-c0c5-4f63-834c-439d84c2031b state=PENDING elapsed=282s — waiting …
2026-02-27 17:19:19 | DEBUG    | Task 94b43cb3-c0c5-4f63-834c-439d84c2031b state=PENDING elapsed=287s — waiting …
2026-02-27 17:19:24 | DEBUG    | Task 94b43cb3-c0c5-4f63-834c-439d84c2031b state=PENDING elapsed=292s — waiting …
2026-02-27 17:19:29 | DEBUG    | Task 94b43cb3-c0c5-4f63-834c-439d84c2031b state=PENDING elapsed=297s — waiting …
2026-02-27 17:19:34 | DEBUG    | Task 94b43cb3-c0c5-4f63-834c-439d84c2031b state=PENDING elapsed=302s — waiting …
2026-02-27 17:19:39 | DEBUG    | Task 94b43cb3-c0c5-4f63-834c-439d84c2031b state=PENDING elapsed=307s — waiting …
2026-02-27 17:19:44 | DEBUG    | Task 94b43cb3-c0c5-4f63-834c-439d84c2031b state=PENDING elapsed=312s — waiting …
2026-02-27 17:19:49 | DEBUG    | Task 94b43cb3-c0c5-4f63-834c-439d84c2031b state=PENDING elapsed=317s — waiting …
2026-02-27 17:19:54 | DEBUG    | Task 94b43cb3-c0c5-4f63-834c-439d84c2031b state=PENDING elapsed=322s — waiting …
2026-02-27 17:19:59 | DEBUG    | Task 94b43cb3-c0c5-4f63-834c-439d84c2031b state=PENDING elapsed=327s — waiting …
2026-02-27 17:20:04 | DEBUG    | Task 94b43cb3-c0c5-4f63-834c-439d84c2031b state=PENDING elapsed=332s — waiting …
2026-02-27 17:20:09 | DEBUG    | Task 94b43cb3-c0c5-4f63-834c-439d84c2031b state=PENDING elapsed=337s — waiting …
2026-02-27 17:20:22 | INFO     | Task 94b43cb3-c0c5-4f63-834c-439d84c2031b FINISHED in 350s
2026-02-27 17:20:22 | INFO     | ✅ batch 4/47 (16 files) complete
2026-02-27 17:20:22 | INFO     | --- batch 5/47 (16 files) ---
2026-02-27 17:20:22 | DEBUG    |   Files: CWP-174_Tsvankin_Inversion_of_moveout_velocities.pdf, CWP-175_Tsvankin_Analysis_for_transversely_isotropic_media.pdf, CWP-176_Alkhalifah_Anisotropy_Processing.pdf, CWP-177_Boyi_Ou_MSthesis_SP1995.pdf, CWP-182_Scales_Probabilistic_Characterization_of_Geologic_Info.pdf, CWP-183_Deng_Using_Multi-resolution_analysis.pdf, CWP-184_Gouveia_A_study_of_model_covariances.pdf, CWP-185_Project_Review_1995.pdf, CWP-186_Timo_Tjan_SU1995.pdf, CWP-191_Cohen.pdf, CWP-193-Blestein&Cohen.pdf, CWP-195_Gabriel_Alvarez_De_La_Hoz_MS_thesis_FA1995.pdf, CWP-196_Tong_Chen_MS_thesis_FA1995.pdf, CWP-235_Andreas_Ruger_PhDthesis_reduced.pdf, CWP-236_Tariq_Alkhalifah_PhDthesis.pdf, CWP-237_Trino_Salinas.pdf
2026-02-27 17:20:27 | INFO     | Upload accepted → task_id=309aa0b4-dab7-4aad-8a97-8f13a4c82902
2026-02-27 17:20:27 | DEBUG    | Task 309aa0b4-dab7-4aad-8a97-8f13a4c82902 state=PENDING elapsed=0s — waiting …
2026-02-27 17:20:32 | DEBUG    | Task 309aa0b4-dab7-4aad-8a97-8f13a4c82902 state=PENDING elapsed=5s — waiting …
2026-02-27 17:20:37 | DEBUG    | Task 309aa0b4-dab7-4aad-8a97-8f13a4c82902 state=PENDING elapsed=10s — waiting …
2026-02-27 17:20:55 | DEBUG    | Task 309aa0b4-dab7-4aad-8a97-8f13a4c82902 state=PENDING elapsed=29s — waiting …
2026-02-27 17:21:01 | DEBUG    | Task 309aa0b4-dab7-4aad-8a97-8f13a4c82902 state=PENDING elapsed=34s — waiting …
2026-02-27 17:21:06 | DEBUG    | Task 309aa0b4-dab7-4aad-8a97-8f13a4c82902 state=PENDING elapsed=39s — waiting …
2026-02-27 17:21:11 | DEBUG    | Task 309aa0b4-dab7-4aad-8a97-8f13a4c82902 state=PENDING elapsed=44s — waiting …
2026-02-27 17:21:16 | DEBUG    | Task 309aa0b4-dab7-4aad-8a97-8f13a4c82902 state=PENDING elapsed=49s — waiting …
2026-02-27 17:21:28 | DEBUG    | Task 309aa0b4-dab7-4aad-8a97-8f13a4c82902 state=PENDING elapsed=61s — waiting …
2026-02-27 17:21:33 | DEBUG    | Task 309aa0b4-dab7-4aad-8a97-8f13a4c82902 state=PENDING elapsed=66s — waiting …
2026-02-27 17:21:38 | DEBUG    | Task 309aa0b4-dab7-4aad-8a97-8f13a4c82902 state=PENDING elapsed=71s — waiting …
2026-02-27 17:21:43 | DEBUG    | Task 309aa0b4-dab7-4aad-8a97-8f13a4c82902 state=PENDING elapsed=76s — waiting …
2026-02-27 17:21:48 | DEBUG    | Task 309aa0b4-dab7-4aad-8a97-8f13a4c82902 state=PENDING elapsed=81s — waiting …
2026-02-27 17:21:53 | DEBUG    | Task 309aa0b4-dab7-4aad-8a97-8f13a4c82902 state=PENDING elapsed=86s — waiting …
2026-02-27 17:21:58 | DEBUG    | Task 309aa0b4-dab7-4aad-8a97-8f13a4c82902 state=PENDING elapsed=91s — waiting …
2026-02-27 17:22:03 | DEBUG    | Task 309aa0b4-dab7-4aad-8a97-8f13a4c82902 state=PENDING elapsed=96s — waiting …
2026-02-27 17:22:08 | DEBUG    | Task 309aa0b4-dab7-4aad-8a97-8f13a4c82902 state=PENDING elapsed=101s — waiting …
2026-02-27 17:22:13 | DEBUG    | Task 309aa0b4-dab7-4aad-8a97-8f13a4c82902 state=PENDING elapsed=106s — waiting …
2026-02-27 17:22:18 | DEBUG    | Task 309aa0b4-dab7-4aad-8a97-8f13a4c82902 state=PENDING elapsed=111s — waiting …
2026-02-27 17:22:23 | DEBUG    | Task 309aa0b4-dab7-4aad-8a97-8f13a4c82902 state=PENDING elapsed=116s — waiting …
2026-02-27 17:22:28 | DEBUG    | Task 309aa0b4-dab7-4aad-8a97-8f13a4c82902 state=PENDING elapsed=121s — waiting …
2026-02-27 17:22:34 | DEBUG    | Task 309aa0b4-dab7-4aad-8a97-8f13a4c82902 state=PENDING elapsed=127s — waiting …
2026-02-27 17:22:39 | DEBUG    | Task 309aa0b4-dab7-4aad-8a97-8f13a4c82902 state=PENDING elapsed=132s — waiting …
2026-02-27 17:22:44 | DEBUG    | Task 309aa0b4-dab7-4aad-8a97-8f13a4c82902 state=PENDING elapsed=137s — waiting …
2026-02-27 17:22:49 | DEBUG    | Task 309aa0b4-dab7-4aad-8a97-8f13a4c82902 state=PENDING elapsed=142s — waiting …
2026-02-27 17:22:54 | DEBUG    | Task 309aa0b4-dab7-4aad-8a97-8f13a4c82902 state=PENDING elapsed=147s — waiting …
2026-02-27 17:22:59 | DEBUG    | Task 309aa0b4-dab7-4aad-8a97-8f13a4c82902 state=PENDING elapsed=152s — waiting …
2026-02-27 17:23:04 | DEBUG    | Task 309aa0b4-dab7-4aad-8a97-8f13a4c82902 state=PENDING elapsed=157s — waiting …
2026-02-27 17:23:09 | DEBUG    | Task 309aa0b4-dab7-4aad-8a97-8f13a4c82902 state=PENDING elapsed=162s — waiting …
2026-02-27 17:23:14 | DEBUG    | Task 309aa0b4-dab7-4aad-8a97-8f13a4c82902 state=PENDING elapsed=167s — waiting …
2026-02-27 17:23:19 | DEBUG    | Task 309aa0b4-dab7-4aad-8a97-8f13a4c82902 state=PENDING elapsed=172s — waiting …
2026-02-27 17:23:24 | DEBUG    | Task 309aa0b4-dab7-4aad-8a97-8f13a4c82902 state=PENDING elapsed=177s — waiting …
2026-02-27 17:23:29 | DEBUG    | Task 309aa0b4-dab7-4aad-8a97-8f13a4c82902 state=PENDING elapsed=182s — waiting …
2026-02-27 17:23:34 | DEBUG    | Task 309aa0b4-dab7-4aad-8a97-8f13a4c82902 state=PENDING elapsed=187s — waiting …
2026-02-27 17:23:39 | DEBUG    | Task 309aa0b4-dab7-4aad-8a97-8f13a4c82902 state=PENDING elapsed=192s — waiting …
2026-02-27 17:23:44 | DEBUG    | Task 309aa0b4-dab7-4aad-8a97-8f13a4c82902 state=PENDING elapsed=197s — waiting …
2026-02-27 17:23:49 | DEBUG    | Task 309aa0b4-dab7-4aad-8a97-8f13a4c82902 state=PENDING elapsed=202s — waiting …
2026-02-27 17:23:54 | DEBUG    | Task 309aa0b4-dab7-4aad-8a97-8f13a4c82902 state=PENDING elapsed=207s — waiting …
2026-02-27 17:23:59 | DEBUG    | Task 309aa0b4-dab7-4aad-8a97-8f13a4c82902 state=PENDING elapsed=212s — waiting …
2026-02-27 17:24:04 | DEBUG    | Task 309aa0b4-dab7-4aad-8a97-8f13a4c82902 state=PENDING elapsed=217s — waiting …
2026-02-27 17:24:09 | DEBUG    | Task 309aa0b4-dab7-4aad-8a97-8f13a4c82902 state=PENDING elapsed=222s — waiting …
2026-02-27 17:24:14 | DEBUG    | Task 309aa0b4-dab7-4aad-8a97-8f13a4c82902 state=PENDING elapsed=227s — waiting …
2026-02-27 17:24:19 | DEBUG    | Task 309aa0b4-dab7-4aad-8a97-8f13a4c82902 state=PENDING elapsed=232s — waiting …
2026-02-27 17:24:24 | DEBUG    | Task 309aa0b4-dab7-4aad-8a97-8f13a4c82902 state=PENDING elapsed=237s — waiting …
2026-02-27 17:24:29 | DEBUG    | Task 309aa0b4-dab7-4aad-8a97-8f13a4c82902 state=PENDING elapsed=243s — waiting …
2026-02-27 17:24:34 | DEBUG    | Task 309aa0b4-dab7-4aad-8a97-8f13a4c82902 state=PENDING elapsed=248s — waiting …
2026-02-27 17:24:39 | DEBUG    | Task 309aa0b4-dab7-4aad-8a97-8f13a4c82902 state=PENDING elapsed=253s — waiting …
2026-02-27 17:24:44 | DEBUG    | Task 309aa0b4-dab7-4aad-8a97-8f13a4c82902 state=PENDING elapsed=258s — waiting …
2026-02-27 17:24:49 | DEBUG    | Task 309aa0b4-dab7-4aad-8a97-8f13a4c82902 state=PENDING elapsed=263s — waiting …
2026-02-27 17:24:54 | DEBUG    | Task 309aa0b4-dab7-4aad-8a97-8f13a4c82902 state=PENDING elapsed=268s — waiting …
2026-02-27 17:24:59 | DEBUG    | Task 309aa0b4-dab7-4aad-8a97-8f13a4c82902 state=PENDING elapsed=273s — waiting …
2026-02-27 17:25:04 | DEBUG    | Task 309aa0b4-dab7-4aad-8a97-8f13a4c82902 state=PENDING elapsed=278s — waiting …
2026-02-27 17:25:09 | DEBUG    | Task 309aa0b4-dab7-4aad-8a97-8f13a4c82902 state=PENDING elapsed=283s — waiting …
2026-02-27 17:25:14 | DEBUG    | Task 309aa0b4-dab7-4aad-8a97-8f13a4c82902 state=PENDING elapsed=288s — waiting …
2026-02-27 17:25:19 | DEBUG    | Task 309aa0b4-dab7-4aad-8a97-8f13a4c82902 state=PENDING elapsed=293s — waiting …
2026-02-27 17:25:24 | DEBUG    | Task 309aa0b4-dab7-4aad-8a97-8f13a4c82902 state=PENDING elapsed=298s — waiting …
2026-02-27 17:25:29 | DEBUG    | Task 309aa0b4-dab7-4aad-8a97-8f13a4c82902 state=PENDING elapsed=303s — waiting …
2026-02-27 17:25:34 | DEBUG    | Task 309aa0b4-dab7-4aad-8a97-8f13a4c82902 state=PENDING elapsed=308s — waiting …
2026-02-27 17:25:39 | DEBUG    | Task 309aa0b4-dab7-4aad-8a97-8f13a4c82902 state=PENDING elapsed=313s — waiting …
2026-02-27 17:25:44 | DEBUG    | Task 309aa0b4-dab7-4aad-8a97-8f13a4c82902 state=PENDING elapsed=318s — waiting …
2026-02-27 17:25:49 | DEBUG    | Task 309aa0b4-dab7-4aad-8a97-8f13a4c82902 state=PENDING elapsed=323s — waiting …
2026-02-27 17:25:54 | DEBUG    | Task 309aa0b4-dab7-4aad-8a97-8f13a4c82902 state=PENDING elapsed=328s — waiting …
2026-02-27 17:25:59 | DEBUG    | Task 309aa0b4-dab7-4aad-8a97-8f13a4c82902 state=PENDING elapsed=333s — waiting …
2026-02-27 17:26:04 | DEBUG    | Task 309aa0b4-dab7-4aad-8a97-8f13a4c82902 state=PENDING elapsed=338s — waiting …
2026-02-27 17:26:09 | DEBUG    | Task 309aa0b4-dab7-4aad-8a97-8f13a4c82902 state=PENDING elapsed=343s — waiting …
2026-02-27 17:26:14 | DEBUG    | Task 309aa0b4-dab7-4aad-8a97-8f13a4c82902 state=PENDING elapsed=348s — waiting …
2026-02-27 17:26:19 | DEBUG    | Task 309aa0b4-dab7-4aad-8a97-8f13a4c82902 state=PENDING elapsed=353s — waiting …
2026-02-27 17:26:24 | DEBUG    | Task 309aa0b4-dab7-4aad-8a97-8f13a4c82902 state=PENDING elapsed=358s — waiting …
2026-02-27 17:26:29 | DEBUG    | Task 309aa0b4-dab7-4aad-8a97-8f13a4c82902 state=PENDING elapsed=363s — waiting …
2026-02-27 17:26:34 | DEBUG    | Task 309aa0b4-dab7-4aad-8a97-8f13a4c82902 state=PENDING elapsed=368s — waiting …
2026-02-27 17:26:39 | DEBUG    | Task 309aa0b4-dab7-4aad-8a97-8f13a4c82902 state=PENDING elapsed=373s — waiting …
2026-02-27 17:26:44 | DEBUG    | Task 309aa0b4-dab7-4aad-8a97-8f13a4c82902 state=PENDING elapsed=378s — waiting …
2026-02-27 17:26:49 | DEBUG    | Task 309aa0b4-dab7-4aad-8a97-8f13a4c82902 state=PENDING elapsed=383s — waiting …
2026-02-27 17:26:54 | DEBUG    | Task 309aa0b4-dab7-4aad-8a97-8f13a4c82902 state=PENDING elapsed=388s — waiting …
2026-02-27 17:26:59 | DEBUG    | Task 309aa0b4-dab7-4aad-8a97-8f13a4c82902 state=PENDING elapsed=393s — waiting …
2026-02-27 17:27:04 | DEBUG    | Task 309aa0b4-dab7-4aad-8a97-8f13a4c82902 state=PENDING elapsed=398s — waiting …
2026-02-27 17:27:09 | DEBUG    | Task 309aa0b4-dab7-4aad-8a97-8f13a4c82902 state=PENDING elapsed=403s — waiting …
2026-02-27 17:27:14 | DEBUG    | Task 309aa0b4-dab7-4aad-8a97-8f13a4c82902 state=PENDING elapsed=408s — waiting …
2026-02-27 17:27:19 | DEBUG    | Task 309aa0b4-dab7-4aad-8a97-8f13a4c82902 state=PENDING elapsed=413s — waiting …
2026-02-27 17:27:24 | DEBUG    | Task 309aa0b4-dab7-4aad-8a97-8f13a4c82902 state=PENDING elapsed=418s — waiting …
2026-02-27 17:27:29 | DEBUG    | Task 309aa0b4-dab7-4aad-8a97-8f13a4c82902 state=PENDING elapsed=423s — waiting …
2026-02-27 17:27:34 | DEBUG    | Task 309aa0b4-dab7-4aad-8a97-8f13a4c82902 state=PENDING elapsed=428s — waiting …
2026-02-27 17:27:39 | DEBUG    | Task 309aa0b4-dab7-4aad-8a97-8f13a4c82902 state=PENDING elapsed=433s — waiting …
2026-02-27 17:27:45 | DEBUG    | Task 309aa0b4-dab7-4aad-8a97-8f13a4c82902 state=PENDING elapsed=438s — waiting …
2026-02-27 17:27:50 | DEBUG    | Task 309aa0b4-dab7-4aad-8a97-8f13a4c82902 state=PENDING elapsed=443s — waiting …
2026-02-27 17:27:55 | DEBUG    | Task 309aa0b4-dab7-4aad-8a97-8f13a4c82902 state=PENDING elapsed=448s — waiting …
2026-02-27 17:28:00 | DEBUG    | Task 309aa0b4-dab7-4aad-8a97-8f13a4c82902 state=PENDING elapsed=453s — waiting …
2026-02-27 17:28:05 | DEBUG    | Task 309aa0b4-dab7-4aad-8a97-8f13a4c82902 state=PENDING elapsed=458s — waiting …
2026-02-27 17:28:10 | DEBUG    | Task 309aa0b4-dab7-4aad-8a97-8f13a4c82902 state=PENDING elapsed=463s — waiting …
2026-02-27 17:28:15 | DEBUG    | Task 309aa0b4-dab7-4aad-8a97-8f13a4c82902 state=PENDING elapsed=468s — waiting …
2026-02-27 17:28:20 | DEBUG    | Task 309aa0b4-dab7-4aad-8a97-8f13a4c82902 state=PENDING elapsed=473s — waiting …
2026-02-27 17:28:25 | DEBUG    | Task 309aa0b4-dab7-4aad-8a97-8f13a4c82902 state=PENDING elapsed=478s — waiting …
2026-02-27 17:28:30 | DEBUG    | Task 309aa0b4-dab7-4aad-8a97-8f13a4c82902 state=PENDING elapsed=483s — waiting …
2026-02-27 17:28:35 | DEBUG    | Task 309aa0b4-dab7-4aad-8a97-8f13a4c82902 state=PENDING elapsed=488s — waiting …
2026-02-27 17:28:40 | DEBUG    | Task 309aa0b4-dab7-4aad-8a97-8f13a4c82902 state=PENDING elapsed=493s — waiting …
2026-02-27 17:28:45 | DEBUG    | Task 309aa0b4-dab7-4aad-8a97-8f13a4c82902 state=PENDING elapsed=498s — waiting …
2026-02-27 17:28:50 | DEBUG    | Task 309aa0b4-dab7-4aad-8a97-8f13a4c82902 state=PENDING elapsed=503s — waiting …
2026-02-27 17:28:55 | DEBUG    | Task 309aa0b4-dab7-4aad-8a97-8f13a4c82902 state=PENDING elapsed=508s — waiting …
2026-02-27 17:29:00 | DEBUG    | Task 309aa0b4-dab7-4aad-8a97-8f13a4c82902 state=PENDING elapsed=513s — waiting …
2026-02-27 17:29:05 | DEBUG    | Task 309aa0b4-dab7-4aad-8a97-8f13a4c82902 state=PENDING elapsed=518s — waiting …
2026-02-27 17:29:10 | DEBUG    | Task 309aa0b4-dab7-4aad-8a97-8f13a4c82902 state=PENDING elapsed=523s — waiting …
2026-02-27 17:29:15 | DEBUG    | Task 309aa0b4-dab7-4aad-8a97-8f13a4c82902 state=PENDING elapsed=528s — waiting …
2026-02-27 17:29:20 | DEBUG    | Task 309aa0b4-dab7-4aad-8a97-8f13a4c82902 state=PENDING elapsed=533s — waiting …
2026-02-27 17:29:25 | DEBUG    | Task 309aa0b4-dab7-4aad-8a97-8f13a4c82902 state=PENDING elapsed=538s — waiting …
2026-02-27 17:29:30 | DEBUG    | Task 309aa0b4-dab7-4aad-8a97-8f13a4c82902 state=PENDING elapsed=543s — waiting …
2026-02-27 17:29:35 | DEBUG    | Task 309aa0b4-dab7-4aad-8a97-8f13a4c82902 state=PENDING elapsed=548s — waiting …
2026-02-27 17:29:40 | DEBUG    | Task 309aa0b4-dab7-4aad-8a97-8f13a4c82902 state=PENDING elapsed=553s — waiting …
2026-02-27 17:29:45 | DEBUG    | Task 309aa0b4-dab7-4aad-8a97-8f13a4c82902 state=PENDING elapsed=558s — waiting …
2026-02-27 17:29:50 | DEBUG    | Task 309aa0b4-dab7-4aad-8a97-8f13a4c82902 state=PENDING elapsed=563s — waiting …
2026-02-27 17:29:55 | DEBUG    | Task 309aa0b4-dab7-4aad-8a97-8f13a4c82902 state=PENDING elapsed=568s — waiting …
2026-02-27 17:30:00 | DEBUG    | Task 309aa0b4-dab7-4aad-8a97-8f13a4c82902 state=PENDING elapsed=573s — waiting …
2026-02-27 17:30:05 | DEBUG    | Task 309aa0b4-dab7-4aad-8a97-8f13a4c82902 state=PENDING elapsed=578s — waiting …
2026-02-27 17:30:10 | DEBUG    | Task 309aa0b4-dab7-4aad-8a97-8f13a4c82902 state=PENDING elapsed=583s — waiting …
2026-02-27 17:30:15 | DEBUG    | Task 309aa0b4-dab7-4aad-8a97-8f13a4c82902 state=PENDING elapsed=588s — waiting …
2026-02-27 17:30:20 | DEBUG    | Task 309aa0b4-dab7-4aad-8a97-8f13a4c82902 state=PENDING elapsed=593s — waiting …
2026-02-27 17:30:25 | DEBUG    | Task 309aa0b4-dab7-4aad-8a97-8f13a4c82902 state=PENDING elapsed=598s — waiting …
2026-02-27 17:30:30 | DEBUG    | Task 309aa0b4-dab7-4aad-8a97-8f13a4c82902 state=PENDING elapsed=603s — waiting …
2026-02-27 17:30:35 | DEBUG    | Task 309aa0b4-dab7-4aad-8a97-8f13a4c82902 state=PENDING elapsed=608s — waiting …
2026-02-27 17:30:40 | DEBUG    | Task 309aa0b4-dab7-4aad-8a97-8f13a4c82902 state=PENDING elapsed=613s — waiting …
2026-02-27 17:30:45 | DEBUG    | Task 309aa0b4-dab7-4aad-8a97-8f13a4c82902 state=PENDING elapsed=618s — waiting …
2026-02-27 17:30:50 | DEBUG    | Task 309aa0b4-dab7-4aad-8a97-8f13a4c82902 state=PENDING elapsed=623s — waiting …
2026-02-27 17:30:55 | DEBUG    | Task 309aa0b4-dab7-4aad-8a97-8f13a4c82902 state=PENDING elapsed=628s — waiting …
2026-02-27 17:31:00 | DEBUG    | Task 309aa0b4-dab7-4aad-8a97-8f13a4c82902 state=PENDING elapsed=633s — waiting …
2026-02-27 17:31:05 | DEBUG    | Task 309aa0b4-dab7-4aad-8a97-8f13a4c82902 state=PENDING elapsed=638s — waiting …
2026-02-27 17:31:10 | DEBUG    | Task 309aa0b4-dab7-4aad-8a97-8f13a4c82902 state=PENDING elapsed=643s — waiting …
2026-02-27 17:31:15 | DEBUG    | Task 309aa0b4-dab7-4aad-8a97-8f13a4c82902 state=PENDING elapsed=648s — waiting …
2026-02-27 17:31:20 | DEBUG    | Task 309aa0b4-dab7-4aad-8a97-8f13a4c82902 state=PENDING elapsed=653s — waiting …
2026-02-27 17:31:25 | DEBUG    | Task 309aa0b4-dab7-4aad-8a97-8f13a4c82902 state=PENDING elapsed=658s — waiting …
2026-02-27 17:31:41 | INFO     | Task 309aa0b4-dab7-4aad-8a97-8f13a4c82902 FINISHED in 675s
2026-02-27 17:31:41 | INFO     | ✅ batch 5/47 (16 files) complete
2026-02-27 17:31:41 | INFO     | --- batch 6/47 (16 files) ---
2026-02-27 17:31:41 | DEBUG    |   Files: CWP-239_Hongling_Lydia_Deng_PhD.pdf, CWP-240_Gabriel_Perez_MS.pdf, CWP-284_Herman_Jaramillo_PhD.pdf, CWP-357_Lan_Wang_PhD.pdf, CWP-358_Baoniu_Han_MSthesis.pdf, CWP-395_Jerome_Rousseau_PhD.pdf, CWP-400_Peter_Jilek_PhD.pdf, CWP-426_deHoop_et_al._2002.pdf, CWP-434_Valmore_Celis_MSthesis.pdf, CWP-437_Cardona_PhDthesis.pdf, CWP-442_Andres_Pech_PhD.pdf, CWP-461__vanWijk_PhDthesis.pdf, CWP-462_Albena_Mateeva_PhDthesis_SP2003.pdf, CWP-464_Debashish_Sarkar_PhDthesis.pdf, CWP-465_Dewangan&Tsvankin_report.pdf, CWP-470_Dongje_Cheng_MSthesis_2004.pdf
2026-02-27 17:31:58 | INFO     | Upload accepted → task_id=4387df1b-2f27-4017-8fca-98a07384b60b
2026-02-27 17:31:58 | DEBUG    | Task 4387df1b-2f27-4017-8fca-98a07384b60b state=PENDING elapsed=0s — waiting …
2026-02-27 17:32:04 | DEBUG    | Task 4387df1b-2f27-4017-8fca-98a07384b60b state=PENDING elapsed=7s — waiting …
2026-02-27 17:32:09 | DEBUG    | Task 4387df1b-2f27-4017-8fca-98a07384b60b state=PENDING elapsed=12s — waiting …
2026-02-27 17:32:14 | DEBUG    | Task 4387df1b-2f27-4017-8fca-98a07384b60b state=PENDING elapsed=17s — waiting …
2026-02-27 17:32:22 | DEBUG    | Task 4387df1b-2f27-4017-8fca-98a07384b60b state=PENDING elapsed=24s — waiting …
2026-02-27 17:32:27 | DEBUG    | Task 4387df1b-2f27-4017-8fca-98a07384b60b state=PENDING elapsed=29s — waiting …
2026-02-27 17:32:55 | DEBUG    | Task 4387df1b-2f27-4017-8fca-98a07384b60b state=PENDING elapsed=57s — waiting …
2026-02-27 17:33:00 | DEBUG    | Task 4387df1b-2f27-4017-8fca-98a07384b60b state=PENDING elapsed=62s — waiting …
2026-02-27 17:33:05 | DEBUG    | Task 4387df1b-2f27-4017-8fca-98a07384b60b state=PENDING elapsed=67s — waiting …
2026-02-27 17:33:10 | DEBUG    | Task 4387df1b-2f27-4017-8fca-98a07384b60b state=PENDING elapsed=72s — waiting …
2026-02-27 17:33:15 | DEBUG    | Task 4387df1b-2f27-4017-8fca-98a07384b60b state=PENDING elapsed=77s — waiting …
2026-02-27 17:33:20 | DEBUG    | Task 4387df1b-2f27-4017-8fca-98a07384b60b state=PENDING elapsed=82s — waiting …
2026-02-27 17:33:25 | DEBUG    | Task 4387df1b-2f27-4017-8fca-98a07384b60b state=PENDING elapsed=87s — waiting …
2026-02-27 17:33:30 | DEBUG    | Task 4387df1b-2f27-4017-8fca-98a07384b60b state=PENDING elapsed=92s — waiting …
2026-02-27 17:33:35 | DEBUG    | Task 4387df1b-2f27-4017-8fca-98a07384b60b state=PENDING elapsed=97s — waiting …
2026-02-27 17:33:40 | DEBUG    | Task 4387df1b-2f27-4017-8fca-98a07384b60b state=PENDING elapsed=102s — waiting …
2026-02-27 17:33:45 | DEBUG    | Task 4387df1b-2f27-4017-8fca-98a07384b60b state=PENDING elapsed=107s — waiting …
2026-02-27 17:33:50 | DEBUG    | Task 4387df1b-2f27-4017-8fca-98a07384b60b state=PENDING elapsed=112s — waiting …
2026-02-27 17:33:55 | DEBUG    | Task 4387df1b-2f27-4017-8fca-98a07384b60b state=PENDING elapsed=117s — waiting …
2026-02-27 17:34:00 | DEBUG    | Task 4387df1b-2f27-4017-8fca-98a07384b60b state=PENDING elapsed=122s — waiting …
2026-02-27 17:34:05 | DEBUG    | Task 4387df1b-2f27-4017-8fca-98a07384b60b state=PENDING elapsed=127s — waiting …
2026-02-27 17:34:10 | DEBUG    | Task 4387df1b-2f27-4017-8fca-98a07384b60b state=PENDING elapsed=132s — waiting …
2026-02-27 17:34:15 | DEBUG    | Task 4387df1b-2f27-4017-8fca-98a07384b60b state=PENDING elapsed=137s — waiting …
2026-02-27 17:34:20 | DEBUG    | Task 4387df1b-2f27-4017-8fca-98a07384b60b state=PENDING elapsed=142s — waiting …
2026-02-27 17:34:25 | DEBUG    | Task 4387df1b-2f27-4017-8fca-98a07384b60b state=PENDING elapsed=147s — waiting …
2026-02-27 17:34:30 | DEBUG    | Task 4387df1b-2f27-4017-8fca-98a07384b60b state=PENDING elapsed=152s — waiting …
2026-02-27 17:34:35 | DEBUG    | Task 4387df1b-2f27-4017-8fca-98a07384b60b state=PENDING elapsed=157s — waiting …
2026-02-27 17:34:40 | DEBUG    | Task 4387df1b-2f27-4017-8fca-98a07384b60b state=PENDING elapsed=162s — waiting …
2026-02-27 17:34:45 | DEBUG    | Task 4387df1b-2f27-4017-8fca-98a07384b60b state=PENDING elapsed=167s — waiting …
2026-02-27 17:34:50 | DEBUG    | Task 4387df1b-2f27-4017-8fca-98a07384b60b state=PENDING elapsed=172s — waiting …
2026-02-27 17:34:55 | DEBUG    | Task 4387df1b-2f27-4017-8fca-98a07384b60b state=PENDING elapsed=177s — waiting …
2026-02-27 17:35:00 | DEBUG    | Task 4387df1b-2f27-4017-8fca-98a07384b60b state=PENDING elapsed=182s — waiting …
2026-02-27 17:35:05 | DEBUG    | Task 4387df1b-2f27-4017-8fca-98a07384b60b state=PENDING elapsed=187s — waiting …
2026-02-27 17:35:10 | DEBUG    | Task 4387df1b-2f27-4017-8fca-98a07384b60b state=PENDING elapsed=192s — waiting …
2026-02-27 17:35:15 | DEBUG    | Task 4387df1b-2f27-4017-8fca-98a07384b60b state=PENDING elapsed=197s — waiting …
2026-02-27 17:35:20 | DEBUG    | Task 4387df1b-2f27-4017-8fca-98a07384b60b state=PENDING elapsed=202s — waiting …
2026-02-27 17:35:25 | DEBUG    | Task 4387df1b-2f27-4017-8fca-98a07384b60b state=PENDING elapsed=207s — waiting …
2026-02-27 17:35:30 | DEBUG    | Task 4387df1b-2f27-4017-8fca-98a07384b60b state=PENDING elapsed=212s — waiting …
2026-02-27 17:35:35 | DEBUG    | Task 4387df1b-2f27-4017-8fca-98a07384b60b state=PENDING elapsed=217s — waiting …
2026-02-27 17:35:40 | DEBUG    | Task 4387df1b-2f27-4017-8fca-98a07384b60b state=PENDING elapsed=222s — waiting …
2026-02-27 17:35:46 | DEBUG    | Task 4387df1b-2f27-4017-8fca-98a07384b60b state=PENDING elapsed=228s — waiting …
2026-02-27 17:35:51 | DEBUG    | Task 4387df1b-2f27-4017-8fca-98a07384b60b state=PENDING elapsed=234s — waiting …
2026-02-27 17:35:56 | DEBUG    | Task 4387df1b-2f27-4017-8fca-98a07384b60b state=PENDING elapsed=239s — waiting …
2026-02-27 17:36:01 | DEBUG    | Task 4387df1b-2f27-4017-8fca-98a07384b60b state=PENDING elapsed=244s — waiting …
2026-02-27 17:36:07 | DEBUG    | Task 4387df1b-2f27-4017-8fca-98a07384b60b state=PENDING elapsed=249s — waiting …
2026-02-27 17:36:12 | DEBUG    | Task 4387df1b-2f27-4017-8fca-98a07384b60b state=PENDING elapsed=254s — waiting …
2026-02-27 17:36:17 | DEBUG    | Task 4387df1b-2f27-4017-8fca-98a07384b60b state=PENDING elapsed=259s — waiting …
2026-02-27 17:36:22 | DEBUG    | Task 4387df1b-2f27-4017-8fca-98a07384b60b state=PENDING elapsed=264s — waiting …
2026-02-27 17:36:27 | DEBUG    | Task 4387df1b-2f27-4017-8fca-98a07384b60b state=PENDING elapsed=269s — waiting …
2026-02-27 17:36:32 | DEBUG    | Task 4387df1b-2f27-4017-8fca-98a07384b60b state=PENDING elapsed=274s — waiting …
2026-02-27 17:36:37 | DEBUG    | Task 4387df1b-2f27-4017-8fca-98a07384b60b state=PENDING elapsed=279s — waiting …
2026-02-27 17:36:42 | DEBUG    | Task 4387df1b-2f27-4017-8fca-98a07384b60b state=PENDING elapsed=284s — waiting …
2026-02-27 17:36:47 | DEBUG    | Task 4387df1b-2f27-4017-8fca-98a07384b60b state=PENDING elapsed=289s — waiting …
2026-02-27 17:36:52 | DEBUG    | Task 4387df1b-2f27-4017-8fca-98a07384b60b state=PENDING elapsed=294s — waiting …
2026-02-27 17:36:57 | DEBUG    | Task 4387df1b-2f27-4017-8fca-98a07384b60b state=PENDING elapsed=299s — waiting …
2026-02-27 17:37:02 | DEBUG    | Task 4387df1b-2f27-4017-8fca-98a07384b60b state=PENDING elapsed=304s — waiting …
2026-02-27 17:37:07 | DEBUG    | Task 4387df1b-2f27-4017-8fca-98a07384b60b state=PENDING elapsed=309s — waiting …
2026-02-27 17:37:12 | DEBUG    | Task 4387df1b-2f27-4017-8fca-98a07384b60b state=PENDING elapsed=314s — waiting …
2026-02-27 17:37:17 | DEBUG    | Task 4387df1b-2f27-4017-8fca-98a07384b60b state=PENDING elapsed=319s — waiting …
2026-02-27 17:37:22 | DEBUG    | Task 4387df1b-2f27-4017-8fca-98a07384b60b state=PENDING elapsed=324s — waiting …
2026-02-27 17:37:27 | DEBUG    | Task 4387df1b-2f27-4017-8fca-98a07384b60b state=PENDING elapsed=329s — waiting …
2026-02-27 17:37:32 | DEBUG    | Task 4387df1b-2f27-4017-8fca-98a07384b60b state=PENDING elapsed=334s — waiting …
2026-02-27 17:37:37 | DEBUG    | Task 4387df1b-2f27-4017-8fca-98a07384b60b state=PENDING elapsed=339s — waiting …
2026-02-27 17:37:42 | DEBUG    | Task 4387df1b-2f27-4017-8fca-98a07384b60b state=PENDING elapsed=344s — waiting …
2026-02-27 17:37:47 | INFO     | Task 4387df1b-2f27-4017-8fca-98a07384b60b FINISHED in 349s
2026-02-27 17:37:47 | INFO     | ✅ batch 6/47 (16 files) complete
2026-02-27 17:37:47 | INFO     | --- batch 7/47 (16 files) ---
2026-02-27 17:37:47 | DEBUG    |   Files: CWP-489_Carlos_Pacheco_MSthesis_2004.pdf, CWP-492_Gret_PHDthesis_2004.pdf, CWP-494_Matthew_Haney_PhDthesis_2004.pdf, CWP-516_Project_Review_May10-12-2005.pdf, CWP-549-Douma-Huub.pdf, CWP-560_Xiaoxia_Xu_PhDthesis.pdf, CWP-572_Mehtaetal_report.pdf, CWP-579-Part-I_Project_Review_May21-24-2007.pdf, CWP-579-PartII-Project-Review_May21-24-2007.pdf, CWP-580_Kurang_Mehta_PhDthesis.pdf, CWP-581_Ivan_Vasconcelos_PhDthesis.pdf, CWP-617T_Fuck.pdf, CWP-618_Gabriela-Melo-MSThesis.pdf, CWP-639-Jyoti_Behura-PhDthesis.pdf, CWP-640_Xuan_Ran.pdf, CWP-643_Derek_Parks_MSthesis.pdf
2026-02-27 17:37:49 | INFO     | Upload accepted → task_id=9d9a731c-8b83-494f-8cc3-4809f5036071
2026-02-27 17:37:49 | DEBUG    | Task 9d9a731c-8b83-494f-8cc3-4809f5036071 state=PENDING elapsed=0s — waiting …
2026-02-27 17:37:54 | DEBUG    | Task 9d9a731c-8b83-494f-8cc3-4809f5036071 state=PENDING elapsed=5s — waiting …
2026-02-27 17:37:59 | DEBUG    | Task 9d9a731c-8b83-494f-8cc3-4809f5036071 state=PENDING elapsed=10s — waiting …
2026-02-27 17:38:04 | DEBUG    | Task 9d9a731c-8b83-494f-8cc3-4809f5036071 state=PENDING elapsed=15s — waiting …
2026-02-27 17:38:09 | DEBUG    | Task 9d9a731c-8b83-494f-8cc3-4809f5036071 state=PENDING elapsed=20s — waiting …
2026-02-27 17:38:14 | DEBUG    | Task 9d9a731c-8b83-494f-8cc3-4809f5036071 state=PENDING elapsed=25s — waiting …
2026-02-27 17:38:19 | DEBUG    | Task 9d9a731c-8b83-494f-8cc3-4809f5036071 state=PENDING elapsed=30s — waiting …
2026-02-27 17:38:24 | DEBUG    | Task 9d9a731c-8b83-494f-8cc3-4809f5036071 state=PENDING elapsed=35s — waiting …
2026-02-27 17:38:29 | DEBUG    | Task 9d9a731c-8b83-494f-8cc3-4809f5036071 state=PENDING elapsed=40s — waiting …
2026-02-27 17:38:34 | DEBUG    | Task 9d9a731c-8b83-494f-8cc3-4809f5036071 state=PENDING elapsed=45s — waiting …
2026-02-27 17:38:49 | DEBUG    | Task 9d9a731c-8b83-494f-8cc3-4809f5036071 state=PENDING elapsed=60s — waiting …
2026-02-27 17:38:54 | DEBUG    | Task 9d9a731c-8b83-494f-8cc3-4809f5036071 state=PENDING elapsed=65s — waiting …
2026-02-27 17:38:59 | DEBUG    | Task 9d9a731c-8b83-494f-8cc3-4809f5036071 state=PENDING elapsed=70s — waiting …
2026-02-27 17:39:04 | DEBUG    | Task 9d9a731c-8b83-494f-8cc3-4809f5036071 state=PENDING elapsed=75s — waiting …
2026-02-27 17:39:09 | DEBUG    | Task 9d9a731c-8b83-494f-8cc3-4809f5036071 state=PENDING elapsed=80s — waiting …
2026-02-27 17:39:14 | DEBUG    | Task 9d9a731c-8b83-494f-8cc3-4809f5036071 state=PENDING elapsed=85s — waiting …
2026-02-27 17:39:19 | DEBUG    | Task 9d9a731c-8b83-494f-8cc3-4809f5036071 state=PENDING elapsed=90s — waiting …
2026-02-27 17:39:24 | DEBUG    | Task 9d9a731c-8b83-494f-8cc3-4809f5036071 state=PENDING elapsed=95s — waiting …
2026-02-27 17:39:29 | DEBUG    | Task 9d9a731c-8b83-494f-8cc3-4809f5036071 state=PENDING elapsed=100s — waiting …
2026-02-27 17:39:34 | DEBUG    | Task 9d9a731c-8b83-494f-8cc3-4809f5036071 state=PENDING elapsed=105s — waiting …
2026-02-27 17:39:39 | DEBUG    | Task 9d9a731c-8b83-494f-8cc3-4809f5036071 state=PENDING elapsed=110s — waiting …
2026-02-27 17:39:44 | DEBUG    | Task 9d9a731c-8b83-494f-8cc3-4809f5036071 state=PENDING elapsed=115s — waiting …
2026-02-27 17:39:49 | DEBUG    | Task 9d9a731c-8b83-494f-8cc3-4809f5036071 state=PENDING elapsed=120s — waiting …
2026-02-27 17:39:54 | DEBUG    | Task 9d9a731c-8b83-494f-8cc3-4809f5036071 state=PENDING elapsed=125s — waiting …
2026-02-27 17:39:59 | DEBUG    | Task 9d9a731c-8b83-494f-8cc3-4809f5036071 state=PENDING elapsed=130s — waiting …
2026-02-27 17:40:05 | DEBUG    | Task 9d9a731c-8b83-494f-8cc3-4809f5036071 state=PENDING elapsed=136s — waiting …
2026-02-27 17:40:10 | DEBUG    | Task 9d9a731c-8b83-494f-8cc3-4809f5036071 state=PENDING elapsed=141s — waiting …
2026-02-27 17:40:15 | DEBUG    | Task 9d9a731c-8b83-494f-8cc3-4809f5036071 state=PENDING elapsed=146s — waiting …
2026-02-27 17:40:20 | DEBUG    | Task 9d9a731c-8b83-494f-8cc3-4809f5036071 state=PENDING elapsed=151s — waiting …
2026-02-27 17:40:25 | DEBUG    | Task 9d9a731c-8b83-494f-8cc3-4809f5036071 state=PENDING elapsed=156s — waiting …
2026-02-27 17:40:30 | DEBUG    | Task 9d9a731c-8b83-494f-8cc3-4809f5036071 state=PENDING elapsed=161s — waiting …
2026-02-27 17:40:35 | DEBUG    | Task 9d9a731c-8b83-494f-8cc3-4809f5036071 state=PENDING elapsed=166s — waiting …
2026-02-27 17:40:40 | DEBUG    | Task 9d9a731c-8b83-494f-8cc3-4809f5036071 state=PENDING elapsed=171s — waiting …
2026-02-27 17:40:45 | DEBUG    | Task 9d9a731c-8b83-494f-8cc3-4809f5036071 state=PENDING elapsed=176s — waiting …
2026-02-27 17:40:50 | DEBUG    | Task 9d9a731c-8b83-494f-8cc3-4809f5036071 state=PENDING elapsed=181s — waiting …
2026-02-27 17:40:55 | DEBUG    | Task 9d9a731c-8b83-494f-8cc3-4809f5036071 state=PENDING elapsed=186s — waiting …
2026-02-27 17:41:00 | DEBUG    | Task 9d9a731c-8b83-494f-8cc3-4809f5036071 state=PENDING elapsed=191s — waiting …
2026-02-27 17:41:05 | DEBUG    | Task 9d9a731c-8b83-494f-8cc3-4809f5036071 state=PENDING elapsed=196s — waiting …
2026-02-27 17:41:10 | DEBUG    | Task 9d9a731c-8b83-494f-8cc3-4809f5036071 state=PENDING elapsed=201s — waiting …
2026-02-27 17:41:15 | DEBUG    | Task 9d9a731c-8b83-494f-8cc3-4809f5036071 state=PENDING elapsed=207s — waiting …
2026-02-27 17:41:20 | DEBUG    | Task 9d9a731c-8b83-494f-8cc3-4809f5036071 state=PENDING elapsed=212s — waiting …
2026-02-27 17:41:25 | DEBUG    | Task 9d9a731c-8b83-494f-8cc3-4809f5036071 state=PENDING elapsed=217s — waiting …
2026-02-27 17:41:30 | DEBUG    | Task 9d9a731c-8b83-494f-8cc3-4809f5036071 state=PENDING elapsed=222s — waiting …
2026-02-27 17:41:35 | DEBUG    | Task 9d9a731c-8b83-494f-8cc3-4809f5036071 state=PENDING elapsed=227s — waiting …
2026-02-27 17:41:40 | DEBUG    | Task 9d9a731c-8b83-494f-8cc3-4809f5036071 state=PENDING elapsed=232s — waiting …
2026-02-27 17:41:45 | DEBUG    | Task 9d9a731c-8b83-494f-8cc3-4809f5036071 state=PENDING elapsed=237s — waiting …
2026-02-27 17:41:50 | DEBUG    | Task 9d9a731c-8b83-494f-8cc3-4809f5036071 state=PENDING elapsed=242s — waiting …
2026-02-27 17:41:55 | DEBUG    | Task 9d9a731c-8b83-494f-8cc3-4809f5036071 state=PENDING elapsed=247s — waiting …
2026-02-27 17:42:00 | DEBUG    | Task 9d9a731c-8b83-494f-8cc3-4809f5036071 state=PENDING elapsed=252s — waiting …
2026-02-27 17:42:05 | DEBUG    | Task 9d9a731c-8b83-494f-8cc3-4809f5036071 state=PENDING elapsed=257s — waiting …
2026-02-27 17:42:11 | DEBUG    | Task 9d9a731c-8b83-494f-8cc3-4809f5036071 state=PENDING elapsed=262s — waiting …
2026-02-27 17:42:16 | DEBUG    | Task 9d9a731c-8b83-494f-8cc3-4809f5036071 state=PENDING elapsed=267s — waiting …
2026-02-27 17:42:21 | DEBUG    | Task 9d9a731c-8b83-494f-8cc3-4809f5036071 state=PENDING elapsed=272s — waiting …
2026-02-27 17:42:26 | DEBUG    | Task 9d9a731c-8b83-494f-8cc3-4809f5036071 state=PENDING elapsed=277s — waiting …
2026-02-27 17:42:31 | DEBUG    | Task 9d9a731c-8b83-494f-8cc3-4809f5036071 state=PENDING elapsed=282s — waiting …
2026-02-27 17:42:36 | DEBUG    | Task 9d9a731c-8b83-494f-8cc3-4809f5036071 state=PENDING elapsed=287s — waiting …
2026-02-27 17:42:41 | DEBUG    | Task 9d9a731c-8b83-494f-8cc3-4809f5036071 state=PENDING elapsed=292s — waiting …
2026-02-27 17:42:46 | DEBUG    | Task 9d9a731c-8b83-494f-8cc3-4809f5036071 state=PENDING elapsed=297s — waiting …
2026-02-27 17:42:51 | DEBUG    | Task 9d9a731c-8b83-494f-8cc3-4809f5036071 state=PENDING elapsed=302s — waiting …
2026-02-27 17:42:56 | DEBUG    | Task 9d9a731c-8b83-494f-8cc3-4809f5036071 state=PENDING elapsed=307s — waiting …
2026-02-27 17:43:01 | DEBUG    | Task 9d9a731c-8b83-494f-8cc3-4809f5036071 state=PENDING elapsed=312s — waiting …
2026-02-27 17:43:06 | DEBUG    | Task 9d9a731c-8b83-494f-8cc3-4809f5036071 state=PENDING elapsed=317s — waiting …
2026-02-27 17:43:11 | DEBUG    | Task 9d9a731c-8b83-494f-8cc3-4809f5036071 state=PENDING elapsed=322s — waiting …
2026-02-27 17:43:16 | DEBUG    | Task 9d9a731c-8b83-494f-8cc3-4809f5036071 state=PENDING elapsed=327s — waiting …
2026-02-27 17:43:21 | DEBUG    | Task 9d9a731c-8b83-494f-8cc3-4809f5036071 state=PENDING elapsed=332s — waiting …
2026-02-27 17:43:26 | DEBUG    | Task 9d9a731c-8b83-494f-8cc3-4809f5036071 state=PENDING elapsed=337s — waiting …
2026-02-27 17:43:32 | DEBUG    | Task 9d9a731c-8b83-494f-8cc3-4809f5036071 state=PENDING elapsed=343s — waiting …
2026-02-27 17:43:37 | DEBUG    | Task 9d9a731c-8b83-494f-8cc3-4809f5036071 state=PENDING elapsed=348s — waiting …
2026-02-27 17:43:42 | DEBUG    | Task 9d9a731c-8b83-494f-8cc3-4809f5036071 state=PENDING elapsed=353s — waiting …
2026-02-27 17:43:47 | DEBUG    | Task 9d9a731c-8b83-494f-8cc3-4809f5036071 state=PENDING elapsed=358s — waiting …
2026-02-27 17:43:52 | DEBUG    | Task 9d9a731c-8b83-494f-8cc3-4809f5036071 state=PENDING elapsed=363s — waiting …
2026-02-27 17:43:57 | DEBUG    | Task 9d9a731c-8b83-494f-8cc3-4809f5036071 state=PENDING elapsed=368s — waiting …
2026-02-27 17:44:04 | DEBUG    | Task 9d9a731c-8b83-494f-8cc3-4809f5036071 state=PENDING elapsed=375s — waiting …
2026-02-27 17:44:09 | DEBUG    | Task 9d9a731c-8b83-494f-8cc3-4809f5036071 state=PENDING elapsed=380s — waiting …
2026-02-27 17:44:14 | DEBUG    | Task 9d9a731c-8b83-494f-8cc3-4809f5036071 state=PENDING elapsed=385s — waiting …
2026-02-27 17:44:19 | DEBUG    | Task 9d9a731c-8b83-494f-8cc3-4809f5036071 state=PENDING elapsed=390s — waiting …
2026-02-27 17:44:24 | DEBUG    | Task 9d9a731c-8b83-494f-8cc3-4809f5036071 state=PENDING elapsed=395s — waiting …
2026-02-27 17:44:36 | INFO     | Task 9d9a731c-8b83-494f-8cc3-4809f5036071 FINISHED in 407s
2026-02-27 17:44:36 | INFO     | ✅ batch 7/47 (16 files) complete
2026-02-27 17:44:36 | INFO     | --- batch 8/47 (16 files) ---
2026-02-27 17:44:36 | DEBUG    |   Files: CWP-671_Project_Review_2010.pdf, CWP-673_Yongxia_Liu.pdf, CWP-674_Yong_Ma_MSthesis.pdf, CWP-675_Yan_PhDthesis.pdf, CWP-676_Yanzhong_Fan.pdf, CWP-677_Christopher_Engelsma_MSthesis.pdf, CWP-678-min.pdf, CWP-679.pdf, CWP-680.pdf, CWP-681.pdf, CWP-682.pdf, CWP-683-min.pdf, CWP-684.pdf, CWP-685.pdf, CWP-686.pdf, CWP-687-min.pdf
2026-02-27 17:44:38 | INFO     | Upload accepted → task_id=ecf4ce2b-733a-4ff9-a338-98321964d9c3
2026-02-27 17:44:38 | DEBUG    | Task ecf4ce2b-733a-4ff9-a338-98321964d9c3 state=PENDING elapsed=0s — waiting …
2026-02-27 17:44:43 | DEBUG    | Task ecf4ce2b-733a-4ff9-a338-98321964d9c3 state=PENDING elapsed=5s — waiting …
2026-02-27 17:44:48 | DEBUG    | Task ecf4ce2b-733a-4ff9-a338-98321964d9c3 state=PENDING elapsed=10s — waiting …
2026-02-27 17:44:53 | DEBUG    | Task ecf4ce2b-733a-4ff9-a338-98321964d9c3 state=PENDING elapsed=15s — waiting …
2026-02-27 17:44:58 | DEBUG    | Task ecf4ce2b-733a-4ff9-a338-98321964d9c3 state=PENDING elapsed=20s — waiting …
2026-02-27 17:45:03 | DEBUG    | Task ecf4ce2b-733a-4ff9-a338-98321964d9c3 state=PENDING elapsed=25s — waiting …
2026-02-27 17:45:08 | DEBUG    | Task ecf4ce2b-733a-4ff9-a338-98321964d9c3 state=PENDING elapsed=30s — waiting …
2026-02-27 17:45:13 | DEBUG    | Task ecf4ce2b-733a-4ff9-a338-98321964d9c3 state=PENDING elapsed=35s — waiting …
2026-02-27 17:45:20 | DEBUG    | Task ecf4ce2b-733a-4ff9-a338-98321964d9c3 state=PENDING elapsed=42s — waiting …
2026-02-27 17:45:25 | DEBUG    | Task ecf4ce2b-733a-4ff9-a338-98321964d9c3 state=PENDING elapsed=47s — waiting …
2026-02-27 17:45:30 | DEBUG    | Task ecf4ce2b-733a-4ff9-a338-98321964d9c3 state=PENDING elapsed=52s — waiting …
2026-02-27 17:45:35 | DEBUG    | Task ecf4ce2b-733a-4ff9-a338-98321964d9c3 state=PENDING elapsed=57s — waiting …
2026-02-27 17:45:40 | DEBUG    | Task ecf4ce2b-733a-4ff9-a338-98321964d9c3 state=PENDING elapsed=62s — waiting …
2026-02-27 17:45:45 | DEBUG    | Task ecf4ce2b-733a-4ff9-a338-98321964d9c3 state=PENDING elapsed=67s — waiting …
2026-02-27 17:45:50 | DEBUG    | Task ecf4ce2b-733a-4ff9-a338-98321964d9c3 state=PENDING elapsed=72s — waiting …
2026-02-27 17:45:55 | DEBUG    | Task ecf4ce2b-733a-4ff9-a338-98321964d9c3 state=PENDING elapsed=77s — waiting …
2026-02-27 17:46:00 | DEBUG    | Task ecf4ce2b-733a-4ff9-a338-98321964d9c3 state=PENDING elapsed=82s — waiting …
2026-02-27 17:46:05 | DEBUG    | Task ecf4ce2b-733a-4ff9-a338-98321964d9c3 state=PENDING elapsed=87s — waiting …
2026-02-27 17:46:10 | DEBUG    | Task ecf4ce2b-733a-4ff9-a338-98321964d9c3 state=PENDING elapsed=92s — waiting …
2026-02-27 17:46:16 | DEBUG    | Task ecf4ce2b-733a-4ff9-a338-98321964d9c3 state=PENDING elapsed=98s — waiting …
2026-02-27 17:46:22 | DEBUG    | Task ecf4ce2b-733a-4ff9-a338-98321964d9c3 state=PENDING elapsed=104s — waiting …
2026-02-27 17:46:27 | DEBUG    | Task ecf4ce2b-733a-4ff9-a338-98321964d9c3 state=PENDING elapsed=109s — waiting …
2026-02-27 17:46:32 | DEBUG    | Task ecf4ce2b-733a-4ff9-a338-98321964d9c3 state=PENDING elapsed=114s — waiting …
2026-02-27 17:46:37 | DEBUG    | Task ecf4ce2b-733a-4ff9-a338-98321964d9c3 state=PENDING elapsed=119s — waiting …
2026-02-27 17:46:42 | DEBUG    | Task ecf4ce2b-733a-4ff9-a338-98321964d9c3 state=PENDING elapsed=124s — waiting …
2026-02-27 17:46:47 | DEBUG    | Task ecf4ce2b-733a-4ff9-a338-98321964d9c3 state=PENDING elapsed=129s — waiting …
2026-02-27 17:46:52 | DEBUG    | Task ecf4ce2b-733a-4ff9-a338-98321964d9c3 state=PENDING elapsed=134s — waiting …
2026-02-27 17:46:57 | DEBUG    | Task ecf4ce2b-733a-4ff9-a338-98321964d9c3 state=PENDING elapsed=139s — waiting …
2026-02-27 17:47:02 | DEBUG    | Task ecf4ce2b-733a-4ff9-a338-98321964d9c3 state=PENDING elapsed=144s — waiting …
2026-02-27 17:47:07 | DEBUG    | Task ecf4ce2b-733a-4ff9-a338-98321964d9c3 state=PENDING elapsed=149s — waiting …
2026-02-27 17:47:12 | DEBUG    | Task ecf4ce2b-733a-4ff9-a338-98321964d9c3 state=PENDING elapsed=154s — waiting …
2026-02-27 17:47:18 | DEBUG    | Task ecf4ce2b-733a-4ff9-a338-98321964d9c3 state=PENDING elapsed=159s — waiting …
2026-02-27 17:47:23 | DEBUG    | Task ecf4ce2b-733a-4ff9-a338-98321964d9c3 state=PENDING elapsed=164s — waiting …
2026-02-27 17:47:28 | DEBUG    | Task ecf4ce2b-733a-4ff9-a338-98321964d9c3 state=PENDING elapsed=169s — waiting …
2026-02-27 17:47:33 | DEBUG    | Task ecf4ce2b-733a-4ff9-a338-98321964d9c3 state=PENDING elapsed=174s — waiting …
2026-02-27 17:47:38 | DEBUG    | Task ecf4ce2b-733a-4ff9-a338-98321964d9c3 state=PENDING elapsed=179s — waiting …
2026-02-27 17:47:43 | DEBUG    | Task ecf4ce2b-733a-4ff9-a338-98321964d9c3 state=PENDING elapsed=184s — waiting …
2026-02-27 17:47:48 | DEBUG    | Task ecf4ce2b-733a-4ff9-a338-98321964d9c3 state=PENDING elapsed=189s — waiting …
2026-02-27 17:47:53 | DEBUG    | Task ecf4ce2b-733a-4ff9-a338-98321964d9c3 state=PENDING elapsed=194s — waiting …
2026-02-27 17:47:58 | DEBUG    | Task ecf4ce2b-733a-4ff9-a338-98321964d9c3 state=PENDING elapsed=199s — waiting …
2026-02-27 17:48:03 | DEBUG    | Task ecf4ce2b-733a-4ff9-a338-98321964d9c3 state=PENDING elapsed=204s — waiting …
2026-02-27 17:48:08 | DEBUG    | Task ecf4ce2b-733a-4ff9-a338-98321964d9c3 state=PENDING elapsed=209s — waiting …
2026-02-27 17:48:13 | DEBUG    | Task ecf4ce2b-733a-4ff9-a338-98321964d9c3 state=PENDING elapsed=215s — waiting …
2026-02-27 17:48:18 | DEBUG    | Task ecf4ce2b-733a-4ff9-a338-98321964d9c3 state=PENDING elapsed=220s — waiting …
2026-02-27 17:48:23 | DEBUG    | Task ecf4ce2b-733a-4ff9-a338-98321964d9c3 state=PENDING elapsed=225s — waiting …
2026-02-27 17:48:28 | DEBUG    | Task ecf4ce2b-733a-4ff9-a338-98321964d9c3 state=PENDING elapsed=230s — waiting …
2026-02-27 17:48:33 | DEBUG    | Task ecf4ce2b-733a-4ff9-a338-98321964d9c3 state=PENDING elapsed=235s — waiting …
2026-02-27 17:48:38 | DEBUG    | Task ecf4ce2b-733a-4ff9-a338-98321964d9c3 state=PENDING elapsed=240s — waiting …
2026-02-27 17:48:43 | DEBUG    | Task ecf4ce2b-733a-4ff9-a338-98321964d9c3 state=PENDING elapsed=245s — waiting …
2026-02-27 17:48:48 | DEBUG    | Task ecf4ce2b-733a-4ff9-a338-98321964d9c3 state=PENDING elapsed=250s — waiting …
2026-02-27 17:48:53 | DEBUG    | Task ecf4ce2b-733a-4ff9-a338-98321964d9c3 state=PENDING elapsed=255s — waiting …
2026-02-27 17:48:58 | DEBUG    | Task ecf4ce2b-733a-4ff9-a338-98321964d9c3 state=PENDING elapsed=260s — waiting …
2026-02-27 17:49:03 | DEBUG    | Task ecf4ce2b-733a-4ff9-a338-98321964d9c3 state=PENDING elapsed=265s — waiting …
2026-02-27 17:49:08 | DEBUG    | Task ecf4ce2b-733a-4ff9-a338-98321964d9c3 state=PENDING elapsed=270s — waiting …
2026-02-27 17:49:13 | DEBUG    | Task ecf4ce2b-733a-4ff9-a338-98321964d9c3 state=PENDING elapsed=275s — waiting …
2026-02-27 17:49:18 | DEBUG    | Task ecf4ce2b-733a-4ff9-a338-98321964d9c3 state=PENDING elapsed=280s — waiting …
2026-02-27 17:49:23 | DEBUG    | Task ecf4ce2b-733a-4ff9-a338-98321964d9c3 state=PENDING elapsed=285s — waiting …
2026-02-27 17:49:28 | DEBUG    | Task ecf4ce2b-733a-4ff9-a338-98321964d9c3 state=PENDING elapsed=290s — waiting …
2026-02-27 17:49:33 | DEBUG    | Task ecf4ce2b-733a-4ff9-a338-98321964d9c3 state=PENDING elapsed=295s — waiting …
2026-02-27 17:49:38 | DEBUG    | Task ecf4ce2b-733a-4ff9-a338-98321964d9c3 state=PENDING elapsed=300s — waiting …
2026-02-27 17:49:43 | DEBUG    | Task ecf4ce2b-733a-4ff9-a338-98321964d9c3 state=PENDING elapsed=305s — waiting …
2026-02-27 17:49:48 | DEBUG    | Task ecf4ce2b-733a-4ff9-a338-98321964d9c3 state=PENDING elapsed=310s — waiting …
2026-02-27 17:49:53 | DEBUG    | Task ecf4ce2b-733a-4ff9-a338-98321964d9c3 state=PENDING elapsed=315s — waiting …
2026-02-27 17:49:58 | DEBUG    | Task ecf4ce2b-733a-4ff9-a338-98321964d9c3 state=PENDING elapsed=320s — waiting …
2026-02-27 17:50:03 | DEBUG    | Task ecf4ce2b-733a-4ff9-a338-98321964d9c3 state=PENDING elapsed=325s — waiting …
2026-02-27 17:50:08 | DEBUG    | Task ecf4ce2b-733a-4ff9-a338-98321964d9c3 state=PENDING elapsed=330s — waiting …
2026-02-27 17:50:13 | DEBUG    | Task ecf4ce2b-733a-4ff9-a338-98321964d9c3 state=PENDING elapsed=335s — waiting …
2026-02-27 17:50:18 | DEBUG    | Task ecf4ce2b-733a-4ff9-a338-98321964d9c3 state=PENDING elapsed=340s — waiting …
2026-02-27 17:50:23 | DEBUG    | Task ecf4ce2b-733a-4ff9-a338-98321964d9c3 state=PENDING elapsed=345s — waiting …
2026-02-27 17:50:28 | DEBUG    | Task ecf4ce2b-733a-4ff9-a338-98321964d9c3 state=PENDING elapsed=350s — waiting …
2026-02-27 17:50:33 | DEBUG    | Task ecf4ce2b-733a-4ff9-a338-98321964d9c3 state=PENDING elapsed=355s — waiting …
2026-02-27 17:50:38 | DEBUG    | Task ecf4ce2b-733a-4ff9-a338-98321964d9c3 state=PENDING elapsed=360s — waiting …
2026-02-27 17:50:43 | DEBUG    | Task ecf4ce2b-733a-4ff9-a338-98321964d9c3 state=PENDING elapsed=365s — waiting …
2026-02-27 17:50:48 | DEBUG    | Task ecf4ce2b-733a-4ff9-a338-98321964d9c3 state=PENDING elapsed=370s — waiting …
2026-02-27 17:50:53 | DEBUG    | Task ecf4ce2b-733a-4ff9-a338-98321964d9c3 state=PENDING elapsed=375s — waiting …
2026-02-27 17:50:58 | DEBUG    | Task ecf4ce2b-733a-4ff9-a338-98321964d9c3 state=PENDING elapsed=380s — waiting …
2026-02-27 17:51:03 | DEBUG    | Task ecf4ce2b-733a-4ff9-a338-98321964d9c3 state=PENDING elapsed=385s — waiting …
2026-02-27 17:51:08 | DEBUG    | Task ecf4ce2b-733a-4ff9-a338-98321964d9c3 state=PENDING elapsed=390s — waiting …
2026-02-27 17:51:13 | DEBUG    | Task ecf4ce2b-733a-4ff9-a338-98321964d9c3 state=PENDING elapsed=395s — waiting …
2026-02-27 17:51:18 | DEBUG    | Task ecf4ce2b-733a-4ff9-a338-98321964d9c3 state=PENDING elapsed=400s — waiting …
2026-02-27 17:51:23 | DEBUG    | Task ecf4ce2b-733a-4ff9-a338-98321964d9c3 state=PENDING elapsed=405s — waiting …
2026-02-27 17:51:28 | DEBUG    | Task ecf4ce2b-733a-4ff9-a338-98321964d9c3 state=PENDING elapsed=410s — waiting …
2026-02-27 17:51:33 | DEBUG    | Task ecf4ce2b-733a-4ff9-a338-98321964d9c3 state=PENDING elapsed=415s — waiting …
2026-02-27 17:51:38 | DEBUG    | Task ecf4ce2b-733a-4ff9-a338-98321964d9c3 state=PENDING elapsed=420s — waiting …
2026-02-27 17:51:43 | DEBUG    | Task ecf4ce2b-733a-4ff9-a338-98321964d9c3 state=PENDING elapsed=425s — waiting …
2026-02-27 17:51:48 | DEBUG    | Task ecf4ce2b-733a-4ff9-a338-98321964d9c3 state=PENDING elapsed=430s — waiting …
2026-02-27 17:51:53 | DEBUG    | Task ecf4ce2b-733a-4ff9-a338-98321964d9c3 state=PENDING elapsed=435s — waiting …
2026-02-27 17:51:58 | DEBUG    | Task ecf4ce2b-733a-4ff9-a338-98321964d9c3 state=PENDING elapsed=440s — waiting …
2026-02-27 17:52:03 | DEBUG    | Task ecf4ce2b-733a-4ff9-a338-98321964d9c3 state=PENDING elapsed=445s — waiting …
2026-02-27 17:52:08 | DEBUG    | Task ecf4ce2b-733a-4ff9-a338-98321964d9c3 state=PENDING elapsed=450s — waiting …
2026-02-27 17:52:13 | DEBUG    | Task ecf4ce2b-733a-4ff9-a338-98321964d9c3 state=PENDING elapsed=455s — waiting …
2026-02-27 17:52:18 | DEBUG    | Task ecf4ce2b-733a-4ff9-a338-98321964d9c3 state=PENDING elapsed=460s — waiting …
2026-02-27 17:52:23 | DEBUG    | Task ecf4ce2b-733a-4ff9-a338-98321964d9c3 state=PENDING elapsed=465s — waiting …
2026-02-27 17:52:28 | DEBUG    | Task ecf4ce2b-733a-4ff9-a338-98321964d9c3 state=PENDING elapsed=470s — waiting …
2026-02-27 17:52:34 | INFO     | Task ecf4ce2b-733a-4ff9-a338-98321964d9c3 FINISHED in 475s
2026-02-27 17:52:34 | INFO     | ✅ batch 8/47 (16 files) complete
2026-02-27 17:52:34 | INFO     | --- batch 9/47 (16 files) ---
2026-02-27 17:52:34 | DEBUG    |   Files: CWP-690-min.pdf, CWP-694-min.pdf, CWP-695-min.pdf, CWP-696-min.pdf, CWP-698-1.pdf, CWP-748-min.pdf, CWP-749.pdf, CWP-750-min.pdf, CWP-751.pdf, CWP-752.pdf, CWP-753.pdf, CWP-754.pdf, CWP-755.pdf, CWP-756.pdf, CWP-757.pdf, CWP-758-min.pdf
2026-02-27 17:52:35 | INFO     | Upload accepted → task_id=f150c08a-d98b-4fc0-af16-ab6d4195a7a0
2026-02-27 17:52:35 | DEBUG    | Task f150c08a-d98b-4fc0-af16-ab6d4195a7a0 state=PENDING elapsed=0s — waiting …
2026-02-27 17:52:40 | DEBUG    | Task f150c08a-d98b-4fc0-af16-ab6d4195a7a0 state=PENDING elapsed=5s — waiting …
2026-02-27 17:52:45 | DEBUG    | Task f150c08a-d98b-4fc0-af16-ab6d4195a7a0 state=PENDING elapsed=10s — waiting …
2026-02-27 17:52:50 | DEBUG    | Task f150c08a-d98b-4fc0-af16-ab6d4195a7a0 state=PENDING elapsed=15s — waiting …
2026-02-27 17:52:55 | DEBUG    | Task f150c08a-d98b-4fc0-af16-ab6d4195a7a0 state=PENDING elapsed=20s — waiting …
2026-02-27 17:53:00 | DEBUG    | Task f150c08a-d98b-4fc0-af16-ab6d4195a7a0 state=PENDING elapsed=25s — waiting …
2026-02-27 17:53:05 | DEBUG    | Task f150c08a-d98b-4fc0-af16-ab6d4195a7a0 state=PENDING elapsed=30s — waiting …
2026-02-27 17:53:10 | DEBUG    | Task f150c08a-d98b-4fc0-af16-ab6d4195a7a0 state=PENDING elapsed=35s — waiting …
2026-02-27 17:53:15 | DEBUG    | Task f150c08a-d98b-4fc0-af16-ab6d4195a7a0 state=PENDING elapsed=40s — waiting …
2026-02-27 17:53:23 | DEBUG    | Task f150c08a-d98b-4fc0-af16-ab6d4195a7a0 state=PENDING elapsed=48s — waiting …
2026-02-27 17:53:28 | DEBUG    | Task f150c08a-d98b-4fc0-af16-ab6d4195a7a0 state=PENDING elapsed=53s — waiting …
2026-02-27 17:53:33 | DEBUG    | Task f150c08a-d98b-4fc0-af16-ab6d4195a7a0 state=PENDING elapsed=58s — waiting …
2026-02-27 17:53:38 | DEBUG    | Task f150c08a-d98b-4fc0-af16-ab6d4195a7a0 state=PENDING elapsed=63s — waiting …
2026-02-27 17:53:43 | DEBUG    | Task f150c08a-d98b-4fc0-af16-ab6d4195a7a0 state=PENDING elapsed=68s — waiting …
2026-02-27 17:53:48 | INFO     | Task f150c08a-d98b-4fc0-af16-ab6d4195a7a0 FINISHED in 73s
2026-02-27 17:53:48 | INFO     | ✅ batch 9/47 (16 files) complete
2026-02-27 17:53:48 | INFO     | --- batch 10/47 (16 files) ---
2026-02-27 17:53:48 | DEBUG    |   Files: CWP-759.pdf, CWP-760.pdf, CWP-761.pdf, CWP-762.pdf, CWP-763.pdf, CWP-764-min.pdf, CWP-765.pdf, CWP-766.pdf, CWP-767.pdf, CWP-768.pdf, CWP-769-min.pdf, CWP-770.pdf, CWP-771.pdf, CWP-772.pdf, CWP-773-min.pdf, CWP-774-min.pdf
2026-02-27 17:53:49 | INFO     | Upload accepted → task_id=9d0f4b18-d22a-4a04-8c78-06eca7910a7c
2026-02-27 17:53:49 | DEBUG    | Task 9d0f4b18-d22a-4a04-8c78-06eca7910a7c state=PENDING elapsed=0s — waiting …
2026-02-27 17:53:54 | DEBUG    | Task 9d0f4b18-d22a-4a04-8c78-06eca7910a7c state=PENDING elapsed=5s — waiting …
2026-02-27 17:53:59 | DEBUG    | Task 9d0f4b18-d22a-4a04-8c78-06eca7910a7c state=PENDING elapsed=10s — waiting …
2026-02-27 17:54:04 | DEBUG    | Task 9d0f4b18-d22a-4a04-8c78-06eca7910a7c state=PENDING elapsed=15s — waiting …
2026-02-27 17:54:09 | DEBUG    | Task 9d0f4b18-d22a-4a04-8c78-06eca7910a7c state=PENDING elapsed=20s — waiting …
2026-02-27 17:54:14 | DEBUG    | Task 9d0f4b18-d22a-4a04-8c78-06eca7910a7c state=PENDING elapsed=25s — waiting …
2026-02-27 17:54:19 | DEBUG    | Task 9d0f4b18-d22a-4a04-8c78-06eca7910a7c state=PENDING elapsed=30s — waiting …
2026-02-27 17:54:24 | DEBUG    | Task 9d0f4b18-d22a-4a04-8c78-06eca7910a7c state=PENDING elapsed=35s — waiting …
2026-02-27 17:54:29 | DEBUG    | Task 9d0f4b18-d22a-4a04-8c78-06eca7910a7c state=PENDING elapsed=40s — waiting …
2026-02-27 17:54:34 | DEBUG    | Task 9d0f4b18-d22a-4a04-8c78-06eca7910a7c state=PENDING elapsed=45s — waiting …
2026-02-27 17:54:41 | DEBUG    | Task 9d0f4b18-d22a-4a04-8c78-06eca7910a7c state=PENDING elapsed=51s — waiting …
2026-02-27 17:54:46 | DEBUG    | Task 9d0f4b18-d22a-4a04-8c78-06eca7910a7c state=PENDING elapsed=56s — waiting …
2026-02-27 17:54:51 | DEBUG    | Task 9d0f4b18-d22a-4a04-8c78-06eca7910a7c state=PENDING elapsed=61s — waiting …
2026-02-27 17:54:56 | DEBUG    | Task 9d0f4b18-d22a-4a04-8c78-06eca7910a7c state=PENDING elapsed=66s — waiting …
2026-02-27 17:55:01 | INFO     | Task 9d0f4b18-d22a-4a04-8c78-06eca7910a7c FINISHED in 71s
2026-02-27 17:55:01 | INFO     | ✅ batch 10/47 (16 files) complete
2026-02-27 17:55:01 | INFO     | --- batch 11/47 (16 files) ---
2026-02-27 17:55:01 | DEBUG    |   Files: CWP-775.pdf, CWP-776.pdf, CWP-777.pdf, CWP-778.pdf, CWP-779-2013-Project-Review.pdf, CWP-882_Arora_Tsvankin_CWP_REPORT_2017_ReviseD.pdf, CWP-883_Bai_Tsvankin_report_2017.pdf, CWP-884_Guitton_Wang_Trainor-Guitton_report_2017.pdf, CWP-885_Guitton_report_2017-reduced.pdf, CWP-887_JarilloMichel_Tsvankin_report_2017.pdf, CWP-888_Jia_Guitton_Singh_Snieder_report_2017.pdf, CWP-889_Kamath_Tsvankin_Naeini_report_2017.pdf, CWP-890_Li_et_al_report_2017.pdf, CWP-891_LimChenNing_report_2017-reduced.pdf, CWP-892_Prunty_Snieder_report_2017.pdf, CWP-893_Rapstine_Sava_report_2017.pdf
2026-02-27 17:55:03 | INFO     | Upload accepted → task_id=ab3db477-4c0d-44a8-8173-7cf1f3442a01
2026-02-27 17:55:03 | DEBUG    | Task ab3db477-4c0d-44a8-8173-7cf1f3442a01 state=PENDING elapsed=0s — waiting …
2026-02-27 17:55:08 | DEBUG    | Task ab3db477-4c0d-44a8-8173-7cf1f3442a01 state=PENDING elapsed=5s — waiting …
2026-02-27 17:55:13 | DEBUG    | Task ab3db477-4c0d-44a8-8173-7cf1f3442a01 state=PENDING elapsed=10s — waiting …
2026-02-27 17:55:18 | DEBUG    | Task ab3db477-4c0d-44a8-8173-7cf1f3442a01 state=PENDING elapsed=15s — waiting …
2026-02-27 17:55:25 | DEBUG    | Task ab3db477-4c0d-44a8-8173-7cf1f3442a01 state=PENDING elapsed=22s — waiting …
2026-02-27 17:55:30 | DEBUG    | Task ab3db477-4c0d-44a8-8173-7cf1f3442a01 state=PENDING elapsed=27s — waiting …
2026-02-27 17:55:35 | DEBUG    | Task ab3db477-4c0d-44a8-8173-7cf1f3442a01 state=PENDING elapsed=32s — waiting …
2026-02-27 17:55:40 | DEBUG    | Task ab3db477-4c0d-44a8-8173-7cf1f3442a01 state=PENDING elapsed=37s — waiting …
2026-02-27 17:55:45 | DEBUG    | Task ab3db477-4c0d-44a8-8173-7cf1f3442a01 state=PENDING elapsed=42s — waiting …
2026-02-27 17:55:50 | DEBUG    | Task ab3db477-4c0d-44a8-8173-7cf1f3442a01 state=PENDING elapsed=47s — waiting …
2026-02-27 17:55:55 | DEBUG    | Task ab3db477-4c0d-44a8-8173-7cf1f3442a01 state=PENDING elapsed=52s — waiting …
2026-02-27 17:56:00 | DEBUG    | Task ab3db477-4c0d-44a8-8173-7cf1f3442a01 state=PENDING elapsed=57s — waiting …
2026-02-27 17:56:05 | DEBUG    | Task ab3db477-4c0d-44a8-8173-7cf1f3442a01 state=PENDING elapsed=62s — waiting …
2026-02-27 17:56:10 | DEBUG    | Task ab3db477-4c0d-44a8-8173-7cf1f3442a01 state=PENDING elapsed=67s — waiting …
2026-02-27 17:56:15 | DEBUG    | Task ab3db477-4c0d-44a8-8173-7cf1f3442a01 state=PENDING elapsed=72s — waiting …
2026-02-27 17:56:20 | DEBUG    | Task ab3db477-4c0d-44a8-8173-7cf1f3442a01 state=PENDING elapsed=77s — waiting …
2026-02-27 17:56:25 | DEBUG    | Task ab3db477-4c0d-44a8-8173-7cf1f3442a01 state=PENDING elapsed=82s — waiting …
2026-02-27 17:56:30 | DEBUG    | Task ab3db477-4c0d-44a8-8173-7cf1f3442a01 state=PENDING elapsed=87s — waiting …
2026-02-27 17:56:35 | DEBUG    | Task ab3db477-4c0d-44a8-8173-7cf1f3442a01 state=PENDING elapsed=92s — waiting …
2026-02-27 17:56:40 | DEBUG    | Task ab3db477-4c0d-44a8-8173-7cf1f3442a01 state=PENDING elapsed=97s — waiting …
2026-02-27 17:56:45 | DEBUG    | Task ab3db477-4c0d-44a8-8173-7cf1f3442a01 state=PENDING elapsed=102s — waiting …
2026-02-27 17:56:51 | DEBUG    | Task ab3db477-4c0d-44a8-8173-7cf1f3442a01 state=PENDING elapsed=108s — waiting …
2026-02-27 17:56:56 | DEBUG    | Task ab3db477-4c0d-44a8-8173-7cf1f3442a01 state=PENDING elapsed=113s — waiting …
2026-02-27 17:57:01 | DEBUG    | Task ab3db477-4c0d-44a8-8173-7cf1f3442a01 state=PENDING elapsed=118s — waiting …
2026-02-27 17:57:06 | DEBUG    | Task ab3db477-4c0d-44a8-8173-7cf1f3442a01 state=PENDING elapsed=123s — waiting …
2026-02-27 17:57:11 | DEBUG    | Task ab3db477-4c0d-44a8-8173-7cf1f3442a01 state=PENDING elapsed=128s — waiting …
2026-02-27 17:57:16 | DEBUG    | Task ab3db477-4c0d-44a8-8173-7cf1f3442a01 state=PENDING elapsed=133s — waiting …
2026-02-27 17:57:21 | DEBUG    | Task ab3db477-4c0d-44a8-8173-7cf1f3442a01 state=PENDING elapsed=138s — waiting …
2026-02-27 17:57:26 | DEBUG    | Task ab3db477-4c0d-44a8-8173-7cf1f3442a01 state=PENDING elapsed=143s — waiting …
2026-02-27 17:57:31 | DEBUG    | Task ab3db477-4c0d-44a8-8173-7cf1f3442a01 state=PENDING elapsed=148s — waiting …
2026-02-27 17:57:37 | DEBUG    | Task ab3db477-4c0d-44a8-8173-7cf1f3442a01 state=PENDING elapsed=153s — waiting …
2026-02-27 17:57:42 | DEBUG    | Task ab3db477-4c0d-44a8-8173-7cf1f3442a01 state=PENDING elapsed=158s — waiting …
2026-02-27 17:57:47 | DEBUG    | Task ab3db477-4c0d-44a8-8173-7cf1f3442a01 state=PENDING elapsed=163s — waiting …
2026-02-27 17:57:52 | DEBUG    | Task ab3db477-4c0d-44a8-8173-7cf1f3442a01 state=PENDING elapsed=168s — waiting …
2026-02-27 17:57:57 | DEBUG    | Task ab3db477-4c0d-44a8-8173-7cf1f3442a01 state=PENDING elapsed=173s — waiting …
2026-02-27 17:58:02 | DEBUG    | Task ab3db477-4c0d-44a8-8173-7cf1f3442a01 state=PENDING elapsed=178s — waiting …
2026-02-27 17:58:07 | DEBUG    | Task ab3db477-4c0d-44a8-8173-7cf1f3442a01 state=PENDING elapsed=183s — waiting …
2026-02-27 17:58:12 | DEBUG    | Task ab3db477-4c0d-44a8-8173-7cf1f3442a01 state=PENDING elapsed=188s — waiting …
2026-02-27 17:58:17 | DEBUG    | Task ab3db477-4c0d-44a8-8173-7cf1f3442a01 state=PENDING elapsed=193s — waiting …
2026-02-27 17:58:22 | DEBUG    | Task ab3db477-4c0d-44a8-8173-7cf1f3442a01 state=PENDING elapsed=198s — waiting …
2026-02-27 17:58:27 | DEBUG    | Task ab3db477-4c0d-44a8-8173-7cf1f3442a01 state=PENDING elapsed=203s — waiting …
2026-02-27 17:58:32 | DEBUG    | Task ab3db477-4c0d-44a8-8173-7cf1f3442a01 state=PENDING elapsed=208s — waiting …
2026-02-27 17:58:37 | DEBUG    | Task ab3db477-4c0d-44a8-8173-7cf1f3442a01 state=PENDING elapsed=214s — waiting …
2026-02-27 17:58:42 | DEBUG    | Task ab3db477-4c0d-44a8-8173-7cf1f3442a01 state=PENDING elapsed=219s — waiting …
2026-02-27 17:58:47 | DEBUG    | Task ab3db477-4c0d-44a8-8173-7cf1f3442a01 state=PENDING elapsed=224s — waiting …
2026-02-27 17:58:52 | DEBUG    | Task ab3db477-4c0d-44a8-8173-7cf1f3442a01 state=PENDING elapsed=229s — waiting …
2026-02-27 17:58:57 | DEBUG    | Task ab3db477-4c0d-44a8-8173-7cf1f3442a01 state=PENDING elapsed=234s — waiting …
2026-02-27 17:59:02 | DEBUG    | Task ab3db477-4c0d-44a8-8173-7cf1f3442a01 state=PENDING elapsed=239s — waiting …
2026-02-27 17:59:07 | DEBUG    | Task ab3db477-4c0d-44a8-8173-7cf1f3442a01 state=PENDING elapsed=244s — waiting …
2026-02-27 17:59:12 | DEBUG    | Task ab3db477-4c0d-44a8-8173-7cf1f3442a01 state=PENDING elapsed=249s — waiting …
2026-02-27 17:59:17 | DEBUG    | Task ab3db477-4c0d-44a8-8173-7cf1f3442a01 state=PENDING elapsed=254s — waiting …
2026-02-27 17:59:22 | DEBUG    | Task ab3db477-4c0d-44a8-8173-7cf1f3442a01 state=PENDING elapsed=259s — waiting …
2026-02-27 17:59:27 | DEBUG    | Task ab3db477-4c0d-44a8-8173-7cf1f3442a01 state=PENDING elapsed=264s — waiting …
2026-02-27 17:59:32 | DEBUG    | Task ab3db477-4c0d-44a8-8173-7cf1f3442a01 state=PENDING elapsed=269s — waiting …
2026-02-27 17:59:37 | DEBUG    | Task ab3db477-4c0d-44a8-8173-7cf1f3442a01 state=PENDING elapsed=274s — waiting …
2026-02-27 17:59:42 | DEBUG    | Task ab3db477-4c0d-44a8-8173-7cf1f3442a01 state=PENDING elapsed=279s — waiting …
2026-02-27 17:59:47 | DEBUG    | Task ab3db477-4c0d-44a8-8173-7cf1f3442a01 state=PENDING elapsed=284s — waiting …
2026-02-27 17:59:52 | DEBUG    | Task ab3db477-4c0d-44a8-8173-7cf1f3442a01 state=PENDING elapsed=289s — waiting …
2026-02-27 17:59:57 | DEBUG    | Task ab3db477-4c0d-44a8-8173-7cf1f3442a01 state=PENDING elapsed=294s — waiting …
2026-02-27 18:00:03 | DEBUG    | Task ab3db477-4c0d-44a8-8173-7cf1f3442a01 state=PENDING elapsed=299s — waiting …
2026-02-27 18:00:08 | DEBUG    | Task ab3db477-4c0d-44a8-8173-7cf1f3442a01 state=PENDING elapsed=304s — waiting …
2026-02-27 18:00:13 | DEBUG    | Task ab3db477-4c0d-44a8-8173-7cf1f3442a01 state=PENDING elapsed=309s — waiting …
2026-02-27 18:00:18 | DEBUG    | Task ab3db477-4c0d-44a8-8173-7cf1f3442a01 state=PENDING elapsed=314s — waiting …
2026-02-27 18:00:23 | DEBUG    | Task ab3db477-4c0d-44a8-8173-7cf1f3442a01 state=PENDING elapsed=320s — waiting …
2026-02-27 18:00:28 | DEBUG    | Task ab3db477-4c0d-44a8-8173-7cf1f3442a01 state=PENDING elapsed=325s — waiting …
2026-02-27 18:00:34 | DEBUG    | Task ab3db477-4c0d-44a8-8173-7cf1f3442a01 state=PENDING elapsed=330s — waiting …
2026-02-27 18:00:39 | DEBUG    | Task ab3db477-4c0d-44a8-8173-7cf1f3442a01 state=PENDING elapsed=335s — waiting …
2026-02-27 18:00:44 | DEBUG    | Task ab3db477-4c0d-44a8-8173-7cf1f3442a01 state=PENDING elapsed=340s — waiting …
2026-02-27 18:00:49 | DEBUG    | Task ab3db477-4c0d-44a8-8173-7cf1f3442a01 state=PENDING elapsed=345s — waiting …
2026-02-27 18:00:54 | DEBUG    | Task ab3db477-4c0d-44a8-8173-7cf1f3442a01 state=PENDING elapsed=350s — waiting …
2026-02-27 18:00:59 | DEBUG    | Task ab3db477-4c0d-44a8-8173-7cf1f3442a01 state=PENDING elapsed=355s — waiting …
2026-02-27 18:01:04 | DEBUG    | Task ab3db477-4c0d-44a8-8173-7cf1f3442a01 state=PENDING elapsed=360s — waiting …
2026-02-27 18:01:09 | DEBUG    | Task ab3db477-4c0d-44a8-8173-7cf1f3442a01 state=PENDING elapsed=365s — waiting …
2026-02-27 18:01:14 | DEBUG    | Task ab3db477-4c0d-44a8-8173-7cf1f3442a01 state=PENDING elapsed=370s — waiting …
2026-02-27 18:01:19 | DEBUG    | Task ab3db477-4c0d-44a8-8173-7cf1f3442a01 state=PENDING elapsed=375s — waiting …
2026-02-27 18:01:24 | DEBUG    | Task ab3db477-4c0d-44a8-8173-7cf1f3442a01 state=PENDING elapsed=380s — waiting …
2026-02-27 18:01:29 | DEBUG    | Task ab3db477-4c0d-44a8-8173-7cf1f3442a01 state=PENDING elapsed=385s — waiting …
2026-02-27 18:01:34 | DEBUG    | Task ab3db477-4c0d-44a8-8173-7cf1f3442a01 state=PENDING elapsed=390s — waiting …
2026-02-27 18:01:39 | DEBUG    | Task ab3db477-4c0d-44a8-8173-7cf1f3442a01 state=PENDING elapsed=395s — waiting …
2026-02-27 18:01:44 | DEBUG    | Task ab3db477-4c0d-44a8-8173-7cf1f3442a01 state=PENDING elapsed=400s — waiting …
2026-02-27 18:01:49 | DEBUG    | Task ab3db477-4c0d-44a8-8173-7cf1f3442a01 state=PENDING elapsed=405s — waiting …
2026-02-27 18:01:54 | INFO     | Task ab3db477-4c0d-44a8-8173-7cf1f3442a01 FINISHED in 410s
2026-02-27 18:01:54 | INFO     | ✅ batch 11/47 (16 files) complete
2026-02-27 18:01:54 | INFO     | --- batch 12/47 (16 files) ---
2026-02-27 18:01:54 | DEBUG    |   Files: CWP-894_Rocha_Sava_Guitton_report_2017-reduced.pdf, CWP-895_Rocha_Sava_report_2017-reduced.pdf, CWP-897_Planes_Snieder_Singh_report_2017.pdf, CWP-898-Liu.pdf, CWP-899-Rocha.pdf, CWP-901-Arora.pdf, CWP-902-Bai.pdf, CWP-903-Lim-DAS.compressed.pdf, CWP-904-Lim-RTM-2.pdf, CWP-905-Lim-SMI.pdf, CWP-906-Jarillo.pdf, CWP-907-Jia.pdf, CWP-908-Konuk.pdf, CWP-909-Aragao.pdf, CWP-910-Rocha.pdf, CWP-911-Singh.pdf
2026-02-27 18:01:55 | INFO     | Upload accepted → task_id=bc3a686f-2b08-48d1-a0cc-d8503ce5b90b
2026-02-27 18:01:55 | DEBUG    | Task bc3a686f-2b08-48d1-a0cc-d8503ce5b90b state=PENDING elapsed=0s — waiting …
2026-02-27 18:02:00 | DEBUG    | Task bc3a686f-2b08-48d1-a0cc-d8503ce5b90b state=PENDING elapsed=5s — waiting …
2026-02-27 18:02:05 | DEBUG    | Task bc3a686f-2b08-48d1-a0cc-d8503ce5b90b state=PENDING elapsed=10s — waiting …
2026-02-27 18:02:10 | DEBUG    | Task bc3a686f-2b08-48d1-a0cc-d8503ce5b90b state=PENDING elapsed=15s — waiting …
2026-02-27 18:02:16 | DEBUG    | Task bc3a686f-2b08-48d1-a0cc-d8503ce5b90b state=PENDING elapsed=21s — waiting …
2026-02-27 18:02:21 | DEBUG    | Task bc3a686f-2b08-48d1-a0cc-d8503ce5b90b state=PENDING elapsed=26s — waiting …
2026-02-27 18:02:26 | DEBUG    | Task bc3a686f-2b08-48d1-a0cc-d8503ce5b90b state=PENDING elapsed=31s — waiting …
2026-02-27 18:02:31 | DEBUG    | Task bc3a686f-2b08-48d1-a0cc-d8503ce5b90b state=PENDING elapsed=36s — waiting …
2026-02-27 18:02:36 | DEBUG    | Task bc3a686f-2b08-48d1-a0cc-d8503ce5b90b state=PENDING elapsed=41s — waiting …
2026-02-27 18:02:41 | DEBUG    | Task bc3a686f-2b08-48d1-a0cc-d8503ce5b90b state=PENDING elapsed=46s — waiting …
2026-02-27 18:02:46 | DEBUG    | Task bc3a686f-2b08-48d1-a0cc-d8503ce5b90b state=PENDING elapsed=51s — waiting …
2026-02-27 18:02:51 | DEBUG    | Task bc3a686f-2b08-48d1-a0cc-d8503ce5b90b state=PENDING elapsed=56s — waiting …
2026-02-27 18:02:56 | DEBUG    | Task bc3a686f-2b08-48d1-a0cc-d8503ce5b90b state=PENDING elapsed=61s — waiting …
2026-02-27 18:03:01 | DEBUG    | Task bc3a686f-2b08-48d1-a0cc-d8503ce5b90b state=PENDING elapsed=66s — waiting …
2026-02-27 18:03:06 | DEBUG    | Task bc3a686f-2b08-48d1-a0cc-d8503ce5b90b state=PENDING elapsed=71s — waiting …
2026-02-27 18:03:11 | DEBUG    | Task bc3a686f-2b08-48d1-a0cc-d8503ce5b90b state=PENDING elapsed=76s — waiting …
2026-02-27 18:03:16 | DEBUG    | Task bc3a686f-2b08-48d1-a0cc-d8503ce5b90b state=PENDING elapsed=81s — waiting …
2026-02-27 18:03:21 | DEBUG    | Task bc3a686f-2b08-48d1-a0cc-d8503ce5b90b state=PENDING elapsed=86s — waiting …
2026-02-27 18:03:26 | DEBUG    | Task bc3a686f-2b08-48d1-a0cc-d8503ce5b90b state=PENDING elapsed=91s — waiting …
2026-02-27 18:03:31 | DEBUG    | Task bc3a686f-2b08-48d1-a0cc-d8503ce5b90b state=PENDING elapsed=96s — waiting …
2026-02-27 18:03:36 | DEBUG    | Task bc3a686f-2b08-48d1-a0cc-d8503ce5b90b state=PENDING elapsed=101s — waiting …
2026-02-27 18:03:41 | INFO     | Task bc3a686f-2b08-48d1-a0cc-d8503ce5b90b FINISHED in 106s
2026-02-27 18:03:41 | INFO     | ✅ batch 12/47 (16 files) complete
2026-02-27 18:03:41 | INFO     | --- batch 13/47 (16 files) ---
2026-02-27 18:03:41 | DEBUG    |   Files: CWP-912-Li-X-DAET.pdf, CWP-913-Li-X-bifurcation.compressed.pdf, CWP-914-Prunty.pdf, CWP-915-Snieder-ilovepdf-compressed.pdf, CWP-916-Shragge-min.pdf, CWP-917-Li-V-TTI.pdf, CWP-918-Li-V-VTI.pdf, CWP-920-Yue.pdf, CWP-921-Rapstine.pdf, CWP-948_Thomas_rapstine_thesis_phd1.pdf, CWP-949-Pawelec_Wakin_Sava_report.pdf, CWP-950_Singh.pdf, CWP-951_Singh.pdf, CWP-952_Singh.pdf, CWP-953_Yang_Shragge-1.pdf, CWP-954_Oren_and_Shragge.pdf
2026-02-27 18:03:44 | INFO     | Upload accepted → task_id=e5791bcb-e273-4381-95e6-5aa8145f3b04
2026-02-27 18:03:44 | DEBUG    | Task e5791bcb-e273-4381-95e6-5aa8145f3b04 state=PENDING elapsed=0s — waiting …
2026-02-27 18:03:49 | DEBUG    | Task e5791bcb-e273-4381-95e6-5aa8145f3b04 state=PENDING elapsed=5s — waiting …
2026-02-27 18:03:54 | DEBUG    | Task e5791bcb-e273-4381-95e6-5aa8145f3b04 state=PENDING elapsed=10s — waiting …
2026-02-27 18:03:59 | DEBUG    | Task e5791bcb-e273-4381-95e6-5aa8145f3b04 state=PENDING elapsed=15s — waiting …
2026-02-27 18:04:04 | DEBUG    | Task e5791bcb-e273-4381-95e6-5aa8145f3b04 state=PENDING elapsed=20s — waiting …
2026-02-27 18:04:09 | DEBUG    | Task e5791bcb-e273-4381-95e6-5aa8145f3b04 state=PENDING elapsed=25s — waiting …
2026-02-27 18:04:14 | DEBUG    | Task e5791bcb-e273-4381-95e6-5aa8145f3b04 state=PENDING elapsed=30s — waiting …
2026-02-27 18:04:19 | DEBUG    | Task e5791bcb-e273-4381-95e6-5aa8145f3b04 state=PENDING elapsed=35s — waiting …
2026-02-27 18:04:24 | DEBUG    | Task e5791bcb-e273-4381-95e6-5aa8145f3b04 state=PENDING elapsed=40s — waiting …
2026-02-27 18:04:29 | DEBUG    | Task e5791bcb-e273-4381-95e6-5aa8145f3b04 state=PENDING elapsed=45s — waiting …
2026-02-27 18:04:34 | DEBUG    | Task e5791bcb-e273-4381-95e6-5aa8145f3b04 state=PENDING elapsed=50s — waiting …
2026-02-27 18:04:39 | DEBUG    | Task e5791bcb-e273-4381-95e6-5aa8145f3b04 state=PENDING elapsed=55s — waiting …
2026-02-27 18:04:44 | DEBUG    | Task e5791bcb-e273-4381-95e6-5aa8145f3b04 state=PENDING elapsed=60s — waiting …
2026-02-27 18:04:49 | DEBUG    | Task e5791bcb-e273-4381-95e6-5aa8145f3b04 state=PENDING elapsed=65s — waiting …
2026-02-27 18:04:54 | DEBUG    | Task e5791bcb-e273-4381-95e6-5aa8145f3b04 state=PENDING elapsed=70s — waiting …
2026-02-27 18:04:59 | DEBUG    | Task e5791bcb-e273-4381-95e6-5aa8145f3b04 state=PENDING elapsed=75s — waiting …
2026-02-27 18:05:04 | DEBUG    | Task e5791bcb-e273-4381-95e6-5aa8145f3b04 state=PENDING elapsed=80s — waiting …
2026-02-27 18:05:09 | DEBUG    | Task e5791bcb-e273-4381-95e6-5aa8145f3b04 state=PENDING elapsed=85s — waiting …
2026-02-27 18:05:14 | DEBUG    | Task e5791bcb-e273-4381-95e6-5aa8145f3b04 state=PENDING elapsed=90s — waiting …
2026-02-27 18:05:19 | DEBUG    | Task e5791bcb-e273-4381-95e6-5aa8145f3b04 state=PENDING elapsed=95s — waiting …
2026-02-27 18:05:24 | DEBUG    | Task e5791bcb-e273-4381-95e6-5aa8145f3b04 state=PENDING elapsed=100s — waiting …
2026-02-27 18:05:29 | DEBUG    | Task e5791bcb-e273-4381-95e6-5aa8145f3b04 state=PENDING elapsed=105s — waiting …
2026-02-27 18:05:34 | DEBUG    | Task e5791bcb-e273-4381-95e6-5aa8145f3b04 state=PENDING elapsed=110s — waiting …
2026-02-27 18:05:39 | DEBUG    | Task e5791bcb-e273-4381-95e6-5aa8145f3b04 state=PENDING elapsed=115s — waiting …
2026-02-27 18:05:44 | DEBUG    | Task e5791bcb-e273-4381-95e6-5aa8145f3b04 state=PENDING elapsed=120s — waiting …
2026-02-27 18:05:49 | DEBUG    | Task e5791bcb-e273-4381-95e6-5aa8145f3b04 state=PENDING elapsed=125s — waiting …
2026-02-27 18:05:54 | DEBUG    | Task e5791bcb-e273-4381-95e6-5aa8145f3b04 state=PENDING elapsed=130s — waiting …
2026-02-27 18:05:59 | DEBUG    | Task e5791bcb-e273-4381-95e6-5aa8145f3b04 state=PENDING elapsed=135s — waiting …
2026-02-27 18:06:04 | DEBUG    | Task e5791bcb-e273-4381-95e6-5aa8145f3b04 state=PENDING elapsed=140s — waiting …
2026-02-27 18:06:09 | DEBUG    | Task e5791bcb-e273-4381-95e6-5aa8145f3b04 state=PENDING elapsed=145s — waiting …
2026-02-27 18:06:14 | DEBUG    | Task e5791bcb-e273-4381-95e6-5aa8145f3b04 state=PENDING elapsed=150s — waiting …
2026-02-27 18:06:19 | DEBUG    | Task e5791bcb-e273-4381-95e6-5aa8145f3b04 state=PENDING elapsed=155s — waiting …
2026-02-27 18:06:24 | DEBUG    | Task e5791bcb-e273-4381-95e6-5aa8145f3b04 state=PENDING elapsed=160s — waiting …
2026-02-27 18:06:29 | DEBUG    | Task e5791bcb-e273-4381-95e6-5aa8145f3b04 state=PENDING elapsed=165s — waiting …
2026-02-27 18:06:34 | DEBUG    | Task e5791bcb-e273-4381-95e6-5aa8145f3b04 state=PENDING elapsed=170s — waiting …
2026-02-27 18:06:45 | DEBUG    | Task e5791bcb-e273-4381-95e6-5aa8145f3b04 state=PENDING elapsed=181s — waiting …
2026-02-27 18:06:50 | INFO     | Task e5791bcb-e273-4381-95e6-5aa8145f3b04 FINISHED in 187s
2026-02-27 18:06:50 | INFO     | ✅ batch 13/47 (16 files) complete
2026-02-27 18:06:50 | INFO     | --- batch 14/47 (16 files) ---
2026-02-27 18:06:50 | DEBUG    |   Files: CWP-955_Jaimes_and_Snieder.pdf, CWP-956_Aragao_and_Sava.pdf, CWP-957_Aragao_and_Sava.pdf, CWP-958_Aragao_and_Sava.pdf, CWP-959_Sethi.pdf, CWP-960_ZHU_SHRAGGE_CWP2020.pdf, CWP-961_Snieder-Schonfelder-Surf_Rot_CWP.pdf, CWP-962-Schonfelder-Bozdag-Snieder-Surf_Rot_obs_CWP.pdf, CWP-971_Singh_et_al_2.pdf, CWP-972_Liu.pdf, CWP-973_Bayesian_facies_classification.pdf, CWP-974_Snieder.pdf, CWP-975_Kirazetal.pdf, CWP-976_Jaimes_and_Snieder.pdf, CWP-977_Kirazetal.pdf, CWP-978_Pawelec_Sava_2021.pdf
2026-02-27 18:06:52 | INFO     | Upload accepted → task_id=5f18435a-40f6-41f7-b379-bdde85ba6984
2026-02-27 18:06:52 | DEBUG    | Task 5f18435a-40f6-41f7-b379-bdde85ba6984 state=PENDING elapsed=0s — waiting …
2026-02-27 18:06:57 | DEBUG    | Task 5f18435a-40f6-41f7-b379-bdde85ba6984 state=PENDING elapsed=5s — waiting …
2026-02-27 18:07:02 | DEBUG    | Task 5f18435a-40f6-41f7-b379-bdde85ba6984 state=PENDING elapsed=10s — waiting …
2026-02-27 18:07:07 | DEBUG    | Task 5f18435a-40f6-41f7-b379-bdde85ba6984 state=PENDING elapsed=15s — waiting …
2026-02-27 18:07:12 | DEBUG    | Task 5f18435a-40f6-41f7-b379-bdde85ba6984 state=PENDING elapsed=20s — waiting …
2026-02-27 18:07:17 | DEBUG    | Task 5f18435a-40f6-41f7-b379-bdde85ba6984 state=PENDING elapsed=25s — waiting …
2026-02-27 18:07:22 | DEBUG    | Task 5f18435a-40f6-41f7-b379-bdde85ba6984 state=PENDING elapsed=30s — waiting …
2026-02-27 18:07:27 | DEBUG    | Task 5f18435a-40f6-41f7-b379-bdde85ba6984 state=PENDING elapsed=35s — waiting …
2026-02-27 18:07:32 | DEBUG    | Task 5f18435a-40f6-41f7-b379-bdde85ba6984 state=PENDING elapsed=40s — waiting …
2026-02-27 18:07:37 | DEBUG    | Task 5f18435a-40f6-41f7-b379-bdde85ba6984 state=PENDING elapsed=45s — waiting …
2026-02-27 18:07:42 | DEBUG    | Task 5f18435a-40f6-41f7-b379-bdde85ba6984 state=PENDING elapsed=50s — waiting …
2026-02-27 18:07:47 | DEBUG    | Task 5f18435a-40f6-41f7-b379-bdde85ba6984 state=PENDING elapsed=55s — waiting …
2026-02-27 18:07:52 | DEBUG    | Task 5f18435a-40f6-41f7-b379-bdde85ba6984 state=PENDING elapsed=60s — waiting …
2026-02-27 18:07:57 | DEBUG    | Task 5f18435a-40f6-41f7-b379-bdde85ba6984 state=PENDING elapsed=65s — waiting …
2026-02-27 18:08:02 | DEBUG    | Task 5f18435a-40f6-41f7-b379-bdde85ba6984 state=PENDING elapsed=70s — waiting …
2026-02-27 18:08:07 | DEBUG    | Task 5f18435a-40f6-41f7-b379-bdde85ba6984 state=PENDING elapsed=75s — waiting …
2026-02-27 18:08:12 | DEBUG    | Task 5f18435a-40f6-41f7-b379-bdde85ba6984 state=PENDING elapsed=80s — waiting …
2026-02-27 18:08:17 | DEBUG    | Task 5f18435a-40f6-41f7-b379-bdde85ba6984 state=PENDING elapsed=85s — waiting …
2026-02-27 18:08:23 | DEBUG    | Task 5f18435a-40f6-41f7-b379-bdde85ba6984 state=PENDING elapsed=90s — waiting …
2026-02-27 18:08:28 | DEBUG    | Task 5f18435a-40f6-41f7-b379-bdde85ba6984 state=PENDING elapsed=95s — waiting …
2026-02-27 18:08:33 | DEBUG    | Task 5f18435a-40f6-41f7-b379-bdde85ba6984 state=PENDING elapsed=100s — waiting …
2026-02-27 18:08:38 | DEBUG    | Task 5f18435a-40f6-41f7-b379-bdde85ba6984 state=PENDING elapsed=105s — waiting …
2026-02-27 18:08:44 | INFO     | Task 5f18435a-40f6-41f7-b379-bdde85ba6984 FINISHED in 111s
2026-02-27 18:08:44 | INFO     | ✅ batch 14/47 (16 files) complete
2026-02-27 18:08:44 | INFO     | --- batch 15/47 (16 files) ---
2026-02-27 18:08:44 | DEBUG    |   Files: CWP-979_Oren_Shragge.pdf, CWP-980_Aragao_and_Sava.pdf, CWP-981_Konuk_Shragge.pdf, CWP-982_Almuteri_Sava_2021.pdf, CWP-983-Yang_Shragge_2021.pdf, CWP-984_Alzahrani_Shragge.pdf, CWP-985_Sethi_et_al.pdf, CWP-986_Konuk_Shragge_operator_learning.pdf, CWP-987_Can_Oren_PhD_Thesis_SP22.pdf, CWP-990_Cullen_Young_MSc_Thesis-_SP2022.pdf, CWP-991_Chambers_Shragge.pdf, CWP-993_Snieder.pdf, CWP-994_Snieder_Wakin.pdf, CWP-995_Oren_Shragge.pdf, CWP-996_Kiraz_Snieder.pdf, CWP-997_Sethi.pdf
2026-02-27 18:08:46 | INFO     | Upload accepted → task_id=7bb9982f-debe-4650-ae36-c4e043d6a3b6
2026-02-27 18:08:46 | DEBUG    | Task 7bb9982f-debe-4650-ae36-c4e043d6a3b6 state=PENDING elapsed=0s — waiting …
2026-02-27 18:08:51 | DEBUG    | Task 7bb9982f-debe-4650-ae36-c4e043d6a3b6 state=PENDING elapsed=5s — waiting …
2026-02-27 18:08:56 | DEBUG    | Task 7bb9982f-debe-4650-ae36-c4e043d6a3b6 state=PENDING elapsed=10s — waiting …
2026-02-27 18:09:01 | DEBUG    | Task 7bb9982f-debe-4650-ae36-c4e043d6a3b6 state=PENDING elapsed=15s — waiting …
2026-02-27 18:09:06 | DEBUG    | Task 7bb9982f-debe-4650-ae36-c4e043d6a3b6 state=PENDING elapsed=20s — waiting …
2026-02-27 18:09:11 | DEBUG    | Task 7bb9982f-debe-4650-ae36-c4e043d6a3b6 state=PENDING elapsed=25s — waiting …
2026-02-27 18:09:16 | DEBUG    | Task 7bb9982f-debe-4650-ae36-c4e043d6a3b6 state=PENDING elapsed=30s — waiting …
2026-02-27 18:09:21 | DEBUG    | Task 7bb9982f-debe-4650-ae36-c4e043d6a3b6 state=PENDING elapsed=35s — waiting …
2026-02-27 18:09:26 | DEBUG    | Task 7bb9982f-debe-4650-ae36-c4e043d6a3b6 state=PENDING elapsed=40s — waiting …
2026-02-27 18:09:31 | DEBUG    | Task 7bb9982f-debe-4650-ae36-c4e043d6a3b6 state=PENDING elapsed=45s — waiting …
2026-02-27 18:09:36 | DEBUG    | Task 7bb9982f-debe-4650-ae36-c4e043d6a3b6 state=PENDING elapsed=50s — waiting …
2026-02-27 18:09:41 | DEBUG    | Task 7bb9982f-debe-4650-ae36-c4e043d6a3b6 state=PENDING elapsed=55s — waiting …
2026-02-27 18:09:46 | DEBUG    | Task 7bb9982f-debe-4650-ae36-c4e043d6a3b6 state=PENDING elapsed=60s — waiting …
2026-02-27 18:09:51 | DEBUG    | Task 7bb9982f-debe-4650-ae36-c4e043d6a3b6 state=PENDING elapsed=65s — waiting …
2026-02-27 18:09:56 | DEBUG    | Task 7bb9982f-debe-4650-ae36-c4e043d6a3b6 state=PENDING elapsed=70s — waiting …
2026-02-27 18:10:01 | DEBUG    | Task 7bb9982f-debe-4650-ae36-c4e043d6a3b6 state=PENDING elapsed=75s — waiting …
2026-02-27 18:10:06 | DEBUG    | Task 7bb9982f-debe-4650-ae36-c4e043d6a3b6 state=PENDING elapsed=80s — waiting …
2026-02-27 18:10:11 | DEBUG    | Task 7bb9982f-debe-4650-ae36-c4e043d6a3b6 state=PENDING elapsed=85s — waiting …
2026-02-27 18:10:16 | DEBUG    | Task 7bb9982f-debe-4650-ae36-c4e043d6a3b6 state=PENDING elapsed=90s — waiting …
2026-02-27 18:10:21 | DEBUG    | Task 7bb9982f-debe-4650-ae36-c4e043d6a3b6 state=PENDING elapsed=95s — waiting …
2026-02-27 18:10:26 | DEBUG    | Task 7bb9982f-debe-4650-ae36-c4e043d6a3b6 state=PENDING elapsed=100s — waiting …
2026-02-27 18:10:31 | DEBUG    | Task 7bb9982f-debe-4650-ae36-c4e043d6a3b6 state=PENDING elapsed=105s — waiting …
2026-02-27 18:10:36 | DEBUG    | Task 7bb9982f-debe-4650-ae36-c4e043d6a3b6 state=PENDING elapsed=110s — waiting …
2026-02-27 18:10:42 | DEBUG    | Task 7bb9982f-debe-4650-ae36-c4e043d6a3b6 state=PENDING elapsed=115s — waiting …
2026-02-27 18:10:47 | DEBUG    | Task 7bb9982f-debe-4650-ae36-c4e043d6a3b6 state=PENDING elapsed=120s — waiting …
2026-02-27 18:10:53 | INFO     | Task 7bb9982f-debe-4650-ae36-c4e043d6a3b6 FINISHED in 126s
2026-02-27 18:10:53 | INFO     | ✅ batch 15/47 (16 files) complete
2026-02-27 18:10:53 | INFO     | --- batch 16/47 (16 files) ---
2026-02-27 18:10:53 | DEBUG    |   Files: CWP-998_Liu_etal.pdf, CWP-999_Jaimes_Snieder.pdf, CWP705-min.pdf, CWP706.pdf, CWP707-min.pdf, CWP708.pdf, CWP709.pdf, CWP710.pdf, CWP711.pdf, CWP712.pdf, CWP713.pdf, CWP714-min.pdf, CWP715.pdf, CWP716-min-12.pdf, CWP717.pdf, CWP718.pdf
2026-02-27 18:10:55 | INFO     | Upload accepted → task_id=f2defd75-4744-43e2-93c8-c90275d447b3
2026-02-27 18:10:55 | DEBUG    | Task f2defd75-4744-43e2-93c8-c90275d447b3 state=PENDING elapsed=0s — waiting …
2026-02-27 18:11:00 | DEBUG    | Task f2defd75-4744-43e2-93c8-c90275d447b3 state=PENDING elapsed=5s — waiting …
2026-02-27 18:11:05 | DEBUG    | Task f2defd75-4744-43e2-93c8-c90275d447b3 state=PENDING elapsed=10s — waiting …
2026-02-27 18:11:26 | DEBUG    | Task f2defd75-4744-43e2-93c8-c90275d447b3 state=PENDING elapsed=31s — waiting …
2026-02-27 18:11:38 | DEBUG    | Task f2defd75-4744-43e2-93c8-c90275d447b3 state=PENDING elapsed=43s — waiting …
2026-02-27 18:11:43 | DEBUG    | Task f2defd75-4744-43e2-93c8-c90275d447b3 state=PENDING elapsed=48s — waiting …
2026-02-27 18:11:48 | DEBUG    | Task f2defd75-4744-43e2-93c8-c90275d447b3 state=PENDING elapsed=53s — waiting …
2026-02-27 18:11:53 | DEBUG    | Task f2defd75-4744-43e2-93c8-c90275d447b3 state=PENDING elapsed=58s — waiting …
2026-02-27 18:11:58 | DEBUG    | Task f2defd75-4744-43e2-93c8-c90275d447b3 state=PENDING elapsed=63s — waiting …
2026-02-27 18:12:14 | INFO     | Task f2defd75-4744-43e2-93c8-c90275d447b3 FINISHED in 79s
2026-02-27 18:12:14 | INFO     | ✅ batch 16/47 (16 files) complete
2026-02-27 18:12:14 | INFO     | --- batch 17/47 (16 files) ---
2026-02-27 18:12:14 | DEBUG    |   Files: CWP719.pdf, CWP720.pdf, CWP721-min.pdf, CWP722-min.pdf, CWP723-min.pdf, CWP724-min.pdf, CWP725-min.pdf, CWP726-min.pdf, CWP727.pdf, CWP728.pdf, CWP729-1-min.pdf, CWP730.pdf, CWP731.pdf, CWP732_NoriNakata.pdf, CWP733_NoriNakata.pdf, CWP734_NoriNakata.pdf
2026-02-27 18:12:17 | INFO     | Upload accepted → task_id=8946b33f-87d2-406c-a391-8daf821dbcb0
2026-02-27 18:12:17 | DEBUG    | Task 8946b33f-87d2-406c-a391-8daf821dbcb0 state=PENDING elapsed=0s — waiting …
2026-02-27 18:12:22 | DEBUG    | Task 8946b33f-87d2-406c-a391-8daf821dbcb0 state=PENDING elapsed=5s — waiting …
2026-02-27 18:12:27 | DEBUG    | Task 8946b33f-87d2-406c-a391-8daf821dbcb0 state=PENDING elapsed=10s — waiting …
2026-02-27 18:12:32 | DEBUG    | Task 8946b33f-87d2-406c-a391-8daf821dbcb0 state=PENDING elapsed=15s — waiting …
2026-02-27 18:12:37 | DEBUG    | Task 8946b33f-87d2-406c-a391-8daf821dbcb0 state=PENDING elapsed=20s — waiting …
2026-02-27 18:12:42 | DEBUG    | Task 8946b33f-87d2-406c-a391-8daf821dbcb0 state=PENDING elapsed=25s — waiting …
2026-02-27 18:12:47 | DEBUG    | Task 8946b33f-87d2-406c-a391-8daf821dbcb0 state=PENDING elapsed=30s — waiting …
2026-02-27 18:12:55 | DEBUG    | Task 8946b33f-87d2-406c-a391-8daf821dbcb0 state=PENDING elapsed=38s — waiting …
2026-02-27 18:13:00 | DEBUG    | Task 8946b33f-87d2-406c-a391-8daf821dbcb0 state=PENDING elapsed=43s — waiting …
2026-02-27 18:13:05 | DEBUG    | Task 8946b33f-87d2-406c-a391-8daf821dbcb0 state=PENDING elapsed=48s — waiting …
2026-02-27 18:13:10 | DEBUG    | Task 8946b33f-87d2-406c-a391-8daf821dbcb0 state=PENDING elapsed=53s — waiting …
2026-02-27 18:13:15 | DEBUG    | Task 8946b33f-87d2-406c-a391-8daf821dbcb0 state=PENDING elapsed=58s — waiting …
2026-02-27 18:13:20 | DEBUG    | Task 8946b33f-87d2-406c-a391-8daf821dbcb0 state=PENDING elapsed=63s — waiting …
2026-02-27 18:13:25 | DEBUG    | Task 8946b33f-87d2-406c-a391-8daf821dbcb0 state=PENDING elapsed=68s — waiting …
2026-02-27 18:13:31 | INFO     | Task 8946b33f-87d2-406c-a391-8daf821dbcb0 FINISHED in 74s
2026-02-27 18:13:31 | INFO     | ✅ batch 17/47 (16 files) complete
2026-02-27 18:13:31 | INFO     | --- batch 18/47 (16 files) ---
2026-02-27 18:13:31 | DEBUG    |   Files: CWP735.pdf, CWP736.pdf, CWP737.pdf, CWP_052_Jorden_report.pdf, CWP_137_ProjectReview_1993.pdf, Image-Domain_Wavefield_Tomogra.pdf, Jarillo_Michel_Tsvankin_CWP_938_Report_2019.pdf, Jarillo_Michel_Tsvankin_CWP_944_Report_2019.pdf, Jia_Snieder_CWP_940_Report_2019.pdf, Jian_Snieder_CWP_-939_Report_2019.pdf, Kohnke_Sava_CWP_933_Report_2019.pdf, Konuk_Shragge_CWP_928_Report_2019.pdf, OdetteAragaoElasticTomography-v2.pdf, Oren_Shragge_CWP_929_Report_2019.pdf, PawelecThesis-12.pdf, Pawelec_Sava_CWP_930_Report_2019.pdf
2026-02-27 18:13:33 | INFO     | Upload accepted → task_id=177dcc6a-b6e2-4ffb-81db-f694ce9296b5
2026-02-27 18:13:33 | DEBUG    | Task 177dcc6a-b6e2-4ffb-81db-f694ce9296b5 state=PENDING elapsed=0s — waiting …
2026-02-27 18:13:38 | DEBUG    | Task 177dcc6a-b6e2-4ffb-81db-f694ce9296b5 state=PENDING elapsed=5s — waiting …
2026-02-27 18:13:43 | DEBUG    | Task 177dcc6a-b6e2-4ffb-81db-f694ce9296b5 state=PENDING elapsed=10s — waiting …
2026-02-27 18:13:48 | DEBUG    | Task 177dcc6a-b6e2-4ffb-81db-f694ce9296b5 state=PENDING elapsed=15s — waiting …
2026-02-27 18:13:53 | DEBUG    | Task 177dcc6a-b6e2-4ffb-81db-f694ce9296b5 state=PENDING elapsed=20s — waiting …
2026-02-27 18:13:58 | DEBUG    | Task 177dcc6a-b6e2-4ffb-81db-f694ce9296b5 state=PENDING elapsed=25s — waiting …
2026-02-27 18:14:03 | DEBUG    | Task 177dcc6a-b6e2-4ffb-81db-f694ce9296b5 state=PENDING elapsed=30s — waiting …
2026-02-27 18:14:08 | DEBUG    | Task 177dcc6a-b6e2-4ffb-81db-f694ce9296b5 state=PENDING elapsed=35s — waiting …
2026-02-27 18:14:13 | DEBUG    | Task 177dcc6a-b6e2-4ffb-81db-f694ce9296b5 state=PENDING elapsed=40s — waiting …
2026-02-27 18:14:18 | DEBUG    | Task 177dcc6a-b6e2-4ffb-81db-f694ce9296b5 state=PENDING elapsed=45s — waiting …
2026-02-27 18:14:23 | DEBUG    | Task 177dcc6a-b6e2-4ffb-81db-f694ce9296b5 state=PENDING elapsed=50s — waiting …
2026-02-27 18:14:28 | DEBUG    | Task 177dcc6a-b6e2-4ffb-81db-f694ce9296b5 state=PENDING elapsed=55s — waiting …
2026-02-27 18:14:33 | DEBUG    | Task 177dcc6a-b6e2-4ffb-81db-f694ce9296b5 state=PENDING elapsed=60s — waiting …
2026-02-27 18:14:38 | DEBUG    | Task 177dcc6a-b6e2-4ffb-81db-f694ce9296b5 state=PENDING elapsed=65s — waiting …
2026-02-27 18:14:43 | DEBUG    | Task 177dcc6a-b6e2-4ffb-81db-f694ce9296b5 state=PENDING elapsed=70s — waiting …
2026-02-27 18:14:48 | DEBUG    | Task 177dcc6a-b6e2-4ffb-81db-f694ce9296b5 state=PENDING elapsed=75s — waiting …
2026-02-27 18:14:53 | DEBUG    | Task 177dcc6a-b6e2-4ffb-81db-f694ce9296b5 state=PENDING elapsed=80s — waiting …
2026-02-27 18:14:58 | DEBUG    | Task 177dcc6a-b6e2-4ffb-81db-f694ce9296b5 state=PENDING elapsed=85s — waiting …
2026-02-27 18:15:03 | DEBUG    | Task 177dcc6a-b6e2-4ffb-81db-f694ce9296b5 state=PENDING elapsed=90s — waiting …
2026-02-27 18:15:08 | DEBUG    | Task 177dcc6a-b6e2-4ffb-81db-f694ce9296b5 state=PENDING elapsed=95s — waiting …
2026-02-27 18:15:13 | DEBUG    | Task 177dcc6a-b6e2-4ffb-81db-f694ce9296b5 state=PENDING elapsed=100s — waiting …
2026-02-27 18:15:18 | DEBUG    | Task 177dcc6a-b6e2-4ffb-81db-f694ce9296b5 state=PENDING elapsed=105s — waiting …
2026-02-27 18:15:23 | DEBUG    | Task 177dcc6a-b6e2-4ffb-81db-f694ce9296b5 state=PENDING elapsed=110s — waiting …
2026-02-27 18:15:28 | DEBUG    | Task 177dcc6a-b6e2-4ffb-81db-f694ce9296b5 state=PENDING elapsed=115s — waiting …
2026-02-27 18:15:33 | DEBUG    | Task 177dcc6a-b6e2-4ffb-81db-f694ce9296b5 state=PENDING elapsed=120s — waiting …
2026-02-27 18:15:41 | DEBUG    | Task 177dcc6a-b6e2-4ffb-81db-f694ce9296b5 state=PENDING elapsed=128s — waiting …
2026-02-27 18:15:46 | DEBUG    | Task 177dcc6a-b6e2-4ffb-81db-f694ce9296b5 state=PENDING elapsed=133s — waiting …
2026-02-27 18:15:58 | DEBUG    | Task 177dcc6a-b6e2-4ffb-81db-f694ce9296b5 state=PENDING elapsed=145s — waiting …
2026-02-27 18:16:03 | DEBUG    | Task 177dcc6a-b6e2-4ffb-81db-f694ce9296b5 state=PENDING elapsed=150s — waiting …
2026-02-27 18:16:08 | DEBUG    | Task 177dcc6a-b6e2-4ffb-81db-f694ce9296b5 state=PENDING elapsed=155s — waiting …
2026-02-27 18:16:13 | DEBUG    | Task 177dcc6a-b6e2-4ffb-81db-f694ce9296b5 state=PENDING elapsed=160s — waiting …
2026-02-27 18:16:18 | DEBUG    | Task 177dcc6a-b6e2-4ffb-81db-f694ce9296b5 state=PENDING elapsed=165s — waiting …
2026-02-27 18:16:23 | DEBUG    | Task 177dcc6a-b6e2-4ffb-81db-f694ce9296b5 state=PENDING elapsed=170s — waiting …
2026-02-27 18:16:28 | DEBUG    | Task 177dcc6a-b6e2-4ffb-81db-f694ce9296b5 state=PENDING elapsed=175s — waiting …
2026-02-27 18:16:37 | DEBUG    | Task 177dcc6a-b6e2-4ffb-81db-f694ce9296b5 state=PENDING elapsed=184s — waiting …
2026-02-27 18:16:45 | DEBUG    | Task 177dcc6a-b6e2-4ffb-81db-f694ce9296b5 state=PENDING elapsed=193s — waiting …
2026-02-27 18:16:50 | DEBUG    | Task 177dcc6a-b6e2-4ffb-81db-f694ce9296b5 state=PENDING elapsed=198s — waiting …
2026-02-27 18:16:55 | DEBUG    | Task 177dcc6a-b6e2-4ffb-81db-f694ce9296b5 state=PENDING elapsed=203s — waiting …
2026-02-27 18:17:00 | DEBUG    | Task 177dcc6a-b6e2-4ffb-81db-f694ce9296b5 state=PENDING elapsed=208s — waiting …
2026-02-27 18:17:05 | DEBUG    | Task 177dcc6a-b6e2-4ffb-81db-f694ce9296b5 state=PENDING elapsed=213s — waiting …
2026-02-27 18:17:10 | DEBUG    | Task 177dcc6a-b6e2-4ffb-81db-f694ce9296b5 state=PENDING elapsed=218s — waiting …
2026-02-27 18:17:16 | DEBUG    | Task 177dcc6a-b6e2-4ffb-81db-f694ce9296b5 state=PENDING elapsed=223s — waiting …
2026-02-27 18:17:24 | INFO     | Task 177dcc6a-b6e2-4ffb-81db-f694ce9296b5 FINISHED in 231s
2026-02-27 18:17:24 | INFO     | ✅ batch 18/47 (16 files) complete
2026-02-27 18:17:24 | INFO     | --- batch 19/47 (16 files) ---
2026-02-27 18:17:24 | DEBUG    |   Files: Prunty_Snieder_CWP_931_Report_2019.pdf, RochaThesis-min-12.pdf, Saengduean_Snieder_CWP_942_Report_2019.pdf, Sens-Schonfelder_Snieder_CWP_941_Report_2019.pdf, Sethi_Shragge_Tsvankin_CWP_932_Report_2019.pdf, Singh_Tsvankin_CWP_934_Report_2019.pdf, Vol32-3_art4.pdf, Yang_Shragge_CWP_935_Report_2019.pdf, compressed_CWP-900-Li-X-MS-thesis-min.pdf, cwp-031.pdf, cwp-032.pdf, cwp-038.pdf, cwp-049.pdf, cwp-074.pdf, cwp-081.pdf, cwp-090.pdf
2026-02-27 18:17:27 | INFO     | Upload accepted → task_id=c74989b3-6f15-4bf7-a93a-0a3ef9012e49
2026-02-27 18:17:27 | DEBUG    | Task c74989b3-6f15-4bf7-a93a-0a3ef9012e49 state=PENDING elapsed=0s — waiting …
2026-02-27 18:17:34 | DEBUG    | Task c74989b3-6f15-4bf7-a93a-0a3ef9012e49 state=PENDING elapsed=7s — waiting …
2026-02-27 18:17:39 | DEBUG    | Task c74989b3-6f15-4bf7-a93a-0a3ef9012e49 state=PENDING elapsed=12s — waiting …
2026-02-27 18:17:44 | DEBUG    | Task c74989b3-6f15-4bf7-a93a-0a3ef9012e49 state=PENDING elapsed=17s — waiting …
2026-02-27 18:17:49 | DEBUG    | Task c74989b3-6f15-4bf7-a93a-0a3ef9012e49 state=PENDING elapsed=22s — waiting …
2026-02-27 18:17:54 | DEBUG    | Task c74989b3-6f15-4bf7-a93a-0a3ef9012e49 state=PENDING elapsed=27s — waiting …
2026-02-27 18:17:59 | DEBUG    | Task c74989b3-6f15-4bf7-a93a-0a3ef9012e49 state=PENDING elapsed=32s — waiting …
2026-02-27 18:18:04 | DEBUG    | Task c74989b3-6f15-4bf7-a93a-0a3ef9012e49 state=PENDING elapsed=37s — waiting …
2026-02-27 18:18:09 | DEBUG    | Task c74989b3-6f15-4bf7-a93a-0a3ef9012e49 state=PENDING elapsed=42s — waiting …
2026-02-27 18:18:14 | DEBUG    | Task c74989b3-6f15-4bf7-a93a-0a3ef9012e49 state=PENDING elapsed=47s — waiting …
2026-02-27 18:18:19 | DEBUG    | Task c74989b3-6f15-4bf7-a93a-0a3ef9012e49 state=PENDING elapsed=52s — waiting …
2026-02-27 18:18:24 | DEBUG    | Task c74989b3-6f15-4bf7-a93a-0a3ef9012e49 state=PENDING elapsed=57s — waiting …
2026-02-27 18:18:29 | DEBUG    | Task c74989b3-6f15-4bf7-a93a-0a3ef9012e49 state=PENDING elapsed=62s — waiting …
2026-02-27 18:18:35 | DEBUG    | Task c74989b3-6f15-4bf7-a93a-0a3ef9012e49 state=PENDING elapsed=67s — waiting …
2026-02-27 18:18:40 | DEBUG    | Task c74989b3-6f15-4bf7-a93a-0a3ef9012e49 state=PENDING elapsed=72s — waiting …
2026-02-27 18:18:45 | DEBUG    | Task c74989b3-6f15-4bf7-a93a-0a3ef9012e49 state=PENDING elapsed=77s — waiting …
2026-02-27 18:18:50 | DEBUG    | Task c74989b3-6f15-4bf7-a93a-0a3ef9012e49 state=PENDING elapsed=82s — waiting …
2026-02-27 18:18:55 | DEBUG    | Task c74989b3-6f15-4bf7-a93a-0a3ef9012e49 state=PENDING elapsed=87s — waiting …
2026-02-27 18:19:00 | DEBUG    | Task c74989b3-6f15-4bf7-a93a-0a3ef9012e49 state=PENDING elapsed=92s — waiting …
2026-02-27 18:19:06 | DEBUG    | Task c74989b3-6f15-4bf7-a93a-0a3ef9012e49 state=PENDING elapsed=98s — waiting …
2026-02-27 18:19:11 | INFO     | Task c74989b3-6f15-4bf7-a93a-0a3ef9012e49 FINISHED in 104s
2026-02-27 18:19:11 | INFO     | ✅ batch 19/47 (16 files) complete
2026-02-27 18:19:11 | INFO     | --- batch 20/47 (16 files) ---
2026-02-27 18:19:11 | DEBUG    |   Files: cwp-095.pdf, cwp-096.pdf, cwp-098.pdf, cwp-099.pdf, cwp-103PI.pdf, cwp-103PII.pdf, cwp-104R.pdf, cwp-105.pdf, cwp-107A.pdf, cwp-107B.pdf, cwp-108.pdf, cwp-109.pdf, cwp-113.pdf, cwp-115R.pdf, cwp-118R.pdf, cwp-119R.pdf
2026-02-27 18:19:13 | INFO     | Upload accepted → task_id=9049ba71-e4bc-47fd-9c83-09ee20f6bdfc
2026-02-27 18:19:13 | DEBUG    | Task 9049ba71-e4bc-47fd-9c83-09ee20f6bdfc state=PENDING elapsed=0s — waiting …
2026-02-27 18:19:18 | DEBUG    | Task 9049ba71-e4bc-47fd-9c83-09ee20f6bdfc state=PENDING elapsed=5s — waiting …
2026-02-27 18:19:23 | DEBUG    | Task 9049ba71-e4bc-47fd-9c83-09ee20f6bdfc state=PENDING elapsed=10s — waiting …
2026-02-27 18:19:28 | DEBUG    | Task 9049ba71-e4bc-47fd-9c83-09ee20f6bdfc state=PENDING elapsed=15s — waiting …
2026-02-27 18:19:33 | DEBUG    | Task 9049ba71-e4bc-47fd-9c83-09ee20f6bdfc state=PENDING elapsed=20s — waiting …
2026-02-27 18:19:38 | DEBUG    | Task 9049ba71-e4bc-47fd-9c83-09ee20f6bdfc state=PENDING elapsed=25s — waiting …
2026-02-27 18:19:43 | DEBUG    | Task 9049ba71-e4bc-47fd-9c83-09ee20f6bdfc state=PENDING elapsed=30s — waiting …
2026-02-27 18:19:48 | DEBUG    | Task 9049ba71-e4bc-47fd-9c83-09ee20f6bdfc state=PENDING elapsed=35s — waiting …
2026-02-27 18:19:53 | DEBUG    | Task 9049ba71-e4bc-47fd-9c83-09ee20f6bdfc state=PENDING elapsed=40s — waiting …
2026-02-27 18:20:01 | DEBUG    | Task 9049ba71-e4bc-47fd-9c83-09ee20f6bdfc state=PENDING elapsed=48s — waiting …
2026-02-27 18:20:06 | DEBUG    | Task 9049ba71-e4bc-47fd-9c83-09ee20f6bdfc state=PENDING elapsed=53s — waiting …
2026-02-27 18:20:11 | DEBUG    | Task 9049ba71-e4bc-47fd-9c83-09ee20f6bdfc state=PENDING elapsed=58s — waiting …
2026-02-27 18:20:16 | DEBUG    | Task 9049ba71-e4bc-47fd-9c83-09ee20f6bdfc state=PENDING elapsed=63s — waiting …
2026-02-27 18:20:21 | DEBUG    | Task 9049ba71-e4bc-47fd-9c83-09ee20f6bdfc state=PENDING elapsed=68s — waiting …
2026-02-27 18:20:26 | DEBUG    | Task 9049ba71-e4bc-47fd-9c83-09ee20f6bdfc state=PENDING elapsed=73s — waiting …
2026-02-27 18:20:31 | INFO     | Task 9049ba71-e4bc-47fd-9c83-09ee20f6bdfc FINISHED in 78s
2026-02-27 18:20:31 | INFO     | ✅ batch 20/47 (16 files) complete
2026-02-27 18:20:31 | INFO     | --- batch 21/47 (16 files) ---
2026-02-27 18:20:31 | DEBUG    |   Files: cwp-122P.pdf, cwp-124P2.pdf, cwp-125.pdf, cwp-126.pdf, cwp-127.pdf, cwp-128.pdf, cwp-129.pdf, cwp-130.pdf, cwp-133P.pdf, cwp-134R.pdf, cwp-135.pdf, cwp-136.pdf, cwp-141P.pdf, cwp-142P.pdf, cwp-143P.pdf, cwp-144.pdf
2026-02-27 18:20:35 | INFO     | Upload accepted → task_id=93177248-842b-4728-a76e-fc2a7ebf1a0c
2026-02-27 18:20:35 | DEBUG    | Task 93177248-842b-4728-a76e-fc2a7ebf1a0c state=PENDING elapsed=0s — waiting …
2026-02-27 18:20:40 | DEBUG    | Task 93177248-842b-4728-a76e-fc2a7ebf1a0c state=PENDING elapsed=5s — waiting …
2026-02-27 18:20:45 | DEBUG    | Task 93177248-842b-4728-a76e-fc2a7ebf1a0c state=PENDING elapsed=10s — waiting …
2026-02-27 18:20:51 | DEBUG    | Task 93177248-842b-4728-a76e-fc2a7ebf1a0c state=PENDING elapsed=16s — waiting …
2026-02-27 18:20:56 | DEBUG    | Task 93177248-842b-4728-a76e-fc2a7ebf1a0c state=PENDING elapsed=21s — waiting …
2026-02-27 18:21:01 | DEBUG    | Task 93177248-842b-4728-a76e-fc2a7ebf1a0c state=PENDING elapsed=26s — waiting …
2026-02-27 18:21:06 | DEBUG    | Task 93177248-842b-4728-a76e-fc2a7ebf1a0c state=PENDING elapsed=31s — waiting …
2026-02-27 18:21:11 | DEBUG    | Task 93177248-842b-4728-a76e-fc2a7ebf1a0c state=PENDING elapsed=36s — waiting …
2026-02-27 18:21:16 | DEBUG    | Task 93177248-842b-4728-a76e-fc2a7ebf1a0c state=PENDING elapsed=41s — waiting …
2026-02-27 18:21:21 | DEBUG    | Task 93177248-842b-4728-a76e-fc2a7ebf1a0c state=PENDING elapsed=46s — waiting …
2026-02-27 18:21:26 | DEBUG    | Task 93177248-842b-4728-a76e-fc2a7ebf1a0c state=PENDING elapsed=51s — waiting …
2026-02-27 18:21:31 | DEBUG    | Task 93177248-842b-4728-a76e-fc2a7ebf1a0c state=PENDING elapsed=56s — waiting …
2026-02-27 18:21:36 | DEBUG    | Task 93177248-842b-4728-a76e-fc2a7ebf1a0c state=PENDING elapsed=61s — waiting …
2026-02-27 18:21:41 | DEBUG    | Task 93177248-842b-4728-a76e-fc2a7ebf1a0c state=PENDING elapsed=66s — waiting …
2026-02-27 18:21:48 | DEBUG    | Task 93177248-842b-4728-a76e-fc2a7ebf1a0c state=PENDING elapsed=73s — waiting …
2026-02-27 18:21:53 | DEBUG    | Task 93177248-842b-4728-a76e-fc2a7ebf1a0c state=PENDING elapsed=78s — waiting …
2026-02-27 18:21:58 | DEBUG    | Task 93177248-842b-4728-a76e-fc2a7ebf1a0c state=PENDING elapsed=83s — waiting …
2026-02-27 18:22:03 | INFO     | Task 93177248-842b-4728-a76e-fc2a7ebf1a0c FINISHED in 88s
2026-02-27 18:22:03 | INFO     | ✅ batch 21/47 (16 files) complete
2026-02-27 18:22:03 | INFO     | --- batch 22/47 (16 files) ---
2026-02-27 18:22:03 | DEBUG    |   Files: cwp-145.pdf, cwp-146.pdf, cwp-147.pdf, cwp-148.pdf, cwp-149.pdf, cwp-150.pdf, cwp-151.pdf, cwp-152.pdf, cwp-154.pdf, cwp-155P.pdf, cwp-156.pdf, cwp-162.pdf, cwp-164.pdf, cwp-170.pdf, cwp-171.pdf, cwp-177.pdf
2026-02-27 18:22:10 | INFO     | Upload accepted → task_id=61428a12-33f4-4c25-82a4-b0296de4e71b
2026-02-27 18:22:10 | DEBUG    | Task 61428a12-33f4-4c25-82a4-b0296de4e71b state=PENDING elapsed=0s — waiting …
2026-02-27 18:22:15 | DEBUG    | Task 61428a12-33f4-4c25-82a4-b0296de4e71b state=PENDING elapsed=5s — waiting …
2026-02-27 18:22:20 | DEBUG    | Task 61428a12-33f4-4c25-82a4-b0296de4e71b state=PENDING elapsed=10s — waiting …
2026-02-27 18:22:25 | DEBUG    | Task 61428a12-33f4-4c25-82a4-b0296de4e71b state=PENDING elapsed=15s — waiting …
2026-02-27 18:22:30 | DEBUG    | Task 61428a12-33f4-4c25-82a4-b0296de4e71b state=PENDING elapsed=20s — waiting …
2026-02-27 18:22:35 | DEBUG    | Task 61428a12-33f4-4c25-82a4-b0296de4e71b state=PENDING elapsed=25s — waiting …
2026-02-27 18:22:40 | DEBUG    | Task 61428a12-33f4-4c25-82a4-b0296de4e71b state=PENDING elapsed=30s — waiting …
2026-02-27 18:22:45 | DEBUG    | Task 61428a12-33f4-4c25-82a4-b0296de4e71b state=PENDING elapsed=35s — waiting …
2026-02-27 18:22:50 | DEBUG    | Task 61428a12-33f4-4c25-82a4-b0296de4e71b state=PENDING elapsed=40s — waiting …
2026-02-27 18:22:55 | DEBUG    | Task 61428a12-33f4-4c25-82a4-b0296de4e71b state=PENDING elapsed=45s — waiting …
2026-02-27 18:23:00 | DEBUG    | Task 61428a12-33f4-4c25-82a4-b0296de4e71b state=PENDING elapsed=50s — waiting …
2026-02-27 18:23:05 | DEBUG    | Task 61428a12-33f4-4c25-82a4-b0296de4e71b state=PENDING elapsed=55s — waiting …
2026-02-27 18:23:10 | DEBUG    | Task 61428a12-33f4-4c25-82a4-b0296de4e71b state=PENDING elapsed=60s — waiting …
2026-02-27 18:23:15 | DEBUG    | Task 61428a12-33f4-4c25-82a4-b0296de4e71b state=PENDING elapsed=65s — waiting …
2026-02-27 18:23:21 | DEBUG    | Task 61428a12-33f4-4c25-82a4-b0296de4e71b state=PENDING elapsed=72s — waiting …
2026-02-27 18:23:26 | DEBUG    | Task 61428a12-33f4-4c25-82a4-b0296de4e71b state=PENDING elapsed=77s — waiting …
2026-02-27 18:23:32 | INFO     | Task 61428a12-33f4-4c25-82a4-b0296de4e71b FINISHED in 83s
2026-02-27 18:23:32 | INFO     | ✅ batch 22/47 (16 files) complete
2026-02-27 18:23:32 | INFO     | --- batch 23/47 (16 files) ---
2026-02-27 18:23:32 | DEBUG    |   Files: cwp-178.pdf, cwp-179.pdf, cwp-180.pdf, cwp-187.pdf, cwp-188.pdf, cwp-190P.pdf, cwp-197.pdf, cwp-198P.pdf, cwp-199.pdf, cwp-200.pdf, cwp-205P.pdf, cwp-206P.pdf, cwp-207.pdf, cwp-208.pdf, cwp-209.pdf, cwp-210.pdf
2026-02-27 18:23:35 | INFO     | Upload accepted → task_id=76a2b9b5-9887-4def-939f-2027fcdfe1bc
2026-02-27 18:23:35 | DEBUG    | Task 76a2b9b5-9887-4def-939f-2027fcdfe1bc state=PENDING elapsed=0s — waiting …
2026-02-27 18:23:40 | DEBUG    | Task 76a2b9b5-9887-4def-939f-2027fcdfe1bc state=PENDING elapsed=5s — waiting …
2026-02-27 18:23:45 | DEBUG    | Task 76a2b9b5-9887-4def-939f-2027fcdfe1bc state=PENDING elapsed=10s — waiting …
2026-02-27 18:23:50 | DEBUG    | Task 76a2b9b5-9887-4def-939f-2027fcdfe1bc state=PENDING elapsed=15s — waiting …
2026-02-27 18:23:55 | DEBUG    | Task 76a2b9b5-9887-4def-939f-2027fcdfe1bc state=PENDING elapsed=20s — waiting …
2026-02-27 18:24:02 | DEBUG    | Task 76a2b9b5-9887-4def-939f-2027fcdfe1bc state=PENDING elapsed=28s — waiting …
2026-02-27 18:24:07 | DEBUG    | Task 76a2b9b5-9887-4def-939f-2027fcdfe1bc state=PENDING elapsed=33s — waiting …
2026-02-27 18:24:12 | DEBUG    | Task 76a2b9b5-9887-4def-939f-2027fcdfe1bc state=PENDING elapsed=38s — waiting …
2026-02-27 18:24:17 | DEBUG    | Task 76a2b9b5-9887-4def-939f-2027fcdfe1bc state=PENDING elapsed=43s — waiting …
2026-02-27 18:24:23 | DEBUG    | Task 76a2b9b5-9887-4def-939f-2027fcdfe1bc state=PENDING elapsed=48s — waiting …
2026-02-27 18:24:28 | DEBUG    | Task 76a2b9b5-9887-4def-939f-2027fcdfe1bc state=PENDING elapsed=53s — waiting …
2026-02-27 18:24:33 | DEBUG    | Task 76a2b9b5-9887-4def-939f-2027fcdfe1bc state=PENDING elapsed=58s — waiting …
2026-02-27 18:24:38 | DEBUG    | Task 76a2b9b5-9887-4def-939f-2027fcdfe1bc state=PENDING elapsed=63s — waiting …
2026-02-27 18:24:43 | DEBUG    | Task 76a2b9b5-9887-4def-939f-2027fcdfe1bc state=PENDING elapsed=68s — waiting …
2026-02-27 18:24:48 | DEBUG    | Task 76a2b9b5-9887-4def-939f-2027fcdfe1bc state=PENDING elapsed=73s — waiting …
2026-02-27 18:24:53 | DEBUG    | Task 76a2b9b5-9887-4def-939f-2027fcdfe1bc state=PENDING elapsed=78s — waiting …
2026-02-27 18:24:58 | DEBUG    | Task 76a2b9b5-9887-4def-939f-2027fcdfe1bc state=PENDING elapsed=83s — waiting …
2026-02-27 18:25:03 | INFO     | Task 76a2b9b5-9887-4def-939f-2027fcdfe1bc FINISHED in 88s
2026-02-27 18:25:03 | INFO     | ✅ batch 23/47 (16 files) complete
2026-02-27 18:25:03 | INFO     | --- batch 24/47 (16 files) ---
2026-02-27 18:25:03 | DEBUG    |   Files: cwp-211P.pdf, cwp-212.pdf, cwp-213.pdf, cwp-214.pdf, cwp-215.pdf, cwp-216P.pdf, cwp-217.pdf, cwp-218.pdf, cwp-219P.pdf, cwp-220.pdf, cwp-222.pdf, cwp-225.pdf, cwp-226.pdf, cwp-227.pdf, cwp-228.pdf, cwp-231.pdf
2026-02-27 18:25:05 | INFO     | Upload accepted → task_id=ad5966f6-5a06-413a-8c9f-b4eff2228941
2026-02-27 18:25:05 | DEBUG    | Task ad5966f6-5a06-413a-8c9f-b4eff2228941 state=PENDING elapsed=0s — waiting …
2026-02-27 18:25:10 | DEBUG    | Task ad5966f6-5a06-413a-8c9f-b4eff2228941 state=PENDING elapsed=5s — waiting …
2026-02-27 18:25:15 | DEBUG    | Task ad5966f6-5a06-413a-8c9f-b4eff2228941 state=PENDING elapsed=10s — waiting …
2026-02-27 18:25:20 | DEBUG    | Task ad5966f6-5a06-413a-8c9f-b4eff2228941 state=PENDING elapsed=15s — waiting …
2026-02-27 18:25:25 | DEBUG    | Task ad5966f6-5a06-413a-8c9f-b4eff2228941 state=PENDING elapsed=20s — waiting …
2026-02-27 18:25:30 | DEBUG    | Task ad5966f6-5a06-413a-8c9f-b4eff2228941 state=PENDING elapsed=25s — waiting …
2026-02-27 18:25:35 | DEBUG    | Task ad5966f6-5a06-413a-8c9f-b4eff2228941 state=PENDING elapsed=30s — waiting …
2026-02-27 18:25:40 | DEBUG    | Task ad5966f6-5a06-413a-8c9f-b4eff2228941 state=PENDING elapsed=35s — waiting …
2026-02-27 18:25:45 | DEBUG    | Task ad5966f6-5a06-413a-8c9f-b4eff2228941 state=PENDING elapsed=40s — waiting …
2026-02-27 18:25:50 | DEBUG    | Task ad5966f6-5a06-413a-8c9f-b4eff2228941 state=PENDING elapsed=45s — waiting …
2026-02-27 18:25:55 | DEBUG    | Task ad5966f6-5a06-413a-8c9f-b4eff2228941 state=PENDING elapsed=50s — waiting …
2026-02-27 18:26:00 | DEBUG    | Task ad5966f6-5a06-413a-8c9f-b4eff2228941 state=PENDING elapsed=55s — waiting …
2026-02-27 18:26:06 | DEBUG    | Task ad5966f6-5a06-413a-8c9f-b4eff2228941 state=PENDING elapsed=61s — waiting …
2026-02-27 18:26:11 | DEBUG    | Task ad5966f6-5a06-413a-8c9f-b4eff2228941 state=PENDING elapsed=66s — waiting …
2026-02-27 18:26:16 | DEBUG    | Task ad5966f6-5a06-413a-8c9f-b4eff2228941 state=PENDING elapsed=71s — waiting …
2026-02-27 18:26:21 | DEBUG    | Task ad5966f6-5a06-413a-8c9f-b4eff2228941 state=PENDING elapsed=76s — waiting …
2026-02-27 18:26:26 | DEBUG    | Task ad5966f6-5a06-413a-8c9f-b4eff2228941 state=PENDING elapsed=81s — waiting …
2026-02-27 18:26:31 | DEBUG    | Task ad5966f6-5a06-413a-8c9f-b4eff2228941 state=PENDING elapsed=86s — waiting …
2026-02-27 18:26:36 | DEBUG    | Task ad5966f6-5a06-413a-8c9f-b4eff2228941 state=PENDING elapsed=91s — waiting …
2026-02-27 18:26:44 | DEBUG    | Task ad5966f6-5a06-413a-8c9f-b4eff2228941 state=PENDING elapsed=99s — waiting …
2026-02-27 18:26:53 | INFO     | Task ad5966f6-5a06-413a-8c9f-b4eff2228941 FINISHED in 107s
2026-02-27 18:26:53 | INFO     | ✅ batch 24/47 (16 files) complete
2026-02-27 18:26:53 | INFO     | --- batch 25/47 (16 files) ---
2026-02-27 18:26:53 | DEBUG    |   Files: cwp-241P.pdf, cwp-242.pdf, cwp-243.pdf, cwp-244.pdf, cwp-245P.pdf, cwp-246P.pdf, cwp-248P.pdf, cwp-249.pdf, cwp-250.pdf, cwp-251.pdf, cwp-252.pdf, cwp-253P.pdf, cwp-254.pdf, cwp-255.pdf, cwp-256.pdf, cwp-257.pdf
2026-02-27 18:26:56 | INFO     | Upload accepted → task_id=f51f6d01-c498-4c66-b54f-610d263797ab
2026-02-27 18:26:56 | DEBUG    | Task f51f6d01-c498-4c66-b54f-610d263797ab state=PENDING elapsed=0s — waiting …
2026-02-27 18:27:01 | DEBUG    | Task f51f6d01-c498-4c66-b54f-610d263797ab state=PENDING elapsed=5s — waiting …
2026-02-27 18:27:06 | DEBUG    | Task f51f6d01-c498-4c66-b54f-610d263797ab state=PENDING elapsed=10s — waiting …
2026-02-27 18:27:11 | DEBUG    | Task f51f6d01-c498-4c66-b54f-610d263797ab state=PENDING elapsed=15s — waiting …
2026-02-27 18:27:16 | DEBUG    | Task f51f6d01-c498-4c66-b54f-610d263797ab state=PENDING elapsed=20s — waiting …
2026-02-27 18:27:21 | DEBUG    | Task f51f6d01-c498-4c66-b54f-610d263797ab state=PENDING elapsed=25s — waiting …
2026-02-27 18:27:26 | DEBUG    | Task f51f6d01-c498-4c66-b54f-610d263797ab state=PENDING elapsed=30s — waiting …
2026-02-27 18:27:31 | DEBUG    | Task f51f6d01-c498-4c66-b54f-610d263797ab state=PENDING elapsed=35s — waiting …
2026-02-27 18:27:36 | DEBUG    | Task f51f6d01-c498-4c66-b54f-610d263797ab state=PENDING elapsed=40s — waiting …
2026-02-27 18:27:41 | DEBUG    | Task f51f6d01-c498-4c66-b54f-610d263797ab state=PENDING elapsed=45s — waiting …
2026-02-27 18:27:46 | DEBUG    | Task f51f6d01-c498-4c66-b54f-610d263797ab state=PENDING elapsed=50s — waiting …
2026-02-27 18:27:52 | DEBUG    | Task f51f6d01-c498-4c66-b54f-610d263797ab state=PENDING elapsed=56s — waiting …
2026-02-27 18:27:57 | DEBUG    | Task f51f6d01-c498-4c66-b54f-610d263797ab state=PENDING elapsed=61s — waiting …
2026-02-27 18:28:02 | DEBUG    | Task f51f6d01-c498-4c66-b54f-610d263797ab state=PENDING elapsed=66s — waiting …
2026-02-27 18:28:07 | DEBUG    | Task f51f6d01-c498-4c66-b54f-610d263797ab state=PENDING elapsed=71s — waiting …
2026-02-27 18:28:12 | INFO     | Task f51f6d01-c498-4c66-b54f-610d263797ab FINISHED in 76s
2026-02-27 18:28:12 | INFO     | ✅ batch 25/47 (16 files) complete
2026-02-27 18:28:12 | INFO     | --- batch 26/47 (16 files) ---
2026-02-27 18:28:12 | DEBUG    |   Files: cwp-258.pdf, cwp-260P.pdf, cwp-261P.pdf, cwp-262.pdf, cwp-263P.pdf, cwp-264P.pdf, cwp-265.pdf, cwp-266R.pdf, cwp-267P.pdf, cwp-268.pdf, cwp-269.pdf, cwp-270.pdf, cwp-271.pdf, cwp-272.pdf, cwp-273.pdf, cwp-274.pdf
2026-02-27 18:28:16 | INFO     | Upload accepted → task_id=703e23e1-d887-4812-9c5e-94aa0a31fad2
2026-02-27 18:28:16 | DEBUG    | Task 703e23e1-d887-4812-9c5e-94aa0a31fad2 state=PENDING elapsed=0s — waiting …
2026-02-27 18:28:21 | DEBUG    | Task 703e23e1-d887-4812-9c5e-94aa0a31fad2 state=PENDING elapsed=5s — waiting …
2026-02-27 18:28:26 | DEBUG    | Task 703e23e1-d887-4812-9c5e-94aa0a31fad2 state=PENDING elapsed=10s — waiting …
2026-02-27 18:28:31 | DEBUG    | Task 703e23e1-d887-4812-9c5e-94aa0a31fad2 state=PENDING elapsed=15s — waiting …
2026-02-27 18:28:36 | DEBUG    | Task 703e23e1-d887-4812-9c5e-94aa0a31fad2 state=PENDING elapsed=20s — waiting …
2026-02-27 18:28:42 | DEBUG    | Task 703e23e1-d887-4812-9c5e-94aa0a31fad2 state=PENDING elapsed=26s — waiting …
2026-02-27 18:28:47 | DEBUG    | Task 703e23e1-d887-4812-9c5e-94aa0a31fad2 state=PENDING elapsed=31s — waiting …
2026-02-27 18:28:52 | DEBUG    | Task 703e23e1-d887-4812-9c5e-94aa0a31fad2 state=PENDING elapsed=36s — waiting …
2026-02-27 18:28:57 | DEBUG    | Task 703e23e1-d887-4812-9c5e-94aa0a31fad2 state=PENDING elapsed=41s — waiting …
2026-02-27 18:29:02 | DEBUG    | Task 703e23e1-d887-4812-9c5e-94aa0a31fad2 state=PENDING elapsed=46s — waiting …
2026-02-27 18:29:07 | DEBUG    | Task 703e23e1-d887-4812-9c5e-94aa0a31fad2 state=PENDING elapsed=51s — waiting …
2026-02-27 18:29:12 | DEBUG    | Task 703e23e1-d887-4812-9c5e-94aa0a31fad2 state=PENDING elapsed=56s — waiting …
2026-02-27 18:29:17 | DEBUG    | Task 703e23e1-d887-4812-9c5e-94aa0a31fad2 state=PENDING elapsed=61s — waiting …
2026-02-27 18:29:22 | DEBUG    | Task 703e23e1-d887-4812-9c5e-94aa0a31fad2 state=PENDING elapsed=66s — waiting …
2026-02-27 18:29:27 | DEBUG    | Task 703e23e1-d887-4812-9c5e-94aa0a31fad2 state=PENDING elapsed=72s — waiting …
2026-02-27 18:29:32 | INFO     | Task 703e23e1-d887-4812-9c5e-94aa0a31fad2 FINISHED in 77s
2026-02-27 18:29:32 | INFO     | ✅ batch 26/47 (16 files) complete
2026-02-27 18:29:32 | INFO     | --- batch 27/47 (16 files) ---
2026-02-27 18:29:32 | DEBUG    |   Files: cwp-275.pdf, cwp-277.pdf, cwp-278.pdf, cwp-279.pdf, cwp-280.pdf, cwp-281P.pdf, cwp-282P.pdf, cwp-287P.pdf, cwp-289.pdf, cwp-292P.pdf, cwp-294.pdf, cwp-295p.pdf, cwp-297P.pdf, cwp-300P.pdf, cwp-301P.pdf, cwp-302P.pdf
2026-02-27 18:29:35 | INFO     | Upload accepted → task_id=1ac4115e-c7f6-47e3-8ba8-06185e21415f
2026-02-27 18:29:35 | DEBUG    | Task 1ac4115e-c7f6-47e3-8ba8-06185e21415f state=PENDING elapsed=0s — waiting …
2026-02-27 18:29:40 | DEBUG    | Task 1ac4115e-c7f6-47e3-8ba8-06185e21415f state=PENDING elapsed=5s — waiting …
2026-02-27 18:29:45 | DEBUG    | Task 1ac4115e-c7f6-47e3-8ba8-06185e21415f state=PENDING elapsed=10s — waiting …
2026-02-27 18:29:50 | DEBUG    | Task 1ac4115e-c7f6-47e3-8ba8-06185e21415f state=PENDING elapsed=15s — waiting …
2026-02-27 18:29:55 | DEBUG    | Task 1ac4115e-c7f6-47e3-8ba8-06185e21415f state=PENDING elapsed=20s — waiting …
2026-02-27 18:30:00 | DEBUG    | Task 1ac4115e-c7f6-47e3-8ba8-06185e21415f state=PENDING elapsed=25s — waiting …
2026-02-27 18:30:05 | DEBUG    | Task 1ac4115e-c7f6-47e3-8ba8-06185e21415f state=PENDING elapsed=30s — waiting …
2026-02-27 18:30:10 | DEBUG    | Task 1ac4115e-c7f6-47e3-8ba8-06185e21415f state=PENDING elapsed=35s — waiting …
2026-02-27 18:30:15 | DEBUG    | Task 1ac4115e-c7f6-47e3-8ba8-06185e21415f state=PENDING elapsed=40s — waiting …
2026-02-27 18:30:20 | DEBUG    | Task 1ac4115e-c7f6-47e3-8ba8-06185e21415f state=PENDING elapsed=45s — waiting …
2026-02-27 18:30:27 | DEBUG    | Task 1ac4115e-c7f6-47e3-8ba8-06185e21415f state=PENDING elapsed=52s — waiting …
2026-02-27 18:30:32 | DEBUG    | Task 1ac4115e-c7f6-47e3-8ba8-06185e21415f state=PENDING elapsed=57s — waiting …
2026-02-27 18:30:37 | DEBUG    | Task 1ac4115e-c7f6-47e3-8ba8-06185e21415f state=PENDING elapsed=62s — waiting …
2026-02-27 18:30:42 | DEBUG    | Task 1ac4115e-c7f6-47e3-8ba8-06185e21415f state=PENDING elapsed=67s — waiting …
2026-02-27 18:30:47 | DEBUG    | Task 1ac4115e-c7f6-47e3-8ba8-06185e21415f state=PENDING elapsed=72s — waiting …
2026-02-27 18:30:54 | DEBUG    | Task 1ac4115e-c7f6-47e3-8ba8-06185e21415f state=PENDING elapsed=79s — waiting …
2026-02-27 18:30:59 | DEBUG    | Task 1ac4115e-c7f6-47e3-8ba8-06185e21415f state=PENDING elapsed=84s — waiting …
2026-02-27 18:31:04 | DEBUG    | Task 1ac4115e-c7f6-47e3-8ba8-06185e21415f state=PENDING elapsed=89s — waiting …
2026-02-27 18:31:12 | INFO     | Task 1ac4115e-c7f6-47e3-8ba8-06185e21415f FINISHED in 97s
2026-02-27 18:31:12 | INFO     | ✅ batch 27/47 (16 files) complete
2026-02-27 18:31:12 | INFO     | --- batch 28/47 (16 files) ---
2026-02-27 18:31:12 | DEBUG    |   Files: cwp-303.pdf, cwp-304.pdf, cwp-305.pdf, cwp-306.pdf, cwp-307.pdf, cwp-308.pdf, cwp-309.pdf, cwp-310.pdf, cwp-311.pdf, cwp-312.pdf, cwp-313.pdf, cwp-314.pdf, cwp-315.pdf, cwp-316.pdf, cwp-317.pdf, cwp-318.pdf
2026-02-27 18:31:15 | INFO     | Upload accepted → task_id=d58f3093-670e-44dc-a214-f624082a5b55
2026-02-27 18:31:15 | DEBUG    | Task d58f3093-670e-44dc-a214-f624082a5b55 state=PENDING elapsed=0s — waiting …
2026-02-27 18:31:20 | DEBUG    | Task d58f3093-670e-44dc-a214-f624082a5b55 state=PENDING elapsed=5s — waiting …
2026-02-27 18:31:25 | DEBUG    | Task d58f3093-670e-44dc-a214-f624082a5b55 state=PENDING elapsed=10s — waiting …
2026-02-27 18:31:30 | DEBUG    | Task d58f3093-670e-44dc-a214-f624082a5b55 state=PENDING elapsed=15s — waiting …
2026-02-27 18:31:35 | DEBUG    | Task d58f3093-670e-44dc-a214-f624082a5b55 state=PENDING elapsed=20s — waiting …
2026-02-27 18:31:40 | DEBUG    | Task d58f3093-670e-44dc-a214-f624082a5b55 state=PENDING elapsed=25s — waiting …
2026-02-27 18:31:48 | DEBUG    | Task d58f3093-670e-44dc-a214-f624082a5b55 state=PENDING elapsed=32s — waiting …
2026-02-27 18:31:54 | DEBUG    | Task d58f3093-670e-44dc-a214-f624082a5b55 state=PENDING elapsed=39s — waiting …
2026-02-27 18:31:59 | DEBUG    | Task d58f3093-670e-44dc-a214-f624082a5b55 state=PENDING elapsed=44s — waiting …
2026-02-27 18:32:04 | DEBUG    | Task d58f3093-670e-44dc-a214-f624082a5b55 state=PENDING elapsed=49s — waiting …
2026-02-27 18:32:09 | DEBUG    | Task d58f3093-670e-44dc-a214-f624082a5b55 state=PENDING elapsed=54s — waiting …
2026-02-27 18:32:14 | DEBUG    | Task d58f3093-670e-44dc-a214-f624082a5b55 state=PENDING elapsed=59s — waiting …
2026-02-27 18:32:21 | INFO     | Task d58f3093-670e-44dc-a214-f624082a5b55 FINISHED in 66s
2026-02-27 18:32:21 | INFO     | ✅ batch 28/47 (16 files) complete
2026-02-27 18:32:21 | INFO     | --- batch 29/47 (16 files) ---
2026-02-27 18:32:21 | DEBUG    |   Files: cwp-319.pdf, cwp-321P.pdf, cwp-322.pdf, cwp-323P.pdf, cwp-324P.pdf, cwp-325.pdf, cwp-326.pdf, cwp-356.pdf, cwp-357.pdf, cwp-358.pdf, cwp-359.pdf, cwp-360p.pdf, cwp-364p.pdf, cwp-373P.pdf, cwp-393.pdf, cwp-432.pdf
2026-02-27 18:32:24 | INFO     | Upload accepted → task_id=c578c739-184d-455d-9c0f-4ff23705821d
2026-02-27 18:32:24 | DEBUG    | Task c578c739-184d-455d-9c0f-4ff23705821d state=PENDING elapsed=0s — waiting …
2026-02-27 18:32:29 | DEBUG    | Task c578c739-184d-455d-9c0f-4ff23705821d state=PENDING elapsed=5s — waiting …
2026-02-27 18:32:34 | DEBUG    | Task c578c739-184d-455d-9c0f-4ff23705821d state=PENDING elapsed=10s — waiting …
2026-02-27 18:32:39 | DEBUG    | Task c578c739-184d-455d-9c0f-4ff23705821d state=PENDING elapsed=15s — waiting …
2026-02-27 18:32:44 | DEBUG    | Task c578c739-184d-455d-9c0f-4ff23705821d state=PENDING elapsed=20s — waiting …
2026-02-27 18:32:49 | DEBUG    | Task c578c739-184d-455d-9c0f-4ff23705821d state=PENDING elapsed=25s — waiting …
2026-02-27 18:32:54 | DEBUG    | Task c578c739-184d-455d-9c0f-4ff23705821d state=PENDING elapsed=30s — waiting …
2026-02-27 18:32:59 | DEBUG    | Task c578c739-184d-455d-9c0f-4ff23705821d state=PENDING elapsed=35s — waiting …
2026-02-27 18:33:04 | DEBUG    | Task c578c739-184d-455d-9c0f-4ff23705821d state=PENDING elapsed=40s — waiting …
2026-02-27 18:33:09 | DEBUG    | Task c578c739-184d-455d-9c0f-4ff23705821d state=PENDING elapsed=45s — waiting …
2026-02-27 18:33:14 | DEBUG    | Task c578c739-184d-455d-9c0f-4ff23705821d state=PENDING elapsed=50s — waiting …
2026-02-27 18:33:19 | DEBUG    | Task c578c739-184d-455d-9c0f-4ff23705821d state=PENDING elapsed=55s — waiting …
2026-02-27 18:33:27 | DEBUG    | Task c578c739-184d-455d-9c0f-4ff23705821d state=PENDING elapsed=63s — waiting …
2026-02-27 18:33:32 | DEBUG    | Task c578c739-184d-455d-9c0f-4ff23705821d state=PENDING elapsed=68s — waiting …
2026-02-27 18:33:37 | DEBUG    | Task c578c739-184d-455d-9c0f-4ff23705821d state=PENDING elapsed=73s — waiting …
2026-02-27 18:33:42 | DEBUG    | Task c578c739-184d-455d-9c0f-4ff23705821d state=PENDING elapsed=78s — waiting …
2026-02-27 18:33:47 | DEBUG    | Task c578c739-184d-455d-9c0f-4ff23705821d state=PENDING elapsed=83s — waiting …
2026-02-27 18:33:52 | DEBUG    | Task c578c739-184d-455d-9c0f-4ff23705821d state=PENDING elapsed=88s — waiting …
2026-02-27 18:33:57 | DEBUG    | Task c578c739-184d-455d-9c0f-4ff23705821d state=PENDING elapsed=93s — waiting …
2026-02-27 18:34:02 | DEBUG    | Task c578c739-184d-455d-9c0f-4ff23705821d state=PENDING elapsed=98s — waiting …
2026-02-27 18:34:07 | DEBUG    | Task c578c739-184d-455d-9c0f-4ff23705821d state=PENDING elapsed=104s — waiting …
2026-02-27 18:34:12 | INFO     | Task c578c739-184d-455d-9c0f-4ff23705821d FINISHED in 109s
2026-02-27 18:34:12 | INFO     | ✅ batch 29/47 (16 files) complete
2026-02-27 18:34:12 | INFO     | --- batch 30/47 (16 files) ---
2026-02-27 18:34:12 | DEBUG    |   Files: cwp-493.pdf, cwp-615.pdf, cwp-616.pdf, cwp-619.pdf, cwp-620.pdf, cwp-621.pdf, cwp-622.pdf, cwp-623.pdf, cwp-624.pdf, cwp-625.pdf, cwp-626.pdf, cwp-627.pdf, cwp-628.pdf, cwp-629.pdf, cwp-630.pdf, cwp-631.pdf
2026-02-27 18:34:16 | INFO     | Upload accepted → task_id=bb6fe13b-b2d2-4397-95b3-648fdcf85d03
2026-02-27 18:34:16 | DEBUG    | Task bb6fe13b-b2d2-4397-95b3-648fdcf85d03 state=PENDING elapsed=0s — waiting …
2026-02-27 18:34:21 | DEBUG    | Task bb6fe13b-b2d2-4397-95b3-648fdcf85d03 state=PENDING elapsed=5s — waiting …
2026-02-27 18:34:26 | DEBUG    | Task bb6fe13b-b2d2-4397-95b3-648fdcf85d03 state=PENDING elapsed=10s — waiting …
2026-02-27 18:34:31 | DEBUG    | Task bb6fe13b-b2d2-4397-95b3-648fdcf85d03 state=PENDING elapsed=15s — waiting …
2026-02-27 18:34:36 | DEBUG    | Task bb6fe13b-b2d2-4397-95b3-648fdcf85d03 state=PENDING elapsed=20s — waiting …
2026-02-27 18:34:41 | DEBUG    | Task bb6fe13b-b2d2-4397-95b3-648fdcf85d03 state=PENDING elapsed=25s — waiting …
2026-02-27 18:34:46 | DEBUG    | Task bb6fe13b-b2d2-4397-95b3-648fdcf85d03 state=PENDING elapsed=30s — waiting …
2026-02-27 18:34:51 | DEBUG    | Task bb6fe13b-b2d2-4397-95b3-648fdcf85d03 state=PENDING elapsed=35s — waiting …
2026-02-27 18:34:58 | DEBUG    | Task bb6fe13b-b2d2-4397-95b3-648fdcf85d03 state=PENDING elapsed=42s — waiting …
2026-02-27 18:35:03 | DEBUG    | Task bb6fe13b-b2d2-4397-95b3-648fdcf85d03 state=PENDING elapsed=47s — waiting …
2026-02-27 18:35:08 | INFO     | Task bb6fe13b-b2d2-4397-95b3-648fdcf85d03 FINISHED in 52s
2026-02-27 18:35:08 | INFO     | ✅ batch 30/47 (16 files) complete
2026-02-27 18:35:08 | INFO     | --- batch 31/47 (16 files) ---
2026-02-27 18:35:08 | DEBUG    |   Files: cwp-632.pdf, cwp-633.pdf, cwp-634-min.pdf, cwp-635-1.pdf, cwp-642P.pdf, cwp-644.pdf, cwp-645-min.pdf, cwp-646.pdf, cwp-647.pdf, cwp-649.pdf, cwp-650.pdf, cwp-651.pdf, cwp-652.pdf, cwp-653-min.pdf, cwp-654.pdf, cwp-655.pdf
2026-02-27 18:35:11 | INFO     | Upload accepted → task_id=5758dcc7-b901-4f55-9425-52e0071de0bc
2026-02-27 18:35:11 | DEBUG    | Task 5758dcc7-b901-4f55-9425-52e0071de0bc state=PENDING elapsed=0s — waiting …
2026-02-27 18:35:16 | DEBUG    | Task 5758dcc7-b901-4f55-9425-52e0071de0bc state=PENDING elapsed=5s — waiting …
2026-02-27 18:35:21 | DEBUG    | Task 5758dcc7-b901-4f55-9425-52e0071de0bc state=PENDING elapsed=10s — waiting …
2026-02-27 18:35:26 | DEBUG    | Task 5758dcc7-b901-4f55-9425-52e0071de0bc state=PENDING elapsed=15s — waiting …
2026-02-27 18:35:31 | DEBUG    | Task 5758dcc7-b901-4f55-9425-52e0071de0bc state=PENDING elapsed=20s — waiting …
2026-02-27 18:35:36 | DEBUG    | Task 5758dcc7-b901-4f55-9425-52e0071de0bc state=PENDING elapsed=25s — waiting …
2026-02-27 18:35:44 | DEBUG    | Task 5758dcc7-b901-4f55-9425-52e0071de0bc state=PENDING elapsed=33s — waiting …
2026-02-27 18:35:49 | DEBUG    | Task 5758dcc7-b901-4f55-9425-52e0071de0bc state=PENDING elapsed=38s — waiting …
2026-02-27 18:35:54 | DEBUG    | Task 5758dcc7-b901-4f55-9425-52e0071de0bc state=PENDING elapsed=43s — waiting …
2026-02-27 18:35:59 | DEBUG    | Task 5758dcc7-b901-4f55-9425-52e0071de0bc state=PENDING elapsed=48s — waiting …
2026-02-27 18:36:07 | INFO     | Task 5758dcc7-b901-4f55-9425-52e0071de0bc FINISHED in 56s
2026-02-27 18:36:07 | INFO     | ✅ batch 31/47 (16 files) complete
2026-02-27 18:36:07 | INFO     | --- batch 32/47 (16 files) ---
2026-02-27 18:36:07 | DEBUG    |   Files: cwp-656-min.pdf, cwp-659.pdf, cwp-660.pdf, cwp-661-min.pdf, cwp-662.pdf, cwp-663.pdf, cwp-664.pdf, cwp-665.pdf, cwp-666.pdf, cwp-667.pdf, cwp-668-min.pdf, cwp-669.pdf, cwp-670-min.pdf, cwp-842.pdf, cwp-843.pdf, cwp327.pdf
2026-02-27 18:36:10 | INFO     | Upload accepted → task_id=8bd708af-d024-4ea3-adf8-d3a64f7fb291
2026-02-27 18:36:10 | DEBUG    | Task 8bd708af-d024-4ea3-adf8-d3a64f7fb291 state=PENDING elapsed=0s — waiting …
2026-02-27 18:36:15 | DEBUG    | Task 8bd708af-d024-4ea3-adf8-d3a64f7fb291 state=PENDING elapsed=5s — waiting …
2026-02-27 18:36:20 | DEBUG    | Task 8bd708af-d024-4ea3-adf8-d3a64f7fb291 state=PENDING elapsed=10s — waiting …
2026-02-27 18:36:25 | DEBUG    | Task 8bd708af-d024-4ea3-adf8-d3a64f7fb291 state=PENDING elapsed=15s — waiting …
2026-02-27 18:36:30 | DEBUG    | Task 8bd708af-d024-4ea3-adf8-d3a64f7fb291 state=PENDING elapsed=20s — waiting …
2026-02-27 18:36:36 | DEBUG    | Task 8bd708af-d024-4ea3-adf8-d3a64f7fb291 state=PENDING elapsed=26s — waiting …
2026-02-27 18:36:41 | DEBUG    | Task 8bd708af-d024-4ea3-adf8-d3a64f7fb291 state=PENDING elapsed=31s — waiting …
2026-02-27 18:36:46 | DEBUG    | Task 8bd708af-d024-4ea3-adf8-d3a64f7fb291 state=PENDING elapsed=36s — waiting …
2026-02-27 18:36:51 | DEBUG    | Task 8bd708af-d024-4ea3-adf8-d3a64f7fb291 state=PENDING elapsed=41s — waiting …
2026-02-27 18:36:58 | INFO     | Task 8bd708af-d024-4ea3-adf8-d3a64f7fb291 FINISHED in 48s
2026-02-27 18:36:58 | INFO     | ✅ batch 32/47 (16 files) complete
2026-02-27 18:36:58 | INFO     | --- batch 33/47 (16 files) ---
2026-02-27 18:36:58 | DEBUG    |   Files: cwp328.pdf, cwp329.pdf, cwp330.pdf, cwp331.pdf, cwp332.pdf, cwp333.pdf, cwp334.pdf, cwp335.pdf, cwp336.pdf, cwp337.pdf, cwp338.pdf, cwp339.pdf, cwp340.pdf, cwp341.pdf, cwp342.pdf, cwp343.pdf
2026-02-27 18:37:01 | INFO     | Upload accepted → task_id=444a4d61-29ab-4d91-8683-5edd580b7849
2026-02-27 18:37:01 | DEBUG    | Task 444a4d61-29ab-4d91-8683-5edd580b7849 state=PENDING elapsed=0s — waiting …
2026-02-27 18:37:06 | DEBUG    | Task 444a4d61-29ab-4d91-8683-5edd580b7849 state=PENDING elapsed=5s — waiting …
2026-02-27 18:37:11 | DEBUG    | Task 444a4d61-29ab-4d91-8683-5edd580b7849 state=PENDING elapsed=10s — waiting …
2026-02-27 18:37:16 | DEBUG    | Task 444a4d61-29ab-4d91-8683-5edd580b7849 state=PENDING elapsed=15s — waiting …
2026-02-27 18:37:21 | DEBUG    | Task 444a4d61-29ab-4d91-8683-5edd580b7849 state=PENDING elapsed=20s — waiting …
2026-02-27 18:37:26 | DEBUG    | Task 444a4d61-29ab-4d91-8683-5edd580b7849 state=PENDING elapsed=25s — waiting …
2026-02-27 18:37:32 | DEBUG    | Task 444a4d61-29ab-4d91-8683-5edd580b7849 state=PENDING elapsed=30s — waiting …
2026-02-27 18:37:37 | DEBUG    | Task 444a4d61-29ab-4d91-8683-5edd580b7849 state=PENDING elapsed=35s — waiting …
2026-02-27 18:37:42 | DEBUG    | Task 444a4d61-29ab-4d91-8683-5edd580b7849 state=PENDING elapsed=40s — waiting …
2026-02-27 18:37:47 | DEBUG    | Task 444a4d61-29ab-4d91-8683-5edd580b7849 state=PENDING elapsed=45s — waiting …
2026-02-27 18:37:52 | DEBUG    | Task 444a4d61-29ab-4d91-8683-5edd580b7849 state=PENDING elapsed=50s — waiting …
2026-02-27 18:37:57 | DEBUG    | Task 444a4d61-29ab-4d91-8683-5edd580b7849 state=PENDING elapsed=55s — waiting …
2026-02-27 18:38:02 | DEBUG    | Task 444a4d61-29ab-4d91-8683-5edd580b7849 state=PENDING elapsed=60s — waiting …
2026-02-27 18:38:07 | DEBUG    | Task 444a4d61-29ab-4d91-8683-5edd580b7849 state=PENDING elapsed=65s — waiting …
2026-02-27 18:38:12 | DEBUG    | Task 444a4d61-29ab-4d91-8683-5edd580b7849 state=PENDING elapsed=70s — waiting …
2026-02-27 18:38:17 | DEBUG    | Task 444a4d61-29ab-4d91-8683-5edd580b7849 state=PENDING elapsed=75s — waiting …
2026-02-27 18:38:22 | INFO     | Task 444a4d61-29ab-4d91-8683-5edd580b7849 FINISHED in 80s
2026-02-27 18:38:22 | INFO     | ✅ batch 33/47 (16 files) complete
2026-02-27 18:38:22 | INFO     | --- batch 34/47 (16 files) ---
2026-02-27 18:38:22 | DEBUG    |   Files: cwp344R.pdf, cwp362p.pdf, cwp367.pdf, cwp385p.pdf, cwp398p.pdf, cwp401p.pdf, cwp402p.pdf, cwp405.pdf, cwp406.pdf, cwp407.pdf, cwp408.pdf, cwp409.pdf, cwp410.pdf, cwp411.pdf, cwp412.pdf, cwp413.pdf
2026-02-27 18:38:24 | INFO     | Upload accepted → task_id=b883fcd1-600f-4c37-aed4-a9a20127a0b1
2026-02-27 18:38:24 | DEBUG    | Task b883fcd1-600f-4c37-aed4-a9a20127a0b1 state=PENDING elapsed=0s — waiting …
2026-02-27 18:38:29 | DEBUG    | Task b883fcd1-600f-4c37-aed4-a9a20127a0b1 state=PENDING elapsed=5s — waiting …
2026-02-27 18:38:34 | DEBUG    | Task b883fcd1-600f-4c37-aed4-a9a20127a0b1 state=PENDING elapsed=10s — waiting …
2026-02-27 18:38:39 | DEBUG    | Task b883fcd1-600f-4c37-aed4-a9a20127a0b1 state=PENDING elapsed=15s — waiting …
2026-02-27 18:38:44 | DEBUG    | Task b883fcd1-600f-4c37-aed4-a9a20127a0b1 state=PENDING elapsed=20s — waiting …
2026-02-27 18:38:49 | DEBUG    | Task b883fcd1-600f-4c37-aed4-a9a20127a0b1 state=PENDING elapsed=25s — waiting …
2026-02-27 18:38:54 | DEBUG    | Task b883fcd1-600f-4c37-aed4-a9a20127a0b1 state=PENDING elapsed=30s — waiting …
2026-02-27 18:38:59 | DEBUG    | Task b883fcd1-600f-4c37-aed4-a9a20127a0b1 state=PENDING elapsed=35s — waiting …
2026-02-27 18:39:04 | DEBUG    | Task b883fcd1-600f-4c37-aed4-a9a20127a0b1 state=PENDING elapsed=40s — waiting …
2026-02-27 18:39:09 | DEBUG    | Task b883fcd1-600f-4c37-aed4-a9a20127a0b1 state=PENDING elapsed=45s — waiting …
2026-02-27 18:39:14 | DEBUG    | Task b883fcd1-600f-4c37-aed4-a9a20127a0b1 state=PENDING elapsed=50s — waiting …
2026-02-27 18:39:22 | DEBUG    | Task b883fcd1-600f-4c37-aed4-a9a20127a0b1 state=PENDING elapsed=58s — waiting …
2026-02-27 18:39:27 | DEBUG    | Task b883fcd1-600f-4c37-aed4-a9a20127a0b1 state=PENDING elapsed=63s — waiting …
2026-02-27 18:39:32 | DEBUG    | Task b883fcd1-600f-4c37-aed4-a9a20127a0b1 state=PENDING elapsed=68s — waiting …
2026-02-27 18:39:37 | DEBUG    | Task b883fcd1-600f-4c37-aed4-a9a20127a0b1 state=PENDING elapsed=73s — waiting …
2026-02-27 18:39:42 | DEBUG    | Task b883fcd1-600f-4c37-aed4-a9a20127a0b1 state=PENDING elapsed=78s — waiting …
2026-02-27 18:39:47 | DEBUG    | Task b883fcd1-600f-4c37-aed4-a9a20127a0b1 state=PENDING elapsed=83s — waiting …
2026-02-27 18:39:52 | DEBUG    | Task b883fcd1-600f-4c37-aed4-a9a20127a0b1 state=PENDING elapsed=88s — waiting …
2026-02-27 18:39:57 | DEBUG    | Task b883fcd1-600f-4c37-aed4-a9a20127a0b1 state=PENDING elapsed=93s — waiting …
2026-02-27 18:40:02 | DEBUG    | Task b883fcd1-600f-4c37-aed4-a9a20127a0b1 state=PENDING elapsed=98s — waiting …
2026-02-27 18:40:07 | DEBUG    | Task b883fcd1-600f-4c37-aed4-a9a20127a0b1 state=PENDING elapsed=103s — waiting …
2026-02-27 18:40:15 | DEBUG    | Task b883fcd1-600f-4c37-aed4-a9a20127a0b1 state=PENDING elapsed=110s — waiting …
2026-02-27 18:40:20 | DEBUG    | Task b883fcd1-600f-4c37-aed4-a9a20127a0b1 state=PENDING elapsed=115s — waiting …
2026-02-27 18:40:25 | DEBUG    | Task b883fcd1-600f-4c37-aed4-a9a20127a0b1 state=PENDING elapsed=120s — waiting …
2026-02-27 18:40:30 | DEBUG    | Task b883fcd1-600f-4c37-aed4-a9a20127a0b1 state=PENDING elapsed=125s — waiting …
2026-02-27 18:40:35 | DEBUG    | Task b883fcd1-600f-4c37-aed4-a9a20127a0b1 state=PENDING elapsed=130s — waiting …
2026-02-27 18:40:40 | DEBUG    | Task b883fcd1-600f-4c37-aed4-a9a20127a0b1 state=PENDING elapsed=135s — waiting …
2026-02-27 18:40:45 | DEBUG    | Task b883fcd1-600f-4c37-aed4-a9a20127a0b1 state=PENDING elapsed=140s — waiting …
2026-02-27 18:40:50 | DEBUG    | Task b883fcd1-600f-4c37-aed4-a9a20127a0b1 state=PENDING elapsed=145s — waiting …
2026-02-27 18:40:55 | DEBUG    | Task b883fcd1-600f-4c37-aed4-a9a20127a0b1 state=PENDING elapsed=150s — waiting …
2026-02-27 18:41:01 | DEBUG    | Task b883fcd1-600f-4c37-aed4-a9a20127a0b1 state=PENDING elapsed=157s — waiting …
2026-02-27 18:41:06 | DEBUG    | Task b883fcd1-600f-4c37-aed4-a9a20127a0b1 state=PENDING elapsed=162s — waiting …
2026-02-27 18:41:11 | DEBUG    | Task b883fcd1-600f-4c37-aed4-a9a20127a0b1 state=PENDING elapsed=167s — waiting …
2026-02-27 18:41:16 | DEBUG    | Task b883fcd1-600f-4c37-aed4-a9a20127a0b1 state=PENDING elapsed=172s — waiting …
2026-02-27 18:41:21 | DEBUG    | Task b883fcd1-600f-4c37-aed4-a9a20127a0b1 state=PENDING elapsed=177s — waiting …
2026-02-27 18:41:27 | DEBUG    | Task b883fcd1-600f-4c37-aed4-a9a20127a0b1 state=PENDING elapsed=182s — waiting …
2026-02-27 18:41:32 | DEBUG    | Task b883fcd1-600f-4c37-aed4-a9a20127a0b1 state=PENDING elapsed=187s — waiting …
2026-02-27 18:41:37 | DEBUG    | Task b883fcd1-600f-4c37-aed4-a9a20127a0b1 state=PENDING elapsed=192s — waiting …
2026-02-27 18:41:42 | DEBUG    | Task b883fcd1-600f-4c37-aed4-a9a20127a0b1 state=PENDING elapsed=197s — waiting …
2026-02-27 18:41:47 | DEBUG    | Task b883fcd1-600f-4c37-aed4-a9a20127a0b1 state=PENDING elapsed=202s — waiting …
2026-02-27 18:41:52 | DEBUG    | Task b883fcd1-600f-4c37-aed4-a9a20127a0b1 state=PENDING elapsed=207s — waiting …
2026-02-27 18:41:58 | DEBUG    | Task b883fcd1-600f-4c37-aed4-a9a20127a0b1 state=PENDING elapsed=214s — waiting …
2026-02-27 18:42:03 | DEBUG    | Task b883fcd1-600f-4c37-aed4-a9a20127a0b1 state=PENDING elapsed=219s — waiting …
2026-02-27 18:42:08 | DEBUG    | Task b883fcd1-600f-4c37-aed4-a9a20127a0b1 state=PENDING elapsed=224s — waiting …
2026-02-27 18:42:13 | DEBUG    | Task b883fcd1-600f-4c37-aed4-a9a20127a0b1 state=PENDING elapsed=229s — waiting …
2026-02-27 18:42:18 | DEBUG    | Task b883fcd1-600f-4c37-aed4-a9a20127a0b1 state=PENDING elapsed=234s — waiting …
2026-02-27 18:42:23 | DEBUG    | Task b883fcd1-600f-4c37-aed4-a9a20127a0b1 state=PENDING elapsed=239s — waiting …
2026-02-27 18:42:28 | DEBUG    | Task b883fcd1-600f-4c37-aed4-a9a20127a0b1 state=PENDING elapsed=244s — waiting …
2026-02-27 18:42:37 | INFO     | Task b883fcd1-600f-4c37-aed4-a9a20127a0b1 FINISHED in 252s
2026-02-27 18:42:37 | INFO     | ✅ batch 34/47 (16 files) complete
2026-02-27 18:42:37 | INFO     | --- batch 35/47 (16 files) ---
2026-02-27 18:42:37 | DEBUG    |   Files: cwp414.pdf, cwp415.pdf, cwp416.pdf, cwp417.pdf, cwp418.pdf, cwp419.pdf, cwp420.pdf, cwp421.pdf, cwp422.pdf, cwp424.pdf, cwp431.pdf, cwp436P.pdf, cwp438P.pdf, cwp439P.pdf, cwp440P.pdf, cwp441P.pdf
2026-02-27 18:42:42 | INFO     | Upload accepted → task_id=f9114dee-7841-440c-bccb-e15e9e0abbe0
2026-02-27 18:42:42 | DEBUG    | Task f9114dee-7841-440c-bccb-e15e9e0abbe0 state=PENDING elapsed=0s — waiting …
2026-02-27 18:42:47 | DEBUG    | Task f9114dee-7841-440c-bccb-e15e9e0abbe0 state=PENDING elapsed=5s — waiting …
2026-02-27 18:42:52 | DEBUG    | Task f9114dee-7841-440c-bccb-e15e9e0abbe0 state=PENDING elapsed=10s — waiting …
2026-02-27 18:42:57 | DEBUG    | Task f9114dee-7841-440c-bccb-e15e9e0abbe0 state=PENDING elapsed=15s — waiting …
2026-02-27 18:43:02 | DEBUG    | Task f9114dee-7841-440c-bccb-e15e9e0abbe0 state=PENDING elapsed=20s — waiting …
2026-02-27 18:43:07 | DEBUG    | Task f9114dee-7841-440c-bccb-e15e9e0abbe0 state=PENDING elapsed=25s — waiting …
2026-02-27 18:43:12 | DEBUG    | Task f9114dee-7841-440c-bccb-e15e9e0abbe0 state=PENDING elapsed=30s — waiting …
2026-02-27 18:43:17 | DEBUG    | Task f9114dee-7841-440c-bccb-e15e9e0abbe0 state=PENDING elapsed=35s — waiting …
2026-02-27 18:43:22 | DEBUG    | Task f9114dee-7841-440c-bccb-e15e9e0abbe0 state=PENDING elapsed=40s — waiting …
2026-02-27 18:43:27 | DEBUG    | Task f9114dee-7841-440c-bccb-e15e9e0abbe0 state=PENDING elapsed=45s — waiting …
2026-02-27 18:43:32 | DEBUG    | Task f9114dee-7841-440c-bccb-e15e9e0abbe0 state=PENDING elapsed=50s — waiting …
2026-02-27 18:43:37 | DEBUG    | Task f9114dee-7841-440c-bccb-e15e9e0abbe0 state=PENDING elapsed=55s — waiting …
2026-02-27 18:43:45 | INFO     | Task f9114dee-7841-440c-bccb-e15e9e0abbe0 FINISHED in 63s
2026-02-27 18:43:45 | INFO     | ✅ batch 35/47 (16 files) complete
2026-02-27 18:43:45 | INFO     | --- batch 36/47 (16 files) ---
2026-02-27 18:43:45 | DEBUG    |   Files: cwp443P.pdf, cwp444.pdf, cwp445.pdf, cwp446.pdf, cwp447.pdf, cwp448.pdf, cwp449.pdf, cwp450.pdf, cwp451.pdf, cwp452.pdf, cwp453.pdf, cwp454.pdf, cwp455.pdf, cwp456.pdf, cwp457.pdf, cwp458.pdf
2026-02-27 18:43:48 | INFO     | Upload accepted → task_id=8ddc3b61-ac4b-4b50-b76d-243c1f5086d8
2026-02-27 18:43:48 | DEBUG    | Task 8ddc3b61-ac4b-4b50-b76d-243c1f5086d8 state=PENDING elapsed=0s — waiting …
2026-02-27 18:43:53 | DEBUG    | Task 8ddc3b61-ac4b-4b50-b76d-243c1f5086d8 state=PENDING elapsed=5s — waiting …
2026-02-27 18:43:58 | DEBUG    | Task 8ddc3b61-ac4b-4b50-b76d-243c1f5086d8 state=PENDING elapsed=10s — waiting …
2026-02-27 18:44:03 | DEBUG    | Task 8ddc3b61-ac4b-4b50-b76d-243c1f5086d8 state=PENDING elapsed=15s — waiting …
2026-02-27 18:44:08 | DEBUG    | Task 8ddc3b61-ac4b-4b50-b76d-243c1f5086d8 state=PENDING elapsed=20s — waiting …
2026-02-27 18:44:13 | DEBUG    | Task 8ddc3b61-ac4b-4b50-b76d-243c1f5086d8 state=PENDING elapsed=25s — waiting …
2026-02-27 18:44:21 | INFO     | Task 8ddc3b61-ac4b-4b50-b76d-243c1f5086d8 FINISHED in 33s
2026-02-27 18:44:21 | INFO     | ✅ batch 36/47 (16 files) complete
2026-02-27 18:44:21 | INFO     | --- batch 37/47 (16 files) ---
2026-02-27 18:44:21 | DEBUG    |   Files: cwp459.pdf, cwp467.pdf, cwp471.pdf, cwp472.pdf, cwp473.pdf, cwp474-1.pdf, cwp475.pdf, cwp477.pdf, cwp478.pdf, cwp479.pdf, cwp480.pdf, cwp481.pdf, cwp482.pdf, cwp483.pdf, cwp484.pdf, cwp485.pdf
2026-02-27 18:44:24 | INFO     | Upload accepted → task_id=c839e93d-1793-4572-962d-22233619a578
2026-02-27 18:44:24 | DEBUG    | Task c839e93d-1793-4572-962d-22233619a578 state=PENDING elapsed=0s — waiting …
2026-02-27 18:44:29 | DEBUG    | Task c839e93d-1793-4572-962d-22233619a578 state=PENDING elapsed=5s — waiting …
2026-02-27 18:44:34 | DEBUG    | Task c839e93d-1793-4572-962d-22233619a578 state=PENDING elapsed=10s — waiting …
2026-02-27 18:44:39 | DEBUG    | Task c839e93d-1793-4572-962d-22233619a578 state=PENDING elapsed=15s — waiting …
2026-02-27 18:44:44 | DEBUG    | Task c839e93d-1793-4572-962d-22233619a578 state=PENDING elapsed=20s — waiting …
2026-02-27 18:44:49 | DEBUG    | Task c839e93d-1793-4572-962d-22233619a578 state=PENDING elapsed=25s — waiting …
2026-02-27 18:44:54 | DEBUG    | Task c839e93d-1793-4572-962d-22233619a578 state=PENDING elapsed=30s — waiting …
2026-02-27 18:44:59 | DEBUG    | Task c839e93d-1793-4572-962d-22233619a578 state=PENDING elapsed=35s — waiting …
2026-02-27 18:45:04 | DEBUG    | Task c839e93d-1793-4572-962d-22233619a578 state=PENDING elapsed=40s — waiting …
2026-02-27 18:45:09 | DEBUG    | Task c839e93d-1793-4572-962d-22233619a578 state=PENDING elapsed=45s — waiting …
2026-02-27 18:45:14 | DEBUG    | Task c839e93d-1793-4572-962d-22233619a578 state=PENDING elapsed=50s — waiting …
2026-02-27 18:45:19 | DEBUG    | Task c839e93d-1793-4572-962d-22233619a578 state=PENDING elapsed=55s — waiting …
2026-02-27 18:45:24 | DEBUG    | Task c839e93d-1793-4572-962d-22233619a578 state=PENDING elapsed=60s — waiting …
2026-02-27 18:45:31 | INFO     | Task c839e93d-1793-4572-962d-22233619a578 FINISHED in 67s
2026-02-27 18:45:31 | INFO     | ✅ batch 37/47 (16 files) complete
2026-02-27 18:45:31 | INFO     | --- batch 38/47 (16 files) ---
2026-02-27 18:45:31 | DEBUG    |   Files: cwp486-1.pdf, cwp486.pdf, cwp496P.pdf, cwp498.pdf, cwp499.pdf, cwp500.pdf, cwp501.pdf, cwp502.pdf, cwp503.pdf, cwp504.pdf, cwp505.pdf, cwp506.pdf, cwp507.pdf, cwp508.pdf, cwp509.pdf, cwp510.pdf
2026-02-27 18:45:34 | INFO     | Upload accepted → task_id=f0466737-0174-4a70-9fcd-38ef0c63acb0
2026-02-27 18:45:34 | DEBUG    | Task f0466737-0174-4a70-9fcd-38ef0c63acb0 state=PENDING elapsed=0s — waiting …
2026-02-27 18:45:39 | DEBUG    | Task f0466737-0174-4a70-9fcd-38ef0c63acb0 state=PENDING elapsed=5s — waiting …
2026-02-27 18:45:44 | DEBUG    | Task f0466737-0174-4a70-9fcd-38ef0c63acb0 state=PENDING elapsed=10s — waiting …
2026-02-27 18:45:49 | DEBUG    | Task f0466737-0174-4a70-9fcd-38ef0c63acb0 state=PENDING elapsed=15s — waiting …
2026-02-27 18:45:54 | DEBUG    | Task f0466737-0174-4a70-9fcd-38ef0c63acb0 state=PENDING elapsed=20s — waiting …
2026-02-27 18:45:59 | DEBUG    | Task f0466737-0174-4a70-9fcd-38ef0c63acb0 state=PENDING elapsed=25s — waiting …
2026-02-27 18:46:04 | DEBUG    | Task f0466737-0174-4a70-9fcd-38ef0c63acb0 state=PENDING elapsed=30s — waiting …
2026-02-27 18:46:09 | DEBUG    | Task f0466737-0174-4a70-9fcd-38ef0c63acb0 state=PENDING elapsed=35s — waiting …
2026-02-27 18:46:18 | DEBUG    | Task f0466737-0174-4a70-9fcd-38ef0c63acb0 state=PENDING elapsed=43s — waiting …
2026-02-27 18:46:23 | DEBUG    | Task f0466737-0174-4a70-9fcd-38ef0c63acb0 state=PENDING elapsed=48s — waiting …
2026-02-27 18:46:28 | DEBUG    | Task f0466737-0174-4a70-9fcd-38ef0c63acb0 state=PENDING elapsed=53s — waiting …
2026-02-27 18:46:33 | DEBUG    | Task f0466737-0174-4a70-9fcd-38ef0c63acb0 state=PENDING elapsed=58s — waiting …
2026-02-27 18:46:38 | DEBUG    | Task f0466737-0174-4a70-9fcd-38ef0c63acb0 state=PENDING elapsed=63s — waiting …
2026-02-27 18:46:43 | INFO     | Task f0466737-0174-4a70-9fcd-38ef0c63acb0 FINISHED in 68s
2026-02-27 18:46:43 | INFO     | ✅ batch 38/47 (16 files) complete
2026-02-27 18:46:43 | INFO     | --- batch 39/47 (16 files) ---
2026-02-27 18:46:43 | DEBUG    |   Files: cwp511.pdf, cwp512.pdf, cwp513.pdf, cwp514.pdf, cwp515.pdf, cwp524.pdf, cwp525.pdf, cwp526.pdf, cwp527.pdf, cwp528.pdf, cwp529.pdf, cwp530.pdf, cwp531.pdf, cwp532.pdf, cwp533-min.pdf, cwp534.pdf
2026-02-27 18:46:46 | INFO     | Upload accepted → task_id=a4b4fd7f-f6f3-4c9d-bf96-80f81fcb9750
2026-02-27 18:46:46 | DEBUG    | Task a4b4fd7f-f6f3-4c9d-bf96-80f81fcb9750 state=PENDING elapsed=0s — waiting …
2026-02-27 18:46:51 | DEBUG    | Task a4b4fd7f-f6f3-4c9d-bf96-80f81fcb9750 state=PENDING elapsed=5s — waiting …
2026-02-27 18:46:56 | DEBUG    | Task a4b4fd7f-f6f3-4c9d-bf96-80f81fcb9750 state=PENDING elapsed=10s — waiting …
2026-02-27 18:47:01 | DEBUG    | Task a4b4fd7f-f6f3-4c9d-bf96-80f81fcb9750 state=PENDING elapsed=15s — waiting …
2026-02-27 18:47:06 | DEBUG    | Task a4b4fd7f-f6f3-4c9d-bf96-80f81fcb9750 state=PENDING elapsed=20s — waiting …
2026-02-27 18:47:14 | DEBUG    | Task a4b4fd7f-f6f3-4c9d-bf96-80f81fcb9750 state=PENDING elapsed=27s — waiting …
2026-02-27 18:47:19 | DEBUG    | Task a4b4fd7f-f6f3-4c9d-bf96-80f81fcb9750 state=PENDING elapsed=32s — waiting …
2026-02-27 18:47:24 | DEBUG    | Task a4b4fd7f-f6f3-4c9d-bf96-80f81fcb9750 state=PENDING elapsed=38s — waiting …
2026-02-27 18:47:29 | DEBUG    | Task a4b4fd7f-f6f3-4c9d-bf96-80f81fcb9750 state=PENDING elapsed=43s — waiting …
2026-02-27 18:47:37 | INFO     | Task a4b4fd7f-f6f3-4c9d-bf96-80f81fcb9750 FINISHED in 50s
2026-02-27 18:47:37 | INFO     | ✅ batch 39/47 (16 files) complete
2026-02-27 18:47:37 | INFO     | --- batch 40/47 (16 files) ---
2026-02-27 18:47:37 | DEBUG    |   Files: cwp535.pdf, cwp536.pdf, cwp537.pdf, cwp538.pdf, cwp539.pdf, cwp540.pdf, cwp541.pdf, cwp542.pdf, cwp543.pdf, cwp544.pdf, cwp545-min.pdf, cwp546.pdf, cwp547.pdf, cwp555.pdf, cwp556.pdf, cwp559.pdf
2026-02-27 18:47:41 | INFO     | Upload accepted → task_id=85b50c6f-9398-4c89-99fd-3fce1eecfc56
2026-02-27 18:47:41 | DEBUG    | Task 85b50c6f-9398-4c89-99fd-3fce1eecfc56 state=PENDING elapsed=0s — waiting …
2026-02-27 18:47:46 | DEBUG    | Task 85b50c6f-9398-4c89-99fd-3fce1eecfc56 state=PENDING elapsed=5s — waiting …
2026-02-27 18:47:51 | DEBUG    | Task 85b50c6f-9398-4c89-99fd-3fce1eecfc56 state=PENDING elapsed=10s — waiting …
2026-02-27 18:47:56 | DEBUG    | Task 85b50c6f-9398-4c89-99fd-3fce1eecfc56 state=PENDING elapsed=15s — waiting …
2026-02-27 18:48:04 | DEBUG    | Task 85b50c6f-9398-4c89-99fd-3fce1eecfc56 state=PENDING elapsed=23s — waiting …
2026-02-27 18:48:09 | DEBUG    | Task 85b50c6f-9398-4c89-99fd-3fce1eecfc56 state=PENDING elapsed=28s — waiting …
2026-02-27 18:48:14 | INFO     | Task 85b50c6f-9398-4c89-99fd-3fce1eecfc56 FINISHED in 33s
2026-02-27 18:48:14 | INFO     | ✅ batch 40/47 (16 files) complete
2026-02-27 18:48:14 | INFO     | --- batch 41/47 (16 files) ---
2026-02-27 18:48:14 | DEBUG    |   Files: cwp561.pdf, cwp562.pdf, cwp563.pdf, cwp564.pdf, cwp566.pdf, cwp567.pdf, cwp568.pdf, cwp569.pdf, cwp570.pdf, cwp571.pdf, cwp573.pdf, cwp574.pdf, cwp575.pdf, cwp576.pdf, cwp577.pdf, cwp578.pdf
2026-02-27 18:48:18 | INFO     | Upload accepted → task_id=d04952bf-fd0d-4f1d-b9fd-73221baef47e
2026-02-27 18:48:18 | DEBUG    | Task d04952bf-fd0d-4f1d-b9fd-73221baef47e state=PENDING elapsed=0s — waiting …
2026-02-27 18:48:23 | DEBUG    | Task d04952bf-fd0d-4f1d-b9fd-73221baef47e state=PENDING elapsed=5s — waiting …
2026-02-27 18:48:28 | DEBUG    | Task d04952bf-fd0d-4f1d-b9fd-73221baef47e state=PENDING elapsed=10s — waiting …
2026-02-27 18:48:33 | DEBUG    | Task d04952bf-fd0d-4f1d-b9fd-73221baef47e state=PENDING elapsed=15s — waiting …
2026-02-27 18:48:38 | DEBUG    | Task d04952bf-fd0d-4f1d-b9fd-73221baef47e state=PENDING elapsed=20s — waiting …
2026-02-27 18:48:43 | DEBUG    | Task d04952bf-fd0d-4f1d-b9fd-73221baef47e state=PENDING elapsed=25s — waiting …
2026-02-27 18:48:48 | DEBUG    | Task d04952bf-fd0d-4f1d-b9fd-73221baef47e state=PENDING elapsed=30s — waiting …
2026-02-27 18:48:53 | DEBUG    | Task d04952bf-fd0d-4f1d-b9fd-73221baef47e state=PENDING elapsed=35s — waiting …
2026-02-27 18:48:59 | DEBUG    | Task d04952bf-fd0d-4f1d-b9fd-73221baef47e state=PENDING elapsed=40s — waiting …
2026-02-27 18:49:04 | DEBUG    | Task d04952bf-fd0d-4f1d-b9fd-73221baef47e state=PENDING elapsed=45s — waiting …
2026-02-27 18:49:12 | INFO     | Task d04952bf-fd0d-4f1d-b9fd-73221baef47e FINISHED in 53s
2026-02-27 18:49:12 | INFO     | ✅ batch 41/47 (16 files) complete
2026-02-27 18:49:12 | INFO     | --- batch 42/47 (16 files) ---
2026-02-27 18:49:12 | DEBUG    |   Files: cwp584.pdf, cwp587.pdf, cwp588.pdf, cwp589.pdf, cwp590.pdf, cwp591.pdf, cwp592.pdf, cwp593.pdf, cwp594.pdf, cwp595.pdf, cwp596.pdf, cwp597.pdf, cwp598.pdf, cwp599.pdf, cwp600.pdf, cwp601.pdf
2026-02-27 18:49:16 | INFO     | Upload accepted → task_id=5eb4bef3-f364-480c-ab95-0ca9a6a72a67
2026-02-27 18:49:16 | DEBUG    | Task 5eb4bef3-f364-480c-ab95-0ca9a6a72a67 state=PENDING elapsed=0s — waiting …
2026-02-27 18:49:21 | DEBUG    | Task 5eb4bef3-f364-480c-ab95-0ca9a6a72a67 state=PENDING elapsed=5s — waiting …
2026-02-27 18:49:26 | DEBUG    | Task 5eb4bef3-f364-480c-ab95-0ca9a6a72a67 state=PENDING elapsed=10s — waiting …
2026-02-27 18:49:31 | DEBUG    | Task 5eb4bef3-f364-480c-ab95-0ca9a6a72a67 state=PENDING elapsed=15s — waiting …
2026-02-27 18:49:36 | DEBUG    | Task 5eb4bef3-f364-480c-ab95-0ca9a6a72a67 state=PENDING elapsed=20s — waiting …
2026-02-27 18:49:41 | DEBUG    | Task 5eb4bef3-f364-480c-ab95-0ca9a6a72a67 state=PENDING elapsed=25s — waiting …
2026-02-27 18:49:46 | DEBUG    | Task 5eb4bef3-f364-480c-ab95-0ca9a6a72a67 state=PENDING elapsed=30s — waiting …
2026-02-27 18:49:51 | DEBUG    | Task 5eb4bef3-f364-480c-ab95-0ca9a6a72a67 state=PENDING elapsed=35s — waiting …
2026-02-27 18:49:56 | DEBUG    | Task 5eb4bef3-f364-480c-ab95-0ca9a6a72a67 state=PENDING elapsed=40s — waiting …
2026-02-27 18:50:01 | DEBUG    | Task 5eb4bef3-f364-480c-ab95-0ca9a6a72a67 state=PENDING elapsed=45s — waiting …
2026-02-27 18:50:06 | DEBUG    | Task 5eb4bef3-f364-480c-ab95-0ca9a6a72a67 state=PENDING elapsed=50s — waiting …
2026-02-27 18:50:14 | INFO     | Task 5eb4bef3-f364-480c-ab95-0ca9a6a72a67 FINISHED in 58s
2026-02-27 18:50:14 | INFO     | ✅ batch 42/47 (16 files) complete
2026-02-27 18:50:14 | INFO     | --- batch 43/47 (16 files) ---
2026-02-27 18:50:14 | DEBUG    |   Files: cwp602.pdf, cwp603.pdf, cwp604.pdf, cwp605.pdf, cwp606.pdf, cwp607.pdf, cwp608.pdf, cwp688.pdf, cwp689.pdf, cwp690-min.pdf, cwp691.pdf, cwp692.pdf, cwp693.pdf, cwp694-min.pdf, cwp695-min.pdf, cwp696-min.pdf
2026-02-27 18:50:18 | INFO     | Upload accepted → task_id=333743b4-69ee-4c48-b993-7cc15a764c2c
2026-02-27 18:50:18 | DEBUG    | Task 333743b4-69ee-4c48-b993-7cc15a764c2c state=PENDING elapsed=0s — waiting …
2026-02-27 18:50:23 | DEBUG    | Task 333743b4-69ee-4c48-b993-7cc15a764c2c state=PENDING elapsed=5s — waiting …
2026-02-27 18:50:28 | DEBUG    | Task 333743b4-69ee-4c48-b993-7cc15a764c2c state=PENDING elapsed=10s — waiting …
2026-02-27 18:50:33 | DEBUG    | Task 333743b4-69ee-4c48-b993-7cc15a764c2c state=PENDING elapsed=15s — waiting …
2026-02-27 18:50:38 | DEBUG    | Task 333743b4-69ee-4c48-b993-7cc15a764c2c state=PENDING elapsed=20s — waiting …
2026-02-27 18:50:43 | DEBUG    | Task 333743b4-69ee-4c48-b993-7cc15a764c2c state=PENDING elapsed=25s — waiting …
2026-02-27 18:50:48 | DEBUG    | Task 333743b4-69ee-4c48-b993-7cc15a764c2c state=PENDING elapsed=30s — waiting …
2026-02-27 18:50:53 | DEBUG    | Task 333743b4-69ee-4c48-b993-7cc15a764c2c state=PENDING elapsed=35s — waiting …
2026-02-27 18:50:58 | DEBUG    | Task 333743b4-69ee-4c48-b993-7cc15a764c2c state=PENDING elapsed=40s — waiting …
2026-02-27 18:51:03 | DEBUG    | Task 333743b4-69ee-4c48-b993-7cc15a764c2c state=PENDING elapsed=45s — waiting …
2026-02-27 18:51:08 | DEBUG    | Task 333743b4-69ee-4c48-b993-7cc15a764c2c state=PENDING elapsed=50s — waiting …
2026-02-27 18:51:17 | INFO     | Task 333743b4-69ee-4c48-b993-7cc15a764c2c FINISHED in 59s
2026-02-27 18:51:17 | INFO     | ✅ batch 43/47 (16 files) complete
2026-02-27 18:51:17 | INFO     | --- batch 44/47 (16 files) ---
2026-02-27 18:51:17 | DEBUG    |   Files: cwp697.pdf, cwp698-min.pdf, cwp699.pdf, cwp700.pdf, cwp740.pdf, cwp743.compressed.pdf, cwp744.pdf, cwp745.pdf, cwp746-1.pdf, cwp747.compressed1.pdf, cwp780-min.pdf, cwp783.pdf, cwp784.pdf, cwp785.pdf, cwp786-min.pdf, cwp787.pdf
2026-02-27 18:51:22 | INFO     | Upload accepted → task_id=cca700a0-f5de-49b0-95ab-d084bb35566b
2026-02-27 18:51:22 | DEBUG    | Task cca700a0-f5de-49b0-95ab-d084bb35566b state=PENDING elapsed=0s — waiting …
2026-02-27 18:51:27 | DEBUG    | Task cca700a0-f5de-49b0-95ab-d084bb35566b state=PENDING elapsed=5s — waiting …
2026-02-27 18:51:32 | DEBUG    | Task cca700a0-f5de-49b0-95ab-d084bb35566b state=PENDING elapsed=10s — waiting …
2026-02-27 18:51:38 | DEBUG    | Task cca700a0-f5de-49b0-95ab-d084bb35566b state=PENDING elapsed=15s — waiting …
2026-02-27 18:51:43 | DEBUG    | Task cca700a0-f5de-49b0-95ab-d084bb35566b state=PENDING elapsed=20s — waiting …
2026-02-27 18:51:48 | DEBUG    | Task cca700a0-f5de-49b0-95ab-d084bb35566b state=PENDING elapsed=25s — waiting …
2026-02-27 18:51:53 | DEBUG    | Task cca700a0-f5de-49b0-95ab-d084bb35566b state=PENDING elapsed=30s — waiting …
2026-02-27 18:51:58 | DEBUG    | Task cca700a0-f5de-49b0-95ab-d084bb35566b state=PENDING elapsed=35s — waiting …
2026-02-27 18:52:03 | DEBUG    | Task cca700a0-f5de-49b0-95ab-d084bb35566b state=PENDING elapsed=40s — waiting …
2026-02-27 18:52:08 | DEBUG    | Task cca700a0-f5de-49b0-95ab-d084bb35566b state=PENDING elapsed=45s — waiting …
2026-02-27 18:52:13 | DEBUG    | Task cca700a0-f5de-49b0-95ab-d084bb35566b state=PENDING elapsed=50s — waiting …
2026-02-27 18:52:18 | DEBUG    | Task cca700a0-f5de-49b0-95ab-d084bb35566b state=PENDING elapsed=55s — waiting …
2026-02-27 18:52:23 | DEBUG    | Task cca700a0-f5de-49b0-95ab-d084bb35566b state=PENDING elapsed=60s — waiting …
2026-02-27 18:52:28 | DEBUG    | Task cca700a0-f5de-49b0-95ab-d084bb35566b state=PENDING elapsed=65s — waiting …
2026-02-27 18:52:33 | DEBUG    | Task cca700a0-f5de-49b0-95ab-d084bb35566b state=PENDING elapsed=70s — waiting …
2026-02-27 18:52:38 | DEBUG    | Task cca700a0-f5de-49b0-95ab-d084bb35566b state=PENDING elapsed=75s — waiting …
2026-02-27 18:52:46 | DEBUG    | Task cca700a0-f5de-49b0-95ab-d084bb35566b state=PENDING elapsed=84s — waiting …
2026-02-27 18:52:51 | DEBUG    | Task cca700a0-f5de-49b0-95ab-d084bb35566b state=PENDING elapsed=89s — waiting …
2026-02-27 18:52:56 | DEBUG    | Task cca700a0-f5de-49b0-95ab-d084bb35566b state=PENDING elapsed=94s — waiting …
2026-02-27 18:53:01 | DEBUG    | Task cca700a0-f5de-49b0-95ab-d084bb35566b state=PENDING elapsed=99s — waiting …
2026-02-27 18:53:06 | DEBUG    | Task cca700a0-f5de-49b0-95ab-d084bb35566b state=PENDING elapsed=104s — waiting …
2026-02-27 18:53:11 | DEBUG    | Task cca700a0-f5de-49b0-95ab-d084bb35566b state=PENDING elapsed=109s — waiting …
2026-02-27 18:53:16 | DEBUG    | Task cca700a0-f5de-49b0-95ab-d084bb35566b state=PENDING elapsed=114s — waiting …
2026-02-27 18:53:21 | DEBUG    | Task cca700a0-f5de-49b0-95ab-d084bb35566b state=PENDING elapsed=119s — waiting …
2026-02-27 18:53:26 | DEBUG    | Task cca700a0-f5de-49b0-95ab-d084bb35566b state=PENDING elapsed=124s — waiting …
2026-02-27 18:53:31 | DEBUG    | Task cca700a0-f5de-49b0-95ab-d084bb35566b state=PENDING elapsed=129s — waiting …
2026-02-27 18:53:36 | DEBUG    | Task cca700a0-f5de-49b0-95ab-d084bb35566b state=PENDING elapsed=134s — waiting …
2026-02-27 18:53:41 | DEBUG    | Task cca700a0-f5de-49b0-95ab-d084bb35566b state=PENDING elapsed=139s — waiting …
2026-02-27 18:53:47 | DEBUG    | Task cca700a0-f5de-49b0-95ab-d084bb35566b state=PENDING elapsed=144s — waiting …
2026-02-27 18:53:52 | DEBUG    | Task cca700a0-f5de-49b0-95ab-d084bb35566b state=PENDING elapsed=149s — waiting …
2026-02-27 18:53:57 | DEBUG    | Task cca700a0-f5de-49b0-95ab-d084bb35566b state=PENDING elapsed=154s — waiting …
2026-02-27 18:54:02 | DEBUG    | Task cca700a0-f5de-49b0-95ab-d084bb35566b state=PENDING elapsed=159s — waiting …
2026-02-27 18:54:13 | DEBUG    | Task cca700a0-f5de-49b0-95ab-d084bb35566b state=PENDING elapsed=171s — waiting …
2026-02-27 18:54:18 | DEBUG    | Task cca700a0-f5de-49b0-95ab-d084bb35566b state=PENDING elapsed=176s — waiting …
2026-02-27 18:54:23 | DEBUG    | Task cca700a0-f5de-49b0-95ab-d084bb35566b state=PENDING elapsed=181s — waiting …
2026-02-27 18:54:28 | DEBUG    | Task cca700a0-f5de-49b0-95ab-d084bb35566b state=PENDING elapsed=186s — waiting …
2026-02-27 18:54:33 | DEBUG    | Task cca700a0-f5de-49b0-95ab-d084bb35566b state=PENDING elapsed=191s — waiting …
2026-02-27 18:54:38 | DEBUG    | Task cca700a0-f5de-49b0-95ab-d084bb35566b state=PENDING elapsed=196s — waiting …
2026-02-27 18:54:43 | INFO     | Task cca700a0-f5de-49b0-95ab-d084bb35566b FINISHED in 201s
2026-02-27 18:54:43 | INFO     | ✅ batch 44/47 (16 files) complete
2026-02-27 18:54:43 | INFO     | --- batch 45/47 (16 files) ---
2026-02-27 18:54:43 | DEBUG    |   Files: cwp788.pdf, cwp789.pdf, cwp790R.pdf, cwp791-min.pdf, cwp792-min.pdf, cwp793.pdf, cwp794.pdf, cwp795.pdf, cwp796.pdf, cwp797.pdf, cwp798-min.pdf, cwp799-min.pdf, cwp800.pdf, cwp801-min.pdf, cwp802.pdf, cwp803.pdf
2026-02-27 18:54:48 | INFO     | Upload accepted → task_id=ae61a445-6364-4d06-bdca-d9d9a1d1b5bc
2026-02-27 18:54:48 | DEBUG    | Task ae61a445-6364-4d06-bdca-d9d9a1d1b5bc state=PENDING elapsed=0s — waiting …
2026-02-27 18:54:53 | DEBUG    | Task ae61a445-6364-4d06-bdca-d9d9a1d1b5bc state=PENDING elapsed=5s — waiting …
2026-02-27 18:54:59 | DEBUG    | Task ae61a445-6364-4d06-bdca-d9d9a1d1b5bc state=PENDING elapsed=12s — waiting …
2026-02-27 18:55:04 | DEBUG    | Task ae61a445-6364-4d06-bdca-d9d9a1d1b5bc state=PENDING elapsed=17s — waiting …
2026-02-27 18:55:09 | DEBUG    | Task ae61a445-6364-4d06-bdca-d9d9a1d1b5bc state=PENDING elapsed=22s — waiting …
2026-02-27 18:55:14 | DEBUG    | Task ae61a445-6364-4d06-bdca-d9d9a1d1b5bc state=PENDING elapsed=27s — waiting …
2026-02-27 18:55:19 | DEBUG    | Task ae61a445-6364-4d06-bdca-d9d9a1d1b5bc state=PENDING elapsed=32s — waiting …
2026-02-27 18:55:24 | DEBUG    | Task ae61a445-6364-4d06-bdca-d9d9a1d1b5bc state=PENDING elapsed=37s — waiting …
2026-02-27 18:55:29 | DEBUG    | Task ae61a445-6364-4d06-bdca-d9d9a1d1b5bc state=PENDING elapsed=42s — waiting …
2026-02-27 18:55:34 | DEBUG    | Task ae61a445-6364-4d06-bdca-d9d9a1d1b5bc state=PENDING elapsed=47s — waiting …
2026-02-27 18:55:39 | DEBUG    | Task ae61a445-6364-4d06-bdca-d9d9a1d1b5bc state=PENDING elapsed=52s — waiting …
2026-02-27 18:55:44 | DEBUG    | Task ae61a445-6364-4d06-bdca-d9d9a1d1b5bc state=PENDING elapsed=57s — waiting …
2026-02-27 18:55:49 | DEBUG    | Task ae61a445-6364-4d06-bdca-d9d9a1d1b5bc state=PENDING elapsed=62s — waiting …
2026-02-27 18:55:54 | DEBUG    | Task ae61a445-6364-4d06-bdca-d9d9a1d1b5bc state=PENDING elapsed=67s — waiting …
2026-02-27 18:56:03 | INFO     | Task ae61a445-6364-4d06-bdca-d9d9a1d1b5bc FINISHED in 75s
2026-02-27 18:56:03 | INFO     | ✅ batch 45/47 (16 files) complete
2026-02-27 18:56:03 | INFO     | --- batch 46/47 (16 files) ---
2026-02-27 18:56:03 | DEBUG    |   Files: cwp804.pdf, cwp805.pdf, cwp806.pdf, cwp807.pdf, cwp808-min.pdf, cwp809.pdf, cwp810.pdf, cwp811-min.pdf, cwp812-min.pdf, cwp813-min.pdf, cwp814.pdf, cwp815.pdf, cwp816-2.pdf, cwp817.pdf, cwp818.pdf, cwp820-ilovepdf-compressed2.pdf
2026-02-27 18:56:08 | INFO     | Upload accepted → task_id=fbd1f6ef-82eb-4fe8-a5a3-e2439792f9b1
2026-02-27 18:56:08 | DEBUG    | Task fbd1f6ef-82eb-4fe8-a5a3-e2439792f9b1 state=PENDING elapsed=0s — waiting …
2026-02-27 18:56:13 | DEBUG    | Task fbd1f6ef-82eb-4fe8-a5a3-e2439792f9b1 state=PENDING elapsed=5s — waiting …
2026-02-27 18:56:18 | DEBUG    | Task fbd1f6ef-82eb-4fe8-a5a3-e2439792f9b1 state=PENDING elapsed=10s — waiting …
2026-02-27 18:56:23 | DEBUG    | Task fbd1f6ef-82eb-4fe8-a5a3-e2439792f9b1 state=PENDING elapsed=15s — waiting …
2026-02-27 18:56:28 | DEBUG    | Task fbd1f6ef-82eb-4fe8-a5a3-e2439792f9b1 state=PENDING elapsed=20s — waiting …
2026-02-27 18:56:33 | DEBUG    | Task fbd1f6ef-82eb-4fe8-a5a3-e2439792f9b1 state=PENDING elapsed=25s — waiting …
2026-02-27 18:56:38 | DEBUG    | Task fbd1f6ef-82eb-4fe8-a5a3-e2439792f9b1 state=PENDING elapsed=30s — waiting …
2026-02-27 18:56:43 | DEBUG    | Task fbd1f6ef-82eb-4fe8-a5a3-e2439792f9b1 state=PENDING elapsed=35s — waiting …
2026-02-27 18:56:48 | DEBUG    | Task fbd1f6ef-82eb-4fe8-a5a3-e2439792f9b1 state=PENDING elapsed=40s — waiting …
2026-02-27 18:56:53 | DEBUG    | Task fbd1f6ef-82eb-4fe8-a5a3-e2439792f9b1 state=PENDING elapsed=45s — waiting …
2026-02-27 18:56:58 | DEBUG    | Task fbd1f6ef-82eb-4fe8-a5a3-e2439792f9b1 state=PENDING elapsed=50s — waiting …
2026-02-27 18:57:03 | DEBUG    | Task fbd1f6ef-82eb-4fe8-a5a3-e2439792f9b1 state=PENDING elapsed=55s — waiting …
2026-02-27 18:57:08 | DEBUG    | Task fbd1f6ef-82eb-4fe8-a5a3-e2439792f9b1 state=PENDING elapsed=60s — waiting …
2026-02-27 18:57:13 | INFO     | Task fbd1f6ef-82eb-4fe8-a5a3-e2439792f9b1 FINISHED in 65s
2026-02-27 18:57:13 | INFO     | ✅ batch 46/47 (16 files) complete
2026-02-27 18:57:13 | INFO     | --- batch 47/47 (14 files) ---
2026-02-27 18:57:13 | DEBUG    |   Files: cwp821-ilovepdf-compressed-1.pdf, cwp822-min.pdf, cwp824.pdf, cwp825.pdf, cwp826.compressed.pdf, cwp827.pdf, cwp828.pdf, cwp829.pdf, cwp830.pdf, cwp831.pdf, cwp832.pdf, cwp833.pdf, cwp834.pdf, cwp836.pdf
2026-02-27 18:57:17 | INFO     | Upload accepted → task_id=b2a058cd-1382-4d6b-aa28-150c8a708dd9
2026-02-27 18:57:17 | DEBUG    | Task b2a058cd-1382-4d6b-aa28-150c8a708dd9 state=PENDING elapsed=0s — waiting …
2026-02-27 18:57:23 | DEBUG    | Task b2a058cd-1382-4d6b-aa28-150c8a708dd9 state=PENDING elapsed=6s — waiting …
2026-02-27 18:57:29 | DEBUG    | Task b2a058cd-1382-4d6b-aa28-150c8a708dd9 state=PENDING elapsed=12s — waiting …
2026-02-27 18:57:34 | DEBUG    | Task b2a058cd-1382-4d6b-aa28-150c8a708dd9 state=PENDING elapsed=17s — waiting …
2026-02-27 18:57:40 | DEBUG    | Task b2a058cd-1382-4d6b-aa28-150c8a708dd9 state=PENDING elapsed=22s — waiting …
2026-02-27 18:57:45 | DEBUG    | Task b2a058cd-1382-4d6b-aa28-150c8a708dd9 state=PENDING elapsed=27s — waiting …
2026-02-27 18:57:50 | DEBUG    | Task b2a058cd-1382-4d6b-aa28-150c8a708dd9 state=PENDING elapsed=32s — waiting …
2026-02-27 18:57:55 | DEBUG    | Task b2a058cd-1382-4d6b-aa28-150c8a708dd9 state=PENDING elapsed=37s — waiting …
2026-02-27 18:58:00 | DEBUG    | Task b2a058cd-1382-4d6b-aa28-150c8a708dd9 state=PENDING elapsed=42s — waiting …
2026-02-27 18:58:05 | DEBUG    | Task b2a058cd-1382-4d6b-aa28-150c8a708dd9 state=PENDING elapsed=47s — waiting …
2026-02-27 18:58:10 | DEBUG    | Task b2a058cd-1382-4d6b-aa28-150c8a708dd9 state=PENDING elapsed=52s — waiting …
2026-02-27 18:58:15 | DEBUG    | Task b2a058cd-1382-4d6b-aa28-150c8a708dd9 state=PENDING elapsed=57s — waiting …
2026-02-27 18:58:20 | DEBUG    | Task b2a058cd-1382-4d6b-aa28-150c8a708dd9 state=PENDING elapsed=62s — waiting …
2026-02-27 18:58:25 | DEBUG    | Task b2a058cd-1382-4d6b-aa28-150c8a708dd9 state=PENDING elapsed=67s — waiting …
2026-02-27 18:58:30 | DEBUG    | Task b2a058cd-1382-4d6b-aa28-150c8a708dd9 state=PENDING elapsed=72s — waiting …
2026-02-27 18:58:37 | DEBUG    | Task b2a058cd-1382-4d6b-aa28-150c8a708dd9 state=PENDING elapsed=80s — waiting …
2026-02-27 18:58:42 | DEBUG    | Task b2a058cd-1382-4d6b-aa28-150c8a708dd9 state=PENDING elapsed=85s — waiting …
2026-02-27 18:58:47 | DEBUG    | Task b2a058cd-1382-4d6b-aa28-150c8a708dd9 state=PENDING elapsed=90s — waiting …
2026-02-27 18:58:52 | DEBUG    | Task b2a058cd-1382-4d6b-aa28-150c8a708dd9 state=PENDING elapsed=95s — waiting …
2026-02-27 18:58:57 | DEBUG    | Task b2a058cd-1382-4d6b-aa28-150c8a708dd9 state=PENDING elapsed=100s — waiting …
2026-02-27 18:59:02 | DEBUG    | Task b2a058cd-1382-4d6b-aa28-150c8a708dd9 state=PENDING elapsed=105s — waiting …
2026-02-27 18:59:07 | DEBUG    | Task b2a058cd-1382-4d6b-aa28-150c8a708dd9 state=PENDING elapsed=110s — waiting …
2026-02-27 18:59:12 | DEBUG    | Task b2a058cd-1382-4d6b-aa28-150c8a708dd9 state=PENDING elapsed=115s — waiting …
2026-02-27 18:59:17 | DEBUG    | Task b2a058cd-1382-4d6b-aa28-150c8a708dd9 state=PENDING elapsed=120s — waiting …
2026-02-27 18:59:23 | INFO     | Task b2a058cd-1382-4d6b-aa28-150c8a708dd9 FINISHED in 125s
2026-02-27 18:59:23 | INFO     | ✅ batch 47/47 (14 files) complete
2026-02-27 18:59:23 | INFO     | === SUCCESS  ingested=750  skipped=0 ===
