2026-02-27 16:45:25 | INFO     | === START  dir='/gaia/b04s/CONSORCIOS/CREWES'  collection='CREWES' ===
2026-02-27 16:45:25 | INFO     | Discovered 2088 supported file(s)
2026-02-27 16:45:25 | WARNING  | create_collection error (may already exist): HTTPConnectionPool(host='localhost', port=8082): Max retries exceeded with url: /v1/collection (Caused by NewConnectionError("HTTPConnection(host='localhost', port=8082): Failed to establish a new connection: [Errno 111] Connection refused"))
2026-02-27 16:45:25 | WARNING  | list_documents failed — treating all files as new: HTTPConnectionPool(host='localhost', port=8082): Max retries exceeded with url: /v1/documents?collection_name=CREWES (Caused by NewConnectionError("HTTPConnection(host='localhost', port=8082): Failed to establish a new connection: [Errno 111] Connection refused"))
2026-02-27 16:45:25 | INFO     | Classification: 2088 new, 0 already present
2026-02-27 16:45:25 | INFO     | Uploading 131 batch(es) of up to 16 file(s) each
2026-02-27 16:45:25 | INFO     | --- batch 1/131 (16 files) ---
2026-02-27 16:45:25 | DEBUG    |   Files: 1989-01.pdf, 1989-02.pdf, 1989-03.pdf, 1989-04.pdf, 1989-05.pdf, 1989-06.pdf, 1989-07.pdf, 1989-08a.pdf, 1989-08b.pdf, 1989-09.pdf, 1989-10.pdf, 1989-11.pdf, 1989-12.pdf, 1989-13.pdf, 1989-14.pdf, 1989-15.pdf
2026-02-27 16:45:26 | ERROR    | ❌ batch 1/131 (16 files) failed: HTTPConnectionPool(host='localhost', port=8082): Max retries exceeded with url: /v1/documents (Caused by NewConnectionError("HTTPConnection(host='localhost', port=8082): Failed to establish a new connection: [Errno 111] Connection refused"))
Traceback (most recent call last):
  File "/usr/local/lib/python3.14/site-packages/urllib3/connection.py", line 204, in _new_conn
    sock = connection.create_connection(
        (self._dns_host, self.port),
    ...<2 lines>...
        socket_options=self.socket_options,
    )
  File "/usr/local/lib/python3.14/site-packages/urllib3/util/connection.py", line 85, in create_connection
    raise err
  File "/usr/local/lib/python3.14/site-packages/urllib3/util/connection.py", line 73, in create_connection
    sock.connect(sa)
    ~~~~~~~~~~~~^^^^
ConnectionRefusedError: [Errno 111] Connection refused

The above exception was the direct cause of the following exception:

Traceback (most recent call last):
  File "/usr/local/lib/python3.14/site-packages/urllib3/connectionpool.py", line 787, in urlopen
    response = self._make_request(
        conn,
    ...<10 lines>...
        **response_kw,
    )
  File "/usr/local/lib/python3.14/site-packages/urllib3/connectionpool.py", line 493, in _make_request
    conn.request(
    ~~~~~~~~~~~~^
        method,
        ^^^^^^^
    ...<6 lines>...
        enforce_content_length=enforce_content_length,
        ^^^^^^^^^^^^^^^^^^^^^^^^^^^^^^^^^^^^^^^^^^^^^^
    )
    ^
  File "/usr/local/lib/python3.14/site-packages/urllib3/connection.py", line 500, in request
    self.endheaders()
    ~~~~~~~~~~~~~~~^^
  File "/usr/local/lib/python3.14/http/client.py", line 1353, in endheaders
    self._send_output(message_body, encode_chunked=encode_chunked)
    ~~~~~~~~~~~~~~~~~^^^^^^^^^^^^^^^^^^^^^^^^^^^^^^^^^^^^^^^^^^^^^
  File "/usr/local/lib/python3.14/http/client.py", line 1113, in _send_output
    self.send(msg)
    ~~~~~~~~~^^^^^
  File "/usr/local/lib/python3.14/http/client.py", line 1057, in send
    self.connect()
    ~~~~~~~~~~~~^^
  File "/usr/local/lib/python3.14/site-packages/urllib3/connection.py", line 331, in connect
    self.sock = self._new_conn()
                ~~~~~~~~~~~~~~^^
  File "/usr/local/lib/python3.14/site-packages/urllib3/connection.py", line 219, in _new_conn
    raise NewConnectionError(
        self, f"Failed to establish a new connection: {e}"
    ) from e
urllib3.exceptions.NewConnectionError: HTTPConnection(host='localhost', port=8082): Failed to establish a new connection: [Errno 111] Connection refused

The above exception was the direct cause of the following exception:

Traceback (most recent call last):
  File "/usr/local/lib/python3.14/site-packages/requests/adapters.py", line 644, in send
    resp = conn.urlopen(
        method=request.method,
    ...<9 lines>...
        chunked=chunked,
    )
  File "/usr/local/lib/python3.14/site-packages/urllib3/connectionpool.py", line 841, in urlopen
    retries = retries.increment(
        method, url, error=new_e, _pool=self, _stacktrace=sys.exc_info()[2]
    )
  File "/usr/local/lib/python3.14/site-packages/urllib3/util/retry.py", line 535, in increment
    raise MaxRetryError(_pool, url, reason) from reason  # type: ignore[arg-type]
    ^^^^^^^^^^^^^^^^^^^^^^^^^^^^^^^^^^^^^^^^^^^^^^^^^^^
urllib3.exceptions.MaxRetryError: HTTPConnectionPool(host='localhost', port=8082): Max retries exceeded with url: /v1/documents (Caused by NewConnectionError("HTTPConnection(host='localhost', port=8082): Failed to establish a new connection: [Errno 111] Connection refused"))

During handling of the above exception, another exception occurred:

Traceback (most recent call last):
  File "/u/bglq/projects/rag/rag-refactor/deploy/singularity/scripts/ingest_collections.py", line 446, in ingest_collection
    task_id = client.upload_batch(batch, result.collection_name, chunk_size, chunk_overlap)
  File "/u/bglq/projects/rag/rag-refactor/deploy/singularity/scripts/ingest_collections.py", line 282, in upload_batch
    resp = requests.post(url, files=files_form, timeout=300)
  File "/usr/local/lib/python3.14/site-packages/requests/api.py", line 115, in post
    return request("post", url, data=data, json=json, **kwargs)
  File "/usr/local/lib/python3.14/site-packages/requests/api.py", line 59, in request
    return session.request(method=method, url=url, **kwargs)
           ~~~~~~~~~~~~~~~^^^^^^^^^^^^^^^^^^^^^^^^^^^^^^^^^^
  File "/usr/local/lib/python3.14/site-packages/requests/sessions.py", line 589, in request
    resp = self.send(prep, **send_kwargs)
  File "/usr/local/lib/python3.14/site-packages/requests/sessions.py", line 703, in send
    r = adapter.send(request, **kwargs)
  File "/usr/local/lib/python3.14/site-packages/requests/adapters.py", line 677, in send
    raise ConnectionError(e, request=request)
requests.exceptions.ConnectionError: HTTPConnectionPool(host='localhost', port=8082): Max retries exceeded with url: /v1/documents (Caused by NewConnectionError("HTTPConnection(host='localhost', port=8082): Failed to establish a new connection: [Errno 111] Connection refused"))
2026-02-27 16:45:26 | INFO     | --- batch 2/131 (16 files) ---
2026-02-27 16:45:26 | DEBUG    |   Files: 1989-16.pdf, 1989-17.pdf, 1989-18.pdf, 1989-19.pdf, 1989-20.pdf, 1989-21.pdf, 1989-22.pdf, 1989-23.pdf, 1990-01.pdf, 1990-02.pdf, 1990-03.pdf, 1990-04.pdf, 1990-05.pdf, 1990-06.pdf, 1990-07.pdf, 1990-08.pdf
2026-02-27 16:45:26 | ERROR    | ❌ batch 2/131 (16 files) failed: HTTPConnectionPool(host='localhost', port=8082): Max retries exceeded with url: /v1/documents (Caused by NewConnectionError("HTTPConnection(host='localhost', port=8082): Failed to establish a new connection: [Errno 111] Connection refused"))
Traceback (most recent call last):
  File "/usr/local/lib/python3.14/site-packages/urllib3/connection.py", line 204, in _new_conn
    sock = connection.create_connection(
        (self._dns_host, self.port),
    ...<2 lines>...
        socket_options=self.socket_options,
    )
  File "/usr/local/lib/python3.14/site-packages/urllib3/util/connection.py", line 85, in create_connection
    raise err
  File "/usr/local/lib/python3.14/site-packages/urllib3/util/connection.py", line 73, in create_connection
    sock.connect(sa)
    ~~~~~~~~~~~~^^^^
ConnectionRefusedError: [Errno 111] Connection refused

The above exception was the direct cause of the following exception:

Traceback (most recent call last):
  File "/usr/local/lib/python3.14/site-packages/urllib3/connectionpool.py", line 787, in urlopen
    response = self._make_request(
        conn,
    ...<10 lines>...
        **response_kw,
    )
  File "/usr/local/lib/python3.14/site-packages/urllib3/connectionpool.py", line 493, in _make_request
    conn.request(
    ~~~~~~~~~~~~^
        method,
        ^^^^^^^
    ...<6 lines>...
        enforce_content_length=enforce_content_length,
        ^^^^^^^^^^^^^^^^^^^^^^^^^^^^^^^^^^^^^^^^^^^^^^
    )
    ^
  File "/usr/local/lib/python3.14/site-packages/urllib3/connection.py", line 500, in request
    self.endheaders()
    ~~~~~~~~~~~~~~~^^
  File "/usr/local/lib/python3.14/http/client.py", line 1353, in endheaders
    self._send_output(message_body, encode_chunked=encode_chunked)
    ~~~~~~~~~~~~~~~~~^^^^^^^^^^^^^^^^^^^^^^^^^^^^^^^^^^^^^^^^^^^^^
  File "/usr/local/lib/python3.14/http/client.py", line 1113, in _send_output
    self.send(msg)
    ~~~~~~~~~^^^^^
  File "/usr/local/lib/python3.14/http/client.py", line 1057, in send
    self.connect()
    ~~~~~~~~~~~~^^
  File "/usr/local/lib/python3.14/site-packages/urllib3/connection.py", line 331, in connect
    self.sock = self._new_conn()
                ~~~~~~~~~~~~~~^^
  File "/usr/local/lib/python3.14/site-packages/urllib3/connection.py", line 219, in _new_conn
    raise NewConnectionError(
        self, f"Failed to establish a new connection: {e}"
    ) from e
urllib3.exceptions.NewConnectionError: HTTPConnection(host='localhost', port=8082): Failed to establish a new connection: [Errno 111] Connection refused

The above exception was the direct cause of the following exception:

Traceback (most recent call last):
  File "/usr/local/lib/python3.14/site-packages/requests/adapters.py", line 644, in send
    resp = conn.urlopen(
        method=request.method,
    ...<9 lines>...
        chunked=chunked,
    )
  File "/usr/local/lib/python3.14/site-packages/urllib3/connectionpool.py", line 841, in urlopen
    retries = retries.increment(
        method, url, error=new_e, _pool=self, _stacktrace=sys.exc_info()[2]
    )
  File "/usr/local/lib/python3.14/site-packages/urllib3/util/retry.py", line 535, in increment
    raise MaxRetryError(_pool, url, reason) from reason  # type: ignore[arg-type]
    ^^^^^^^^^^^^^^^^^^^^^^^^^^^^^^^^^^^^^^^^^^^^^^^^^^^
urllib3.exceptions.MaxRetryError: HTTPConnectionPool(host='localhost', port=8082): Max retries exceeded with url: /v1/documents (Caused by NewConnectionError("HTTPConnection(host='localhost', port=8082): Failed to establish a new connection: [Errno 111] Connection refused"))

During handling of the above exception, another exception occurred:

Traceback (most recent call last):
  File "/u/bglq/projects/rag/rag-refactor/deploy/singularity/scripts/ingest_collections.py", line 446, in ingest_collection
    task_id = client.upload_batch(batch, result.collection_name, chunk_size, chunk_overlap)
  File "/u/bglq/projects/rag/rag-refactor/deploy/singularity/scripts/ingest_collections.py", line 282, in upload_batch
    resp = requests.post(url, files=files_form, timeout=300)
  File "/usr/local/lib/python3.14/site-packages/requests/api.py", line 115, in post
    return request("post", url, data=data, json=json, **kwargs)
  File "/usr/local/lib/python3.14/site-packages/requests/api.py", line 59, in request
    return session.request(method=method, url=url, **kwargs)
           ~~~~~~~~~~~~~~~^^^^^^^^^^^^^^^^^^^^^^^^^^^^^^^^^^
  File "/usr/local/lib/python3.14/site-packages/requests/sessions.py", line 589, in request
    resp = self.send(prep, **send_kwargs)
  File "/usr/local/lib/python3.14/site-packages/requests/sessions.py", line 703, in send
    r = adapter.send(request, **kwargs)
  File "/usr/local/lib/python3.14/site-packages/requests/adapters.py", line 677, in send
    raise ConnectionError(e, request=request)
requests.exceptions.ConnectionError: HTTPConnectionPool(host='localhost', port=8082): Max retries exceeded with url: /v1/documents (Caused by NewConnectionError("HTTPConnection(host='localhost', port=8082): Failed to establish a new connection: [Errno 111] Connection refused"))
2026-02-27 16:45:26 | INFO     | --- batch 3/131 (16 files) ---
2026-02-27 16:45:26 | DEBUG    |   Files: 1990-09.pdf, 1990-09a.pdf, 1990-09b.pdf, 1990-10.pdf, 1990-11.pdf, 1990-12.pdf, 1990-13.pdf, 1990-14.pdf, 1990-15.pdf, 1990-16.pdf, 1990-17.pdf, 1990-18.pdf, 1990-19.pdf, 1990-20.pdf, 1990-21.pdf, 1990-22.pdf
2026-02-27 16:45:27 | ERROR    | ❌ batch 3/131 (16 files) failed: HTTPConnectionPool(host='localhost', port=8082): Max retries exceeded with url: /v1/documents (Caused by NewConnectionError("HTTPConnection(host='localhost', port=8082): Failed to establish a new connection: [Errno 111] Connection refused"))
Traceback (most recent call last):
  File "/usr/local/lib/python3.14/site-packages/urllib3/connection.py", line 204, in _new_conn
    sock = connection.create_connection(
        (self._dns_host, self.port),
    ...<2 lines>...
        socket_options=self.socket_options,
    )
  File "/usr/local/lib/python3.14/site-packages/urllib3/util/connection.py", line 85, in create_connection
    raise err
  File "/usr/local/lib/python3.14/site-packages/urllib3/util/connection.py", line 73, in create_connection
    sock.connect(sa)
    ~~~~~~~~~~~~^^^^
ConnectionRefusedError: [Errno 111] Connection refused

The above exception was the direct cause of the following exception:

Traceback (most recent call last):
  File "/usr/local/lib/python3.14/site-packages/urllib3/connectionpool.py", line 787, in urlopen
    response = self._make_request(
        conn,
    ...<10 lines>...
        **response_kw,
    )
  File "/usr/local/lib/python3.14/site-packages/urllib3/connectionpool.py", line 493, in _make_request
    conn.request(
    ~~~~~~~~~~~~^
        method,
        ^^^^^^^
    ...<6 lines>...
        enforce_content_length=enforce_content_length,
        ^^^^^^^^^^^^^^^^^^^^^^^^^^^^^^^^^^^^^^^^^^^^^^
    )
    ^
  File "/usr/local/lib/python3.14/site-packages/urllib3/connection.py", line 500, in request
    self.endheaders()
    ~~~~~~~~~~~~~~~^^
  File "/usr/local/lib/python3.14/http/client.py", line 1353, in endheaders
    self._send_output(message_body, encode_chunked=encode_chunked)
    ~~~~~~~~~~~~~~~~~^^^^^^^^^^^^^^^^^^^^^^^^^^^^^^^^^^^^^^^^^^^^^
  File "/usr/local/lib/python3.14/http/client.py", line 1113, in _send_output
    self.send(msg)
    ~~~~~~~~~^^^^^
  File "/usr/local/lib/python3.14/http/client.py", line 1057, in send
    self.connect()
    ~~~~~~~~~~~~^^
  File "/usr/local/lib/python3.14/site-packages/urllib3/connection.py", line 331, in connect
    self.sock = self._new_conn()
                ~~~~~~~~~~~~~~^^
  File "/usr/local/lib/python3.14/site-packages/urllib3/connection.py", line 219, in _new_conn
    raise NewConnectionError(
        self, f"Failed to establish a new connection: {e}"
    ) from e
urllib3.exceptions.NewConnectionError: HTTPConnection(host='localhost', port=8082): Failed to establish a new connection: [Errno 111] Connection refused

The above exception was the direct cause of the following exception:

Traceback (most recent call last):
  File "/usr/local/lib/python3.14/site-packages/requests/adapters.py", line 644, in send
    resp = conn.urlopen(
        method=request.method,
    ...<9 lines>...
        chunked=chunked,
    )
  File "/usr/local/lib/python3.14/site-packages/urllib3/connectionpool.py", line 841, in urlopen
    retries = retries.increment(
        method, url, error=new_e, _pool=self, _stacktrace=sys.exc_info()[2]
    )
  File "/usr/local/lib/python3.14/site-packages/urllib3/util/retry.py", line 535, in increment
    raise MaxRetryError(_pool, url, reason) from reason  # type: ignore[arg-type]
    ^^^^^^^^^^^^^^^^^^^^^^^^^^^^^^^^^^^^^^^^^^^^^^^^^^^
urllib3.exceptions.MaxRetryError: HTTPConnectionPool(host='localhost', port=8082): Max retries exceeded with url: /v1/documents (Caused by NewConnectionError("HTTPConnection(host='localhost', port=8082): Failed to establish a new connection: [Errno 111] Connection refused"))

During handling of the above exception, another exception occurred:

Traceback (most recent call last):
  File "/u/bglq/projects/rag/rag-refactor/deploy/singularity/scripts/ingest_collections.py", line 446, in ingest_collection
    task_id = client.upload_batch(batch, result.collection_name, chunk_size, chunk_overlap)
  File "/u/bglq/projects/rag/rag-refactor/deploy/singularity/scripts/ingest_collections.py", line 282, in upload_batch
    resp = requests.post(url, files=files_form, timeout=300)
  File "/usr/local/lib/python3.14/site-packages/requests/api.py", line 115, in post
    return request("post", url, data=data, json=json, **kwargs)
  File "/usr/local/lib/python3.14/site-packages/requests/api.py", line 59, in request
    return session.request(method=method, url=url, **kwargs)
           ~~~~~~~~~~~~~~~^^^^^^^^^^^^^^^^^^^^^^^^^^^^^^^^^^
  File "/usr/local/lib/python3.14/site-packages/requests/sessions.py", line 589, in request
    resp = self.send(prep, **send_kwargs)
  File "/usr/local/lib/python3.14/site-packages/requests/sessions.py", line 703, in send
    r = adapter.send(request, **kwargs)
  File "/usr/local/lib/python3.14/site-packages/requests/adapters.py", line 677, in send
    raise ConnectionError(e, request=request)
requests.exceptions.ConnectionError: HTTPConnectionPool(host='localhost', port=8082): Max retries exceeded with url: /v1/documents (Caused by NewConnectionError("HTTPConnection(host='localhost', port=8082): Failed to establish a new connection: [Errno 111] Connection refused"))
2026-02-27 16:45:27 | INFO     | --- batch 4/131 (16 files) ---
2026-02-27 16:45:27 | DEBUG    |   Files: 1990-23.pdf, 1990-24.pdf, 1990-25.pdf, 1990-26.pdf, 1990-27.pdf, 1991-01.pdf, 1991-02.pdf, 1991-03.pdf, 1991-04.pdf, 1991-05.pdf, 1991-06.pdf, 1991-07.pdf, 1991-08.pdf, 1991-09.pdf, 1991-10.pdf, 1991-11.pdf
2026-02-27 16:45:27 | ERROR    | ❌ batch 4/131 (16 files) failed: HTTPConnectionPool(host='localhost', port=8082): Max retries exceeded with url: /v1/documents (Caused by NewConnectionError("HTTPConnection(host='localhost', port=8082): Failed to establish a new connection: [Errno 111] Connection refused"))
Traceback (most recent call last):
  File "/usr/local/lib/python3.14/site-packages/urllib3/connection.py", line 204, in _new_conn
    sock = connection.create_connection(
        (self._dns_host, self.port),
    ...<2 lines>...
        socket_options=self.socket_options,
    )
  File "/usr/local/lib/python3.14/site-packages/urllib3/util/connection.py", line 85, in create_connection
    raise err
  File "/usr/local/lib/python3.14/site-packages/urllib3/util/connection.py", line 73, in create_connection
    sock.connect(sa)
    ~~~~~~~~~~~~^^^^
ConnectionRefusedError: [Errno 111] Connection refused

The above exception was the direct cause of the following exception:

Traceback (most recent call last):
  File "/usr/local/lib/python3.14/site-packages/urllib3/connectionpool.py", line 787, in urlopen
    response = self._make_request(
        conn,
    ...<10 lines>...
        **response_kw,
    )
  File "/usr/local/lib/python3.14/site-packages/urllib3/connectionpool.py", line 493, in _make_request
    conn.request(
    ~~~~~~~~~~~~^
        method,
        ^^^^^^^
    ...<6 lines>...
        enforce_content_length=enforce_content_length,
        ^^^^^^^^^^^^^^^^^^^^^^^^^^^^^^^^^^^^^^^^^^^^^^
    )
    ^
  File "/usr/local/lib/python3.14/site-packages/urllib3/connection.py", line 500, in request
    self.endheaders()
    ~~~~~~~~~~~~~~~^^
  File "/usr/local/lib/python3.14/http/client.py", line 1353, in endheaders
    self._send_output(message_body, encode_chunked=encode_chunked)
    ~~~~~~~~~~~~~~~~~^^^^^^^^^^^^^^^^^^^^^^^^^^^^^^^^^^^^^^^^^^^^^
  File "/usr/local/lib/python3.14/http/client.py", line 1113, in _send_output
    self.send(msg)
    ~~~~~~~~~^^^^^
  File "/usr/local/lib/python3.14/http/client.py", line 1057, in send
    self.connect()
    ~~~~~~~~~~~~^^
  File "/usr/local/lib/python3.14/site-packages/urllib3/connection.py", line 331, in connect
    self.sock = self._new_conn()
                ~~~~~~~~~~~~~~^^
  File "/usr/local/lib/python3.14/site-packages/urllib3/connection.py", line 219, in _new_conn
    raise NewConnectionError(
        self, f"Failed to establish a new connection: {e}"
    ) from e
urllib3.exceptions.NewConnectionError: HTTPConnection(host='localhost', port=8082): Failed to establish a new connection: [Errno 111] Connection refused

The above exception was the direct cause of the following exception:

Traceback (most recent call last):
  File "/usr/local/lib/python3.14/site-packages/requests/adapters.py", line 644, in send
    resp = conn.urlopen(
        method=request.method,
    ...<9 lines>...
        chunked=chunked,
    )
  File "/usr/local/lib/python3.14/site-packages/urllib3/connectionpool.py", line 841, in urlopen
    retries = retries.increment(
        method, url, error=new_e, _pool=self, _stacktrace=sys.exc_info()[2]
    )
  File "/usr/local/lib/python3.14/site-packages/urllib3/util/retry.py", line 535, in increment
    raise MaxRetryError(_pool, url, reason) from reason  # type: ignore[arg-type]
    ^^^^^^^^^^^^^^^^^^^^^^^^^^^^^^^^^^^^^^^^^^^^^^^^^^^
urllib3.exceptions.MaxRetryError: HTTPConnectionPool(host='localhost', port=8082): Max retries exceeded with url: /v1/documents (Caused by NewConnectionError("HTTPConnection(host='localhost', port=8082): Failed to establish a new connection: [Errno 111] Connection refused"))

During handling of the above exception, another exception occurred:

Traceback (most recent call last):
  File "/u/bglq/projects/rag/rag-refactor/deploy/singularity/scripts/ingest_collections.py", line 446, in ingest_collection
    task_id = client.upload_batch(batch, result.collection_name, chunk_size, chunk_overlap)
  File "/u/bglq/projects/rag/rag-refactor/deploy/singularity/scripts/ingest_collections.py", line 282, in upload_batch
    resp = requests.post(url, files=files_form, timeout=300)
  File "/usr/local/lib/python3.14/site-packages/requests/api.py", line 115, in post
    return request("post", url, data=data, json=json, **kwargs)
  File "/usr/local/lib/python3.14/site-packages/requests/api.py", line 59, in request
    return session.request(method=method, url=url, **kwargs)
           ~~~~~~~~~~~~~~~^^^^^^^^^^^^^^^^^^^^^^^^^^^^^^^^^^
  File "/usr/local/lib/python3.14/site-packages/requests/sessions.py", line 589, in request
    resp = self.send(prep, **send_kwargs)
  File "/usr/local/lib/python3.14/site-packages/requests/sessions.py", line 703, in send
    r = adapter.send(request, **kwargs)
  File "/usr/local/lib/python3.14/site-packages/requests/adapters.py", line 677, in send
    raise ConnectionError(e, request=request)
requests.exceptions.ConnectionError: HTTPConnectionPool(host='localhost', port=8082): Max retries exceeded with url: /v1/documents (Caused by NewConnectionError("HTTPConnection(host='localhost', port=8082): Failed to establish a new connection: [Errno 111] Connection refused"))
2026-02-27 16:45:27 | INFO     | --- batch 5/131 (16 files) ---
2026-02-27 16:45:27 | DEBUG    |   Files: 1991-12.pdf, 1991-13.pdf, 1991-14.pdf, 1991-15.pdf, 1991-16.pdf, 1991-17.pdf, 1991-18.pdf, 1991-19.pdf, 1991-20.pdf, 1991-21.pdf, 1991-22.pdf, 1991-23.pdf, 1991-24.pdf, 1991-25.pdf, 1991-26.pdf, 1991-27.pdf
2026-02-27 16:45:27 | ERROR    | ❌ batch 5/131 (16 files) failed: HTTPConnectionPool(host='localhost', port=8082): Max retries exceeded with url: /v1/documents (Caused by NewConnectionError("HTTPConnection(host='localhost', port=8082): Failed to establish a new connection: [Errno 111] Connection refused"))
Traceback (most recent call last):
  File "/usr/local/lib/python3.14/site-packages/urllib3/connection.py", line 204, in _new_conn
    sock = connection.create_connection(
        (self._dns_host, self.port),
    ...<2 lines>...
        socket_options=self.socket_options,
    )
  File "/usr/local/lib/python3.14/site-packages/urllib3/util/connection.py", line 85, in create_connection
    raise err
  File "/usr/local/lib/python3.14/site-packages/urllib3/util/connection.py", line 73, in create_connection
    sock.connect(sa)
    ~~~~~~~~~~~~^^^^
ConnectionRefusedError: [Errno 111] Connection refused

The above exception was the direct cause of the following exception:

Traceback (most recent call last):
  File "/usr/local/lib/python3.14/site-packages/urllib3/connectionpool.py", line 787, in urlopen
    response = self._make_request(
        conn,
    ...<10 lines>...
        **response_kw,
    )
  File "/usr/local/lib/python3.14/site-packages/urllib3/connectionpool.py", line 493, in _make_request
    conn.request(
    ~~~~~~~~~~~~^
        method,
        ^^^^^^^
    ...<6 lines>...
        enforce_content_length=enforce_content_length,
        ^^^^^^^^^^^^^^^^^^^^^^^^^^^^^^^^^^^^^^^^^^^^^^
    )
    ^
  File "/usr/local/lib/python3.14/site-packages/urllib3/connection.py", line 500, in request
    self.endheaders()
    ~~~~~~~~~~~~~~~^^
  File "/usr/local/lib/python3.14/http/client.py", line 1353, in endheaders
    self._send_output(message_body, encode_chunked=encode_chunked)
    ~~~~~~~~~~~~~~~~~^^^^^^^^^^^^^^^^^^^^^^^^^^^^^^^^^^^^^^^^^^^^^
  File "/usr/local/lib/python3.14/http/client.py", line 1113, in _send_output
    self.send(msg)
    ~~~~~~~~~^^^^^
  File "/usr/local/lib/python3.14/http/client.py", line 1057, in send
    self.connect()
    ~~~~~~~~~~~~^^
  File "/usr/local/lib/python3.14/site-packages/urllib3/connection.py", line 331, in connect
    self.sock = self._new_conn()
                ~~~~~~~~~~~~~~^^
  File "/usr/local/lib/python3.14/site-packages/urllib3/connection.py", line 219, in _new_conn
    raise NewConnectionError(
        self, f"Failed to establish a new connection: {e}"
    ) from e
urllib3.exceptions.NewConnectionError: HTTPConnection(host='localhost', port=8082): Failed to establish a new connection: [Errno 111] Connection refused

The above exception was the direct cause of the following exception:

Traceback (most recent call last):
  File "/usr/local/lib/python3.14/site-packages/requests/adapters.py", line 644, in send
    resp = conn.urlopen(
        method=request.method,
    ...<9 lines>...
        chunked=chunked,
    )
  File "/usr/local/lib/python3.14/site-packages/urllib3/connectionpool.py", line 841, in urlopen
    retries = retries.increment(
        method, url, error=new_e, _pool=self, _stacktrace=sys.exc_info()[2]
    )
  File "/usr/local/lib/python3.14/site-packages/urllib3/util/retry.py", line 535, in increment
    raise MaxRetryError(_pool, url, reason) from reason  # type: ignore[arg-type]
    ^^^^^^^^^^^^^^^^^^^^^^^^^^^^^^^^^^^^^^^^^^^^^^^^^^^
urllib3.exceptions.MaxRetryError: HTTPConnectionPool(host='localhost', port=8082): Max retries exceeded with url: /v1/documents (Caused by NewConnectionError("HTTPConnection(host='localhost', port=8082): Failed to establish a new connection: [Errno 111] Connection refused"))

During handling of the above exception, another exception occurred:

Traceback (most recent call last):
  File "/u/bglq/projects/rag/rag-refactor/deploy/singularity/scripts/ingest_collections.py", line 446, in ingest_collection
    task_id = client.upload_batch(batch, result.collection_name, chunk_size, chunk_overlap)
  File "/u/bglq/projects/rag/rag-refactor/deploy/singularity/scripts/ingest_collections.py", line 282, in upload_batch
    resp = requests.post(url, files=files_form, timeout=300)
  File "/usr/local/lib/python3.14/site-packages/requests/api.py", line 115, in post
    return request("post", url, data=data, json=json, **kwargs)
  File "/usr/local/lib/python3.14/site-packages/requests/api.py", line 59, in request
    return session.request(method=method, url=url, **kwargs)
           ~~~~~~~~~~~~~~~^^^^^^^^^^^^^^^^^^^^^^^^^^^^^^^^^^
  File "/usr/local/lib/python3.14/site-packages/requests/sessions.py", line 589, in request
    resp = self.send(prep, **send_kwargs)
  File "/usr/local/lib/python3.14/site-packages/requests/sessions.py", line 703, in send
    r = adapter.send(request, **kwargs)
  File "/usr/local/lib/python3.14/site-packages/requests/adapters.py", line 677, in send
    raise ConnectionError(e, request=request)
requests.exceptions.ConnectionError: HTTPConnectionPool(host='localhost', port=8082): Max retries exceeded with url: /v1/documents (Caused by NewConnectionError("HTTPConnection(host='localhost', port=8082): Failed to establish a new connection: [Errno 111] Connection refused"))
2026-02-27 16:45:27 | INFO     | --- batch 6/131 (16 files) ---
2026-02-27 16:45:27 | DEBUG    |   Files: 1991-28.pdf, 1991-29.pdf, 1991-30.pdf, 1991-31.pdf, 1991-32.pdf, 1991-33.pdf, 1991-34.pdf, 1991-35.pdf, 1992-02.pdf, 1992-03.pdf, 1992-04.pdf, 1992-05.pdf, 1992-06.pdf, 1992-07.pdf, 1992-11.pdf, 1992-15.pdf
2026-02-27 16:45:27 | ERROR    | ❌ batch 6/131 (16 files) failed: HTTPConnectionPool(host='localhost', port=8082): Max retries exceeded with url: /v1/documents (Caused by NewConnectionError("HTTPConnection(host='localhost', port=8082): Failed to establish a new connection: [Errno 111] Connection refused"))
Traceback (most recent call last):
  File "/usr/local/lib/python3.14/site-packages/urllib3/connection.py", line 204, in _new_conn
    sock = connection.create_connection(
        (self._dns_host, self.port),
    ...<2 lines>...
        socket_options=self.socket_options,
    )
  File "/usr/local/lib/python3.14/site-packages/urllib3/util/connection.py", line 85, in create_connection
    raise err
  File "/usr/local/lib/python3.14/site-packages/urllib3/util/connection.py", line 73, in create_connection
    sock.connect(sa)
    ~~~~~~~~~~~~^^^^
ConnectionRefusedError: [Errno 111] Connection refused

The above exception was the direct cause of the following exception:

Traceback (most recent call last):
  File "/usr/local/lib/python3.14/site-packages/urllib3/connectionpool.py", line 787, in urlopen
    response = self._make_request(
        conn,
    ...<10 lines>...
        **response_kw,
    )
  File "/usr/local/lib/python3.14/site-packages/urllib3/connectionpool.py", line 493, in _make_request
    conn.request(
    ~~~~~~~~~~~~^
        method,
        ^^^^^^^
    ...<6 lines>...
        enforce_content_length=enforce_content_length,
        ^^^^^^^^^^^^^^^^^^^^^^^^^^^^^^^^^^^^^^^^^^^^^^
    )
    ^
  File "/usr/local/lib/python3.14/site-packages/urllib3/connection.py", line 500, in request
    self.endheaders()
    ~~~~~~~~~~~~~~~^^
  File "/usr/local/lib/python3.14/http/client.py", line 1353, in endheaders
    self._send_output(message_body, encode_chunked=encode_chunked)
    ~~~~~~~~~~~~~~~~~^^^^^^^^^^^^^^^^^^^^^^^^^^^^^^^^^^^^^^^^^^^^^
  File "/usr/local/lib/python3.14/http/client.py", line 1113, in _send_output
    self.send(msg)
    ~~~~~~~~~^^^^^
  File "/usr/local/lib/python3.14/http/client.py", line 1057, in send
    self.connect()
    ~~~~~~~~~~~~^^
  File "/usr/local/lib/python3.14/site-packages/urllib3/connection.py", line 331, in connect
    self.sock = self._new_conn()
                ~~~~~~~~~~~~~~^^
  File "/usr/local/lib/python3.14/site-packages/urllib3/connection.py", line 219, in _new_conn
    raise NewConnectionError(
        self, f"Failed to establish a new connection: {e}"
    ) from e
urllib3.exceptions.NewConnectionError: HTTPConnection(host='localhost', port=8082): Failed to establish a new connection: [Errno 111] Connection refused

The above exception was the direct cause of the following exception:

Traceback (most recent call last):
  File "/usr/local/lib/python3.14/site-packages/requests/adapters.py", line 644, in send
    resp = conn.urlopen(
        method=request.method,
    ...<9 lines>...
        chunked=chunked,
    )
  File "/usr/local/lib/python3.14/site-packages/urllib3/connectionpool.py", line 841, in urlopen
    retries = retries.increment(
        method, url, error=new_e, _pool=self, _stacktrace=sys.exc_info()[2]
    )
  File "/usr/local/lib/python3.14/site-packages/urllib3/util/retry.py", line 535, in increment
    raise MaxRetryError(_pool, url, reason) from reason  # type: ignore[arg-type]
    ^^^^^^^^^^^^^^^^^^^^^^^^^^^^^^^^^^^^^^^^^^^^^^^^^^^
urllib3.exceptions.MaxRetryError: HTTPConnectionPool(host='localhost', port=8082): Max retries exceeded with url: /v1/documents (Caused by NewConnectionError("HTTPConnection(host='localhost', port=8082): Failed to establish a new connection: [Errno 111] Connection refused"))

During handling of the above exception, another exception occurred:

Traceback (most recent call last):
  File "/u/bglq/projects/rag/rag-refactor/deploy/singularity/scripts/ingest_collections.py", line 446, in ingest_collection
    task_id = client.upload_batch(batch, result.collection_name, chunk_size, chunk_overlap)
  File "/u/bglq/projects/rag/rag-refactor/deploy/singularity/scripts/ingest_collections.py", line 282, in upload_batch
    resp = requests.post(url, files=files_form, timeout=300)
  File "/usr/local/lib/python3.14/site-packages/requests/api.py", line 115, in post
    return request("post", url, data=data, json=json, **kwargs)
  File "/usr/local/lib/python3.14/site-packages/requests/api.py", line 59, in request
    return session.request(method=method, url=url, **kwargs)
           ~~~~~~~~~~~~~~~^^^^^^^^^^^^^^^^^^^^^^^^^^^^^^^^^^
  File "/usr/local/lib/python3.14/site-packages/requests/sessions.py", line 589, in request
    resp = self.send(prep, **send_kwargs)
  File "/usr/local/lib/python3.14/site-packages/requests/sessions.py", line 703, in send
    r = adapter.send(request, **kwargs)
  File "/usr/local/lib/python3.14/site-packages/requests/adapters.py", line 677, in send
    raise ConnectionError(e, request=request)
requests.exceptions.ConnectionError: HTTPConnectionPool(host='localhost', port=8082): Max retries exceeded with url: /v1/documents (Caused by NewConnectionError("HTTPConnection(host='localhost', port=8082): Failed to establish a new connection: [Errno 111] Connection refused"))
2026-02-27 16:45:27 | INFO     | --- batch 7/131 (16 files) ---
2026-02-27 16:45:27 | DEBUG    |   Files: 1992-17.pdf, 1992-18.pdf, 1992-19.pdf, 1992-24.pdf, 1992-25.pdf, 1992-26.pdf, 1992-27.pdf, 1993-01.pdf, 1993-02.pdf, 1993-03.pdf, 1993-04.pdf, 1993-05a.pdf, 1993-05b.pdf, 1993-06.pdf, 1993-07.pdf, 1993-08.pdf
2026-02-27 16:45:27 | ERROR    | ❌ batch 7/131 (16 files) failed: HTTPConnectionPool(host='localhost', port=8082): Max retries exceeded with url: /v1/documents (Caused by NewConnectionError("HTTPConnection(host='localhost', port=8082): Failed to establish a new connection: [Errno 111] Connection refused"))
Traceback (most recent call last):
  File "/usr/local/lib/python3.14/site-packages/urllib3/connection.py", line 204, in _new_conn
    sock = connection.create_connection(
        (self._dns_host, self.port),
    ...<2 lines>...
        socket_options=self.socket_options,
    )
  File "/usr/local/lib/python3.14/site-packages/urllib3/util/connection.py", line 85, in create_connection
    raise err
  File "/usr/local/lib/python3.14/site-packages/urllib3/util/connection.py", line 73, in create_connection
    sock.connect(sa)
    ~~~~~~~~~~~~^^^^
ConnectionRefusedError: [Errno 111] Connection refused

The above exception was the direct cause of the following exception:

Traceback (most recent call last):
  File "/usr/local/lib/python3.14/site-packages/urllib3/connectionpool.py", line 787, in urlopen
    response = self._make_request(
        conn,
    ...<10 lines>...
        **response_kw,
    )
  File "/usr/local/lib/python3.14/site-packages/urllib3/connectionpool.py", line 493, in _make_request
    conn.request(
    ~~~~~~~~~~~~^
        method,
        ^^^^^^^
    ...<6 lines>...
        enforce_content_length=enforce_content_length,
        ^^^^^^^^^^^^^^^^^^^^^^^^^^^^^^^^^^^^^^^^^^^^^^
    )
    ^
  File "/usr/local/lib/python3.14/site-packages/urllib3/connection.py", line 500, in request
    self.endheaders()
    ~~~~~~~~~~~~~~~^^
  File "/usr/local/lib/python3.14/http/client.py", line 1353, in endheaders
    self._send_output(message_body, encode_chunked=encode_chunked)
    ~~~~~~~~~~~~~~~~~^^^^^^^^^^^^^^^^^^^^^^^^^^^^^^^^^^^^^^^^^^^^^
  File "/usr/local/lib/python3.14/http/client.py", line 1113, in _send_output
    self.send(msg)
    ~~~~~~~~~^^^^^
  File "/usr/local/lib/python3.14/http/client.py", line 1057, in send
    self.connect()
    ~~~~~~~~~~~~^^
  File "/usr/local/lib/python3.14/site-packages/urllib3/connection.py", line 331, in connect
    self.sock = self._new_conn()
                ~~~~~~~~~~~~~~^^
  File "/usr/local/lib/python3.14/site-packages/urllib3/connection.py", line 219, in _new_conn
    raise NewConnectionError(
        self, f"Failed to establish a new connection: {e}"
    ) from e
urllib3.exceptions.NewConnectionError: HTTPConnection(host='localhost', port=8082): Failed to establish a new connection: [Errno 111] Connection refused

The above exception was the direct cause of the following exception:

Traceback (most recent call last):
  File "/usr/local/lib/python3.14/site-packages/requests/adapters.py", line 644, in send
    resp = conn.urlopen(
        method=request.method,
    ...<9 lines>...
        chunked=chunked,
    )
  File "/usr/local/lib/python3.14/site-packages/urllib3/connectionpool.py", line 841, in urlopen
    retries = retries.increment(
        method, url, error=new_e, _pool=self, _stacktrace=sys.exc_info()[2]
    )
  File "/usr/local/lib/python3.14/site-packages/urllib3/util/retry.py", line 535, in increment
    raise MaxRetryError(_pool, url, reason) from reason  # type: ignore[arg-type]
    ^^^^^^^^^^^^^^^^^^^^^^^^^^^^^^^^^^^^^^^^^^^^^^^^^^^
urllib3.exceptions.MaxRetryError: HTTPConnectionPool(host='localhost', port=8082): Max retries exceeded with url: /v1/documents (Caused by NewConnectionError("HTTPConnection(host='localhost', port=8082): Failed to establish a new connection: [Errno 111] Connection refused"))

During handling of the above exception, another exception occurred:

Traceback (most recent call last):
  File "/u/bglq/projects/rag/rag-refactor/deploy/singularity/scripts/ingest_collections.py", line 446, in ingest_collection
    task_id = client.upload_batch(batch, result.collection_name, chunk_size, chunk_overlap)
  File "/u/bglq/projects/rag/rag-refactor/deploy/singularity/scripts/ingest_collections.py", line 282, in upload_batch
    resp = requests.post(url, files=files_form, timeout=300)
  File "/usr/local/lib/python3.14/site-packages/requests/api.py", line 115, in post
    return request("post", url, data=data, json=json, **kwargs)
  File "/usr/local/lib/python3.14/site-packages/requests/api.py", line 59, in request
    return session.request(method=method, url=url, **kwargs)
           ~~~~~~~~~~~~~~~^^^^^^^^^^^^^^^^^^^^^^^^^^^^^^^^^^
  File "/usr/local/lib/python3.14/site-packages/requests/sessions.py", line 589, in request
    resp = self.send(prep, **send_kwargs)
  File "/usr/local/lib/python3.14/site-packages/requests/sessions.py", line 703, in send
    r = adapter.send(request, **kwargs)
  File "/usr/local/lib/python3.14/site-packages/requests/adapters.py", line 677, in send
    raise ConnectionError(e, request=request)
requests.exceptions.ConnectionError: HTTPConnectionPool(host='localhost', port=8082): Max retries exceeded with url: /v1/documents (Caused by NewConnectionError("HTTPConnection(host='localhost', port=8082): Failed to establish a new connection: [Errno 111] Connection refused"))
2026-02-27 16:45:27 | INFO     | --- batch 8/131 (16 files) ---
2026-02-27 16:45:27 | DEBUG    |   Files: 1993-09.pdf, 1993-10.pdf, 1993-11.pdf, 1993-12.pdf, 1993-13.pdf, 1993-14.pdf, 1993-15.pdf, 1993-16.pdf, 1993-17.pdf, 1993-18.pdf, 1993-19.pdf, 1993-20.pdf, 1993-21.pdf, 1993-22.pdf, 1993-23a.pdf, 1993-23b.pdf
2026-02-27 16:45:28 | ERROR    | ❌ batch 8/131 (16 files) failed: HTTPConnectionPool(host='localhost', port=8082): Max retries exceeded with url: /v1/documents (Caused by NewConnectionError("HTTPConnection(host='localhost', port=8082): Failed to establish a new connection: [Errno 111] Connection refused"))
Traceback (most recent call last):
  File "/usr/local/lib/python3.14/site-packages/urllib3/connection.py", line 204, in _new_conn
    sock = connection.create_connection(
        (self._dns_host, self.port),
    ...<2 lines>...
        socket_options=self.socket_options,
    )
  File "/usr/local/lib/python3.14/site-packages/urllib3/util/connection.py", line 85, in create_connection
    raise err
  File "/usr/local/lib/python3.14/site-packages/urllib3/util/connection.py", line 73, in create_connection
    sock.connect(sa)
    ~~~~~~~~~~~~^^^^
ConnectionRefusedError: [Errno 111] Connection refused

The above exception was the direct cause of the following exception:

Traceback (most recent call last):
  File "/usr/local/lib/python3.14/site-packages/urllib3/connectionpool.py", line 787, in urlopen
    response = self._make_request(
        conn,
    ...<10 lines>...
        **response_kw,
    )
  File "/usr/local/lib/python3.14/site-packages/urllib3/connectionpool.py", line 493, in _make_request
    conn.request(
    ~~~~~~~~~~~~^
        method,
        ^^^^^^^
    ...<6 lines>...
        enforce_content_length=enforce_content_length,
        ^^^^^^^^^^^^^^^^^^^^^^^^^^^^^^^^^^^^^^^^^^^^^^
    )
    ^
  File "/usr/local/lib/python3.14/site-packages/urllib3/connection.py", line 500, in request
    self.endheaders()
    ~~~~~~~~~~~~~~~^^
  File "/usr/local/lib/python3.14/http/client.py", line 1353, in endheaders
    self._send_output(message_body, encode_chunked=encode_chunked)
    ~~~~~~~~~~~~~~~~~^^^^^^^^^^^^^^^^^^^^^^^^^^^^^^^^^^^^^^^^^^^^^
  File "/usr/local/lib/python3.14/http/client.py", line 1113, in _send_output
    self.send(msg)
    ~~~~~~~~~^^^^^
  File "/usr/local/lib/python3.14/http/client.py", line 1057, in send
    self.connect()
    ~~~~~~~~~~~~^^
  File "/usr/local/lib/python3.14/site-packages/urllib3/connection.py", line 331, in connect
    self.sock = self._new_conn()
                ~~~~~~~~~~~~~~^^
  File "/usr/local/lib/python3.14/site-packages/urllib3/connection.py", line 219, in _new_conn
    raise NewConnectionError(
        self, f"Failed to establish a new connection: {e}"
    ) from e
urllib3.exceptions.NewConnectionError: HTTPConnection(host='localhost', port=8082): Failed to establish a new connection: [Errno 111] Connection refused

The above exception was the direct cause of the following exception:

Traceback (most recent call last):
  File "/usr/local/lib/python3.14/site-packages/requests/adapters.py", line 644, in send
    resp = conn.urlopen(
        method=request.method,
    ...<9 lines>...
        chunked=chunked,
    )
  File "/usr/local/lib/python3.14/site-packages/urllib3/connectionpool.py", line 841, in urlopen
    retries = retries.increment(
        method, url, error=new_e, _pool=self, _stacktrace=sys.exc_info()[2]
    )
  File "/usr/local/lib/python3.14/site-packages/urllib3/util/retry.py", line 535, in increment
    raise MaxRetryError(_pool, url, reason) from reason  # type: ignore[arg-type]
    ^^^^^^^^^^^^^^^^^^^^^^^^^^^^^^^^^^^^^^^^^^^^^^^^^^^
urllib3.exceptions.MaxRetryError: HTTPConnectionPool(host='localhost', port=8082): Max retries exceeded with url: /v1/documents (Caused by NewConnectionError("HTTPConnection(host='localhost', port=8082): Failed to establish a new connection: [Errno 111] Connection refused"))

During handling of the above exception, another exception occurred:

Traceback (most recent call last):
  File "/u/bglq/projects/rag/rag-refactor/deploy/singularity/scripts/ingest_collections.py", line 446, in ingest_collection
    task_id = client.upload_batch(batch, result.collection_name, chunk_size, chunk_overlap)
  File "/u/bglq/projects/rag/rag-refactor/deploy/singularity/scripts/ingest_collections.py", line 282, in upload_batch
    resp = requests.post(url, files=files_form, timeout=300)
  File "/usr/local/lib/python3.14/site-packages/requests/api.py", line 115, in post
    return request("post", url, data=data, json=json, **kwargs)
  File "/usr/local/lib/python3.14/site-packages/requests/api.py", line 59, in request
    return session.request(method=method, url=url, **kwargs)
           ~~~~~~~~~~~~~~~^^^^^^^^^^^^^^^^^^^^^^^^^^^^^^^^^^
  File "/usr/local/lib/python3.14/site-packages/requests/sessions.py", line 589, in request
    resp = self.send(prep, **send_kwargs)
  File "/usr/local/lib/python3.14/site-packages/requests/sessions.py", line 703, in send
    r = adapter.send(request, **kwargs)
  File "/usr/local/lib/python3.14/site-packages/requests/adapters.py", line 677, in send
    raise ConnectionError(e, request=request)
requests.exceptions.ConnectionError: HTTPConnectionPool(host='localhost', port=8082): Max retries exceeded with url: /v1/documents (Caused by NewConnectionError("HTTPConnection(host='localhost', port=8082): Failed to establish a new connection: [Errno 111] Connection refused"))
2026-02-27 16:45:28 | INFO     | --- batch 9/131 (16 files) ---
2026-02-27 16:45:28 | DEBUG    |   Files: 1993-24.pdf, 1993-25.pdf, 1993-26.pdf, 1993-27.pdf, 1993-28.pdf, 1993-29.pdf, 1993-30.pdf, 1993-31.pdf, 1993-32.pdf, 1994-01.pdf, 1994-02.pdf, 1994-03.pdf, 1994-04.pdf, 1994-05.pdf, 1994-06.pdf, 1994-07.pdf
2026-02-27 16:45:28 | ERROR    | ❌ batch 9/131 (16 files) failed: HTTPConnectionPool(host='localhost', port=8082): Max retries exceeded with url: /v1/documents (Caused by NewConnectionError("HTTPConnection(host='localhost', port=8082): Failed to establish a new connection: [Errno 111] Connection refused"))
Traceback (most recent call last):
  File "/usr/local/lib/python3.14/site-packages/urllib3/connection.py", line 204, in _new_conn
    sock = connection.create_connection(
        (self._dns_host, self.port),
    ...<2 lines>...
        socket_options=self.socket_options,
    )
  File "/usr/local/lib/python3.14/site-packages/urllib3/util/connection.py", line 85, in create_connection
    raise err
  File "/usr/local/lib/python3.14/site-packages/urllib3/util/connection.py", line 73, in create_connection
    sock.connect(sa)
    ~~~~~~~~~~~~^^^^
ConnectionRefusedError: [Errno 111] Connection refused

The above exception was the direct cause of the following exception:

Traceback (most recent call last):
  File "/usr/local/lib/python3.14/site-packages/urllib3/connectionpool.py", line 787, in urlopen
    response = self._make_request(
        conn,
    ...<10 lines>...
        **response_kw,
    )
  File "/usr/local/lib/python3.14/site-packages/urllib3/connectionpool.py", line 493, in _make_request
    conn.request(
    ~~~~~~~~~~~~^
        method,
        ^^^^^^^
    ...<6 lines>...
        enforce_content_length=enforce_content_length,
        ^^^^^^^^^^^^^^^^^^^^^^^^^^^^^^^^^^^^^^^^^^^^^^
    )
    ^
  File "/usr/local/lib/python3.14/site-packages/urllib3/connection.py", line 500, in request
    self.endheaders()
    ~~~~~~~~~~~~~~~^^
  File "/usr/local/lib/python3.14/http/client.py", line 1353, in endheaders
    self._send_output(message_body, encode_chunked=encode_chunked)
    ~~~~~~~~~~~~~~~~~^^^^^^^^^^^^^^^^^^^^^^^^^^^^^^^^^^^^^^^^^^^^^
  File "/usr/local/lib/python3.14/http/client.py", line 1113, in _send_output
    self.send(msg)
    ~~~~~~~~~^^^^^
  File "/usr/local/lib/python3.14/http/client.py", line 1057, in send
    self.connect()
    ~~~~~~~~~~~~^^
  File "/usr/local/lib/python3.14/site-packages/urllib3/connection.py", line 331, in connect
    self.sock = self._new_conn()
                ~~~~~~~~~~~~~~^^
  File "/usr/local/lib/python3.14/site-packages/urllib3/connection.py", line 219, in _new_conn
    raise NewConnectionError(
        self, f"Failed to establish a new connection: {e}"
    ) from e
urllib3.exceptions.NewConnectionError: HTTPConnection(host='localhost', port=8082): Failed to establish a new connection: [Errno 111] Connection refused

The above exception was the direct cause of the following exception:

Traceback (most recent call last):
  File "/usr/local/lib/python3.14/site-packages/requests/adapters.py", line 644, in send
    resp = conn.urlopen(
        method=request.method,
    ...<9 lines>...
        chunked=chunked,
    )
  File "/usr/local/lib/python3.14/site-packages/urllib3/connectionpool.py", line 841, in urlopen
    retries = retries.increment(
        method, url, error=new_e, _pool=self, _stacktrace=sys.exc_info()[2]
    )
  File "/usr/local/lib/python3.14/site-packages/urllib3/util/retry.py", line 535, in increment
    raise MaxRetryError(_pool, url, reason) from reason  # type: ignore[arg-type]
    ^^^^^^^^^^^^^^^^^^^^^^^^^^^^^^^^^^^^^^^^^^^^^^^^^^^
urllib3.exceptions.MaxRetryError: HTTPConnectionPool(host='localhost', port=8082): Max retries exceeded with url: /v1/documents (Caused by NewConnectionError("HTTPConnection(host='localhost', port=8082): Failed to establish a new connection: [Errno 111] Connection refused"))

During handling of the above exception, another exception occurred:

Traceback (most recent call last):
  File "/u/bglq/projects/rag/rag-refactor/deploy/singularity/scripts/ingest_collections.py", line 446, in ingest_collection
    task_id = client.upload_batch(batch, result.collection_name, chunk_size, chunk_overlap)
  File "/u/bglq/projects/rag/rag-refactor/deploy/singularity/scripts/ingest_collections.py", line 282, in upload_batch
    resp = requests.post(url, files=files_form, timeout=300)
  File "/usr/local/lib/python3.14/site-packages/requests/api.py", line 115, in post
    return request("post", url, data=data, json=json, **kwargs)
  File "/usr/local/lib/python3.14/site-packages/requests/api.py", line 59, in request
    return session.request(method=method, url=url, **kwargs)
           ~~~~~~~~~~~~~~~^^^^^^^^^^^^^^^^^^^^^^^^^^^^^^^^^^
  File "/usr/local/lib/python3.14/site-packages/requests/sessions.py", line 589, in request
    resp = self.send(prep, **send_kwargs)
  File "/usr/local/lib/python3.14/site-packages/requests/sessions.py", line 703, in send
    r = adapter.send(request, **kwargs)
  File "/usr/local/lib/python3.14/site-packages/requests/adapters.py", line 677, in send
    raise ConnectionError(e, request=request)
requests.exceptions.ConnectionError: HTTPConnectionPool(host='localhost', port=8082): Max retries exceeded with url: /v1/documents (Caused by NewConnectionError("HTTPConnection(host='localhost', port=8082): Failed to establish a new connection: [Errno 111] Connection refused"))
2026-02-27 16:45:28 | INFO     | --- batch 10/131 (16 files) ---
2026-02-27 16:45:28 | DEBUG    |   Files: 1994-08.pdf, 1994-09.pdf, 1994-10.pdf, 1994-11.pdf, 1994-12.pdf, 1994-13.pdf, 1994-14.pdf, 1994-15.pdf, 1994-16.pdf, 1994-17.pdf, 1994-18.pdf, 1994-19.pdf, 1994-20.pdf, 1994-21.pdf, 1994-22.pdf, 1994-23.pdf
2026-02-27 16:45:28 | ERROR    | ❌ batch 10/131 (16 files) failed: HTTPConnectionPool(host='localhost', port=8082): Max retries exceeded with url: /v1/documents (Caused by NewConnectionError("HTTPConnection(host='localhost', port=8082): Failed to establish a new connection: [Errno 111] Connection refused"))
Traceback (most recent call last):
  File "/usr/local/lib/python3.14/site-packages/urllib3/connection.py", line 204, in _new_conn
    sock = connection.create_connection(
        (self._dns_host, self.port),
    ...<2 lines>...
        socket_options=self.socket_options,
    )
  File "/usr/local/lib/python3.14/site-packages/urllib3/util/connection.py", line 85, in create_connection
    raise err
  File "/usr/local/lib/python3.14/site-packages/urllib3/util/connection.py", line 73, in create_connection
    sock.connect(sa)
    ~~~~~~~~~~~~^^^^
ConnectionRefusedError: [Errno 111] Connection refused

The above exception was the direct cause of the following exception:

Traceback (most recent call last):
  File "/usr/local/lib/python3.14/site-packages/urllib3/connectionpool.py", line 787, in urlopen
    response = self._make_request(
        conn,
    ...<10 lines>...
        **response_kw,
    )
  File "/usr/local/lib/python3.14/site-packages/urllib3/connectionpool.py", line 493, in _make_request
    conn.request(
    ~~~~~~~~~~~~^
        method,
        ^^^^^^^
    ...<6 lines>...
        enforce_content_length=enforce_content_length,
        ^^^^^^^^^^^^^^^^^^^^^^^^^^^^^^^^^^^^^^^^^^^^^^
    )
    ^
  File "/usr/local/lib/python3.14/site-packages/urllib3/connection.py", line 500, in request
    self.endheaders()
    ~~~~~~~~~~~~~~~^^
  File "/usr/local/lib/python3.14/http/client.py", line 1353, in endheaders
    self._send_output(message_body, encode_chunked=encode_chunked)
    ~~~~~~~~~~~~~~~~~^^^^^^^^^^^^^^^^^^^^^^^^^^^^^^^^^^^^^^^^^^^^^
  File "/usr/local/lib/python3.14/http/client.py", line 1113, in _send_output
    self.send(msg)
    ~~~~~~~~~^^^^^
  File "/usr/local/lib/python3.14/http/client.py", line 1057, in send
    self.connect()
    ~~~~~~~~~~~~^^
  File "/usr/local/lib/python3.14/site-packages/urllib3/connection.py", line 331, in connect
    self.sock = self._new_conn()
                ~~~~~~~~~~~~~~^^
  File "/usr/local/lib/python3.14/site-packages/urllib3/connection.py", line 219, in _new_conn
    raise NewConnectionError(
        self, f"Failed to establish a new connection: {e}"
    ) from e
urllib3.exceptions.NewConnectionError: HTTPConnection(host='localhost', port=8082): Failed to establish a new connection: [Errno 111] Connection refused

The above exception was the direct cause of the following exception:

Traceback (most recent call last):
  File "/usr/local/lib/python3.14/site-packages/requests/adapters.py", line 644, in send
    resp = conn.urlopen(
        method=request.method,
    ...<9 lines>...
        chunked=chunked,
    )
  File "/usr/local/lib/python3.14/site-packages/urllib3/connectionpool.py", line 841, in urlopen
    retries = retries.increment(
        method, url, error=new_e, _pool=self, _stacktrace=sys.exc_info()[2]
    )
  File "/usr/local/lib/python3.14/site-packages/urllib3/util/retry.py", line 535, in increment
    raise MaxRetryError(_pool, url, reason) from reason  # type: ignore[arg-type]
    ^^^^^^^^^^^^^^^^^^^^^^^^^^^^^^^^^^^^^^^^^^^^^^^^^^^
urllib3.exceptions.MaxRetryError: HTTPConnectionPool(host='localhost', port=8082): Max retries exceeded with url: /v1/documents (Caused by NewConnectionError("HTTPConnection(host='localhost', port=8082): Failed to establish a new connection: [Errno 111] Connection refused"))

During handling of the above exception, another exception occurred:

Traceback (most recent call last):
  File "/u/bglq/projects/rag/rag-refactor/deploy/singularity/scripts/ingest_collections.py", line 446, in ingest_collection
    task_id = client.upload_batch(batch, result.collection_name, chunk_size, chunk_overlap)
  File "/u/bglq/projects/rag/rag-refactor/deploy/singularity/scripts/ingest_collections.py", line 282, in upload_batch
    resp = requests.post(url, files=files_form, timeout=300)
  File "/usr/local/lib/python3.14/site-packages/requests/api.py", line 115, in post
    return request("post", url, data=data, json=json, **kwargs)
  File "/usr/local/lib/python3.14/site-packages/requests/api.py", line 59, in request
    return session.request(method=method, url=url, **kwargs)
           ~~~~~~~~~~~~~~~^^^^^^^^^^^^^^^^^^^^^^^^^^^^^^^^^^
  File "/usr/local/lib/python3.14/site-packages/requests/sessions.py", line 589, in request
    resp = self.send(prep, **send_kwargs)
  File "/usr/local/lib/python3.14/site-packages/requests/sessions.py", line 703, in send
    r = adapter.send(request, **kwargs)
  File "/usr/local/lib/python3.14/site-packages/requests/adapters.py", line 677, in send
    raise ConnectionError(e, request=request)
requests.exceptions.ConnectionError: HTTPConnectionPool(host='localhost', port=8082): Max retries exceeded with url: /v1/documents (Caused by NewConnectionError("HTTPConnection(host='localhost', port=8082): Failed to establish a new connection: [Errno 111] Connection refused"))
2026-02-27 16:45:28 | INFO     | --- batch 11/131 (16 files) ---
2026-02-27 16:45:28 | DEBUG    |   Files: 1994-24.pdf, 1994-25.pdf, 1994-26.pdf, 1994-27.pdf, 1994-28.pdf, 1994-29.pdf, 1994-30.pdf, 1994-31.pdf, 1994-32.pdf, 1994-33.pdf, 1995-01.pdf, 1995-02.pdf, 1995-03.pdf, 1995-04.pdf, 1995-05.pdf, 1995-06.pdf
2026-02-27 16:45:29 | ERROR    | ❌ batch 11/131 (16 files) failed: HTTPConnectionPool(host='localhost', port=8082): Max retries exceeded with url: /v1/documents (Caused by NewConnectionError("HTTPConnection(host='localhost', port=8082): Failed to establish a new connection: [Errno 111] Connection refused"))
Traceback (most recent call last):
  File "/usr/local/lib/python3.14/site-packages/urllib3/connection.py", line 204, in _new_conn
    sock = connection.create_connection(
        (self._dns_host, self.port),
    ...<2 lines>...
        socket_options=self.socket_options,
    )
  File "/usr/local/lib/python3.14/site-packages/urllib3/util/connection.py", line 85, in create_connection
    raise err
  File "/usr/local/lib/python3.14/site-packages/urllib3/util/connection.py", line 73, in create_connection
    sock.connect(sa)
    ~~~~~~~~~~~~^^^^
ConnectionRefusedError: [Errno 111] Connection refused

The above exception was the direct cause of the following exception:

Traceback (most recent call last):
  File "/usr/local/lib/python3.14/site-packages/urllib3/connectionpool.py", line 787, in urlopen
    response = self._make_request(
        conn,
    ...<10 lines>...
        **response_kw,
    )
  File "/usr/local/lib/python3.14/site-packages/urllib3/connectionpool.py", line 493, in _make_request
    conn.request(
    ~~~~~~~~~~~~^
        method,
        ^^^^^^^
    ...<6 lines>...
        enforce_content_length=enforce_content_length,
        ^^^^^^^^^^^^^^^^^^^^^^^^^^^^^^^^^^^^^^^^^^^^^^
    )
    ^
  File "/usr/local/lib/python3.14/site-packages/urllib3/connection.py", line 500, in request
    self.endheaders()
    ~~~~~~~~~~~~~~~^^
  File "/usr/local/lib/python3.14/http/client.py", line 1353, in endheaders
    self._send_output(message_body, encode_chunked=encode_chunked)
    ~~~~~~~~~~~~~~~~~^^^^^^^^^^^^^^^^^^^^^^^^^^^^^^^^^^^^^^^^^^^^^
  File "/usr/local/lib/python3.14/http/client.py", line 1113, in _send_output
    self.send(msg)
    ~~~~~~~~~^^^^^
  File "/usr/local/lib/python3.14/http/client.py", line 1057, in send
    self.connect()
    ~~~~~~~~~~~~^^
  File "/usr/local/lib/python3.14/site-packages/urllib3/connection.py", line 331, in connect
    self.sock = self._new_conn()
                ~~~~~~~~~~~~~~^^
  File "/usr/local/lib/python3.14/site-packages/urllib3/connection.py", line 219, in _new_conn
    raise NewConnectionError(
        self, f"Failed to establish a new connection: {e}"
    ) from e
urllib3.exceptions.NewConnectionError: HTTPConnection(host='localhost', port=8082): Failed to establish a new connection: [Errno 111] Connection refused

The above exception was the direct cause of the following exception:

Traceback (most recent call last):
  File "/usr/local/lib/python3.14/site-packages/requests/adapters.py", line 644, in send
    resp = conn.urlopen(
        method=request.method,
    ...<9 lines>...
        chunked=chunked,
    )
  File "/usr/local/lib/python3.14/site-packages/urllib3/connectionpool.py", line 841, in urlopen
    retries = retries.increment(
        method, url, error=new_e, _pool=self, _stacktrace=sys.exc_info()[2]
    )
  File "/usr/local/lib/python3.14/site-packages/urllib3/util/retry.py", line 535, in increment
    raise MaxRetryError(_pool, url, reason) from reason  # type: ignore[arg-type]
    ^^^^^^^^^^^^^^^^^^^^^^^^^^^^^^^^^^^^^^^^^^^^^^^^^^^
urllib3.exceptions.MaxRetryError: HTTPConnectionPool(host='localhost', port=8082): Max retries exceeded with url: /v1/documents (Caused by NewConnectionError("HTTPConnection(host='localhost', port=8082): Failed to establish a new connection: [Errno 111] Connection refused"))

During handling of the above exception, another exception occurred:

Traceback (most recent call last):
  File "/u/bglq/projects/rag/rag-refactor/deploy/singularity/scripts/ingest_collections.py", line 446, in ingest_collection
    task_id = client.upload_batch(batch, result.collection_name, chunk_size, chunk_overlap)
  File "/u/bglq/projects/rag/rag-refactor/deploy/singularity/scripts/ingest_collections.py", line 282, in upload_batch
    resp = requests.post(url, files=files_form, timeout=300)
  File "/usr/local/lib/python3.14/site-packages/requests/api.py", line 115, in post
    return request("post", url, data=data, json=json, **kwargs)
  File "/usr/local/lib/python3.14/site-packages/requests/api.py", line 59, in request
    return session.request(method=method, url=url, **kwargs)
           ~~~~~~~~~~~~~~~^^^^^^^^^^^^^^^^^^^^^^^^^^^^^^^^^^
  File "/usr/local/lib/python3.14/site-packages/requests/sessions.py", line 589, in request
    resp = self.send(prep, **send_kwargs)
  File "/usr/local/lib/python3.14/site-packages/requests/sessions.py", line 703, in send
    r = adapter.send(request, **kwargs)
  File "/usr/local/lib/python3.14/site-packages/requests/adapters.py", line 677, in send
    raise ConnectionError(e, request=request)
requests.exceptions.ConnectionError: HTTPConnectionPool(host='localhost', port=8082): Max retries exceeded with url: /v1/documents (Caused by NewConnectionError("HTTPConnection(host='localhost', port=8082): Failed to establish a new connection: [Errno 111] Connection refused"))
2026-02-27 16:45:29 | INFO     | --- batch 12/131 (16 files) ---
2026-02-27 16:45:29 | DEBUG    |   Files: 1995-07.pdf, 1995-08.pdf, 1995-09.pdf, 1995-10.pdf, 1995-11.pdf, 1995-12.pdf, 1995-13.pdf, 1995-14.pdf, 1995-15.pdf, 1995-16.pdf, 1995-17.pdf, 1995-18.pdf, 1995-19.pdf, 1995-20.pdf, 1995-21.pdf, 1995-22.pdf
2026-02-27 16:45:29 | ERROR    | ❌ batch 12/131 (16 files) failed: HTTPConnectionPool(host='localhost', port=8082): Max retries exceeded with url: /v1/documents (Caused by NewConnectionError("HTTPConnection(host='localhost', port=8082): Failed to establish a new connection: [Errno 111] Connection refused"))
Traceback (most recent call last):
  File "/usr/local/lib/python3.14/site-packages/urllib3/connection.py", line 204, in _new_conn
    sock = connection.create_connection(
        (self._dns_host, self.port),
    ...<2 lines>...
        socket_options=self.socket_options,
    )
  File "/usr/local/lib/python3.14/site-packages/urllib3/util/connection.py", line 85, in create_connection
    raise err
  File "/usr/local/lib/python3.14/site-packages/urllib3/util/connection.py", line 73, in create_connection
    sock.connect(sa)
    ~~~~~~~~~~~~^^^^
ConnectionRefusedError: [Errno 111] Connection refused

The above exception was the direct cause of the following exception:

Traceback (most recent call last):
  File "/usr/local/lib/python3.14/site-packages/urllib3/connectionpool.py", line 787, in urlopen
    response = self._make_request(
        conn,
    ...<10 lines>...
        **response_kw,
    )
  File "/usr/local/lib/python3.14/site-packages/urllib3/connectionpool.py", line 493, in _make_request
    conn.request(
    ~~~~~~~~~~~~^
        method,
        ^^^^^^^
    ...<6 lines>...
        enforce_content_length=enforce_content_length,
        ^^^^^^^^^^^^^^^^^^^^^^^^^^^^^^^^^^^^^^^^^^^^^^
    )
    ^
  File "/usr/local/lib/python3.14/site-packages/urllib3/connection.py", line 500, in request
    self.endheaders()
    ~~~~~~~~~~~~~~~^^
  File "/usr/local/lib/python3.14/http/client.py", line 1353, in endheaders
    self._send_output(message_body, encode_chunked=encode_chunked)
    ~~~~~~~~~~~~~~~~~^^^^^^^^^^^^^^^^^^^^^^^^^^^^^^^^^^^^^^^^^^^^^
  File "/usr/local/lib/python3.14/http/client.py", line 1113, in _send_output
    self.send(msg)
    ~~~~~~~~~^^^^^
  File "/usr/local/lib/python3.14/http/client.py", line 1057, in send
    self.connect()
    ~~~~~~~~~~~~^^
  File "/usr/local/lib/python3.14/site-packages/urllib3/connection.py", line 331, in connect
    self.sock = self._new_conn()
                ~~~~~~~~~~~~~~^^
  File "/usr/local/lib/python3.14/site-packages/urllib3/connection.py", line 219, in _new_conn
    raise NewConnectionError(
        self, f"Failed to establish a new connection: {e}"
    ) from e
urllib3.exceptions.NewConnectionError: HTTPConnection(host='localhost', port=8082): Failed to establish a new connection: [Errno 111] Connection refused

The above exception was the direct cause of the following exception:

Traceback (most recent call last):
  File "/usr/local/lib/python3.14/site-packages/requests/adapters.py", line 644, in send
    resp = conn.urlopen(
        method=request.method,
    ...<9 lines>...
        chunked=chunked,
    )
  File "/usr/local/lib/python3.14/site-packages/urllib3/connectionpool.py", line 841, in urlopen
    retries = retries.increment(
        method, url, error=new_e, _pool=self, _stacktrace=sys.exc_info()[2]
    )
  File "/usr/local/lib/python3.14/site-packages/urllib3/util/retry.py", line 535, in increment
    raise MaxRetryError(_pool, url, reason) from reason  # type: ignore[arg-type]
    ^^^^^^^^^^^^^^^^^^^^^^^^^^^^^^^^^^^^^^^^^^^^^^^^^^^
urllib3.exceptions.MaxRetryError: HTTPConnectionPool(host='localhost', port=8082): Max retries exceeded with url: /v1/documents (Caused by NewConnectionError("HTTPConnection(host='localhost', port=8082): Failed to establish a new connection: [Errno 111] Connection refused"))

During handling of the above exception, another exception occurred:

Traceback (most recent call last):
  File "/u/bglq/projects/rag/rag-refactor/deploy/singularity/scripts/ingest_collections.py", line 446, in ingest_collection
    task_id = client.upload_batch(batch, result.collection_name, chunk_size, chunk_overlap)
  File "/u/bglq/projects/rag/rag-refactor/deploy/singularity/scripts/ingest_collections.py", line 282, in upload_batch
    resp = requests.post(url, files=files_form, timeout=300)
  File "/usr/local/lib/python3.14/site-packages/requests/api.py", line 115, in post
    return request("post", url, data=data, json=json, **kwargs)
  File "/usr/local/lib/python3.14/site-packages/requests/api.py", line 59, in request
    return session.request(method=method, url=url, **kwargs)
           ~~~~~~~~~~~~~~~^^^^^^^^^^^^^^^^^^^^^^^^^^^^^^^^^^
  File "/usr/local/lib/python3.14/site-packages/requests/sessions.py", line 589, in request
    resp = self.send(prep, **send_kwargs)
  File "/usr/local/lib/python3.14/site-packages/requests/sessions.py", line 703, in send
    r = adapter.send(request, **kwargs)
  File "/usr/local/lib/python3.14/site-packages/requests/adapters.py", line 677, in send
    raise ConnectionError(e, request=request)
requests.exceptions.ConnectionError: HTTPConnectionPool(host='localhost', port=8082): Max retries exceeded with url: /v1/documents (Caused by NewConnectionError("HTTPConnection(host='localhost', port=8082): Failed to establish a new connection: [Errno 111] Connection refused"))
2026-02-27 16:45:29 | INFO     | --- batch 13/131 (16 files) ---
2026-02-27 16:45:29 | DEBUG    |   Files: 1995-23.pdf, 1995-24.pdf, 1995-25.pdf, 1995-26.pdf, 1995-27.pdf, 1995-28.pdf, 1995-29.pdf, 1995-30.pdf, 1995-31.pdf, 1995-32.pdf, 1995-33.pdf, 1995-34.pdf, 1995-35.pdf, 1995-36.pdf, 1995-37.pdf, 1995-38.pdf
2026-02-27 16:45:29 | ERROR    | ❌ batch 13/131 (16 files) failed: HTTPConnectionPool(host='localhost', port=8082): Max retries exceeded with url: /v1/documents (Caused by NewConnectionError("HTTPConnection(host='localhost', port=8082): Failed to establish a new connection: [Errno 111] Connection refused"))
Traceback (most recent call last):
  File "/usr/local/lib/python3.14/site-packages/urllib3/connection.py", line 204, in _new_conn
    sock = connection.create_connection(
        (self._dns_host, self.port),
    ...<2 lines>...
        socket_options=self.socket_options,
    )
  File "/usr/local/lib/python3.14/site-packages/urllib3/util/connection.py", line 85, in create_connection
    raise err
  File "/usr/local/lib/python3.14/site-packages/urllib3/util/connection.py", line 73, in create_connection
    sock.connect(sa)
    ~~~~~~~~~~~~^^^^
ConnectionRefusedError: [Errno 111] Connection refused

The above exception was the direct cause of the following exception:

Traceback (most recent call last):
  File "/usr/local/lib/python3.14/site-packages/urllib3/connectionpool.py", line 787, in urlopen
    response = self._make_request(
        conn,
    ...<10 lines>...
        **response_kw,
    )
  File "/usr/local/lib/python3.14/site-packages/urllib3/connectionpool.py", line 493, in _make_request
    conn.request(
    ~~~~~~~~~~~~^
        method,
        ^^^^^^^
    ...<6 lines>...
        enforce_content_length=enforce_content_length,
        ^^^^^^^^^^^^^^^^^^^^^^^^^^^^^^^^^^^^^^^^^^^^^^
    )
    ^
  File "/usr/local/lib/python3.14/site-packages/urllib3/connection.py", line 500, in request
    self.endheaders()
    ~~~~~~~~~~~~~~~^^
  File "/usr/local/lib/python3.14/http/client.py", line 1353, in endheaders
    self._send_output(message_body, encode_chunked=encode_chunked)
    ~~~~~~~~~~~~~~~~~^^^^^^^^^^^^^^^^^^^^^^^^^^^^^^^^^^^^^^^^^^^^^
  File "/usr/local/lib/python3.14/http/client.py", line 1113, in _send_output
    self.send(msg)
    ~~~~~~~~~^^^^^
  File "/usr/local/lib/python3.14/http/client.py", line 1057, in send
    self.connect()
    ~~~~~~~~~~~~^^
  File "/usr/local/lib/python3.14/site-packages/urllib3/connection.py", line 331, in connect
    self.sock = self._new_conn()
                ~~~~~~~~~~~~~~^^
  File "/usr/local/lib/python3.14/site-packages/urllib3/connection.py", line 219, in _new_conn
    raise NewConnectionError(
        self, f"Failed to establish a new connection: {e}"
    ) from e
urllib3.exceptions.NewConnectionError: HTTPConnection(host='localhost', port=8082): Failed to establish a new connection: [Errno 111] Connection refused

The above exception was the direct cause of the following exception:

Traceback (most recent call last):
  File "/usr/local/lib/python3.14/site-packages/requests/adapters.py", line 644, in send
    resp = conn.urlopen(
        method=request.method,
    ...<9 lines>...
        chunked=chunked,
    )
  File "/usr/local/lib/python3.14/site-packages/urllib3/connectionpool.py", line 841, in urlopen
    retries = retries.increment(
        method, url, error=new_e, _pool=self, _stacktrace=sys.exc_info()[2]
    )
  File "/usr/local/lib/python3.14/site-packages/urllib3/util/retry.py", line 535, in increment
    raise MaxRetryError(_pool, url, reason) from reason  # type: ignore[arg-type]
    ^^^^^^^^^^^^^^^^^^^^^^^^^^^^^^^^^^^^^^^^^^^^^^^^^^^
urllib3.exceptions.MaxRetryError: HTTPConnectionPool(host='localhost', port=8082): Max retries exceeded with url: /v1/documents (Caused by NewConnectionError("HTTPConnection(host='localhost', port=8082): Failed to establish a new connection: [Errno 111] Connection refused"))

During handling of the above exception, another exception occurred:

Traceback (most recent call last):
  File "/u/bglq/projects/rag/rag-refactor/deploy/singularity/scripts/ingest_collections.py", line 446, in ingest_collection
    task_id = client.upload_batch(batch, result.collection_name, chunk_size, chunk_overlap)
  File "/u/bglq/projects/rag/rag-refactor/deploy/singularity/scripts/ingest_collections.py", line 282, in upload_batch
    resp = requests.post(url, files=files_form, timeout=300)
  File "/usr/local/lib/python3.14/site-packages/requests/api.py", line 115, in post
    return request("post", url, data=data, json=json, **kwargs)
  File "/usr/local/lib/python3.14/site-packages/requests/api.py", line 59, in request
    return session.request(method=method, url=url, **kwargs)
           ~~~~~~~~~~~~~~~^^^^^^^^^^^^^^^^^^^^^^^^^^^^^^^^^^
  File "/usr/local/lib/python3.14/site-packages/requests/sessions.py", line 589, in request
    resp = self.send(prep, **send_kwargs)
  File "/usr/local/lib/python3.14/site-packages/requests/sessions.py", line 703, in send
    r = adapter.send(request, **kwargs)
  File "/usr/local/lib/python3.14/site-packages/requests/adapters.py", line 677, in send
    raise ConnectionError(e, request=request)
requests.exceptions.ConnectionError: HTTPConnectionPool(host='localhost', port=8082): Max retries exceeded with url: /v1/documents (Caused by NewConnectionError("HTTPConnection(host='localhost', port=8082): Failed to establish a new connection: [Errno 111] Connection refused"))
2026-02-27 16:45:29 | INFO     | --- batch 14/131 (16 files) ---
2026-02-27 16:45:29 | DEBUG    |   Files: 1995-39.pdf, 1995-40.pdf, 1995-41.pdf, 1995-42.pdf, 1995-43.pdf, 1995-44.pdf, 1995-45.pdf, 1995-46.pdf, 1996-01.pdf, 1996-02.pdf, 1996-03.pdf, 1996-04.pdf, 1996-05.pdf, 1996-06.pdf, 1996-07.pdf, 1996-08.pdf
2026-02-27 16:45:30 | ERROR    | ❌ batch 14/131 (16 files) failed: HTTPConnectionPool(host='localhost', port=8082): Max retries exceeded with url: /v1/documents (Caused by NewConnectionError("HTTPConnection(host='localhost', port=8082): Failed to establish a new connection: [Errno 111] Connection refused"))
Traceback (most recent call last):
  File "/usr/local/lib/python3.14/site-packages/urllib3/connection.py", line 204, in _new_conn
    sock = connection.create_connection(
        (self._dns_host, self.port),
    ...<2 lines>...
        socket_options=self.socket_options,
    )
  File "/usr/local/lib/python3.14/site-packages/urllib3/util/connection.py", line 85, in create_connection
    raise err
  File "/usr/local/lib/python3.14/site-packages/urllib3/util/connection.py", line 73, in create_connection
    sock.connect(sa)
    ~~~~~~~~~~~~^^^^
ConnectionRefusedError: [Errno 111] Connection refused

The above exception was the direct cause of the following exception:

Traceback (most recent call last):
  File "/usr/local/lib/python3.14/site-packages/urllib3/connectionpool.py", line 787, in urlopen
    response = self._make_request(
        conn,
    ...<10 lines>...
        **response_kw,
    )
  File "/usr/local/lib/python3.14/site-packages/urllib3/connectionpool.py", line 493, in _make_request
    conn.request(
    ~~~~~~~~~~~~^
        method,
        ^^^^^^^
    ...<6 lines>...
        enforce_content_length=enforce_content_length,
        ^^^^^^^^^^^^^^^^^^^^^^^^^^^^^^^^^^^^^^^^^^^^^^
    )
    ^
  File "/usr/local/lib/python3.14/site-packages/urllib3/connection.py", line 500, in request
    self.endheaders()
    ~~~~~~~~~~~~~~~^^
  File "/usr/local/lib/python3.14/http/client.py", line 1353, in endheaders
    self._send_output(message_body, encode_chunked=encode_chunked)
    ~~~~~~~~~~~~~~~~~^^^^^^^^^^^^^^^^^^^^^^^^^^^^^^^^^^^^^^^^^^^^^
  File "/usr/local/lib/python3.14/http/client.py", line 1113, in _send_output
    self.send(msg)
    ~~~~~~~~~^^^^^
  File "/usr/local/lib/python3.14/http/client.py", line 1057, in send
    self.connect()
    ~~~~~~~~~~~~^^
  File "/usr/local/lib/python3.14/site-packages/urllib3/connection.py", line 331, in connect
    self.sock = self._new_conn()
                ~~~~~~~~~~~~~~^^
  File "/usr/local/lib/python3.14/site-packages/urllib3/connection.py", line 219, in _new_conn
    raise NewConnectionError(
        self, f"Failed to establish a new connection: {e}"
    ) from e
urllib3.exceptions.NewConnectionError: HTTPConnection(host='localhost', port=8082): Failed to establish a new connection: [Errno 111] Connection refused

The above exception was the direct cause of the following exception:

Traceback (most recent call last):
  File "/usr/local/lib/python3.14/site-packages/requests/adapters.py", line 644, in send
    resp = conn.urlopen(
        method=request.method,
    ...<9 lines>...
        chunked=chunked,
    )
  File "/usr/local/lib/python3.14/site-packages/urllib3/connectionpool.py", line 841, in urlopen
    retries = retries.increment(
        method, url, error=new_e, _pool=self, _stacktrace=sys.exc_info()[2]
    )
  File "/usr/local/lib/python3.14/site-packages/urllib3/util/retry.py", line 535, in increment
    raise MaxRetryError(_pool, url, reason) from reason  # type: ignore[arg-type]
    ^^^^^^^^^^^^^^^^^^^^^^^^^^^^^^^^^^^^^^^^^^^^^^^^^^^
urllib3.exceptions.MaxRetryError: HTTPConnectionPool(host='localhost', port=8082): Max retries exceeded with url: /v1/documents (Caused by NewConnectionError("HTTPConnection(host='localhost', port=8082): Failed to establish a new connection: [Errno 111] Connection refused"))

During handling of the above exception, another exception occurred:

Traceback (most recent call last):
  File "/u/bglq/projects/rag/rag-refactor/deploy/singularity/scripts/ingest_collections.py", line 446, in ingest_collection
    task_id = client.upload_batch(batch, result.collection_name, chunk_size, chunk_overlap)
  File "/u/bglq/projects/rag/rag-refactor/deploy/singularity/scripts/ingest_collections.py", line 282, in upload_batch
    resp = requests.post(url, files=files_form, timeout=300)
  File "/usr/local/lib/python3.14/site-packages/requests/api.py", line 115, in post
    return request("post", url, data=data, json=json, **kwargs)
  File "/usr/local/lib/python3.14/site-packages/requests/api.py", line 59, in request
    return session.request(method=method, url=url, **kwargs)
           ~~~~~~~~~~~~~~~^^^^^^^^^^^^^^^^^^^^^^^^^^^^^^^^^^
  File "/usr/local/lib/python3.14/site-packages/requests/sessions.py", line 589, in request
    resp = self.send(prep, **send_kwargs)
  File "/usr/local/lib/python3.14/site-packages/requests/sessions.py", line 703, in send
    r = adapter.send(request, **kwargs)
  File "/usr/local/lib/python3.14/site-packages/requests/adapters.py", line 677, in send
    raise ConnectionError(e, request=request)
requests.exceptions.ConnectionError: HTTPConnectionPool(host='localhost', port=8082): Max retries exceeded with url: /v1/documents (Caused by NewConnectionError("HTTPConnection(host='localhost', port=8082): Failed to establish a new connection: [Errno 111] Connection refused"))
2026-02-27 16:45:30 | INFO     | --- batch 15/131 (16 files) ---
2026-02-27 16:45:30 | DEBUG    |   Files: 1996-09.pdf, 1996-10.pdf, 1996-11.pdf, 1996-12.pdf, 1996-13.pdf, 1996-14.pdf, 1996-15.pdf, 1996-16.pdf, 1996-17.pdf, 1996-18.pdf, 1996-19.pdf, 1996-20.pdf, 1996-21.pdf, 1996-22.pdf, 1996-23.pdf, 1996-24.pdf
2026-02-27 16:45:30 | ERROR    | ❌ batch 15/131 (16 files) failed: HTTPConnectionPool(host='localhost', port=8082): Max retries exceeded with url: /v1/documents (Caused by NewConnectionError("HTTPConnection(host='localhost', port=8082): Failed to establish a new connection: [Errno 111] Connection refused"))
Traceback (most recent call last):
  File "/usr/local/lib/python3.14/site-packages/urllib3/connection.py", line 204, in _new_conn
    sock = connection.create_connection(
        (self._dns_host, self.port),
    ...<2 lines>...
        socket_options=self.socket_options,
    )
  File "/usr/local/lib/python3.14/site-packages/urllib3/util/connection.py", line 85, in create_connection
    raise err
  File "/usr/local/lib/python3.14/site-packages/urllib3/util/connection.py", line 73, in create_connection
    sock.connect(sa)
    ~~~~~~~~~~~~^^^^
ConnectionRefusedError: [Errno 111] Connection refused

The above exception was the direct cause of the following exception:

Traceback (most recent call last):
  File "/usr/local/lib/python3.14/site-packages/urllib3/connectionpool.py", line 787, in urlopen
    response = self._make_request(
        conn,
    ...<10 lines>...
        **response_kw,
    )
  File "/usr/local/lib/python3.14/site-packages/urllib3/connectionpool.py", line 493, in _make_request
    conn.request(
    ~~~~~~~~~~~~^
        method,
        ^^^^^^^
    ...<6 lines>...
        enforce_content_length=enforce_content_length,
        ^^^^^^^^^^^^^^^^^^^^^^^^^^^^^^^^^^^^^^^^^^^^^^
    )
    ^
  File "/usr/local/lib/python3.14/site-packages/urllib3/connection.py", line 500, in request
    self.endheaders()
    ~~~~~~~~~~~~~~~^^
  File "/usr/local/lib/python3.14/http/client.py", line 1353, in endheaders
    self._send_output(message_body, encode_chunked=encode_chunked)
    ~~~~~~~~~~~~~~~~~^^^^^^^^^^^^^^^^^^^^^^^^^^^^^^^^^^^^^^^^^^^^^
  File "/usr/local/lib/python3.14/http/client.py", line 1113, in _send_output
    self.send(msg)
    ~~~~~~~~~^^^^^
  File "/usr/local/lib/python3.14/http/client.py", line 1057, in send
    self.connect()
    ~~~~~~~~~~~~^^
  File "/usr/local/lib/python3.14/site-packages/urllib3/connection.py", line 331, in connect
    self.sock = self._new_conn()
                ~~~~~~~~~~~~~~^^
  File "/usr/local/lib/python3.14/site-packages/urllib3/connection.py", line 219, in _new_conn
    raise NewConnectionError(
        self, f"Failed to establish a new connection: {e}"
    ) from e
urllib3.exceptions.NewConnectionError: HTTPConnection(host='localhost', port=8082): Failed to establish a new connection: [Errno 111] Connection refused

The above exception was the direct cause of the following exception:

Traceback (most recent call last):
  File "/usr/local/lib/python3.14/site-packages/requests/adapters.py", line 644, in send
    resp = conn.urlopen(
        method=request.method,
    ...<9 lines>...
        chunked=chunked,
    )
  File "/usr/local/lib/python3.14/site-packages/urllib3/connectionpool.py", line 841, in urlopen
    retries = retries.increment(
        method, url, error=new_e, _pool=self, _stacktrace=sys.exc_info()[2]
    )
  File "/usr/local/lib/python3.14/site-packages/urllib3/util/retry.py", line 535, in increment
    raise MaxRetryError(_pool, url, reason) from reason  # type: ignore[arg-type]
    ^^^^^^^^^^^^^^^^^^^^^^^^^^^^^^^^^^^^^^^^^^^^^^^^^^^
urllib3.exceptions.MaxRetryError: HTTPConnectionPool(host='localhost', port=8082): Max retries exceeded with url: /v1/documents (Caused by NewConnectionError("HTTPConnection(host='localhost', port=8082): Failed to establish a new connection: [Errno 111] Connection refused"))

During handling of the above exception, another exception occurred:

Traceback (most recent call last):
  File "/u/bglq/projects/rag/rag-refactor/deploy/singularity/scripts/ingest_collections.py", line 446, in ingest_collection
    task_id = client.upload_batch(batch, result.collection_name, chunk_size, chunk_overlap)
  File "/u/bglq/projects/rag/rag-refactor/deploy/singularity/scripts/ingest_collections.py", line 282, in upload_batch
    resp = requests.post(url, files=files_form, timeout=300)
  File "/usr/local/lib/python3.14/site-packages/requests/api.py", line 115, in post
    return request("post", url, data=data, json=json, **kwargs)
  File "/usr/local/lib/python3.14/site-packages/requests/api.py", line 59, in request
    return session.request(method=method, url=url, **kwargs)
           ~~~~~~~~~~~~~~~^^^^^^^^^^^^^^^^^^^^^^^^^^^^^^^^^^
  File "/usr/local/lib/python3.14/site-packages/requests/sessions.py", line 589, in request
    resp = self.send(prep, **send_kwargs)
  File "/usr/local/lib/python3.14/site-packages/requests/sessions.py", line 703, in send
    r = adapter.send(request, **kwargs)
  File "/usr/local/lib/python3.14/site-packages/requests/adapters.py", line 677, in send
    raise ConnectionError(e, request=request)
requests.exceptions.ConnectionError: HTTPConnectionPool(host='localhost', port=8082): Max retries exceeded with url: /v1/documents (Caused by NewConnectionError("HTTPConnection(host='localhost', port=8082): Failed to establish a new connection: [Errno 111] Connection refused"))
2026-02-27 16:45:30 | INFO     | --- batch 16/131 (16 files) ---
2026-02-27 16:45:30 | DEBUG    |   Files: 1996-25.pdf, 1996-26.pdf, 1996-27.pdf, 1996-28.pdf, 1996-29.pdf, 1996-30.pdf, 1996-31.pdf, 1996-32.pdf, 1996-33.pdf, 1996-34.pdf, 1996-35.pdf, 1996-36.pdf, 1996-37.pdf, 1996-38.pdf, 1996-39.pdf, 1996-40.pdf
2026-02-27 16:45:30 | ERROR    | ❌ batch 16/131 (16 files) failed: HTTPConnectionPool(host='localhost', port=8082): Max retries exceeded with url: /v1/documents (Caused by NewConnectionError("HTTPConnection(host='localhost', port=8082): Failed to establish a new connection: [Errno 111] Connection refused"))
Traceback (most recent call last):
  File "/usr/local/lib/python3.14/site-packages/urllib3/connection.py", line 204, in _new_conn
    sock = connection.create_connection(
        (self._dns_host, self.port),
    ...<2 lines>...
        socket_options=self.socket_options,
    )
  File "/usr/local/lib/python3.14/site-packages/urllib3/util/connection.py", line 85, in create_connection
    raise err
  File "/usr/local/lib/python3.14/site-packages/urllib3/util/connection.py", line 73, in create_connection
    sock.connect(sa)
    ~~~~~~~~~~~~^^^^
ConnectionRefusedError: [Errno 111] Connection refused

The above exception was the direct cause of the following exception:

Traceback (most recent call last):
  File "/usr/local/lib/python3.14/site-packages/urllib3/connectionpool.py", line 787, in urlopen
    response = self._make_request(
        conn,
    ...<10 lines>...
        **response_kw,
    )
  File "/usr/local/lib/python3.14/site-packages/urllib3/connectionpool.py", line 493, in _make_request
    conn.request(
    ~~~~~~~~~~~~^
        method,
        ^^^^^^^
    ...<6 lines>...
        enforce_content_length=enforce_content_length,
        ^^^^^^^^^^^^^^^^^^^^^^^^^^^^^^^^^^^^^^^^^^^^^^
    )
    ^
  File "/usr/local/lib/python3.14/site-packages/urllib3/connection.py", line 500, in request
    self.endheaders()
    ~~~~~~~~~~~~~~~^^
  File "/usr/local/lib/python3.14/http/client.py", line 1353, in endheaders
    self._send_output(message_body, encode_chunked=encode_chunked)
    ~~~~~~~~~~~~~~~~~^^^^^^^^^^^^^^^^^^^^^^^^^^^^^^^^^^^^^^^^^^^^^
  File "/usr/local/lib/python3.14/http/client.py", line 1113, in _send_output
    self.send(msg)
    ~~~~~~~~~^^^^^
  File "/usr/local/lib/python3.14/http/client.py", line 1057, in send
    self.connect()
    ~~~~~~~~~~~~^^
  File "/usr/local/lib/python3.14/site-packages/urllib3/connection.py", line 331, in connect
    self.sock = self._new_conn()
                ~~~~~~~~~~~~~~^^
  File "/usr/local/lib/python3.14/site-packages/urllib3/connection.py", line 219, in _new_conn
    raise NewConnectionError(
        self, f"Failed to establish a new connection: {e}"
    ) from e
urllib3.exceptions.NewConnectionError: HTTPConnection(host='localhost', port=8082): Failed to establish a new connection: [Errno 111] Connection refused

The above exception was the direct cause of the following exception:

Traceback (most recent call last):
  File "/usr/local/lib/python3.14/site-packages/requests/adapters.py", line 644, in send
    resp = conn.urlopen(
        method=request.method,
    ...<9 lines>...
        chunked=chunked,
    )
  File "/usr/local/lib/python3.14/site-packages/urllib3/connectionpool.py", line 841, in urlopen
    retries = retries.increment(
        method, url, error=new_e, _pool=self, _stacktrace=sys.exc_info()[2]
    )
  File "/usr/local/lib/python3.14/site-packages/urllib3/util/retry.py", line 535, in increment
    raise MaxRetryError(_pool, url, reason) from reason  # type: ignore[arg-type]
    ^^^^^^^^^^^^^^^^^^^^^^^^^^^^^^^^^^^^^^^^^^^^^^^^^^^
urllib3.exceptions.MaxRetryError: HTTPConnectionPool(host='localhost', port=8082): Max retries exceeded with url: /v1/documents (Caused by NewConnectionError("HTTPConnection(host='localhost', port=8082): Failed to establish a new connection: [Errno 111] Connection refused"))

During handling of the above exception, another exception occurred:

Traceback (most recent call last):
  File "/u/bglq/projects/rag/rag-refactor/deploy/singularity/scripts/ingest_collections.py", line 446, in ingest_collection
    task_id = client.upload_batch(batch, result.collection_name, chunk_size, chunk_overlap)
  File "/u/bglq/projects/rag/rag-refactor/deploy/singularity/scripts/ingest_collections.py", line 282, in upload_batch
    resp = requests.post(url, files=files_form, timeout=300)
  File "/usr/local/lib/python3.14/site-packages/requests/api.py", line 115, in post
    return request("post", url, data=data, json=json, **kwargs)
  File "/usr/local/lib/python3.14/site-packages/requests/api.py", line 59, in request
    return session.request(method=method, url=url, **kwargs)
           ~~~~~~~~~~~~~~~^^^^^^^^^^^^^^^^^^^^^^^^^^^^^^^^^^
  File "/usr/local/lib/python3.14/site-packages/requests/sessions.py", line 589, in request
    resp = self.send(prep, **send_kwargs)
  File "/usr/local/lib/python3.14/site-packages/requests/sessions.py", line 703, in send
    r = adapter.send(request, **kwargs)
  File "/usr/local/lib/python3.14/site-packages/requests/adapters.py", line 677, in send
    raise ConnectionError(e, request=request)
requests.exceptions.ConnectionError: HTTPConnectionPool(host='localhost', port=8082): Max retries exceeded with url: /v1/documents (Caused by NewConnectionError("HTTPConnection(host='localhost', port=8082): Failed to establish a new connection: [Errno 111] Connection refused"))
2026-02-27 16:45:30 | INFO     | --- batch 17/131 (16 files) ---
2026-02-27 16:45:30 | DEBUG    |   Files: 1996-41.pdf, 1996-42.pdf, 1996-43.pdf, 1996-44.pdf, 1996-45.pdf, 1996-46.pdf, 1997-01.pdf, 1997-02.pdf, 1997-03.pdf, 1997-04.pdf, 1997-05.pdf, 1997-06.pdf, 1997-07.pdf, 1997-08.pdf, 1997-09.pdf, 1997-10.pdf
2026-02-27 16:45:30 | ERROR    | ❌ batch 17/131 (16 files) failed: HTTPConnectionPool(host='localhost', port=8082): Max retries exceeded with url: /v1/documents (Caused by NewConnectionError("HTTPConnection(host='localhost', port=8082): Failed to establish a new connection: [Errno 111] Connection refused"))
Traceback (most recent call last):
  File "/usr/local/lib/python3.14/site-packages/urllib3/connection.py", line 204, in _new_conn
    sock = connection.create_connection(
        (self._dns_host, self.port),
    ...<2 lines>...
        socket_options=self.socket_options,
    )
  File "/usr/local/lib/python3.14/site-packages/urllib3/util/connection.py", line 85, in create_connection
    raise err
  File "/usr/local/lib/python3.14/site-packages/urllib3/util/connection.py", line 73, in create_connection
    sock.connect(sa)
    ~~~~~~~~~~~~^^^^
ConnectionRefusedError: [Errno 111] Connection refused

The above exception was the direct cause of the following exception:

Traceback (most recent call last):
  File "/usr/local/lib/python3.14/site-packages/urllib3/connectionpool.py", line 787, in urlopen
    response = self._make_request(
        conn,
    ...<10 lines>...
        **response_kw,
    )
  File "/usr/local/lib/python3.14/site-packages/urllib3/connectionpool.py", line 493, in _make_request
    conn.request(
    ~~~~~~~~~~~~^
        method,
        ^^^^^^^
    ...<6 lines>...
        enforce_content_length=enforce_content_length,
        ^^^^^^^^^^^^^^^^^^^^^^^^^^^^^^^^^^^^^^^^^^^^^^
    )
    ^
  File "/usr/local/lib/python3.14/site-packages/urllib3/connection.py", line 500, in request
    self.endheaders()
    ~~~~~~~~~~~~~~~^^
  File "/usr/local/lib/python3.14/http/client.py", line 1353, in endheaders
    self._send_output(message_body, encode_chunked=encode_chunked)
    ~~~~~~~~~~~~~~~~~^^^^^^^^^^^^^^^^^^^^^^^^^^^^^^^^^^^^^^^^^^^^^
  File "/usr/local/lib/python3.14/http/client.py", line 1113, in _send_output
    self.send(msg)
    ~~~~~~~~~^^^^^
  File "/usr/local/lib/python3.14/http/client.py", line 1057, in send
    self.connect()
    ~~~~~~~~~~~~^^
  File "/usr/local/lib/python3.14/site-packages/urllib3/connection.py", line 331, in connect
    self.sock = self._new_conn()
                ~~~~~~~~~~~~~~^^
  File "/usr/local/lib/python3.14/site-packages/urllib3/connection.py", line 219, in _new_conn
    raise NewConnectionError(
        self, f"Failed to establish a new connection: {e}"
    ) from e
urllib3.exceptions.NewConnectionError: HTTPConnection(host='localhost', port=8082): Failed to establish a new connection: [Errno 111] Connection refused

The above exception was the direct cause of the following exception:

Traceback (most recent call last):
  File "/usr/local/lib/python3.14/site-packages/requests/adapters.py", line 644, in send
    resp = conn.urlopen(
        method=request.method,
    ...<9 lines>...
        chunked=chunked,
    )
  File "/usr/local/lib/python3.14/site-packages/urllib3/connectionpool.py", line 841, in urlopen
    retries = retries.increment(
        method, url, error=new_e, _pool=self, _stacktrace=sys.exc_info()[2]
    )
  File "/usr/local/lib/python3.14/site-packages/urllib3/util/retry.py", line 535, in increment
    raise MaxRetryError(_pool, url, reason) from reason  # type: ignore[arg-type]
    ^^^^^^^^^^^^^^^^^^^^^^^^^^^^^^^^^^^^^^^^^^^^^^^^^^^
urllib3.exceptions.MaxRetryError: HTTPConnectionPool(host='localhost', port=8082): Max retries exceeded with url: /v1/documents (Caused by NewConnectionError("HTTPConnection(host='localhost', port=8082): Failed to establish a new connection: [Errno 111] Connection refused"))

During handling of the above exception, another exception occurred:

Traceback (most recent call last):
  File "/u/bglq/projects/rag/rag-refactor/deploy/singularity/scripts/ingest_collections.py", line 446, in ingest_collection
    task_id = client.upload_batch(batch, result.collection_name, chunk_size, chunk_overlap)
  File "/u/bglq/projects/rag/rag-refactor/deploy/singularity/scripts/ingest_collections.py", line 282, in upload_batch
    resp = requests.post(url, files=files_form, timeout=300)
  File "/usr/local/lib/python3.14/site-packages/requests/api.py", line 115, in post
    return request("post", url, data=data, json=json, **kwargs)
  File "/usr/local/lib/python3.14/site-packages/requests/api.py", line 59, in request
    return session.request(method=method, url=url, **kwargs)
           ~~~~~~~~~~~~~~~^^^^^^^^^^^^^^^^^^^^^^^^^^^^^^^^^^
  File "/usr/local/lib/python3.14/site-packages/requests/sessions.py", line 589, in request
    resp = self.send(prep, **send_kwargs)
  File "/usr/local/lib/python3.14/site-packages/requests/sessions.py", line 703, in send
    r = adapter.send(request, **kwargs)
  File "/usr/local/lib/python3.14/site-packages/requests/adapters.py", line 677, in send
    raise ConnectionError(e, request=request)
requests.exceptions.ConnectionError: HTTPConnectionPool(host='localhost', port=8082): Max retries exceeded with url: /v1/documents (Caused by NewConnectionError("HTTPConnection(host='localhost', port=8082): Failed to establish a new connection: [Errno 111] Connection refused"))
2026-02-27 16:45:30 | INFO     | --- batch 18/131 (16 files) ---
2026-02-27 16:45:30 | DEBUG    |   Files: 1997-11.pdf, 1997-12.pdf, 1997-13.pdf, 1997-14.pdf, 1997-15.pdf, 1997-16.pdf, 1997-17.pdf, 1997-18.pdf, 1997-19.pdf, 1997-20.pdf, 1997-21.pdf, 1997-22.pdf, 1997-23.pdf, 1997-24.pdf, 1997-25.pdf, 1997-26.pdf
2026-02-27 16:45:31 | ERROR    | ❌ batch 18/131 (16 files) failed: HTTPConnectionPool(host='localhost', port=8082): Max retries exceeded with url: /v1/documents (Caused by NewConnectionError("HTTPConnection(host='localhost', port=8082): Failed to establish a new connection: [Errno 111] Connection refused"))
Traceback (most recent call last):
  File "/usr/local/lib/python3.14/site-packages/urllib3/connection.py", line 204, in _new_conn
    sock = connection.create_connection(
        (self._dns_host, self.port),
    ...<2 lines>...
        socket_options=self.socket_options,
    )
  File "/usr/local/lib/python3.14/site-packages/urllib3/util/connection.py", line 85, in create_connection
    raise err
  File "/usr/local/lib/python3.14/site-packages/urllib3/util/connection.py", line 73, in create_connection
    sock.connect(sa)
    ~~~~~~~~~~~~^^^^
ConnectionRefusedError: [Errno 111] Connection refused

The above exception was the direct cause of the following exception:

Traceback (most recent call last):
  File "/usr/local/lib/python3.14/site-packages/urllib3/connectionpool.py", line 787, in urlopen
    response = self._make_request(
        conn,
    ...<10 lines>...
        **response_kw,
    )
  File "/usr/local/lib/python3.14/site-packages/urllib3/connectionpool.py", line 493, in _make_request
    conn.request(
    ~~~~~~~~~~~~^
        method,
        ^^^^^^^
    ...<6 lines>...
        enforce_content_length=enforce_content_length,
        ^^^^^^^^^^^^^^^^^^^^^^^^^^^^^^^^^^^^^^^^^^^^^^
    )
    ^
  File "/usr/local/lib/python3.14/site-packages/urllib3/connection.py", line 500, in request
    self.endheaders()
    ~~~~~~~~~~~~~~~^^
  File "/usr/local/lib/python3.14/http/client.py", line 1353, in endheaders
    self._send_output(message_body, encode_chunked=encode_chunked)
    ~~~~~~~~~~~~~~~~~^^^^^^^^^^^^^^^^^^^^^^^^^^^^^^^^^^^^^^^^^^^^^
  File "/usr/local/lib/python3.14/http/client.py", line 1113, in _send_output
    self.send(msg)
    ~~~~~~~~~^^^^^
  File "/usr/local/lib/python3.14/http/client.py", line 1057, in send
    self.connect()
    ~~~~~~~~~~~~^^
  File "/usr/local/lib/python3.14/site-packages/urllib3/connection.py", line 331, in connect
    self.sock = self._new_conn()
                ~~~~~~~~~~~~~~^^
  File "/usr/local/lib/python3.14/site-packages/urllib3/connection.py", line 219, in _new_conn
    raise NewConnectionError(
        self, f"Failed to establish a new connection: {e}"
    ) from e
urllib3.exceptions.NewConnectionError: HTTPConnection(host='localhost', port=8082): Failed to establish a new connection: [Errno 111] Connection refused

The above exception was the direct cause of the following exception:

Traceback (most recent call last):
  File "/usr/local/lib/python3.14/site-packages/requests/adapters.py", line 644, in send
    resp = conn.urlopen(
        method=request.method,
    ...<9 lines>...
        chunked=chunked,
    )
  File "/usr/local/lib/python3.14/site-packages/urllib3/connectionpool.py", line 841, in urlopen
    retries = retries.increment(
        method, url, error=new_e, _pool=self, _stacktrace=sys.exc_info()[2]
    )
  File "/usr/local/lib/python3.14/site-packages/urllib3/util/retry.py", line 535, in increment
    raise MaxRetryError(_pool, url, reason) from reason  # type: ignore[arg-type]
    ^^^^^^^^^^^^^^^^^^^^^^^^^^^^^^^^^^^^^^^^^^^^^^^^^^^
urllib3.exceptions.MaxRetryError: HTTPConnectionPool(host='localhost', port=8082): Max retries exceeded with url: /v1/documents (Caused by NewConnectionError("HTTPConnection(host='localhost', port=8082): Failed to establish a new connection: [Errno 111] Connection refused"))

During handling of the above exception, another exception occurred:

Traceback (most recent call last):
  File "/u/bglq/projects/rag/rag-refactor/deploy/singularity/scripts/ingest_collections.py", line 446, in ingest_collection
    task_id = client.upload_batch(batch, result.collection_name, chunk_size, chunk_overlap)
  File "/u/bglq/projects/rag/rag-refactor/deploy/singularity/scripts/ingest_collections.py", line 282, in upload_batch
    resp = requests.post(url, files=files_form, timeout=300)
  File "/usr/local/lib/python3.14/site-packages/requests/api.py", line 115, in post
    return request("post", url, data=data, json=json, **kwargs)
  File "/usr/local/lib/python3.14/site-packages/requests/api.py", line 59, in request
    return session.request(method=method, url=url, **kwargs)
           ~~~~~~~~~~~~~~~^^^^^^^^^^^^^^^^^^^^^^^^^^^^^^^^^^
  File "/usr/local/lib/python3.14/site-packages/requests/sessions.py", line 589, in request
    resp = self.send(prep, **send_kwargs)
  File "/usr/local/lib/python3.14/site-packages/requests/sessions.py", line 703, in send
    r = adapter.send(request, **kwargs)
  File "/usr/local/lib/python3.14/site-packages/requests/adapters.py", line 677, in send
    raise ConnectionError(e, request=request)
requests.exceptions.ConnectionError: HTTPConnectionPool(host='localhost', port=8082): Max retries exceeded with url: /v1/documents (Caused by NewConnectionError("HTTPConnection(host='localhost', port=8082): Failed to establish a new connection: [Errno 111] Connection refused"))
2026-02-27 16:45:31 | INFO     | --- batch 19/131 (16 files) ---
2026-02-27 16:45:31 | DEBUG    |   Files: 1997-27.pdf, 1997-28.pdf, 1997-29.pdf, 1997-30.pdf, 1997-31.pdf, 1997-32.pdf, 1997-33.pdf, 1997-34.pdf, 1997-35.pdf, 1997-36.pdf, 1997-37.pdf, 1997-38.pdf, 1997-39.pdf, 1997-40.pdf, 1997-41.pdf, 1997-42.pdf
2026-02-27 16:45:31 | ERROR    | ❌ batch 19/131 (16 files) failed: HTTPConnectionPool(host='localhost', port=8082): Max retries exceeded with url: /v1/documents (Caused by NewConnectionError("HTTPConnection(host='localhost', port=8082): Failed to establish a new connection: [Errno 111] Connection refused"))
Traceback (most recent call last):
  File "/usr/local/lib/python3.14/site-packages/urllib3/connection.py", line 204, in _new_conn
    sock = connection.create_connection(
        (self._dns_host, self.port),
    ...<2 lines>...
        socket_options=self.socket_options,
    )
  File "/usr/local/lib/python3.14/site-packages/urllib3/util/connection.py", line 85, in create_connection
    raise err
  File "/usr/local/lib/python3.14/site-packages/urllib3/util/connection.py", line 73, in create_connection
    sock.connect(sa)
    ~~~~~~~~~~~~^^^^
ConnectionRefusedError: [Errno 111] Connection refused

The above exception was the direct cause of the following exception:

Traceback (most recent call last):
  File "/usr/local/lib/python3.14/site-packages/urllib3/connectionpool.py", line 787, in urlopen
    response = self._make_request(
        conn,
    ...<10 lines>...
        **response_kw,
    )
  File "/usr/local/lib/python3.14/site-packages/urllib3/connectionpool.py", line 493, in _make_request
    conn.request(
    ~~~~~~~~~~~~^
        method,
        ^^^^^^^
    ...<6 lines>...
        enforce_content_length=enforce_content_length,
        ^^^^^^^^^^^^^^^^^^^^^^^^^^^^^^^^^^^^^^^^^^^^^^
    )
    ^
  File "/usr/local/lib/python3.14/site-packages/urllib3/connection.py", line 500, in request
    self.endheaders()
    ~~~~~~~~~~~~~~~^^
  File "/usr/local/lib/python3.14/http/client.py", line 1353, in endheaders
    self._send_output(message_body, encode_chunked=encode_chunked)
    ~~~~~~~~~~~~~~~~~^^^^^^^^^^^^^^^^^^^^^^^^^^^^^^^^^^^^^^^^^^^^^
  File "/usr/local/lib/python3.14/http/client.py", line 1113, in _send_output
    self.send(msg)
    ~~~~~~~~~^^^^^
  File "/usr/local/lib/python3.14/http/client.py", line 1057, in send
    self.connect()
    ~~~~~~~~~~~~^^
  File "/usr/local/lib/python3.14/site-packages/urllib3/connection.py", line 331, in connect
    self.sock = self._new_conn()
                ~~~~~~~~~~~~~~^^
  File "/usr/local/lib/python3.14/site-packages/urllib3/connection.py", line 219, in _new_conn
    raise NewConnectionError(
        self, f"Failed to establish a new connection: {e}"
    ) from e
urllib3.exceptions.NewConnectionError: HTTPConnection(host='localhost', port=8082): Failed to establish a new connection: [Errno 111] Connection refused

The above exception was the direct cause of the following exception:

Traceback (most recent call last):
  File "/usr/local/lib/python3.14/site-packages/requests/adapters.py", line 644, in send
    resp = conn.urlopen(
        method=request.method,
    ...<9 lines>...
        chunked=chunked,
    )
  File "/usr/local/lib/python3.14/site-packages/urllib3/connectionpool.py", line 841, in urlopen
    retries = retries.increment(
        method, url, error=new_e, _pool=self, _stacktrace=sys.exc_info()[2]
    )
  File "/usr/local/lib/python3.14/site-packages/urllib3/util/retry.py", line 535, in increment
    raise MaxRetryError(_pool, url, reason) from reason  # type: ignore[arg-type]
    ^^^^^^^^^^^^^^^^^^^^^^^^^^^^^^^^^^^^^^^^^^^^^^^^^^^
urllib3.exceptions.MaxRetryError: HTTPConnectionPool(host='localhost', port=8082): Max retries exceeded with url: /v1/documents (Caused by NewConnectionError("HTTPConnection(host='localhost', port=8082): Failed to establish a new connection: [Errno 111] Connection refused"))

During handling of the above exception, another exception occurred:

Traceback (most recent call last):
  File "/u/bglq/projects/rag/rag-refactor/deploy/singularity/scripts/ingest_collections.py", line 446, in ingest_collection
    task_id = client.upload_batch(batch, result.collection_name, chunk_size, chunk_overlap)
  File "/u/bglq/projects/rag/rag-refactor/deploy/singularity/scripts/ingest_collections.py", line 282, in upload_batch
    resp = requests.post(url, files=files_form, timeout=300)
  File "/usr/local/lib/python3.14/site-packages/requests/api.py", line 115, in post
    return request("post", url, data=data, json=json, **kwargs)
  File "/usr/local/lib/python3.14/site-packages/requests/api.py", line 59, in request
    return session.request(method=method, url=url, **kwargs)
           ~~~~~~~~~~~~~~~^^^^^^^^^^^^^^^^^^^^^^^^^^^^^^^^^^
  File "/usr/local/lib/python3.14/site-packages/requests/sessions.py", line 589, in request
    resp = self.send(prep, **send_kwargs)
  File "/usr/local/lib/python3.14/site-packages/requests/sessions.py", line 703, in send
    r = adapter.send(request, **kwargs)
  File "/usr/local/lib/python3.14/site-packages/requests/adapters.py", line 677, in send
    raise ConnectionError(e, request=request)
requests.exceptions.ConnectionError: HTTPConnectionPool(host='localhost', port=8082): Max retries exceeded with url: /v1/documents (Caused by NewConnectionError("HTTPConnection(host='localhost', port=8082): Failed to establish a new connection: [Errno 111] Connection refused"))
2026-02-27 16:45:31 | INFO     | --- batch 20/131 (16 files) ---
2026-02-27 16:45:31 | DEBUG    |   Files: 1998-01.pdf, 1998-02.pdf, 1998-03.pdf, 1998-04.pdf, 1998-05.pdf, 1998-06.pdf, 1998-07.pdf, 1998-08.pdf, 1998-09.pdf, 1998-10.pdf, 1998-11.pdf, 1998-12.pdf, 1998-13.pdf, 1998-14.pdf, 1998-15.pdf, 1998-16.pdf
2026-02-27 16:45:32 | ERROR    | ❌ batch 20/131 (16 files) failed: HTTPConnectionPool(host='localhost', port=8082): Max retries exceeded with url: /v1/documents (Caused by NewConnectionError("HTTPConnection(host='localhost', port=8082): Failed to establish a new connection: [Errno 111] Connection refused"))
Traceback (most recent call last):
  File "/usr/local/lib/python3.14/site-packages/urllib3/connection.py", line 204, in _new_conn
    sock = connection.create_connection(
        (self._dns_host, self.port),
    ...<2 lines>...
        socket_options=self.socket_options,
    )
  File "/usr/local/lib/python3.14/site-packages/urllib3/util/connection.py", line 85, in create_connection
    raise err
  File "/usr/local/lib/python3.14/site-packages/urllib3/util/connection.py", line 73, in create_connection
    sock.connect(sa)
    ~~~~~~~~~~~~^^^^
ConnectionRefusedError: [Errno 111] Connection refused

The above exception was the direct cause of the following exception:

Traceback (most recent call last):
  File "/usr/local/lib/python3.14/site-packages/urllib3/connectionpool.py", line 787, in urlopen
    response = self._make_request(
        conn,
    ...<10 lines>...
        **response_kw,
    )
  File "/usr/local/lib/python3.14/site-packages/urllib3/connectionpool.py", line 493, in _make_request
    conn.request(
    ~~~~~~~~~~~~^
        method,
        ^^^^^^^
    ...<6 lines>...
        enforce_content_length=enforce_content_length,
        ^^^^^^^^^^^^^^^^^^^^^^^^^^^^^^^^^^^^^^^^^^^^^^
    )
    ^
  File "/usr/local/lib/python3.14/site-packages/urllib3/connection.py", line 500, in request
    self.endheaders()
    ~~~~~~~~~~~~~~~^^
  File "/usr/local/lib/python3.14/http/client.py", line 1353, in endheaders
    self._send_output(message_body, encode_chunked=encode_chunked)
    ~~~~~~~~~~~~~~~~~^^^^^^^^^^^^^^^^^^^^^^^^^^^^^^^^^^^^^^^^^^^^^
  File "/usr/local/lib/python3.14/http/client.py", line 1113, in _send_output
    self.send(msg)
    ~~~~~~~~~^^^^^
  File "/usr/local/lib/python3.14/http/client.py", line 1057, in send
    self.connect()
    ~~~~~~~~~~~~^^
  File "/usr/local/lib/python3.14/site-packages/urllib3/connection.py", line 331, in connect
    self.sock = self._new_conn()
                ~~~~~~~~~~~~~~^^
  File "/usr/local/lib/python3.14/site-packages/urllib3/connection.py", line 219, in _new_conn
    raise NewConnectionError(
        self, f"Failed to establish a new connection: {e}"
    ) from e
urllib3.exceptions.NewConnectionError: HTTPConnection(host='localhost', port=8082): Failed to establish a new connection: [Errno 111] Connection refused

The above exception was the direct cause of the following exception:

Traceback (most recent call last):
  File "/usr/local/lib/python3.14/site-packages/requests/adapters.py", line 644, in send
    resp = conn.urlopen(
        method=request.method,
    ...<9 lines>...
        chunked=chunked,
    )
  File "/usr/local/lib/python3.14/site-packages/urllib3/connectionpool.py", line 841, in urlopen
    retries = retries.increment(
        method, url, error=new_e, _pool=self, _stacktrace=sys.exc_info()[2]
    )
  File "/usr/local/lib/python3.14/site-packages/urllib3/util/retry.py", line 535, in increment
    raise MaxRetryError(_pool, url, reason) from reason  # type: ignore[arg-type]
    ^^^^^^^^^^^^^^^^^^^^^^^^^^^^^^^^^^^^^^^^^^^^^^^^^^^
urllib3.exceptions.MaxRetryError: HTTPConnectionPool(host='localhost', port=8082): Max retries exceeded with url: /v1/documents (Caused by NewConnectionError("HTTPConnection(host='localhost', port=8082): Failed to establish a new connection: [Errno 111] Connection refused"))

During handling of the above exception, another exception occurred:

Traceback (most recent call last):
  File "/u/bglq/projects/rag/rag-refactor/deploy/singularity/scripts/ingest_collections.py", line 446, in ingest_collection
    task_id = client.upload_batch(batch, result.collection_name, chunk_size, chunk_overlap)
  File "/u/bglq/projects/rag/rag-refactor/deploy/singularity/scripts/ingest_collections.py", line 282, in upload_batch
    resp = requests.post(url, files=files_form, timeout=300)
  File "/usr/local/lib/python3.14/site-packages/requests/api.py", line 115, in post
    return request("post", url, data=data, json=json, **kwargs)
  File "/usr/local/lib/python3.14/site-packages/requests/api.py", line 59, in request
    return session.request(method=method, url=url, **kwargs)
           ~~~~~~~~~~~~~~~^^^^^^^^^^^^^^^^^^^^^^^^^^^^^^^^^^
  File "/usr/local/lib/python3.14/site-packages/requests/sessions.py", line 589, in request
    resp = self.send(prep, **send_kwargs)
  File "/usr/local/lib/python3.14/site-packages/requests/sessions.py", line 703, in send
    r = adapter.send(request, **kwargs)
  File "/usr/local/lib/python3.14/site-packages/requests/adapters.py", line 677, in send
    raise ConnectionError(e, request=request)
requests.exceptions.ConnectionError: HTTPConnectionPool(host='localhost', port=8082): Max retries exceeded with url: /v1/documents (Caused by NewConnectionError("HTTPConnection(host='localhost', port=8082): Failed to establish a new connection: [Errno 111] Connection refused"))
2026-02-27 16:45:32 | INFO     | --- batch 21/131 (16 files) ---
2026-02-27 16:45:32 | DEBUG    |   Files: 1998-17.pdf, 1998-18.pdf, 1998-19.pdf, 1998-20.pdf, 1998-21.pdf, 1998-22.pdf, 1998-23.pdf, 1998-24.pdf, 1998-25.pdf, 1998-26.pdf, 1998-27.pdf, 1998-28.pdf, 1998-29.pdf, 1998-30.pdf, 1998-31.pdf, 1998-32.pdf
2026-02-27 16:45:32 | ERROR    | ❌ batch 21/131 (16 files) failed: HTTPConnectionPool(host='localhost', port=8082): Max retries exceeded with url: /v1/documents (Caused by NewConnectionError("HTTPConnection(host='localhost', port=8082): Failed to establish a new connection: [Errno 111] Connection refused"))
Traceback (most recent call last):
  File "/usr/local/lib/python3.14/site-packages/urllib3/connection.py", line 204, in _new_conn
    sock = connection.create_connection(
        (self._dns_host, self.port),
    ...<2 lines>...
        socket_options=self.socket_options,
    )
  File "/usr/local/lib/python3.14/site-packages/urllib3/util/connection.py", line 85, in create_connection
    raise err
  File "/usr/local/lib/python3.14/site-packages/urllib3/util/connection.py", line 73, in create_connection
    sock.connect(sa)
    ~~~~~~~~~~~~^^^^
ConnectionRefusedError: [Errno 111] Connection refused

The above exception was the direct cause of the following exception:

Traceback (most recent call last):
  File "/usr/local/lib/python3.14/site-packages/urllib3/connectionpool.py", line 787, in urlopen
    response = self._make_request(
        conn,
    ...<10 lines>...
        **response_kw,
    )
  File "/usr/local/lib/python3.14/site-packages/urllib3/connectionpool.py", line 493, in _make_request
    conn.request(
    ~~~~~~~~~~~~^
        method,
        ^^^^^^^
    ...<6 lines>...
        enforce_content_length=enforce_content_length,
        ^^^^^^^^^^^^^^^^^^^^^^^^^^^^^^^^^^^^^^^^^^^^^^
    )
    ^
  File "/usr/local/lib/python3.14/site-packages/urllib3/connection.py", line 500, in request
    self.endheaders()
    ~~~~~~~~~~~~~~~^^
  File "/usr/local/lib/python3.14/http/client.py", line 1353, in endheaders
    self._send_output(message_body, encode_chunked=encode_chunked)
    ~~~~~~~~~~~~~~~~~^^^^^^^^^^^^^^^^^^^^^^^^^^^^^^^^^^^^^^^^^^^^^
  File "/usr/local/lib/python3.14/http/client.py", line 1113, in _send_output
    self.send(msg)
    ~~~~~~~~~^^^^^
  File "/usr/local/lib/python3.14/http/client.py", line 1057, in send
    self.connect()
    ~~~~~~~~~~~~^^
  File "/usr/local/lib/python3.14/site-packages/urllib3/connection.py", line 331, in connect
    self.sock = self._new_conn()
                ~~~~~~~~~~~~~~^^
  File "/usr/local/lib/python3.14/site-packages/urllib3/connection.py", line 219, in _new_conn
    raise NewConnectionError(
        self, f"Failed to establish a new connection: {e}"
    ) from e
urllib3.exceptions.NewConnectionError: HTTPConnection(host='localhost', port=8082): Failed to establish a new connection: [Errno 111] Connection refused

The above exception was the direct cause of the following exception:

Traceback (most recent call last):
  File "/usr/local/lib/python3.14/site-packages/requests/adapters.py", line 644, in send
    resp = conn.urlopen(
        method=request.method,
    ...<9 lines>...
        chunked=chunked,
    )
  File "/usr/local/lib/python3.14/site-packages/urllib3/connectionpool.py", line 841, in urlopen
    retries = retries.increment(
        method, url, error=new_e, _pool=self, _stacktrace=sys.exc_info()[2]
    )
  File "/usr/local/lib/python3.14/site-packages/urllib3/util/retry.py", line 535, in increment
    raise MaxRetryError(_pool, url, reason) from reason  # type: ignore[arg-type]
    ^^^^^^^^^^^^^^^^^^^^^^^^^^^^^^^^^^^^^^^^^^^^^^^^^^^
urllib3.exceptions.MaxRetryError: HTTPConnectionPool(host='localhost', port=8082): Max retries exceeded with url: /v1/documents (Caused by NewConnectionError("HTTPConnection(host='localhost', port=8082): Failed to establish a new connection: [Errno 111] Connection refused"))

During handling of the above exception, another exception occurred:

Traceback (most recent call last):
  File "/u/bglq/projects/rag/rag-refactor/deploy/singularity/scripts/ingest_collections.py", line 446, in ingest_collection
    task_id = client.upload_batch(batch, result.collection_name, chunk_size, chunk_overlap)
  File "/u/bglq/projects/rag/rag-refactor/deploy/singularity/scripts/ingest_collections.py", line 282, in upload_batch
    resp = requests.post(url, files=files_form, timeout=300)
  File "/usr/local/lib/python3.14/site-packages/requests/api.py", line 115, in post
    return request("post", url, data=data, json=json, **kwargs)
  File "/usr/local/lib/python3.14/site-packages/requests/api.py", line 59, in request
    return session.request(method=method, url=url, **kwargs)
           ~~~~~~~~~~~~~~~^^^^^^^^^^^^^^^^^^^^^^^^^^^^^^^^^^
  File "/usr/local/lib/python3.14/site-packages/requests/sessions.py", line 589, in request
    resp = self.send(prep, **send_kwargs)
  File "/usr/local/lib/python3.14/site-packages/requests/sessions.py", line 703, in send
    r = adapter.send(request, **kwargs)
  File "/usr/local/lib/python3.14/site-packages/requests/adapters.py", line 677, in send
    raise ConnectionError(e, request=request)
requests.exceptions.ConnectionError: HTTPConnectionPool(host='localhost', port=8082): Max retries exceeded with url: /v1/documents (Caused by NewConnectionError("HTTPConnection(host='localhost', port=8082): Failed to establish a new connection: [Errno 111] Connection refused"))
2026-02-27 16:45:32 | INFO     | --- batch 22/131 (16 files) ---
2026-02-27 16:45:32 | DEBUG    |   Files: 1998-33.pdf, 1998-34.pdf, 1998-35.pdf, 1998-36.pdf, 1998-37.pdf, 1998-38.pdf, 1998-39.pdf, 1998-40.pdf, 1998-41.pdf, 1998-42.pdf, 1998-43.pdf, 1998-44.pdf, 1998-45.pdf, 1998-46.pdf, 1998-47.pdf, 1998-48.pdf
2026-02-27 16:45:32 | ERROR    | ❌ batch 22/131 (16 files) failed: HTTPConnectionPool(host='localhost', port=8082): Max retries exceeded with url: /v1/documents (Caused by NewConnectionError("HTTPConnection(host='localhost', port=8082): Failed to establish a new connection: [Errno 111] Connection refused"))
Traceback (most recent call last):
  File "/usr/local/lib/python3.14/site-packages/urllib3/connection.py", line 204, in _new_conn
    sock = connection.create_connection(
        (self._dns_host, self.port),
    ...<2 lines>...
        socket_options=self.socket_options,
    )
  File "/usr/local/lib/python3.14/site-packages/urllib3/util/connection.py", line 85, in create_connection
    raise err
  File "/usr/local/lib/python3.14/site-packages/urllib3/util/connection.py", line 73, in create_connection
    sock.connect(sa)
    ~~~~~~~~~~~~^^^^
ConnectionRefusedError: [Errno 111] Connection refused

The above exception was the direct cause of the following exception:

Traceback (most recent call last):
  File "/usr/local/lib/python3.14/site-packages/urllib3/connectionpool.py", line 787, in urlopen
    response = self._make_request(
        conn,
    ...<10 lines>...
        **response_kw,
    )
  File "/usr/local/lib/python3.14/site-packages/urllib3/connectionpool.py", line 493, in _make_request
    conn.request(
    ~~~~~~~~~~~~^
        method,
        ^^^^^^^
    ...<6 lines>...
        enforce_content_length=enforce_content_length,
        ^^^^^^^^^^^^^^^^^^^^^^^^^^^^^^^^^^^^^^^^^^^^^^
    )
    ^
  File "/usr/local/lib/python3.14/site-packages/urllib3/connection.py", line 500, in request
    self.endheaders()
    ~~~~~~~~~~~~~~~^^
  File "/usr/local/lib/python3.14/http/client.py", line 1353, in endheaders
    self._send_output(message_body, encode_chunked=encode_chunked)
    ~~~~~~~~~~~~~~~~~^^^^^^^^^^^^^^^^^^^^^^^^^^^^^^^^^^^^^^^^^^^^^
  File "/usr/local/lib/python3.14/http/client.py", line 1113, in _send_output
    self.send(msg)
    ~~~~~~~~~^^^^^
  File "/usr/local/lib/python3.14/http/client.py", line 1057, in send
    self.connect()
    ~~~~~~~~~~~~^^
  File "/usr/local/lib/python3.14/site-packages/urllib3/connection.py", line 331, in connect
    self.sock = self._new_conn()
                ~~~~~~~~~~~~~~^^
  File "/usr/local/lib/python3.14/site-packages/urllib3/connection.py", line 219, in _new_conn
    raise NewConnectionError(
        self, f"Failed to establish a new connection: {e}"
    ) from e
urllib3.exceptions.NewConnectionError: HTTPConnection(host='localhost', port=8082): Failed to establish a new connection: [Errno 111] Connection refused

The above exception was the direct cause of the following exception:

Traceback (most recent call last):
  File "/usr/local/lib/python3.14/site-packages/requests/adapters.py", line 644, in send
    resp = conn.urlopen(
        method=request.method,
    ...<9 lines>...
        chunked=chunked,
    )
  File "/usr/local/lib/python3.14/site-packages/urllib3/connectionpool.py", line 841, in urlopen
    retries = retries.increment(
        method, url, error=new_e, _pool=self, _stacktrace=sys.exc_info()[2]
    )
  File "/usr/local/lib/python3.14/site-packages/urllib3/util/retry.py", line 535, in increment
    raise MaxRetryError(_pool, url, reason) from reason  # type: ignore[arg-type]
    ^^^^^^^^^^^^^^^^^^^^^^^^^^^^^^^^^^^^^^^^^^^^^^^^^^^
urllib3.exceptions.MaxRetryError: HTTPConnectionPool(host='localhost', port=8082): Max retries exceeded with url: /v1/documents (Caused by NewConnectionError("HTTPConnection(host='localhost', port=8082): Failed to establish a new connection: [Errno 111] Connection refused"))

During handling of the above exception, another exception occurred:

Traceback (most recent call last):
  File "/u/bglq/projects/rag/rag-refactor/deploy/singularity/scripts/ingest_collections.py", line 446, in ingest_collection
    task_id = client.upload_batch(batch, result.collection_name, chunk_size, chunk_overlap)
  File "/u/bglq/projects/rag/rag-refactor/deploy/singularity/scripts/ingest_collections.py", line 282, in upload_batch
    resp = requests.post(url, files=files_form, timeout=300)
  File "/usr/local/lib/python3.14/site-packages/requests/api.py", line 115, in post
    return request("post", url, data=data, json=json, **kwargs)
  File "/usr/local/lib/python3.14/site-packages/requests/api.py", line 59, in request
    return session.request(method=method, url=url, **kwargs)
           ~~~~~~~~~~~~~~~^^^^^^^^^^^^^^^^^^^^^^^^^^^^^^^^^^
  File "/usr/local/lib/python3.14/site-packages/requests/sessions.py", line 589, in request
    resp = self.send(prep, **send_kwargs)
  File "/usr/local/lib/python3.14/site-packages/requests/sessions.py", line 703, in send
    r = adapter.send(request, **kwargs)
  File "/usr/local/lib/python3.14/site-packages/requests/adapters.py", line 677, in send
    raise ConnectionError(e, request=request)
requests.exceptions.ConnectionError: HTTPConnectionPool(host='localhost', port=8082): Max retries exceeded with url: /v1/documents (Caused by NewConnectionError("HTTPConnection(host='localhost', port=8082): Failed to establish a new connection: [Errno 111] Connection refused"))
2026-02-27 16:45:32 | INFO     | --- batch 23/131 (16 files) ---
2026-02-27 16:45:32 | DEBUG    |   Files: 1998-49.pdf, 1998-50.pdf, 1998-51.pdf, 1998-52.pdf, 1999-01.pdf, 1999-02.pdf, 1999-03.pdf, 1999-04.pdf, 1999-05.pdf, 1999-06.pdf, 1999-07.pdf, 1999-08.pdf, 1999-09.pdf, 1999-10.pdf, 1999-11.pdf, 1999-12.pdf
2026-02-27 16:45:33 | ERROR    | ❌ batch 23/131 (16 files) failed: HTTPConnectionPool(host='localhost', port=8082): Max retries exceeded with url: /v1/documents (Caused by NewConnectionError("HTTPConnection(host='localhost', port=8082): Failed to establish a new connection: [Errno 111] Connection refused"))
Traceback (most recent call last):
  File "/usr/local/lib/python3.14/site-packages/urllib3/connection.py", line 204, in _new_conn
    sock = connection.create_connection(
        (self._dns_host, self.port),
    ...<2 lines>...
        socket_options=self.socket_options,
    )
  File "/usr/local/lib/python3.14/site-packages/urllib3/util/connection.py", line 85, in create_connection
    raise err
  File "/usr/local/lib/python3.14/site-packages/urllib3/util/connection.py", line 73, in create_connection
    sock.connect(sa)
    ~~~~~~~~~~~~^^^^
ConnectionRefusedError: [Errno 111] Connection refused

The above exception was the direct cause of the following exception:

Traceback (most recent call last):
  File "/usr/local/lib/python3.14/site-packages/urllib3/connectionpool.py", line 787, in urlopen
    response = self._make_request(
        conn,
    ...<10 lines>...
        **response_kw,
    )
  File "/usr/local/lib/python3.14/site-packages/urllib3/connectionpool.py", line 493, in _make_request
    conn.request(
    ~~~~~~~~~~~~^
        method,
        ^^^^^^^
    ...<6 lines>...
        enforce_content_length=enforce_content_length,
        ^^^^^^^^^^^^^^^^^^^^^^^^^^^^^^^^^^^^^^^^^^^^^^
    )
    ^
  File "/usr/local/lib/python3.14/site-packages/urllib3/connection.py", line 500, in request
    self.endheaders()
    ~~~~~~~~~~~~~~~^^
  File "/usr/local/lib/python3.14/http/client.py", line 1353, in endheaders
    self._send_output(message_body, encode_chunked=encode_chunked)
    ~~~~~~~~~~~~~~~~~^^^^^^^^^^^^^^^^^^^^^^^^^^^^^^^^^^^^^^^^^^^^^
  File "/usr/local/lib/python3.14/http/client.py", line 1113, in _send_output
    self.send(msg)
    ~~~~~~~~~^^^^^
  File "/usr/local/lib/python3.14/http/client.py", line 1057, in send
    self.connect()
    ~~~~~~~~~~~~^^
  File "/usr/local/lib/python3.14/site-packages/urllib3/connection.py", line 331, in connect
    self.sock = self._new_conn()
                ~~~~~~~~~~~~~~^^
  File "/usr/local/lib/python3.14/site-packages/urllib3/connection.py", line 219, in _new_conn
    raise NewConnectionError(
        self, f"Failed to establish a new connection: {e}"
    ) from e
urllib3.exceptions.NewConnectionError: HTTPConnection(host='localhost', port=8082): Failed to establish a new connection: [Errno 111] Connection refused

The above exception was the direct cause of the following exception:

Traceback (most recent call last):
  File "/usr/local/lib/python3.14/site-packages/requests/adapters.py", line 644, in send
    resp = conn.urlopen(
        method=request.method,
    ...<9 lines>...
        chunked=chunked,
    )
  File "/usr/local/lib/python3.14/site-packages/urllib3/connectionpool.py", line 841, in urlopen
    retries = retries.increment(
        method, url, error=new_e, _pool=self, _stacktrace=sys.exc_info()[2]
    )
  File "/usr/local/lib/python3.14/site-packages/urllib3/util/retry.py", line 535, in increment
    raise MaxRetryError(_pool, url, reason) from reason  # type: ignore[arg-type]
    ^^^^^^^^^^^^^^^^^^^^^^^^^^^^^^^^^^^^^^^^^^^^^^^^^^^
urllib3.exceptions.MaxRetryError: HTTPConnectionPool(host='localhost', port=8082): Max retries exceeded with url: /v1/documents (Caused by NewConnectionError("HTTPConnection(host='localhost', port=8082): Failed to establish a new connection: [Errno 111] Connection refused"))

During handling of the above exception, another exception occurred:

Traceback (most recent call last):
  File "/u/bglq/projects/rag/rag-refactor/deploy/singularity/scripts/ingest_collections.py", line 446, in ingest_collection
    task_id = client.upload_batch(batch, result.collection_name, chunk_size, chunk_overlap)
  File "/u/bglq/projects/rag/rag-refactor/deploy/singularity/scripts/ingest_collections.py", line 282, in upload_batch
    resp = requests.post(url, files=files_form, timeout=300)
  File "/usr/local/lib/python3.14/site-packages/requests/api.py", line 115, in post
    return request("post", url, data=data, json=json, **kwargs)
  File "/usr/local/lib/python3.14/site-packages/requests/api.py", line 59, in request
    return session.request(method=method, url=url, **kwargs)
           ~~~~~~~~~~~~~~~^^^^^^^^^^^^^^^^^^^^^^^^^^^^^^^^^^
  File "/usr/local/lib/python3.14/site-packages/requests/sessions.py", line 589, in request
    resp = self.send(prep, **send_kwargs)
  File "/usr/local/lib/python3.14/site-packages/requests/sessions.py", line 703, in send
    r = adapter.send(request, **kwargs)
  File "/usr/local/lib/python3.14/site-packages/requests/adapters.py", line 677, in send
    raise ConnectionError(e, request=request)
requests.exceptions.ConnectionError: HTTPConnectionPool(host='localhost', port=8082): Max retries exceeded with url: /v1/documents (Caused by NewConnectionError("HTTPConnection(host='localhost', port=8082): Failed to establish a new connection: [Errno 111] Connection refused"))
2026-02-27 16:45:33 | INFO     | --- batch 24/131 (16 files) ---
2026-02-27 16:45:33 | DEBUG    |   Files: 1999-13.pdf, 1999-14.pdf, 1999-15.pdf, 1999-16.pdf, 1999-17.pdf, 1999-18.pdf, 1999-19.pdf, 1999-20.pdf, 1999-21.pdf, 1999-22.pdf, 1999-23.pdf, 1999-24.pdf, 1999-25.pdf, 1999-26.pdf, 1999-27.pdf, 1999-28.pdf
2026-02-27 16:45:33 | ERROR    | ❌ batch 24/131 (16 files) failed: HTTPConnectionPool(host='localhost', port=8082): Max retries exceeded with url: /v1/documents (Caused by NewConnectionError("HTTPConnection(host='localhost', port=8082): Failed to establish a new connection: [Errno 111] Connection refused"))
Traceback (most recent call last):
  File "/usr/local/lib/python3.14/site-packages/urllib3/connection.py", line 204, in _new_conn
    sock = connection.create_connection(
        (self._dns_host, self.port),
    ...<2 lines>...
        socket_options=self.socket_options,
    )
  File "/usr/local/lib/python3.14/site-packages/urllib3/util/connection.py", line 85, in create_connection
    raise err
  File "/usr/local/lib/python3.14/site-packages/urllib3/util/connection.py", line 73, in create_connection
    sock.connect(sa)
    ~~~~~~~~~~~~^^^^
ConnectionRefusedError: [Errno 111] Connection refused

The above exception was the direct cause of the following exception:

Traceback (most recent call last):
  File "/usr/local/lib/python3.14/site-packages/urllib3/connectionpool.py", line 787, in urlopen
    response = self._make_request(
        conn,
    ...<10 lines>...
        **response_kw,
    )
  File "/usr/local/lib/python3.14/site-packages/urllib3/connectionpool.py", line 493, in _make_request
    conn.request(
    ~~~~~~~~~~~~^
        method,
        ^^^^^^^
    ...<6 lines>...
        enforce_content_length=enforce_content_length,
        ^^^^^^^^^^^^^^^^^^^^^^^^^^^^^^^^^^^^^^^^^^^^^^
    )
    ^
  File "/usr/local/lib/python3.14/site-packages/urllib3/connection.py", line 500, in request
    self.endheaders()
    ~~~~~~~~~~~~~~~^^
  File "/usr/local/lib/python3.14/http/client.py", line 1353, in endheaders
    self._send_output(message_body, encode_chunked=encode_chunked)
    ~~~~~~~~~~~~~~~~~^^^^^^^^^^^^^^^^^^^^^^^^^^^^^^^^^^^^^^^^^^^^^
  File "/usr/local/lib/python3.14/http/client.py", line 1113, in _send_output
    self.send(msg)
    ~~~~~~~~~^^^^^
  File "/usr/local/lib/python3.14/http/client.py", line 1057, in send
    self.connect()
    ~~~~~~~~~~~~^^
  File "/usr/local/lib/python3.14/site-packages/urllib3/connection.py", line 331, in connect
    self.sock = self._new_conn()
                ~~~~~~~~~~~~~~^^
  File "/usr/local/lib/python3.14/site-packages/urllib3/connection.py", line 219, in _new_conn
    raise NewConnectionError(
        self, f"Failed to establish a new connection: {e}"
    ) from e
urllib3.exceptions.NewConnectionError: HTTPConnection(host='localhost', port=8082): Failed to establish a new connection: [Errno 111] Connection refused

The above exception was the direct cause of the following exception:

Traceback (most recent call last):
  File "/usr/local/lib/python3.14/site-packages/requests/adapters.py", line 644, in send
    resp = conn.urlopen(
        method=request.method,
    ...<9 lines>...
        chunked=chunked,
    )
  File "/usr/local/lib/python3.14/site-packages/urllib3/connectionpool.py", line 841, in urlopen
    retries = retries.increment(
        method, url, error=new_e, _pool=self, _stacktrace=sys.exc_info()[2]
    )
  File "/usr/local/lib/python3.14/site-packages/urllib3/util/retry.py", line 535, in increment
    raise MaxRetryError(_pool, url, reason) from reason  # type: ignore[arg-type]
    ^^^^^^^^^^^^^^^^^^^^^^^^^^^^^^^^^^^^^^^^^^^^^^^^^^^
urllib3.exceptions.MaxRetryError: HTTPConnectionPool(host='localhost', port=8082): Max retries exceeded with url: /v1/documents (Caused by NewConnectionError("HTTPConnection(host='localhost', port=8082): Failed to establish a new connection: [Errno 111] Connection refused"))

During handling of the above exception, another exception occurred:

Traceback (most recent call last):
  File "/u/bglq/projects/rag/rag-refactor/deploy/singularity/scripts/ingest_collections.py", line 446, in ingest_collection
    task_id = client.upload_batch(batch, result.collection_name, chunk_size, chunk_overlap)
  File "/u/bglq/projects/rag/rag-refactor/deploy/singularity/scripts/ingest_collections.py", line 282, in upload_batch
    resp = requests.post(url, files=files_form, timeout=300)
  File "/usr/local/lib/python3.14/site-packages/requests/api.py", line 115, in post
    return request("post", url, data=data, json=json, **kwargs)
  File "/usr/local/lib/python3.14/site-packages/requests/api.py", line 59, in request
    return session.request(method=method, url=url, **kwargs)
           ~~~~~~~~~~~~~~~^^^^^^^^^^^^^^^^^^^^^^^^^^^^^^^^^^
  File "/usr/local/lib/python3.14/site-packages/requests/sessions.py", line 589, in request
    resp = self.send(prep, **send_kwargs)
  File "/usr/local/lib/python3.14/site-packages/requests/sessions.py", line 703, in send
    r = adapter.send(request, **kwargs)
  File "/usr/local/lib/python3.14/site-packages/requests/adapters.py", line 677, in send
    raise ConnectionError(e, request=request)
requests.exceptions.ConnectionError: HTTPConnectionPool(host='localhost', port=8082): Max retries exceeded with url: /v1/documents (Caused by NewConnectionError("HTTPConnection(host='localhost', port=8082): Failed to establish a new connection: [Errno 111] Connection refused"))
2026-02-27 16:45:33 | INFO     | --- batch 25/131 (16 files) ---
2026-02-27 16:45:33 | DEBUG    |   Files: 1999-29.pdf, 1999-30.pdf, 1999-31.pdf, 1999-32.pdf, 1999-33.pdf, 1999-34.pdf, 1999-35.pdf, 1999-36.pdf, 1999-37.pdf, 1999-38.pdf, 1999-39.pdf, 1999-40.pdf, 1999-41.pdf, 1999-42.pdf, 1999-43.pdf, 1999-44.pdf
2026-02-27 16:45:33 | ERROR    | ❌ batch 25/131 (16 files) failed: HTTPConnectionPool(host='localhost', port=8082): Max retries exceeded with url: /v1/documents (Caused by NewConnectionError("HTTPConnection(host='localhost', port=8082): Failed to establish a new connection: [Errno 111] Connection refused"))
Traceback (most recent call last):
  File "/usr/local/lib/python3.14/site-packages/urllib3/connection.py", line 204, in _new_conn
    sock = connection.create_connection(
        (self._dns_host, self.port),
    ...<2 lines>...
        socket_options=self.socket_options,
    )
  File "/usr/local/lib/python3.14/site-packages/urllib3/util/connection.py", line 85, in create_connection
    raise err
  File "/usr/local/lib/python3.14/site-packages/urllib3/util/connection.py", line 73, in create_connection
    sock.connect(sa)
    ~~~~~~~~~~~~^^^^
ConnectionRefusedError: [Errno 111] Connection refused

The above exception was the direct cause of the following exception:

Traceback (most recent call last):
  File "/usr/local/lib/python3.14/site-packages/urllib3/connectionpool.py", line 787, in urlopen
    response = self._make_request(
        conn,
    ...<10 lines>...
        **response_kw,
    )
  File "/usr/local/lib/python3.14/site-packages/urllib3/connectionpool.py", line 493, in _make_request
    conn.request(
    ~~~~~~~~~~~~^
        method,
        ^^^^^^^
    ...<6 lines>...
        enforce_content_length=enforce_content_length,
        ^^^^^^^^^^^^^^^^^^^^^^^^^^^^^^^^^^^^^^^^^^^^^^
    )
    ^
  File "/usr/local/lib/python3.14/site-packages/urllib3/connection.py", line 500, in request
    self.endheaders()
    ~~~~~~~~~~~~~~~^^
  File "/usr/local/lib/python3.14/http/client.py", line 1353, in endheaders
    self._send_output(message_body, encode_chunked=encode_chunked)
    ~~~~~~~~~~~~~~~~~^^^^^^^^^^^^^^^^^^^^^^^^^^^^^^^^^^^^^^^^^^^^^
  File "/usr/local/lib/python3.14/http/client.py", line 1113, in _send_output
    self.send(msg)
    ~~~~~~~~~^^^^^
  File "/usr/local/lib/python3.14/http/client.py", line 1057, in send
    self.connect()
    ~~~~~~~~~~~~^^
  File "/usr/local/lib/python3.14/site-packages/urllib3/connection.py", line 331, in connect
    self.sock = self._new_conn()
                ~~~~~~~~~~~~~~^^
  File "/usr/local/lib/python3.14/site-packages/urllib3/connection.py", line 219, in _new_conn
    raise NewConnectionError(
        self, f"Failed to establish a new connection: {e}"
    ) from e
urllib3.exceptions.NewConnectionError: HTTPConnection(host='localhost', port=8082): Failed to establish a new connection: [Errno 111] Connection refused

The above exception was the direct cause of the following exception:

Traceback (most recent call last):
  File "/usr/local/lib/python3.14/site-packages/requests/adapters.py", line 644, in send
    resp = conn.urlopen(
        method=request.method,
    ...<9 lines>...
        chunked=chunked,
    )
  File "/usr/local/lib/python3.14/site-packages/urllib3/connectionpool.py", line 841, in urlopen
    retries = retries.increment(
        method, url, error=new_e, _pool=self, _stacktrace=sys.exc_info()[2]
    )
  File "/usr/local/lib/python3.14/site-packages/urllib3/util/retry.py", line 535, in increment
    raise MaxRetryError(_pool, url, reason) from reason  # type: ignore[arg-type]
    ^^^^^^^^^^^^^^^^^^^^^^^^^^^^^^^^^^^^^^^^^^^^^^^^^^^
urllib3.exceptions.MaxRetryError: HTTPConnectionPool(host='localhost', port=8082): Max retries exceeded with url: /v1/documents (Caused by NewConnectionError("HTTPConnection(host='localhost', port=8082): Failed to establish a new connection: [Errno 111] Connection refused"))

During handling of the above exception, another exception occurred:

Traceback (most recent call last):
  File "/u/bglq/projects/rag/rag-refactor/deploy/singularity/scripts/ingest_collections.py", line 446, in ingest_collection
    task_id = client.upload_batch(batch, result.collection_name, chunk_size, chunk_overlap)
  File "/u/bglq/projects/rag/rag-refactor/deploy/singularity/scripts/ingest_collections.py", line 282, in upload_batch
    resp = requests.post(url, files=files_form, timeout=300)
  File "/usr/local/lib/python3.14/site-packages/requests/api.py", line 115, in post
    return request("post", url, data=data, json=json, **kwargs)
  File "/usr/local/lib/python3.14/site-packages/requests/api.py", line 59, in request
    return session.request(method=method, url=url, **kwargs)
           ~~~~~~~~~~~~~~~^^^^^^^^^^^^^^^^^^^^^^^^^^^^^^^^^^
  File "/usr/local/lib/python3.14/site-packages/requests/sessions.py", line 589, in request
    resp = self.send(prep, **send_kwargs)
  File "/usr/local/lib/python3.14/site-packages/requests/sessions.py", line 703, in send
    r = adapter.send(request, **kwargs)
  File "/usr/local/lib/python3.14/site-packages/requests/adapters.py", line 677, in send
    raise ConnectionError(e, request=request)
requests.exceptions.ConnectionError: HTTPConnectionPool(host='localhost', port=8082): Max retries exceeded with url: /v1/documents (Caused by NewConnectionError("HTTPConnection(host='localhost', port=8082): Failed to establish a new connection: [Errno 111] Connection refused"))
2026-02-27 16:45:33 | INFO     | --- batch 26/131 (16 files) ---
2026-02-27 16:45:33 | DEBUG    |   Files: 1999-45.pdf, 1999-46.pdf, 1999-47.pdf, 1999-48.pdf, 1999-49.pdf, 1999-50.pdf, 1999-51.pdf, 1999-52.pdf, 1999-53.pdf, 1999-54.pdf, 1999-55.pdf, 1999-56.pdf, 1999-57.pdf, 1999-58.pdf, 1999-59.pdf, 1999-60.pdf
2026-02-27 16:45:34 | ERROR    | ❌ batch 26/131 (16 files) failed: HTTPConnectionPool(host='localhost', port=8082): Max retries exceeded with url: /v1/documents (Caused by NewConnectionError("HTTPConnection(host='localhost', port=8082): Failed to establish a new connection: [Errno 111] Connection refused"))
Traceback (most recent call last):
  File "/usr/local/lib/python3.14/site-packages/urllib3/connection.py", line 204, in _new_conn
    sock = connection.create_connection(
        (self._dns_host, self.port),
    ...<2 lines>...
        socket_options=self.socket_options,
    )
  File "/usr/local/lib/python3.14/site-packages/urllib3/util/connection.py", line 85, in create_connection
    raise err
  File "/usr/local/lib/python3.14/site-packages/urllib3/util/connection.py", line 73, in create_connection
    sock.connect(sa)
    ~~~~~~~~~~~~^^^^
ConnectionRefusedError: [Errno 111] Connection refused

The above exception was the direct cause of the following exception:

Traceback (most recent call last):
  File "/usr/local/lib/python3.14/site-packages/urllib3/connectionpool.py", line 787, in urlopen
    response = self._make_request(
        conn,
    ...<10 lines>...
        **response_kw,
    )
  File "/usr/local/lib/python3.14/site-packages/urllib3/connectionpool.py", line 493, in _make_request
    conn.request(
    ~~~~~~~~~~~~^
        method,
        ^^^^^^^
    ...<6 lines>...
        enforce_content_length=enforce_content_length,
        ^^^^^^^^^^^^^^^^^^^^^^^^^^^^^^^^^^^^^^^^^^^^^^
    )
    ^
  File "/usr/local/lib/python3.14/site-packages/urllib3/connection.py", line 500, in request
    self.endheaders()
    ~~~~~~~~~~~~~~~^^
  File "/usr/local/lib/python3.14/http/client.py", line 1353, in endheaders
    self._send_output(message_body, encode_chunked=encode_chunked)
    ~~~~~~~~~~~~~~~~~^^^^^^^^^^^^^^^^^^^^^^^^^^^^^^^^^^^^^^^^^^^^^
  File "/usr/local/lib/python3.14/http/client.py", line 1113, in _send_output
    self.send(msg)
    ~~~~~~~~~^^^^^
  File "/usr/local/lib/python3.14/http/client.py", line 1057, in send
    self.connect()
    ~~~~~~~~~~~~^^
  File "/usr/local/lib/python3.14/site-packages/urllib3/connection.py", line 331, in connect
    self.sock = self._new_conn()
                ~~~~~~~~~~~~~~^^
  File "/usr/local/lib/python3.14/site-packages/urllib3/connection.py", line 219, in _new_conn
    raise NewConnectionError(
        self, f"Failed to establish a new connection: {e}"
    ) from e
urllib3.exceptions.NewConnectionError: HTTPConnection(host='localhost', port=8082): Failed to establish a new connection: [Errno 111] Connection refused

The above exception was the direct cause of the following exception:

Traceback (most recent call last):
  File "/usr/local/lib/python3.14/site-packages/requests/adapters.py", line 644, in send
    resp = conn.urlopen(
        method=request.method,
    ...<9 lines>...
        chunked=chunked,
    )
  File "/usr/local/lib/python3.14/site-packages/urllib3/connectionpool.py", line 841, in urlopen
    retries = retries.increment(
        method, url, error=new_e, _pool=self, _stacktrace=sys.exc_info()[2]
    )
  File "/usr/local/lib/python3.14/site-packages/urllib3/util/retry.py", line 535, in increment
    raise MaxRetryError(_pool, url, reason) from reason  # type: ignore[arg-type]
    ^^^^^^^^^^^^^^^^^^^^^^^^^^^^^^^^^^^^^^^^^^^^^^^^^^^
urllib3.exceptions.MaxRetryError: HTTPConnectionPool(host='localhost', port=8082): Max retries exceeded with url: /v1/documents (Caused by NewConnectionError("HTTPConnection(host='localhost', port=8082): Failed to establish a new connection: [Errno 111] Connection refused"))

During handling of the above exception, another exception occurred:

Traceback (most recent call last):
  File "/u/bglq/projects/rag/rag-refactor/deploy/singularity/scripts/ingest_collections.py", line 446, in ingest_collection
    task_id = client.upload_batch(batch, result.collection_name, chunk_size, chunk_overlap)
  File "/u/bglq/projects/rag/rag-refactor/deploy/singularity/scripts/ingest_collections.py", line 282, in upload_batch
    resp = requests.post(url, files=files_form, timeout=300)
  File "/usr/local/lib/python3.14/site-packages/requests/api.py", line 115, in post
    return request("post", url, data=data, json=json, **kwargs)
  File "/usr/local/lib/python3.14/site-packages/requests/api.py", line 59, in request
    return session.request(method=method, url=url, **kwargs)
           ~~~~~~~~~~~~~~~^^^^^^^^^^^^^^^^^^^^^^^^^^^^^^^^^^
  File "/usr/local/lib/python3.14/site-packages/requests/sessions.py", line 589, in request
    resp = self.send(prep, **send_kwargs)
  File "/usr/local/lib/python3.14/site-packages/requests/sessions.py", line 703, in send
    r = adapter.send(request, **kwargs)
  File "/usr/local/lib/python3.14/site-packages/requests/adapters.py", line 677, in send
    raise ConnectionError(e, request=request)
requests.exceptions.ConnectionError: HTTPConnectionPool(host='localhost', port=8082): Max retries exceeded with url: /v1/documents (Caused by NewConnectionError("HTTPConnection(host='localhost', port=8082): Failed to establish a new connection: [Errno 111] Connection refused"))
2026-02-27 16:45:34 | INFO     | --- batch 27/131 (16 files) ---
2026-02-27 16:45:34 | DEBUG    |   Files: 1999-61.pdf, 2000-01.pdf, 2000-02.pdf, 2000-03.pdf, 2000-04.pdf, 2000-05.pdf, 2000-06.pdf, 2000-07.pdf, 2000-08.pdf, 2000-09.pdf, 2000-10.pdf, 2000-11.pdf, 2000-12.pdf, 2000-13.pdf, 2000-14.pdf, 2000-15.pdf
2026-02-27 16:45:34 | ERROR    | ❌ batch 27/131 (16 files) failed: HTTPConnectionPool(host='localhost', port=8082): Max retries exceeded with url: /v1/documents (Caused by NewConnectionError("HTTPConnection(host='localhost', port=8082): Failed to establish a new connection: [Errno 111] Connection refused"))
Traceback (most recent call last):
  File "/usr/local/lib/python3.14/site-packages/urllib3/connection.py", line 204, in _new_conn
    sock = connection.create_connection(
        (self._dns_host, self.port),
    ...<2 lines>...
        socket_options=self.socket_options,
    )
  File "/usr/local/lib/python3.14/site-packages/urllib3/util/connection.py", line 85, in create_connection
    raise err
  File "/usr/local/lib/python3.14/site-packages/urllib3/util/connection.py", line 73, in create_connection
    sock.connect(sa)
    ~~~~~~~~~~~~^^^^
ConnectionRefusedError: [Errno 111] Connection refused

The above exception was the direct cause of the following exception:

Traceback (most recent call last):
  File "/usr/local/lib/python3.14/site-packages/urllib3/connectionpool.py", line 787, in urlopen
    response = self._make_request(
        conn,
    ...<10 lines>...
        **response_kw,
    )
  File "/usr/local/lib/python3.14/site-packages/urllib3/connectionpool.py", line 493, in _make_request
    conn.request(
    ~~~~~~~~~~~~^
        method,
        ^^^^^^^
    ...<6 lines>...
        enforce_content_length=enforce_content_length,
        ^^^^^^^^^^^^^^^^^^^^^^^^^^^^^^^^^^^^^^^^^^^^^^
    )
    ^
  File "/usr/local/lib/python3.14/site-packages/urllib3/connection.py", line 500, in request
    self.endheaders()
    ~~~~~~~~~~~~~~~^^
  File "/usr/local/lib/python3.14/http/client.py", line 1353, in endheaders
    self._send_output(message_body, encode_chunked=encode_chunked)
    ~~~~~~~~~~~~~~~~~^^^^^^^^^^^^^^^^^^^^^^^^^^^^^^^^^^^^^^^^^^^^^
  File "/usr/local/lib/python3.14/http/client.py", line 1113, in _send_output
    self.send(msg)
    ~~~~~~~~~^^^^^
  File "/usr/local/lib/python3.14/http/client.py", line 1057, in send
    self.connect()
    ~~~~~~~~~~~~^^
  File "/usr/local/lib/python3.14/site-packages/urllib3/connection.py", line 331, in connect
    self.sock = self._new_conn()
                ~~~~~~~~~~~~~~^^
  File "/usr/local/lib/python3.14/site-packages/urllib3/connection.py", line 219, in _new_conn
    raise NewConnectionError(
        self, f"Failed to establish a new connection: {e}"
    ) from e
urllib3.exceptions.NewConnectionError: HTTPConnection(host='localhost', port=8082): Failed to establish a new connection: [Errno 111] Connection refused

The above exception was the direct cause of the following exception:

Traceback (most recent call last):
  File "/usr/local/lib/python3.14/site-packages/requests/adapters.py", line 644, in send
    resp = conn.urlopen(
        method=request.method,
    ...<9 lines>...
        chunked=chunked,
    )
  File "/usr/local/lib/python3.14/site-packages/urllib3/connectionpool.py", line 841, in urlopen
    retries = retries.increment(
        method, url, error=new_e, _pool=self, _stacktrace=sys.exc_info()[2]
    )
  File "/usr/local/lib/python3.14/site-packages/urllib3/util/retry.py", line 535, in increment
    raise MaxRetryError(_pool, url, reason) from reason  # type: ignore[arg-type]
    ^^^^^^^^^^^^^^^^^^^^^^^^^^^^^^^^^^^^^^^^^^^^^^^^^^^
urllib3.exceptions.MaxRetryError: HTTPConnectionPool(host='localhost', port=8082): Max retries exceeded with url: /v1/documents (Caused by NewConnectionError("HTTPConnection(host='localhost', port=8082): Failed to establish a new connection: [Errno 111] Connection refused"))

During handling of the above exception, another exception occurred:

Traceback (most recent call last):
  File "/u/bglq/projects/rag/rag-refactor/deploy/singularity/scripts/ingest_collections.py", line 446, in ingest_collection
    task_id = client.upload_batch(batch, result.collection_name, chunk_size, chunk_overlap)
  File "/u/bglq/projects/rag/rag-refactor/deploy/singularity/scripts/ingest_collections.py", line 282, in upload_batch
    resp = requests.post(url, files=files_form, timeout=300)
  File "/usr/local/lib/python3.14/site-packages/requests/api.py", line 115, in post
    return request("post", url, data=data, json=json, **kwargs)
  File "/usr/local/lib/python3.14/site-packages/requests/api.py", line 59, in request
    return session.request(method=method, url=url, **kwargs)
           ~~~~~~~~~~~~~~~^^^^^^^^^^^^^^^^^^^^^^^^^^^^^^^^^^
  File "/usr/local/lib/python3.14/site-packages/requests/sessions.py", line 589, in request
    resp = self.send(prep, **send_kwargs)
  File "/usr/local/lib/python3.14/site-packages/requests/sessions.py", line 703, in send
    r = adapter.send(request, **kwargs)
  File "/usr/local/lib/python3.14/site-packages/requests/adapters.py", line 677, in send
    raise ConnectionError(e, request=request)
requests.exceptions.ConnectionError: HTTPConnectionPool(host='localhost', port=8082): Max retries exceeded with url: /v1/documents (Caused by NewConnectionError("HTTPConnection(host='localhost', port=8082): Failed to establish a new connection: [Errno 111] Connection refused"))
2026-02-27 16:45:34 | INFO     | --- batch 28/131 (16 files) ---
2026-02-27 16:45:34 | DEBUG    |   Files: 2000-16.pdf, 2000-17.pdf, 2000-18.pdf, 2000-19.pdf, 2000-20.pdf, 2000-21.pdf, 2000-22.pdf, 2000-23.pdf, 2000-24.pdf, 2000-25.pdf, 2000-26.pdf, 2000-27.pdf, 2000-28.pdf, 2000-29.pdf, 2000-30.pdf, 2000-31.pdf
2026-02-27 16:45:34 | ERROR    | ❌ batch 28/131 (16 files) failed: HTTPConnectionPool(host='localhost', port=8082): Max retries exceeded with url: /v1/documents (Caused by NewConnectionError("HTTPConnection(host='localhost', port=8082): Failed to establish a new connection: [Errno 111] Connection refused"))
Traceback (most recent call last):
  File "/usr/local/lib/python3.14/site-packages/urllib3/connection.py", line 204, in _new_conn
    sock = connection.create_connection(
        (self._dns_host, self.port),
    ...<2 lines>...
        socket_options=self.socket_options,
    )
  File "/usr/local/lib/python3.14/site-packages/urllib3/util/connection.py", line 85, in create_connection
    raise err
  File "/usr/local/lib/python3.14/site-packages/urllib3/util/connection.py", line 73, in create_connection
    sock.connect(sa)
    ~~~~~~~~~~~~^^^^
ConnectionRefusedError: [Errno 111] Connection refused

The above exception was the direct cause of the following exception:

Traceback (most recent call last):
  File "/usr/local/lib/python3.14/site-packages/urllib3/connectionpool.py", line 787, in urlopen
    response = self._make_request(
        conn,
    ...<10 lines>...
        **response_kw,
    )
  File "/usr/local/lib/python3.14/site-packages/urllib3/connectionpool.py", line 493, in _make_request
    conn.request(
    ~~~~~~~~~~~~^
        method,
        ^^^^^^^
    ...<6 lines>...
        enforce_content_length=enforce_content_length,
        ^^^^^^^^^^^^^^^^^^^^^^^^^^^^^^^^^^^^^^^^^^^^^^
    )
    ^
  File "/usr/local/lib/python3.14/site-packages/urllib3/connection.py", line 500, in request
    self.endheaders()
    ~~~~~~~~~~~~~~~^^
  File "/usr/local/lib/python3.14/http/client.py", line 1353, in endheaders
    self._send_output(message_body, encode_chunked=encode_chunked)
    ~~~~~~~~~~~~~~~~~^^^^^^^^^^^^^^^^^^^^^^^^^^^^^^^^^^^^^^^^^^^^^
  File "/usr/local/lib/python3.14/http/client.py", line 1113, in _send_output
    self.send(msg)
    ~~~~~~~~~^^^^^
  File "/usr/local/lib/python3.14/http/client.py", line 1057, in send
    self.connect()
    ~~~~~~~~~~~~^^
  File "/usr/local/lib/python3.14/site-packages/urllib3/connection.py", line 331, in connect
    self.sock = self._new_conn()
                ~~~~~~~~~~~~~~^^
  File "/usr/local/lib/python3.14/site-packages/urllib3/connection.py", line 219, in _new_conn
    raise NewConnectionError(
        self, f"Failed to establish a new connection: {e}"
    ) from e
urllib3.exceptions.NewConnectionError: HTTPConnection(host='localhost', port=8082): Failed to establish a new connection: [Errno 111] Connection refused

The above exception was the direct cause of the following exception:

Traceback (most recent call last):
  File "/usr/local/lib/python3.14/site-packages/requests/adapters.py", line 644, in send
    resp = conn.urlopen(
        method=request.method,
    ...<9 lines>...
        chunked=chunked,
    )
  File "/usr/local/lib/python3.14/site-packages/urllib3/connectionpool.py", line 841, in urlopen
    retries = retries.increment(
        method, url, error=new_e, _pool=self, _stacktrace=sys.exc_info()[2]
    )
  File "/usr/local/lib/python3.14/site-packages/urllib3/util/retry.py", line 535, in increment
    raise MaxRetryError(_pool, url, reason) from reason  # type: ignore[arg-type]
    ^^^^^^^^^^^^^^^^^^^^^^^^^^^^^^^^^^^^^^^^^^^^^^^^^^^
urllib3.exceptions.MaxRetryError: HTTPConnectionPool(host='localhost', port=8082): Max retries exceeded with url: /v1/documents (Caused by NewConnectionError("HTTPConnection(host='localhost', port=8082): Failed to establish a new connection: [Errno 111] Connection refused"))

During handling of the above exception, another exception occurred:

Traceback (most recent call last):
  File "/u/bglq/projects/rag/rag-refactor/deploy/singularity/scripts/ingest_collections.py", line 446, in ingest_collection
    task_id = client.upload_batch(batch, result.collection_name, chunk_size, chunk_overlap)
  File "/u/bglq/projects/rag/rag-refactor/deploy/singularity/scripts/ingest_collections.py", line 282, in upload_batch
    resp = requests.post(url, files=files_form, timeout=300)
  File "/usr/local/lib/python3.14/site-packages/requests/api.py", line 115, in post
    return request("post", url, data=data, json=json, **kwargs)
  File "/usr/local/lib/python3.14/site-packages/requests/api.py", line 59, in request
    return session.request(method=method, url=url, **kwargs)
           ~~~~~~~~~~~~~~~^^^^^^^^^^^^^^^^^^^^^^^^^^^^^^^^^^
  File "/usr/local/lib/python3.14/site-packages/requests/sessions.py", line 589, in request
    resp = self.send(prep, **send_kwargs)
  File "/usr/local/lib/python3.14/site-packages/requests/sessions.py", line 703, in send
    r = adapter.send(request, **kwargs)
  File "/usr/local/lib/python3.14/site-packages/requests/adapters.py", line 677, in send
    raise ConnectionError(e, request=request)
requests.exceptions.ConnectionError: HTTPConnectionPool(host='localhost', port=8082): Max retries exceeded with url: /v1/documents (Caused by NewConnectionError("HTTPConnection(host='localhost', port=8082): Failed to establish a new connection: [Errno 111] Connection refused"))
2026-02-27 16:45:34 | INFO     | --- batch 29/131 (16 files) ---
2026-02-27 16:45:34 | DEBUG    |   Files: 2000-32.pdf, 2000-33.pdf, 2000-34.pdf, 2000-35.pdf, 2000-36.pdf, 2000-37.pdf, 2000-38.pdf, 2000-39.pdf, 2000-40.pdf, 2000-41.pdf, 2000-42.pdf, 2000-43.pdf, 2000-44.pdf, 2000-45.pdf, 2000-46.pdf, 2000-47.pdf
2026-02-27 16:45:35 | ERROR    | ❌ batch 29/131 (16 files) failed: HTTPConnectionPool(host='localhost', port=8082): Max retries exceeded with url: /v1/documents (Caused by NewConnectionError("HTTPConnection(host='localhost', port=8082): Failed to establish a new connection: [Errno 111] Connection refused"))
Traceback (most recent call last):
  File "/usr/local/lib/python3.14/site-packages/urllib3/connection.py", line 204, in _new_conn
    sock = connection.create_connection(
        (self._dns_host, self.port),
    ...<2 lines>...
        socket_options=self.socket_options,
    )
  File "/usr/local/lib/python3.14/site-packages/urllib3/util/connection.py", line 85, in create_connection
    raise err
  File "/usr/local/lib/python3.14/site-packages/urllib3/util/connection.py", line 73, in create_connection
    sock.connect(sa)
    ~~~~~~~~~~~~^^^^
ConnectionRefusedError: [Errno 111] Connection refused

The above exception was the direct cause of the following exception:

Traceback (most recent call last):
  File "/usr/local/lib/python3.14/site-packages/urllib3/connectionpool.py", line 787, in urlopen
    response = self._make_request(
        conn,
    ...<10 lines>...
        **response_kw,
    )
  File "/usr/local/lib/python3.14/site-packages/urllib3/connectionpool.py", line 493, in _make_request
    conn.request(
    ~~~~~~~~~~~~^
        method,
        ^^^^^^^
    ...<6 lines>...
        enforce_content_length=enforce_content_length,
        ^^^^^^^^^^^^^^^^^^^^^^^^^^^^^^^^^^^^^^^^^^^^^^
    )
    ^
  File "/usr/local/lib/python3.14/site-packages/urllib3/connection.py", line 500, in request
    self.endheaders()
    ~~~~~~~~~~~~~~~^^
  File "/usr/local/lib/python3.14/http/client.py", line 1353, in endheaders
    self._send_output(message_body, encode_chunked=encode_chunked)
    ~~~~~~~~~~~~~~~~~^^^^^^^^^^^^^^^^^^^^^^^^^^^^^^^^^^^^^^^^^^^^^
  File "/usr/local/lib/python3.14/http/client.py", line 1113, in _send_output
    self.send(msg)
    ~~~~~~~~~^^^^^
  File "/usr/local/lib/python3.14/http/client.py", line 1057, in send
    self.connect()
    ~~~~~~~~~~~~^^
  File "/usr/local/lib/python3.14/site-packages/urllib3/connection.py", line 331, in connect
    self.sock = self._new_conn()
                ~~~~~~~~~~~~~~^^
  File "/usr/local/lib/python3.14/site-packages/urllib3/connection.py", line 219, in _new_conn
    raise NewConnectionError(
        self, f"Failed to establish a new connection: {e}"
    ) from e
urllib3.exceptions.NewConnectionError: HTTPConnection(host='localhost', port=8082): Failed to establish a new connection: [Errno 111] Connection refused

The above exception was the direct cause of the following exception:

Traceback (most recent call last):
  File "/usr/local/lib/python3.14/site-packages/requests/adapters.py", line 644, in send
    resp = conn.urlopen(
        method=request.method,
    ...<9 lines>...
        chunked=chunked,
    )
  File "/usr/local/lib/python3.14/site-packages/urllib3/connectionpool.py", line 841, in urlopen
    retries = retries.increment(
        method, url, error=new_e, _pool=self, _stacktrace=sys.exc_info()[2]
    )
  File "/usr/local/lib/python3.14/site-packages/urllib3/util/retry.py", line 535, in increment
    raise MaxRetryError(_pool, url, reason) from reason  # type: ignore[arg-type]
    ^^^^^^^^^^^^^^^^^^^^^^^^^^^^^^^^^^^^^^^^^^^^^^^^^^^
urllib3.exceptions.MaxRetryError: HTTPConnectionPool(host='localhost', port=8082): Max retries exceeded with url: /v1/documents (Caused by NewConnectionError("HTTPConnection(host='localhost', port=8082): Failed to establish a new connection: [Errno 111] Connection refused"))

During handling of the above exception, another exception occurred:

Traceback (most recent call last):
  File "/u/bglq/projects/rag/rag-refactor/deploy/singularity/scripts/ingest_collections.py", line 446, in ingest_collection
    task_id = client.upload_batch(batch, result.collection_name, chunk_size, chunk_overlap)
  File "/u/bglq/projects/rag/rag-refactor/deploy/singularity/scripts/ingest_collections.py", line 282, in upload_batch
    resp = requests.post(url, files=files_form, timeout=300)
  File "/usr/local/lib/python3.14/site-packages/requests/api.py", line 115, in post
    return request("post", url, data=data, json=json, **kwargs)
  File "/usr/local/lib/python3.14/site-packages/requests/api.py", line 59, in request
    return session.request(method=method, url=url, **kwargs)
           ~~~~~~~~~~~~~~~^^^^^^^^^^^^^^^^^^^^^^^^^^^^^^^^^^
  File "/usr/local/lib/python3.14/site-packages/requests/sessions.py", line 589, in request
    resp = self.send(prep, **send_kwargs)
  File "/usr/local/lib/python3.14/site-packages/requests/sessions.py", line 703, in send
    r = adapter.send(request, **kwargs)
  File "/usr/local/lib/python3.14/site-packages/requests/adapters.py", line 677, in send
    raise ConnectionError(e, request=request)
requests.exceptions.ConnectionError: HTTPConnectionPool(host='localhost', port=8082): Max retries exceeded with url: /v1/documents (Caused by NewConnectionError("HTTPConnection(host='localhost', port=8082): Failed to establish a new connection: [Errno 111] Connection refused"))
2026-02-27 16:45:35 | INFO     | --- batch 30/131 (16 files) ---
2026-02-27 16:45:35 | DEBUG    |   Files: 2000-48.pdf, 2000-49.pdf, 2000-50.pdf, 2001-01.pdf, 2001-02.pdf, 2001-03.pdf, 2001-04.pdf, 2001-05.pdf, 2001-12.pdf, 2001-14.pdf, 2001-15.pdf, 2001-16.pdf, 2001-17.pdf, 2001-18.pdf, 2001-19.pdf, 2001-20.pdf
2026-02-27 16:45:35 | ERROR    | ❌ batch 30/131 (16 files) failed: HTTPConnectionPool(host='localhost', port=8082): Max retries exceeded with url: /v1/documents (Caused by NewConnectionError("HTTPConnection(host='localhost', port=8082): Failed to establish a new connection: [Errno 111] Connection refused"))
Traceback (most recent call last):
  File "/usr/local/lib/python3.14/site-packages/urllib3/connection.py", line 204, in _new_conn
    sock = connection.create_connection(
        (self._dns_host, self.port),
    ...<2 lines>...
        socket_options=self.socket_options,
    )
  File "/usr/local/lib/python3.14/site-packages/urllib3/util/connection.py", line 85, in create_connection
    raise err
  File "/usr/local/lib/python3.14/site-packages/urllib3/util/connection.py", line 73, in create_connection
    sock.connect(sa)
    ~~~~~~~~~~~~^^^^
ConnectionRefusedError: [Errno 111] Connection refused

The above exception was the direct cause of the following exception:

Traceback (most recent call last):
  File "/usr/local/lib/python3.14/site-packages/urllib3/connectionpool.py", line 787, in urlopen
    response = self._make_request(
        conn,
    ...<10 lines>...
        **response_kw,
    )
  File "/usr/local/lib/python3.14/site-packages/urllib3/connectionpool.py", line 493, in _make_request
    conn.request(
    ~~~~~~~~~~~~^
        method,
        ^^^^^^^
    ...<6 lines>...
        enforce_content_length=enforce_content_length,
        ^^^^^^^^^^^^^^^^^^^^^^^^^^^^^^^^^^^^^^^^^^^^^^
    )
    ^
  File "/usr/local/lib/python3.14/site-packages/urllib3/connection.py", line 500, in request
    self.endheaders()
    ~~~~~~~~~~~~~~~^^
  File "/usr/local/lib/python3.14/http/client.py", line 1353, in endheaders
    self._send_output(message_body, encode_chunked=encode_chunked)
    ~~~~~~~~~~~~~~~~~^^^^^^^^^^^^^^^^^^^^^^^^^^^^^^^^^^^^^^^^^^^^^
  File "/usr/local/lib/python3.14/http/client.py", line 1113, in _send_output
    self.send(msg)
    ~~~~~~~~~^^^^^
  File "/usr/local/lib/python3.14/http/client.py", line 1057, in send
    self.connect()
    ~~~~~~~~~~~~^^
  File "/usr/local/lib/python3.14/site-packages/urllib3/connection.py", line 331, in connect
    self.sock = self._new_conn()
                ~~~~~~~~~~~~~~^^
  File "/usr/local/lib/python3.14/site-packages/urllib3/connection.py", line 219, in _new_conn
    raise NewConnectionError(
        self, f"Failed to establish a new connection: {e}"
    ) from e
urllib3.exceptions.NewConnectionError: HTTPConnection(host='localhost', port=8082): Failed to establish a new connection: [Errno 111] Connection refused

The above exception was the direct cause of the following exception:

Traceback (most recent call last):
  File "/usr/local/lib/python3.14/site-packages/requests/adapters.py", line 644, in send
    resp = conn.urlopen(
        method=request.method,
    ...<9 lines>...
        chunked=chunked,
    )
  File "/usr/local/lib/python3.14/site-packages/urllib3/connectionpool.py", line 841, in urlopen
    retries = retries.increment(
        method, url, error=new_e, _pool=self, _stacktrace=sys.exc_info()[2]
    )
  File "/usr/local/lib/python3.14/site-packages/urllib3/util/retry.py", line 535, in increment
    raise MaxRetryError(_pool, url, reason) from reason  # type: ignore[arg-type]
    ^^^^^^^^^^^^^^^^^^^^^^^^^^^^^^^^^^^^^^^^^^^^^^^^^^^
urllib3.exceptions.MaxRetryError: HTTPConnectionPool(host='localhost', port=8082): Max retries exceeded with url: /v1/documents (Caused by NewConnectionError("HTTPConnection(host='localhost', port=8082): Failed to establish a new connection: [Errno 111] Connection refused"))

During handling of the above exception, another exception occurred:

Traceback (most recent call last):
  File "/u/bglq/projects/rag/rag-refactor/deploy/singularity/scripts/ingest_collections.py", line 446, in ingest_collection
    task_id = client.upload_batch(batch, result.collection_name, chunk_size, chunk_overlap)
  File "/u/bglq/projects/rag/rag-refactor/deploy/singularity/scripts/ingest_collections.py", line 282, in upload_batch
    resp = requests.post(url, files=files_form, timeout=300)
  File "/usr/local/lib/python3.14/site-packages/requests/api.py", line 115, in post
    return request("post", url, data=data, json=json, **kwargs)
  File "/usr/local/lib/python3.14/site-packages/requests/api.py", line 59, in request
    return session.request(method=method, url=url, **kwargs)
           ~~~~~~~~~~~~~~~^^^^^^^^^^^^^^^^^^^^^^^^^^^^^^^^^^
  File "/usr/local/lib/python3.14/site-packages/requests/sessions.py", line 589, in request
    resp = self.send(prep, **send_kwargs)
  File "/usr/local/lib/python3.14/site-packages/requests/sessions.py", line 703, in send
    r = adapter.send(request, **kwargs)
  File "/usr/local/lib/python3.14/site-packages/requests/adapters.py", line 677, in send
    raise ConnectionError(e, request=request)
requests.exceptions.ConnectionError: HTTPConnectionPool(host='localhost', port=8082): Max retries exceeded with url: /v1/documents (Caused by NewConnectionError("HTTPConnection(host='localhost', port=8082): Failed to establish a new connection: [Errno 111] Connection refused"))
2026-02-27 16:45:35 | INFO     | --- batch 31/131 (16 files) ---
2026-02-27 16:45:35 | DEBUG    |   Files: 2001-21.pdf, 2001-23.pdf, 2001-27.pdf, 2001-30.pdf, 2001-31.pdf, 2001-33.pdf, 2001-34.pdf, 2001-35.pdf, 2001-36.pdf, 2001-38.pdf, 2001-39.pdf, 2001-40.pdf, 2001-41.pdf, 2001-42.pdf, 2001-43.pdf, 2001-44.pdf
2026-02-27 16:45:35 | ERROR    | ❌ batch 31/131 (16 files) failed: HTTPConnectionPool(host='localhost', port=8082): Max retries exceeded with url: /v1/documents (Caused by NewConnectionError("HTTPConnection(host='localhost', port=8082): Failed to establish a new connection: [Errno 111] Connection refused"))
Traceback (most recent call last):
  File "/usr/local/lib/python3.14/site-packages/urllib3/connection.py", line 204, in _new_conn
    sock = connection.create_connection(
        (self._dns_host, self.port),
    ...<2 lines>...
        socket_options=self.socket_options,
    )
  File "/usr/local/lib/python3.14/site-packages/urllib3/util/connection.py", line 85, in create_connection
    raise err
  File "/usr/local/lib/python3.14/site-packages/urllib3/util/connection.py", line 73, in create_connection
    sock.connect(sa)
    ~~~~~~~~~~~~^^^^
ConnectionRefusedError: [Errno 111] Connection refused

The above exception was the direct cause of the following exception:

Traceback (most recent call last):
  File "/usr/local/lib/python3.14/site-packages/urllib3/connectionpool.py", line 787, in urlopen
    response = self._make_request(
        conn,
    ...<10 lines>...
        **response_kw,
    )
  File "/usr/local/lib/python3.14/site-packages/urllib3/connectionpool.py", line 493, in _make_request
    conn.request(
    ~~~~~~~~~~~~^
        method,
        ^^^^^^^
    ...<6 lines>...
        enforce_content_length=enforce_content_length,
        ^^^^^^^^^^^^^^^^^^^^^^^^^^^^^^^^^^^^^^^^^^^^^^
    )
    ^
  File "/usr/local/lib/python3.14/site-packages/urllib3/connection.py", line 500, in request
    self.endheaders()
    ~~~~~~~~~~~~~~~^^
  File "/usr/local/lib/python3.14/http/client.py", line 1353, in endheaders
    self._send_output(message_body, encode_chunked=encode_chunked)
    ~~~~~~~~~~~~~~~~~^^^^^^^^^^^^^^^^^^^^^^^^^^^^^^^^^^^^^^^^^^^^^
  File "/usr/local/lib/python3.14/http/client.py", line 1113, in _send_output
    self.send(msg)
    ~~~~~~~~~^^^^^
  File "/usr/local/lib/python3.14/http/client.py", line 1057, in send
    self.connect()
    ~~~~~~~~~~~~^^
  File "/usr/local/lib/python3.14/site-packages/urllib3/connection.py", line 331, in connect
    self.sock = self._new_conn()
                ~~~~~~~~~~~~~~^^
  File "/usr/local/lib/python3.14/site-packages/urllib3/connection.py", line 219, in _new_conn
    raise NewConnectionError(
        self, f"Failed to establish a new connection: {e}"
    ) from e
urllib3.exceptions.NewConnectionError: HTTPConnection(host='localhost', port=8082): Failed to establish a new connection: [Errno 111] Connection refused

The above exception was the direct cause of the following exception:

Traceback (most recent call last):
  File "/usr/local/lib/python3.14/site-packages/requests/adapters.py", line 644, in send
    resp = conn.urlopen(
        method=request.method,
    ...<9 lines>...
        chunked=chunked,
    )
  File "/usr/local/lib/python3.14/site-packages/urllib3/connectionpool.py", line 841, in urlopen
    retries = retries.increment(
        method, url, error=new_e, _pool=self, _stacktrace=sys.exc_info()[2]
    )
  File "/usr/local/lib/python3.14/site-packages/urllib3/util/retry.py", line 535, in increment
    raise MaxRetryError(_pool, url, reason) from reason  # type: ignore[arg-type]
    ^^^^^^^^^^^^^^^^^^^^^^^^^^^^^^^^^^^^^^^^^^^^^^^^^^^
urllib3.exceptions.MaxRetryError: HTTPConnectionPool(host='localhost', port=8082): Max retries exceeded with url: /v1/documents (Caused by NewConnectionError("HTTPConnection(host='localhost', port=8082): Failed to establish a new connection: [Errno 111] Connection refused"))

During handling of the above exception, another exception occurred:

Traceback (most recent call last):
  File "/u/bglq/projects/rag/rag-refactor/deploy/singularity/scripts/ingest_collections.py", line 446, in ingest_collection
    task_id = client.upload_batch(batch, result.collection_name, chunk_size, chunk_overlap)
  File "/u/bglq/projects/rag/rag-refactor/deploy/singularity/scripts/ingest_collections.py", line 282, in upload_batch
    resp = requests.post(url, files=files_form, timeout=300)
  File "/usr/local/lib/python3.14/site-packages/requests/api.py", line 115, in post
    return request("post", url, data=data, json=json, **kwargs)
  File "/usr/local/lib/python3.14/site-packages/requests/api.py", line 59, in request
    return session.request(method=method, url=url, **kwargs)
           ~~~~~~~~~~~~~~~^^^^^^^^^^^^^^^^^^^^^^^^^^^^^^^^^^
  File "/usr/local/lib/python3.14/site-packages/requests/sessions.py", line 589, in request
    resp = self.send(prep, **send_kwargs)
  File "/usr/local/lib/python3.14/site-packages/requests/sessions.py", line 703, in send
    r = adapter.send(request, **kwargs)
  File "/usr/local/lib/python3.14/site-packages/requests/adapters.py", line 677, in send
    raise ConnectionError(e, request=request)
requests.exceptions.ConnectionError: HTTPConnectionPool(host='localhost', port=8082): Max retries exceeded with url: /v1/documents (Caused by NewConnectionError("HTTPConnection(host='localhost', port=8082): Failed to establish a new connection: [Errno 111] Connection refused"))
2026-02-27 16:45:35 | INFO     | --- batch 32/131 (16 files) ---
2026-02-27 16:45:35 | DEBUG    |   Files: 2001-45.pdf, 2001-47.pdf, 2001-51.pdf, 2001-52.pdf, 2001-56.pdf, 2001-57.pdf, 2001-58.pdf, 2001-59.pdf, 2001-61.pdf, 2001-62.pdf, 2002-01.pdf, 2002-02.pdf, 2002-03.pdf, 2002-04.pdf, 2002-05.pdf, 2002-06.pdf
2026-02-27 16:45:36 | ERROR    | ❌ batch 32/131 (16 files) failed: HTTPConnectionPool(host='localhost', port=8082): Max retries exceeded with url: /v1/documents (Caused by NewConnectionError("HTTPConnection(host='localhost', port=8082): Failed to establish a new connection: [Errno 111] Connection refused"))
Traceback (most recent call last):
  File "/usr/local/lib/python3.14/site-packages/urllib3/connection.py", line 204, in _new_conn
    sock = connection.create_connection(
        (self._dns_host, self.port),
    ...<2 lines>...
        socket_options=self.socket_options,
    )
  File "/usr/local/lib/python3.14/site-packages/urllib3/util/connection.py", line 85, in create_connection
    raise err
  File "/usr/local/lib/python3.14/site-packages/urllib3/util/connection.py", line 73, in create_connection
    sock.connect(sa)
    ~~~~~~~~~~~~^^^^
ConnectionRefusedError: [Errno 111] Connection refused

The above exception was the direct cause of the following exception:

Traceback (most recent call last):
  File "/usr/local/lib/python3.14/site-packages/urllib3/connectionpool.py", line 787, in urlopen
    response = self._make_request(
        conn,
    ...<10 lines>...
        **response_kw,
    )
  File "/usr/local/lib/python3.14/site-packages/urllib3/connectionpool.py", line 493, in _make_request
    conn.request(
    ~~~~~~~~~~~~^
        method,
        ^^^^^^^
    ...<6 lines>...
        enforce_content_length=enforce_content_length,
        ^^^^^^^^^^^^^^^^^^^^^^^^^^^^^^^^^^^^^^^^^^^^^^
    )
    ^
  File "/usr/local/lib/python3.14/site-packages/urllib3/connection.py", line 500, in request
    self.endheaders()
    ~~~~~~~~~~~~~~~^^
  File "/usr/local/lib/python3.14/http/client.py", line 1353, in endheaders
    self._send_output(message_body, encode_chunked=encode_chunked)
    ~~~~~~~~~~~~~~~~~^^^^^^^^^^^^^^^^^^^^^^^^^^^^^^^^^^^^^^^^^^^^^
  File "/usr/local/lib/python3.14/http/client.py", line 1113, in _send_output
    self.send(msg)
    ~~~~~~~~~^^^^^
  File "/usr/local/lib/python3.14/http/client.py", line 1057, in send
    self.connect()
    ~~~~~~~~~~~~^^
  File "/usr/local/lib/python3.14/site-packages/urllib3/connection.py", line 331, in connect
    self.sock = self._new_conn()
                ~~~~~~~~~~~~~~^^
  File "/usr/local/lib/python3.14/site-packages/urllib3/connection.py", line 219, in _new_conn
    raise NewConnectionError(
        self, f"Failed to establish a new connection: {e}"
    ) from e
urllib3.exceptions.NewConnectionError: HTTPConnection(host='localhost', port=8082): Failed to establish a new connection: [Errno 111] Connection refused

The above exception was the direct cause of the following exception:

Traceback (most recent call last):
  File "/usr/local/lib/python3.14/site-packages/requests/adapters.py", line 644, in send
    resp = conn.urlopen(
        method=request.method,
    ...<9 lines>...
        chunked=chunked,
    )
  File "/usr/local/lib/python3.14/site-packages/urllib3/connectionpool.py", line 841, in urlopen
    retries = retries.increment(
        method, url, error=new_e, _pool=self, _stacktrace=sys.exc_info()[2]
    )
  File "/usr/local/lib/python3.14/site-packages/urllib3/util/retry.py", line 535, in increment
    raise MaxRetryError(_pool, url, reason) from reason  # type: ignore[arg-type]
    ^^^^^^^^^^^^^^^^^^^^^^^^^^^^^^^^^^^^^^^^^^^^^^^^^^^
urllib3.exceptions.MaxRetryError: HTTPConnectionPool(host='localhost', port=8082): Max retries exceeded with url: /v1/documents (Caused by NewConnectionError("HTTPConnection(host='localhost', port=8082): Failed to establish a new connection: [Errno 111] Connection refused"))

During handling of the above exception, another exception occurred:

Traceback (most recent call last):
  File "/u/bglq/projects/rag/rag-refactor/deploy/singularity/scripts/ingest_collections.py", line 446, in ingest_collection
    task_id = client.upload_batch(batch, result.collection_name, chunk_size, chunk_overlap)
  File "/u/bglq/projects/rag/rag-refactor/deploy/singularity/scripts/ingest_collections.py", line 282, in upload_batch
    resp = requests.post(url, files=files_form, timeout=300)
  File "/usr/local/lib/python3.14/site-packages/requests/api.py", line 115, in post
    return request("post", url, data=data, json=json, **kwargs)
  File "/usr/local/lib/python3.14/site-packages/requests/api.py", line 59, in request
    return session.request(method=method, url=url, **kwargs)
           ~~~~~~~~~~~~~~~^^^^^^^^^^^^^^^^^^^^^^^^^^^^^^^^^^
  File "/usr/local/lib/python3.14/site-packages/requests/sessions.py", line 589, in request
    resp = self.send(prep, **send_kwargs)
  File "/usr/local/lib/python3.14/site-packages/requests/sessions.py", line 703, in send
    r = adapter.send(request, **kwargs)
  File "/usr/local/lib/python3.14/site-packages/requests/adapters.py", line 677, in send
    raise ConnectionError(e, request=request)
requests.exceptions.ConnectionError: HTTPConnectionPool(host='localhost', port=8082): Max retries exceeded with url: /v1/documents (Caused by NewConnectionError("HTTPConnection(host='localhost', port=8082): Failed to establish a new connection: [Errno 111] Connection refused"))
2026-02-27 16:45:36 | INFO     | --- batch 33/131 (16 files) ---
2026-02-27 16:45:36 | DEBUG    |   Files: 2002-07.pdf, 2002-08.pdf, 2002-09.pdf, 2002-10.pdf, 2002-11.pdf, 2002-12.pdf, 2002-13.pdf, 2002-14.pdf, 2002-15.pdf, 2002-16.pdf, 2002-17.pdf, 2002-18.pdf, 2002-19.pdf, 2002-20.pdf, 2002-21.pdf, 2002-22.pdf
2026-02-27 16:45:36 | ERROR    | ❌ batch 33/131 (16 files) failed: HTTPConnectionPool(host='localhost', port=8082): Max retries exceeded with url: /v1/documents (Caused by NewConnectionError("HTTPConnection(host='localhost', port=8082): Failed to establish a new connection: [Errno 111] Connection refused"))
Traceback (most recent call last):
  File "/usr/local/lib/python3.14/site-packages/urllib3/connection.py", line 204, in _new_conn
    sock = connection.create_connection(
        (self._dns_host, self.port),
    ...<2 lines>...
        socket_options=self.socket_options,
    )
  File "/usr/local/lib/python3.14/site-packages/urllib3/util/connection.py", line 85, in create_connection
    raise err
  File "/usr/local/lib/python3.14/site-packages/urllib3/util/connection.py", line 73, in create_connection
    sock.connect(sa)
    ~~~~~~~~~~~~^^^^
ConnectionRefusedError: [Errno 111] Connection refused

The above exception was the direct cause of the following exception:

Traceback (most recent call last):
  File "/usr/local/lib/python3.14/site-packages/urllib3/connectionpool.py", line 787, in urlopen
    response = self._make_request(
        conn,
    ...<10 lines>...
        **response_kw,
    )
  File "/usr/local/lib/python3.14/site-packages/urllib3/connectionpool.py", line 493, in _make_request
    conn.request(
    ~~~~~~~~~~~~^
        method,
        ^^^^^^^
    ...<6 lines>...
        enforce_content_length=enforce_content_length,
        ^^^^^^^^^^^^^^^^^^^^^^^^^^^^^^^^^^^^^^^^^^^^^^
    )
    ^
  File "/usr/local/lib/python3.14/site-packages/urllib3/connection.py", line 500, in request
    self.endheaders()
    ~~~~~~~~~~~~~~~^^
  File "/usr/local/lib/python3.14/http/client.py", line 1353, in endheaders
    self._send_output(message_body, encode_chunked=encode_chunked)
    ~~~~~~~~~~~~~~~~~^^^^^^^^^^^^^^^^^^^^^^^^^^^^^^^^^^^^^^^^^^^^^
  File "/usr/local/lib/python3.14/http/client.py", line 1113, in _send_output
    self.send(msg)
    ~~~~~~~~~^^^^^
  File "/usr/local/lib/python3.14/http/client.py", line 1057, in send
    self.connect()
    ~~~~~~~~~~~~^^
  File "/usr/local/lib/python3.14/site-packages/urllib3/connection.py", line 331, in connect
    self.sock = self._new_conn()
                ~~~~~~~~~~~~~~^^
  File "/usr/local/lib/python3.14/site-packages/urllib3/connection.py", line 219, in _new_conn
    raise NewConnectionError(
        self, f"Failed to establish a new connection: {e}"
    ) from e
urllib3.exceptions.NewConnectionError: HTTPConnection(host='localhost', port=8082): Failed to establish a new connection: [Errno 111] Connection refused

The above exception was the direct cause of the following exception:

Traceback (most recent call last):
  File "/usr/local/lib/python3.14/site-packages/requests/adapters.py", line 644, in send
    resp = conn.urlopen(
        method=request.method,
    ...<9 lines>...
        chunked=chunked,
    )
  File "/usr/local/lib/python3.14/site-packages/urllib3/connectionpool.py", line 841, in urlopen
    retries = retries.increment(
        method, url, error=new_e, _pool=self, _stacktrace=sys.exc_info()[2]
    )
  File "/usr/local/lib/python3.14/site-packages/urllib3/util/retry.py", line 535, in increment
    raise MaxRetryError(_pool, url, reason) from reason  # type: ignore[arg-type]
    ^^^^^^^^^^^^^^^^^^^^^^^^^^^^^^^^^^^^^^^^^^^^^^^^^^^
urllib3.exceptions.MaxRetryError: HTTPConnectionPool(host='localhost', port=8082): Max retries exceeded with url: /v1/documents (Caused by NewConnectionError("HTTPConnection(host='localhost', port=8082): Failed to establish a new connection: [Errno 111] Connection refused"))

During handling of the above exception, another exception occurred:

Traceback (most recent call last):
  File "/u/bglq/projects/rag/rag-refactor/deploy/singularity/scripts/ingest_collections.py", line 446, in ingest_collection
    task_id = client.upload_batch(batch, result.collection_name, chunk_size, chunk_overlap)
  File "/u/bglq/projects/rag/rag-refactor/deploy/singularity/scripts/ingest_collections.py", line 282, in upload_batch
    resp = requests.post(url, files=files_form, timeout=300)
  File "/usr/local/lib/python3.14/site-packages/requests/api.py", line 115, in post
    return request("post", url, data=data, json=json, **kwargs)
  File "/usr/local/lib/python3.14/site-packages/requests/api.py", line 59, in request
    return session.request(method=method, url=url, **kwargs)
           ~~~~~~~~~~~~~~~^^^^^^^^^^^^^^^^^^^^^^^^^^^^^^^^^^
  File "/usr/local/lib/python3.14/site-packages/requests/sessions.py", line 589, in request
    resp = self.send(prep, **send_kwargs)
  File "/usr/local/lib/python3.14/site-packages/requests/sessions.py", line 703, in send
    r = adapter.send(request, **kwargs)
  File "/usr/local/lib/python3.14/site-packages/requests/adapters.py", line 677, in send
    raise ConnectionError(e, request=request)
requests.exceptions.ConnectionError: HTTPConnectionPool(host='localhost', port=8082): Max retries exceeded with url: /v1/documents (Caused by NewConnectionError("HTTPConnection(host='localhost', port=8082): Failed to establish a new connection: [Errno 111] Connection refused"))
2026-02-27 16:45:36 | INFO     | --- batch 34/131 (16 files) ---
2026-02-27 16:45:36 | DEBUG    |   Files: 2002-23.pdf, 2002-24.pdf, 2002-25.pdf, 2002-26.pdf, 2002-27.pdf, 2002-28.pdf, 2002-29.pdf, 2002-30.pdf, 2002-31.pdf, 2002-32.pdf, 2002-33.pdf, 2002-34.pdf, 2002-35.pdf, 2002-36.pdf, 2002-37.pdf, 2002-38.pdf
2026-02-27 16:45:36 | ERROR    | ❌ batch 34/131 (16 files) failed: HTTPConnectionPool(host='localhost', port=8082): Max retries exceeded with url: /v1/documents (Caused by NewConnectionError("HTTPConnection(host='localhost', port=8082): Failed to establish a new connection: [Errno 111] Connection refused"))
Traceback (most recent call last):
  File "/usr/local/lib/python3.14/site-packages/urllib3/connection.py", line 204, in _new_conn
    sock = connection.create_connection(
        (self._dns_host, self.port),
    ...<2 lines>...
        socket_options=self.socket_options,
    )
  File "/usr/local/lib/python3.14/site-packages/urllib3/util/connection.py", line 85, in create_connection
    raise err
  File "/usr/local/lib/python3.14/site-packages/urllib3/util/connection.py", line 73, in create_connection
    sock.connect(sa)
    ~~~~~~~~~~~~^^^^
ConnectionRefusedError: [Errno 111] Connection refused

The above exception was the direct cause of the following exception:

Traceback (most recent call last):
  File "/usr/local/lib/python3.14/site-packages/urllib3/connectionpool.py", line 787, in urlopen
    response = self._make_request(
        conn,
    ...<10 lines>...
        **response_kw,
    )
  File "/usr/local/lib/python3.14/site-packages/urllib3/connectionpool.py", line 493, in _make_request
    conn.request(
    ~~~~~~~~~~~~^
        method,
        ^^^^^^^
    ...<6 lines>...
        enforce_content_length=enforce_content_length,
        ^^^^^^^^^^^^^^^^^^^^^^^^^^^^^^^^^^^^^^^^^^^^^^
    )
    ^
  File "/usr/local/lib/python3.14/site-packages/urllib3/connection.py", line 500, in request
    self.endheaders()
    ~~~~~~~~~~~~~~~^^
  File "/usr/local/lib/python3.14/http/client.py", line 1353, in endheaders
    self._send_output(message_body, encode_chunked=encode_chunked)
    ~~~~~~~~~~~~~~~~~^^^^^^^^^^^^^^^^^^^^^^^^^^^^^^^^^^^^^^^^^^^^^
  File "/usr/local/lib/python3.14/http/client.py", line 1113, in _send_output
    self.send(msg)
    ~~~~~~~~~^^^^^
  File "/usr/local/lib/python3.14/http/client.py", line 1057, in send
    self.connect()
    ~~~~~~~~~~~~^^
  File "/usr/local/lib/python3.14/site-packages/urllib3/connection.py", line 331, in connect
    self.sock = self._new_conn()
                ~~~~~~~~~~~~~~^^
  File "/usr/local/lib/python3.14/site-packages/urllib3/connection.py", line 219, in _new_conn
    raise NewConnectionError(
        self, f"Failed to establish a new connection: {e}"
    ) from e
urllib3.exceptions.NewConnectionError: HTTPConnection(host='localhost', port=8082): Failed to establish a new connection: [Errno 111] Connection refused

The above exception was the direct cause of the following exception:

Traceback (most recent call last):
  File "/usr/local/lib/python3.14/site-packages/requests/adapters.py", line 644, in send
    resp = conn.urlopen(
        method=request.method,
    ...<9 lines>...
        chunked=chunked,
    )
  File "/usr/local/lib/python3.14/site-packages/urllib3/connectionpool.py", line 841, in urlopen
    retries = retries.increment(
        method, url, error=new_e, _pool=self, _stacktrace=sys.exc_info()[2]
    )
  File "/usr/local/lib/python3.14/site-packages/urllib3/util/retry.py", line 535, in increment
    raise MaxRetryError(_pool, url, reason) from reason  # type: ignore[arg-type]
    ^^^^^^^^^^^^^^^^^^^^^^^^^^^^^^^^^^^^^^^^^^^^^^^^^^^
urllib3.exceptions.MaxRetryError: HTTPConnectionPool(host='localhost', port=8082): Max retries exceeded with url: /v1/documents (Caused by NewConnectionError("HTTPConnection(host='localhost', port=8082): Failed to establish a new connection: [Errno 111] Connection refused"))

During handling of the above exception, another exception occurred:

Traceback (most recent call last):
  File "/u/bglq/projects/rag/rag-refactor/deploy/singularity/scripts/ingest_collections.py", line 446, in ingest_collection
    task_id = client.upload_batch(batch, result.collection_name, chunk_size, chunk_overlap)
  File "/u/bglq/projects/rag/rag-refactor/deploy/singularity/scripts/ingest_collections.py", line 282, in upload_batch
    resp = requests.post(url, files=files_form, timeout=300)
  File "/usr/local/lib/python3.14/site-packages/requests/api.py", line 115, in post
    return request("post", url, data=data, json=json, **kwargs)
  File "/usr/local/lib/python3.14/site-packages/requests/api.py", line 59, in request
    return session.request(method=method, url=url, **kwargs)
           ~~~~~~~~~~~~~~~^^^^^^^^^^^^^^^^^^^^^^^^^^^^^^^^^^
  File "/usr/local/lib/python3.14/site-packages/requests/sessions.py", line 589, in request
    resp = self.send(prep, **send_kwargs)
  File "/usr/local/lib/python3.14/site-packages/requests/sessions.py", line 703, in send
    r = adapter.send(request, **kwargs)
  File "/usr/local/lib/python3.14/site-packages/requests/adapters.py", line 677, in send
    raise ConnectionError(e, request=request)
requests.exceptions.ConnectionError: HTTPConnectionPool(host='localhost', port=8082): Max retries exceeded with url: /v1/documents (Caused by NewConnectionError("HTTPConnection(host='localhost', port=8082): Failed to establish a new connection: [Errno 111] Connection refused"))
2026-02-27 16:45:36 | INFO     | --- batch 35/131 (16 files) ---
2026-02-27 16:45:36 | DEBUG    |   Files: 2002-39.pdf, 2002-40.pdf, 2002-41.pdf, 2002-42.pdf, 2002-43.pdf, 2002-44.pdf, 2002-45.pdf, 2002-46.pdf, 2002-47.pdf, 2002-48.pdf, 2002-49.pdf, 2002-50.pdf, 2002-51.pdf, 2002-52.pdf, 2002-53.pdf, 2002-54.pdf
2026-02-27 16:45:36 | ERROR    | ❌ batch 35/131 (16 files) failed: HTTPConnectionPool(host='localhost', port=8082): Max retries exceeded with url: /v1/documents (Caused by NewConnectionError("HTTPConnection(host='localhost', port=8082): Failed to establish a new connection: [Errno 111] Connection refused"))
Traceback (most recent call last):
  File "/usr/local/lib/python3.14/site-packages/urllib3/connection.py", line 204, in _new_conn
    sock = connection.create_connection(
        (self._dns_host, self.port),
    ...<2 lines>...
        socket_options=self.socket_options,
    )
  File "/usr/local/lib/python3.14/site-packages/urllib3/util/connection.py", line 85, in create_connection
    raise err
  File "/usr/local/lib/python3.14/site-packages/urllib3/util/connection.py", line 73, in create_connection
    sock.connect(sa)
    ~~~~~~~~~~~~^^^^
ConnectionRefusedError: [Errno 111] Connection refused

The above exception was the direct cause of the following exception:

Traceback (most recent call last):
  File "/usr/local/lib/python3.14/site-packages/urllib3/connectionpool.py", line 787, in urlopen
    response = self._make_request(
        conn,
    ...<10 lines>...
        **response_kw,
    )
  File "/usr/local/lib/python3.14/site-packages/urllib3/connectionpool.py", line 493, in _make_request
    conn.request(
    ~~~~~~~~~~~~^
        method,
        ^^^^^^^
    ...<6 lines>...
        enforce_content_length=enforce_content_length,
        ^^^^^^^^^^^^^^^^^^^^^^^^^^^^^^^^^^^^^^^^^^^^^^
    )
    ^
  File "/usr/local/lib/python3.14/site-packages/urllib3/connection.py", line 500, in request
    self.endheaders()
    ~~~~~~~~~~~~~~~^^
  File "/usr/local/lib/python3.14/http/client.py", line 1353, in endheaders
    self._send_output(message_body, encode_chunked=encode_chunked)
    ~~~~~~~~~~~~~~~~~^^^^^^^^^^^^^^^^^^^^^^^^^^^^^^^^^^^^^^^^^^^^^
  File "/usr/local/lib/python3.14/http/client.py", line 1113, in _send_output
    self.send(msg)
    ~~~~~~~~~^^^^^
  File "/usr/local/lib/python3.14/http/client.py", line 1057, in send
    self.connect()
    ~~~~~~~~~~~~^^
  File "/usr/local/lib/python3.14/site-packages/urllib3/connection.py", line 331, in connect
    self.sock = self._new_conn()
                ~~~~~~~~~~~~~~^^
  File "/usr/local/lib/python3.14/site-packages/urllib3/connection.py", line 219, in _new_conn
    raise NewConnectionError(
        self, f"Failed to establish a new connection: {e}"
    ) from e
urllib3.exceptions.NewConnectionError: HTTPConnection(host='localhost', port=8082): Failed to establish a new connection: [Errno 111] Connection refused

The above exception was the direct cause of the following exception:

Traceback (most recent call last):
  File "/usr/local/lib/python3.14/site-packages/requests/adapters.py", line 644, in send
    resp = conn.urlopen(
        method=request.method,
    ...<9 lines>...
        chunked=chunked,
    )
  File "/usr/local/lib/python3.14/site-packages/urllib3/connectionpool.py", line 841, in urlopen
    retries = retries.increment(
        method, url, error=new_e, _pool=self, _stacktrace=sys.exc_info()[2]
    )
  File "/usr/local/lib/python3.14/site-packages/urllib3/util/retry.py", line 535, in increment
    raise MaxRetryError(_pool, url, reason) from reason  # type: ignore[arg-type]
    ^^^^^^^^^^^^^^^^^^^^^^^^^^^^^^^^^^^^^^^^^^^^^^^^^^^
urllib3.exceptions.MaxRetryError: HTTPConnectionPool(host='localhost', port=8082): Max retries exceeded with url: /v1/documents (Caused by NewConnectionError("HTTPConnection(host='localhost', port=8082): Failed to establish a new connection: [Errno 111] Connection refused"))

During handling of the above exception, another exception occurred:

Traceback (most recent call last):
  File "/u/bglq/projects/rag/rag-refactor/deploy/singularity/scripts/ingest_collections.py", line 446, in ingest_collection
    task_id = client.upload_batch(batch, result.collection_name, chunk_size, chunk_overlap)
  File "/u/bglq/projects/rag/rag-refactor/deploy/singularity/scripts/ingest_collections.py", line 282, in upload_batch
    resp = requests.post(url, files=files_form, timeout=300)
  File "/usr/local/lib/python3.14/site-packages/requests/api.py", line 115, in post
    return request("post", url, data=data, json=json, **kwargs)
  File "/usr/local/lib/python3.14/site-packages/requests/api.py", line 59, in request
    return session.request(method=method, url=url, **kwargs)
           ~~~~~~~~~~~~~~~^^^^^^^^^^^^^^^^^^^^^^^^^^^^^^^^^^
  File "/usr/local/lib/python3.14/site-packages/requests/sessions.py", line 589, in request
    resp = self.send(prep, **send_kwargs)
  File "/usr/local/lib/python3.14/site-packages/requests/sessions.py", line 703, in send
    r = adapter.send(request, **kwargs)
  File "/usr/local/lib/python3.14/site-packages/requests/adapters.py", line 677, in send
    raise ConnectionError(e, request=request)
requests.exceptions.ConnectionError: HTTPConnectionPool(host='localhost', port=8082): Max retries exceeded with url: /v1/documents (Caused by NewConnectionError("HTTPConnection(host='localhost', port=8082): Failed to establish a new connection: [Errno 111] Connection refused"))
2026-02-27 16:45:36 | INFO     | --- batch 36/131 (16 files) ---
2026-02-27 16:45:36 | DEBUG    |   Files: 2002-55.pdf, 2002-56.pdf, 2002-57.pdf, 2002-58.pdf, 2002-59.pdf, 2002-60.pdf, 2002-61.pdf, 2002-62.pdf, 2002-63.pdf, 2002-64.pdf, 2002-65.pdf, 2003-01.pdf, 2003-02.pdf, 2003-03.pdf, 2003-04.pdf, 2003-05.pdf
2026-02-27 16:45:37 | ERROR    | ❌ batch 36/131 (16 files) failed: HTTPConnectionPool(host='localhost', port=8082): Max retries exceeded with url: /v1/documents (Caused by NewConnectionError("HTTPConnection(host='localhost', port=8082): Failed to establish a new connection: [Errno 111] Connection refused"))
Traceback (most recent call last):
  File "/usr/local/lib/python3.14/site-packages/urllib3/connection.py", line 204, in _new_conn
    sock = connection.create_connection(
        (self._dns_host, self.port),
    ...<2 lines>...
        socket_options=self.socket_options,
    )
  File "/usr/local/lib/python3.14/site-packages/urllib3/util/connection.py", line 85, in create_connection
    raise err
  File "/usr/local/lib/python3.14/site-packages/urllib3/util/connection.py", line 73, in create_connection
    sock.connect(sa)
    ~~~~~~~~~~~~^^^^
ConnectionRefusedError: [Errno 111] Connection refused

The above exception was the direct cause of the following exception:

Traceback (most recent call last):
  File "/usr/local/lib/python3.14/site-packages/urllib3/connectionpool.py", line 787, in urlopen
    response = self._make_request(
        conn,
    ...<10 lines>...
        **response_kw,
    )
  File "/usr/local/lib/python3.14/site-packages/urllib3/connectionpool.py", line 493, in _make_request
    conn.request(
    ~~~~~~~~~~~~^
        method,
        ^^^^^^^
    ...<6 lines>...
        enforce_content_length=enforce_content_length,
        ^^^^^^^^^^^^^^^^^^^^^^^^^^^^^^^^^^^^^^^^^^^^^^
    )
    ^
  File "/usr/local/lib/python3.14/site-packages/urllib3/connection.py", line 500, in request
    self.endheaders()
    ~~~~~~~~~~~~~~~^^
  File "/usr/local/lib/python3.14/http/client.py", line 1353, in endheaders
    self._send_output(message_body, encode_chunked=encode_chunked)
    ~~~~~~~~~~~~~~~~~^^^^^^^^^^^^^^^^^^^^^^^^^^^^^^^^^^^^^^^^^^^^^
  File "/usr/local/lib/python3.14/http/client.py", line 1113, in _send_output
    self.send(msg)
    ~~~~~~~~~^^^^^
  File "/usr/local/lib/python3.14/http/client.py", line 1057, in send
    self.connect()
    ~~~~~~~~~~~~^^
  File "/usr/local/lib/python3.14/site-packages/urllib3/connection.py", line 331, in connect
    self.sock = self._new_conn()
                ~~~~~~~~~~~~~~^^
  File "/usr/local/lib/python3.14/site-packages/urllib3/connection.py", line 219, in _new_conn
    raise NewConnectionError(
        self, f"Failed to establish a new connection: {e}"
    ) from e
urllib3.exceptions.NewConnectionError: HTTPConnection(host='localhost', port=8082): Failed to establish a new connection: [Errno 111] Connection refused

The above exception was the direct cause of the following exception:

Traceback (most recent call last):
  File "/usr/local/lib/python3.14/site-packages/requests/adapters.py", line 644, in send
    resp = conn.urlopen(
        method=request.method,
    ...<9 lines>...
        chunked=chunked,
    )
  File "/usr/local/lib/python3.14/site-packages/urllib3/connectionpool.py", line 841, in urlopen
    retries = retries.increment(
        method, url, error=new_e, _pool=self, _stacktrace=sys.exc_info()[2]
    )
  File "/usr/local/lib/python3.14/site-packages/urllib3/util/retry.py", line 535, in increment
    raise MaxRetryError(_pool, url, reason) from reason  # type: ignore[arg-type]
    ^^^^^^^^^^^^^^^^^^^^^^^^^^^^^^^^^^^^^^^^^^^^^^^^^^^
urllib3.exceptions.MaxRetryError: HTTPConnectionPool(host='localhost', port=8082): Max retries exceeded with url: /v1/documents (Caused by NewConnectionError("HTTPConnection(host='localhost', port=8082): Failed to establish a new connection: [Errno 111] Connection refused"))

During handling of the above exception, another exception occurred:

Traceback (most recent call last):
  File "/u/bglq/projects/rag/rag-refactor/deploy/singularity/scripts/ingest_collections.py", line 446, in ingest_collection
    task_id = client.upload_batch(batch, result.collection_name, chunk_size, chunk_overlap)
  File "/u/bglq/projects/rag/rag-refactor/deploy/singularity/scripts/ingest_collections.py", line 282, in upload_batch
    resp = requests.post(url, files=files_form, timeout=300)
  File "/usr/local/lib/python3.14/site-packages/requests/api.py", line 115, in post
    return request("post", url, data=data, json=json, **kwargs)
  File "/usr/local/lib/python3.14/site-packages/requests/api.py", line 59, in request
    return session.request(method=method, url=url, **kwargs)
           ~~~~~~~~~~~~~~~^^^^^^^^^^^^^^^^^^^^^^^^^^^^^^^^^^
  File "/usr/local/lib/python3.14/site-packages/requests/sessions.py", line 589, in request
    resp = self.send(prep, **send_kwargs)
  File "/usr/local/lib/python3.14/site-packages/requests/sessions.py", line 703, in send
    r = adapter.send(request, **kwargs)
  File "/usr/local/lib/python3.14/site-packages/requests/adapters.py", line 677, in send
    raise ConnectionError(e, request=request)
requests.exceptions.ConnectionError: HTTPConnectionPool(host='localhost', port=8082): Max retries exceeded with url: /v1/documents (Caused by NewConnectionError("HTTPConnection(host='localhost', port=8082): Failed to establish a new connection: [Errno 111] Connection refused"))
2026-02-27 16:45:37 | INFO     | --- batch 37/131 (16 files) ---
2026-02-27 16:45:37 | DEBUG    |   Files: 2003-06.pdf, 2003-07.pdf, 2003-08.pdf, 2003-09.pdf, 2003-10.pdf, 2003-11.pdf, 2003-12.pdf, 2003-13.pdf, 2003-14.pdf, 2003-15.pdf, 2003-16.pdf, 2003-17.pdf, 2003-18.pdf, 2003-19.pdf, 2003-20.pdf, 2003-21.pdf
2026-02-27 16:45:37 | ERROR    | ❌ batch 37/131 (16 files) failed: HTTPConnectionPool(host='localhost', port=8082): Max retries exceeded with url: /v1/documents (Caused by NewConnectionError("HTTPConnection(host='localhost', port=8082): Failed to establish a new connection: [Errno 111] Connection refused"))
Traceback (most recent call last):
  File "/usr/local/lib/python3.14/site-packages/urllib3/connection.py", line 204, in _new_conn
    sock = connection.create_connection(
        (self._dns_host, self.port),
    ...<2 lines>...
        socket_options=self.socket_options,
    )
  File "/usr/local/lib/python3.14/site-packages/urllib3/util/connection.py", line 85, in create_connection
    raise err
  File "/usr/local/lib/python3.14/site-packages/urllib3/util/connection.py", line 73, in create_connection
    sock.connect(sa)
    ~~~~~~~~~~~~^^^^
ConnectionRefusedError: [Errno 111] Connection refused

The above exception was the direct cause of the following exception:

Traceback (most recent call last):
  File "/usr/local/lib/python3.14/site-packages/urllib3/connectionpool.py", line 787, in urlopen
    response = self._make_request(
        conn,
    ...<10 lines>...
        **response_kw,
    )
  File "/usr/local/lib/python3.14/site-packages/urllib3/connectionpool.py", line 493, in _make_request
    conn.request(
    ~~~~~~~~~~~~^
        method,
        ^^^^^^^
    ...<6 lines>...
        enforce_content_length=enforce_content_length,
        ^^^^^^^^^^^^^^^^^^^^^^^^^^^^^^^^^^^^^^^^^^^^^^
    )
    ^
  File "/usr/local/lib/python3.14/site-packages/urllib3/connection.py", line 500, in request
    self.endheaders()
    ~~~~~~~~~~~~~~~^^
  File "/usr/local/lib/python3.14/http/client.py", line 1353, in endheaders
    self._send_output(message_body, encode_chunked=encode_chunked)
    ~~~~~~~~~~~~~~~~~^^^^^^^^^^^^^^^^^^^^^^^^^^^^^^^^^^^^^^^^^^^^^
  File "/usr/local/lib/python3.14/http/client.py", line 1113, in _send_output
    self.send(msg)
    ~~~~~~~~~^^^^^
  File "/usr/local/lib/python3.14/http/client.py", line 1057, in send
    self.connect()
    ~~~~~~~~~~~~^^
  File "/usr/local/lib/python3.14/site-packages/urllib3/connection.py", line 331, in connect
    self.sock = self._new_conn()
                ~~~~~~~~~~~~~~^^
  File "/usr/local/lib/python3.14/site-packages/urllib3/connection.py", line 219, in _new_conn
    raise NewConnectionError(
        self, f"Failed to establish a new connection: {e}"
    ) from e
urllib3.exceptions.NewConnectionError: HTTPConnection(host='localhost', port=8082): Failed to establish a new connection: [Errno 111] Connection refused

The above exception was the direct cause of the following exception:

Traceback (most recent call last):
  File "/usr/local/lib/python3.14/site-packages/requests/adapters.py", line 644, in send
    resp = conn.urlopen(
        method=request.method,
    ...<9 lines>...
        chunked=chunked,
    )
  File "/usr/local/lib/python3.14/site-packages/urllib3/connectionpool.py", line 841, in urlopen
    retries = retries.increment(
        method, url, error=new_e, _pool=self, _stacktrace=sys.exc_info()[2]
    )
  File "/usr/local/lib/python3.14/site-packages/urllib3/util/retry.py", line 535, in increment
    raise MaxRetryError(_pool, url, reason) from reason  # type: ignore[arg-type]
    ^^^^^^^^^^^^^^^^^^^^^^^^^^^^^^^^^^^^^^^^^^^^^^^^^^^
urllib3.exceptions.MaxRetryError: HTTPConnectionPool(host='localhost', port=8082): Max retries exceeded with url: /v1/documents (Caused by NewConnectionError("HTTPConnection(host='localhost', port=8082): Failed to establish a new connection: [Errno 111] Connection refused"))

During handling of the above exception, another exception occurred:

Traceback (most recent call last):
  File "/u/bglq/projects/rag/rag-refactor/deploy/singularity/scripts/ingest_collections.py", line 446, in ingest_collection
    task_id = client.upload_batch(batch, result.collection_name, chunk_size, chunk_overlap)
  File "/u/bglq/projects/rag/rag-refactor/deploy/singularity/scripts/ingest_collections.py", line 282, in upload_batch
    resp = requests.post(url, files=files_form, timeout=300)
  File "/usr/local/lib/python3.14/site-packages/requests/api.py", line 115, in post
    return request("post", url, data=data, json=json, **kwargs)
  File "/usr/local/lib/python3.14/site-packages/requests/api.py", line 59, in request
    return session.request(method=method, url=url, **kwargs)
           ~~~~~~~~~~~~~~~^^^^^^^^^^^^^^^^^^^^^^^^^^^^^^^^^^
  File "/usr/local/lib/python3.14/site-packages/requests/sessions.py", line 589, in request
    resp = self.send(prep, **send_kwargs)
  File "/usr/local/lib/python3.14/site-packages/requests/sessions.py", line 703, in send
    r = adapter.send(request, **kwargs)
  File "/usr/local/lib/python3.14/site-packages/requests/adapters.py", line 677, in send
    raise ConnectionError(e, request=request)
requests.exceptions.ConnectionError: HTTPConnectionPool(host='localhost', port=8082): Max retries exceeded with url: /v1/documents (Caused by NewConnectionError("HTTPConnection(host='localhost', port=8082): Failed to establish a new connection: [Errno 111] Connection refused"))
2026-02-27 16:45:37 | INFO     | --- batch 38/131 (16 files) ---
2026-02-27 16:45:37 | DEBUG    |   Files: 2003-22.pdf, 2003-23.pdf, 2003-24.pdf, 2003-25.pdf, 2003-26.pdf, 2003-27.pdf, 2003-28.pdf, 2003-29.pdf, 2003-30.pdf, 2003-31.pdf, 2003-32.pdf, 2003-33.pdf, 2003-34.pdf, 2003-35.pdf, 2003-36.pdf, 2003-37.pdf
2026-02-27 16:45:38 | ERROR    | ❌ batch 38/131 (16 files) failed: HTTPConnectionPool(host='localhost', port=8082): Max retries exceeded with url: /v1/documents (Caused by NewConnectionError("HTTPConnection(host='localhost', port=8082): Failed to establish a new connection: [Errno 111] Connection refused"))
Traceback (most recent call last):
  File "/usr/local/lib/python3.14/site-packages/urllib3/connection.py", line 204, in _new_conn
    sock = connection.create_connection(
        (self._dns_host, self.port),
    ...<2 lines>...
        socket_options=self.socket_options,
    )
  File "/usr/local/lib/python3.14/site-packages/urllib3/util/connection.py", line 85, in create_connection
    raise err
  File "/usr/local/lib/python3.14/site-packages/urllib3/util/connection.py", line 73, in create_connection
    sock.connect(sa)
    ~~~~~~~~~~~~^^^^
ConnectionRefusedError: [Errno 111] Connection refused

The above exception was the direct cause of the following exception:

Traceback (most recent call last):
  File "/usr/local/lib/python3.14/site-packages/urllib3/connectionpool.py", line 787, in urlopen
    response = self._make_request(
        conn,
    ...<10 lines>...
        **response_kw,
    )
  File "/usr/local/lib/python3.14/site-packages/urllib3/connectionpool.py", line 493, in _make_request
    conn.request(
    ~~~~~~~~~~~~^
        method,
        ^^^^^^^
    ...<6 lines>...
        enforce_content_length=enforce_content_length,
        ^^^^^^^^^^^^^^^^^^^^^^^^^^^^^^^^^^^^^^^^^^^^^^
    )
    ^
  File "/usr/local/lib/python3.14/site-packages/urllib3/connection.py", line 500, in request
    self.endheaders()
    ~~~~~~~~~~~~~~~^^
  File "/usr/local/lib/python3.14/http/client.py", line 1353, in endheaders
    self._send_output(message_body, encode_chunked=encode_chunked)
    ~~~~~~~~~~~~~~~~~^^^^^^^^^^^^^^^^^^^^^^^^^^^^^^^^^^^^^^^^^^^^^
  File "/usr/local/lib/python3.14/http/client.py", line 1113, in _send_output
    self.send(msg)
    ~~~~~~~~~^^^^^
  File "/usr/local/lib/python3.14/http/client.py", line 1057, in send
    self.connect()
    ~~~~~~~~~~~~^^
  File "/usr/local/lib/python3.14/site-packages/urllib3/connection.py", line 331, in connect
    self.sock = self._new_conn()
                ~~~~~~~~~~~~~~^^
  File "/usr/local/lib/python3.14/site-packages/urllib3/connection.py", line 219, in _new_conn
    raise NewConnectionError(
        self, f"Failed to establish a new connection: {e}"
    ) from e
urllib3.exceptions.NewConnectionError: HTTPConnection(host='localhost', port=8082): Failed to establish a new connection: [Errno 111] Connection refused

The above exception was the direct cause of the following exception:

Traceback (most recent call last):
  File "/usr/local/lib/python3.14/site-packages/requests/adapters.py", line 644, in send
    resp = conn.urlopen(
        method=request.method,
    ...<9 lines>...
        chunked=chunked,
    )
  File "/usr/local/lib/python3.14/site-packages/urllib3/connectionpool.py", line 841, in urlopen
    retries = retries.increment(
        method, url, error=new_e, _pool=self, _stacktrace=sys.exc_info()[2]
    )
  File "/usr/local/lib/python3.14/site-packages/urllib3/util/retry.py", line 535, in increment
    raise MaxRetryError(_pool, url, reason) from reason  # type: ignore[arg-type]
    ^^^^^^^^^^^^^^^^^^^^^^^^^^^^^^^^^^^^^^^^^^^^^^^^^^^
urllib3.exceptions.MaxRetryError: HTTPConnectionPool(host='localhost', port=8082): Max retries exceeded with url: /v1/documents (Caused by NewConnectionError("HTTPConnection(host='localhost', port=8082): Failed to establish a new connection: [Errno 111] Connection refused"))

During handling of the above exception, another exception occurred:

Traceback (most recent call last):
  File "/u/bglq/projects/rag/rag-refactor/deploy/singularity/scripts/ingest_collections.py", line 446, in ingest_collection
    task_id = client.upload_batch(batch, result.collection_name, chunk_size, chunk_overlap)
  File "/u/bglq/projects/rag/rag-refactor/deploy/singularity/scripts/ingest_collections.py", line 282, in upload_batch
    resp = requests.post(url, files=files_form, timeout=300)
  File "/usr/local/lib/python3.14/site-packages/requests/api.py", line 115, in post
    return request("post", url, data=data, json=json, **kwargs)
  File "/usr/local/lib/python3.14/site-packages/requests/api.py", line 59, in request
    return session.request(method=method, url=url, **kwargs)
           ~~~~~~~~~~~~~~~^^^^^^^^^^^^^^^^^^^^^^^^^^^^^^^^^^
  File "/usr/local/lib/python3.14/site-packages/requests/sessions.py", line 589, in request
    resp = self.send(prep, **send_kwargs)
  File "/usr/local/lib/python3.14/site-packages/requests/sessions.py", line 703, in send
    r = adapter.send(request, **kwargs)
  File "/usr/local/lib/python3.14/site-packages/requests/adapters.py", line 677, in send
    raise ConnectionError(e, request=request)
requests.exceptions.ConnectionError: HTTPConnectionPool(host='localhost', port=8082): Max retries exceeded with url: /v1/documents (Caused by NewConnectionError("HTTPConnection(host='localhost', port=8082): Failed to establish a new connection: [Errno 111] Connection refused"))
2026-02-27 16:45:38 | INFO     | --- batch 39/131 (16 files) ---
2026-02-27 16:45:38 | DEBUG    |   Files: 2003-38.pdf, 2003-39.pdf, 2003-40.pdf, 2003-41.pdf, 2003-42.pdf, 2003-43.pdf, 2003-44.pdf, 2003-45.pdf, 2003-46.pdf, 2003-47.pdf, 2003-48.pdf, 2003-49.pdf, 2003-50.pdf, 2003-51.pdf, 2003-52.pdf, 2003-53.pdf
2026-02-27 16:45:38 | ERROR    | ❌ batch 39/131 (16 files) failed: HTTPConnectionPool(host='localhost', port=8082): Max retries exceeded with url: /v1/documents (Caused by NewConnectionError("HTTPConnection(host='localhost', port=8082): Failed to establish a new connection: [Errno 111] Connection refused"))
Traceback (most recent call last):
  File "/usr/local/lib/python3.14/site-packages/urllib3/connection.py", line 204, in _new_conn
    sock = connection.create_connection(
        (self._dns_host, self.port),
    ...<2 lines>...
        socket_options=self.socket_options,
    )
  File "/usr/local/lib/python3.14/site-packages/urllib3/util/connection.py", line 85, in create_connection
    raise err
  File "/usr/local/lib/python3.14/site-packages/urllib3/util/connection.py", line 73, in create_connection
    sock.connect(sa)
    ~~~~~~~~~~~~^^^^
ConnectionRefusedError: [Errno 111] Connection refused

The above exception was the direct cause of the following exception:

Traceback (most recent call last):
  File "/usr/local/lib/python3.14/site-packages/urllib3/connectionpool.py", line 787, in urlopen
    response = self._make_request(
        conn,
    ...<10 lines>...
        **response_kw,
    )
  File "/usr/local/lib/python3.14/site-packages/urllib3/connectionpool.py", line 493, in _make_request
    conn.request(
    ~~~~~~~~~~~~^
        method,
        ^^^^^^^
    ...<6 lines>...
        enforce_content_length=enforce_content_length,
        ^^^^^^^^^^^^^^^^^^^^^^^^^^^^^^^^^^^^^^^^^^^^^^
    )
    ^
  File "/usr/local/lib/python3.14/site-packages/urllib3/connection.py", line 500, in request
    self.endheaders()
    ~~~~~~~~~~~~~~~^^
  File "/usr/local/lib/python3.14/http/client.py", line 1353, in endheaders
    self._send_output(message_body, encode_chunked=encode_chunked)
    ~~~~~~~~~~~~~~~~~^^^^^^^^^^^^^^^^^^^^^^^^^^^^^^^^^^^^^^^^^^^^^
  File "/usr/local/lib/python3.14/http/client.py", line 1113, in _send_output
    self.send(msg)
    ~~~~~~~~~^^^^^
  File "/usr/local/lib/python3.14/http/client.py", line 1057, in send
    self.connect()
    ~~~~~~~~~~~~^^
  File "/usr/local/lib/python3.14/site-packages/urllib3/connection.py", line 331, in connect
    self.sock = self._new_conn()
                ~~~~~~~~~~~~~~^^
  File "/usr/local/lib/python3.14/site-packages/urllib3/connection.py", line 219, in _new_conn
    raise NewConnectionError(
        self, f"Failed to establish a new connection: {e}"
    ) from e
urllib3.exceptions.NewConnectionError: HTTPConnection(host='localhost', port=8082): Failed to establish a new connection: [Errno 111] Connection refused

The above exception was the direct cause of the following exception:

Traceback (most recent call last):
  File "/usr/local/lib/python3.14/site-packages/requests/adapters.py", line 644, in send
    resp = conn.urlopen(
        method=request.method,
    ...<9 lines>...
        chunked=chunked,
    )
  File "/usr/local/lib/python3.14/site-packages/urllib3/connectionpool.py", line 841, in urlopen
    retries = retries.increment(
        method, url, error=new_e, _pool=self, _stacktrace=sys.exc_info()[2]
    )
  File "/usr/local/lib/python3.14/site-packages/urllib3/util/retry.py", line 535, in increment
    raise MaxRetryError(_pool, url, reason) from reason  # type: ignore[arg-type]
    ^^^^^^^^^^^^^^^^^^^^^^^^^^^^^^^^^^^^^^^^^^^^^^^^^^^
urllib3.exceptions.MaxRetryError: HTTPConnectionPool(host='localhost', port=8082): Max retries exceeded with url: /v1/documents (Caused by NewConnectionError("HTTPConnection(host='localhost', port=8082): Failed to establish a new connection: [Errno 111] Connection refused"))

During handling of the above exception, another exception occurred:

Traceback (most recent call last):
  File "/u/bglq/projects/rag/rag-refactor/deploy/singularity/scripts/ingest_collections.py", line 446, in ingest_collection
    task_id = client.upload_batch(batch, result.collection_name, chunk_size, chunk_overlap)
  File "/u/bglq/projects/rag/rag-refactor/deploy/singularity/scripts/ingest_collections.py", line 282, in upload_batch
    resp = requests.post(url, files=files_form, timeout=300)
  File "/usr/local/lib/python3.14/site-packages/requests/api.py", line 115, in post
    return request("post", url, data=data, json=json, **kwargs)
  File "/usr/local/lib/python3.14/site-packages/requests/api.py", line 59, in request
    return session.request(method=method, url=url, **kwargs)
           ~~~~~~~~~~~~~~~^^^^^^^^^^^^^^^^^^^^^^^^^^^^^^^^^^
  File "/usr/local/lib/python3.14/site-packages/requests/sessions.py", line 589, in request
    resp = self.send(prep, **send_kwargs)
  File "/usr/local/lib/python3.14/site-packages/requests/sessions.py", line 703, in send
    r = adapter.send(request, **kwargs)
  File "/usr/local/lib/python3.14/site-packages/requests/adapters.py", line 677, in send
    raise ConnectionError(e, request=request)
requests.exceptions.ConnectionError: HTTPConnectionPool(host='localhost', port=8082): Max retries exceeded with url: /v1/documents (Caused by NewConnectionError("HTTPConnection(host='localhost', port=8082): Failed to establish a new connection: [Errno 111] Connection refused"))
2026-02-27 16:45:38 | INFO     | --- batch 40/131 (16 files) ---
2026-02-27 16:45:38 | DEBUG    |   Files: 2003-54.pdf, 2003-55.pdf, 2003-56.pdf, 2003-57.pdf, 2003-58.pdf, 2003-59.pdf, 2003-60.pdf, 2003-61.pdf, 2003-62.pdf, 2003-63.pdf, 2003-64.pdf, 2003-65.pdf, 2003-66.pdf, 2003-67.pdf, 2003-68.pdf, 2003-69.pdf
2026-02-27 16:45:38 | ERROR    | ❌ batch 40/131 (16 files) failed: HTTPConnectionPool(host='localhost', port=8082): Max retries exceeded with url: /v1/documents (Caused by NewConnectionError("HTTPConnection(host='localhost', port=8082): Failed to establish a new connection: [Errno 111] Connection refused"))
Traceback (most recent call last):
  File "/usr/local/lib/python3.14/site-packages/urllib3/connection.py", line 204, in _new_conn
    sock = connection.create_connection(
        (self._dns_host, self.port),
    ...<2 lines>...
        socket_options=self.socket_options,
    )
  File "/usr/local/lib/python3.14/site-packages/urllib3/util/connection.py", line 85, in create_connection
    raise err
  File "/usr/local/lib/python3.14/site-packages/urllib3/util/connection.py", line 73, in create_connection
    sock.connect(sa)
    ~~~~~~~~~~~~^^^^
ConnectionRefusedError: [Errno 111] Connection refused

The above exception was the direct cause of the following exception:

Traceback (most recent call last):
  File "/usr/local/lib/python3.14/site-packages/urllib3/connectionpool.py", line 787, in urlopen
    response = self._make_request(
        conn,
    ...<10 lines>...
        **response_kw,
    )
  File "/usr/local/lib/python3.14/site-packages/urllib3/connectionpool.py", line 493, in _make_request
    conn.request(
    ~~~~~~~~~~~~^
        method,
        ^^^^^^^
    ...<6 lines>...
        enforce_content_length=enforce_content_length,
        ^^^^^^^^^^^^^^^^^^^^^^^^^^^^^^^^^^^^^^^^^^^^^^
    )
    ^
  File "/usr/local/lib/python3.14/site-packages/urllib3/connection.py", line 500, in request
    self.endheaders()
    ~~~~~~~~~~~~~~~^^
  File "/usr/local/lib/python3.14/http/client.py", line 1353, in endheaders
    self._send_output(message_body, encode_chunked=encode_chunked)
    ~~~~~~~~~~~~~~~~~^^^^^^^^^^^^^^^^^^^^^^^^^^^^^^^^^^^^^^^^^^^^^
  File "/usr/local/lib/python3.14/http/client.py", line 1113, in _send_output
    self.send(msg)
    ~~~~~~~~~^^^^^
  File "/usr/local/lib/python3.14/http/client.py", line 1057, in send
    self.connect()
    ~~~~~~~~~~~~^^
  File "/usr/local/lib/python3.14/site-packages/urllib3/connection.py", line 331, in connect
    self.sock = self._new_conn()
                ~~~~~~~~~~~~~~^^
  File "/usr/local/lib/python3.14/site-packages/urllib3/connection.py", line 219, in _new_conn
    raise NewConnectionError(
        self, f"Failed to establish a new connection: {e}"
    ) from e
urllib3.exceptions.NewConnectionError: HTTPConnection(host='localhost', port=8082): Failed to establish a new connection: [Errno 111] Connection refused

The above exception was the direct cause of the following exception:

Traceback (most recent call last):
  File "/usr/local/lib/python3.14/site-packages/requests/adapters.py", line 644, in send
    resp = conn.urlopen(
        method=request.method,
    ...<9 lines>...
        chunked=chunked,
    )
  File "/usr/local/lib/python3.14/site-packages/urllib3/connectionpool.py", line 841, in urlopen
    retries = retries.increment(
        method, url, error=new_e, _pool=self, _stacktrace=sys.exc_info()[2]
    )
  File "/usr/local/lib/python3.14/site-packages/urllib3/util/retry.py", line 535, in increment
    raise MaxRetryError(_pool, url, reason) from reason  # type: ignore[arg-type]
    ^^^^^^^^^^^^^^^^^^^^^^^^^^^^^^^^^^^^^^^^^^^^^^^^^^^
urllib3.exceptions.MaxRetryError: HTTPConnectionPool(host='localhost', port=8082): Max retries exceeded with url: /v1/documents (Caused by NewConnectionError("HTTPConnection(host='localhost', port=8082): Failed to establish a new connection: [Errno 111] Connection refused"))

During handling of the above exception, another exception occurred:

Traceback (most recent call last):
  File "/u/bglq/projects/rag/rag-refactor/deploy/singularity/scripts/ingest_collections.py", line 446, in ingest_collection
    task_id = client.upload_batch(batch, result.collection_name, chunk_size, chunk_overlap)
  File "/u/bglq/projects/rag/rag-refactor/deploy/singularity/scripts/ingest_collections.py", line 282, in upload_batch
    resp = requests.post(url, files=files_form, timeout=300)
  File "/usr/local/lib/python3.14/site-packages/requests/api.py", line 115, in post
    return request("post", url, data=data, json=json, **kwargs)
  File "/usr/local/lib/python3.14/site-packages/requests/api.py", line 59, in request
    return session.request(method=method, url=url, **kwargs)
           ~~~~~~~~~~~~~~~^^^^^^^^^^^^^^^^^^^^^^^^^^^^^^^^^^
  File "/usr/local/lib/python3.14/site-packages/requests/sessions.py", line 589, in request
    resp = self.send(prep, **send_kwargs)
  File "/usr/local/lib/python3.14/site-packages/requests/sessions.py", line 703, in send
    r = adapter.send(request, **kwargs)
  File "/usr/local/lib/python3.14/site-packages/requests/adapters.py", line 677, in send
    raise ConnectionError(e, request=request)
requests.exceptions.ConnectionError: HTTPConnectionPool(host='localhost', port=8082): Max retries exceeded with url: /v1/documents (Caused by NewConnectionError("HTTPConnection(host='localhost', port=8082): Failed to establish a new connection: [Errno 111] Connection refused"))
2026-02-27 16:45:38 | INFO     | --- batch 41/131 (16 files) ---
2026-02-27 16:45:38 | DEBUG    |   Files: 2004-01.pdf, 2004-02.pdf, 2004-03.pdf, 2004-04.pdf, 2004-05.pdf, 2004-06.pdf, 2004-07.pdf, 2004-08.pdf, 2004-09.pdf, 2004-10.pdf, 2004-11.pdf, 2004-12.pdf, 2004-13.pdf, 2004-14.pdf, 2004-15.pdf, 2004-16.pdf
2026-02-27 16:45:38 | ERROR    | ❌ batch 41/131 (16 files) failed: HTTPConnectionPool(host='localhost', port=8082): Max retries exceeded with url: /v1/documents (Caused by NewConnectionError("HTTPConnection(host='localhost', port=8082): Failed to establish a new connection: [Errno 111] Connection refused"))
Traceback (most recent call last):
  File "/usr/local/lib/python3.14/site-packages/urllib3/connection.py", line 204, in _new_conn
    sock = connection.create_connection(
        (self._dns_host, self.port),
    ...<2 lines>...
        socket_options=self.socket_options,
    )
  File "/usr/local/lib/python3.14/site-packages/urllib3/util/connection.py", line 85, in create_connection
    raise err
  File "/usr/local/lib/python3.14/site-packages/urllib3/util/connection.py", line 73, in create_connection
    sock.connect(sa)
    ~~~~~~~~~~~~^^^^
ConnectionRefusedError: [Errno 111] Connection refused

The above exception was the direct cause of the following exception:

Traceback (most recent call last):
  File "/usr/local/lib/python3.14/site-packages/urllib3/connectionpool.py", line 787, in urlopen
    response = self._make_request(
        conn,
    ...<10 lines>...
        **response_kw,
    )
  File "/usr/local/lib/python3.14/site-packages/urllib3/connectionpool.py", line 493, in _make_request
    conn.request(
    ~~~~~~~~~~~~^
        method,
        ^^^^^^^
    ...<6 lines>...
        enforce_content_length=enforce_content_length,
        ^^^^^^^^^^^^^^^^^^^^^^^^^^^^^^^^^^^^^^^^^^^^^^
    )
    ^
  File "/usr/local/lib/python3.14/site-packages/urllib3/connection.py", line 500, in request
    self.endheaders()
    ~~~~~~~~~~~~~~~^^
  File "/usr/local/lib/python3.14/http/client.py", line 1353, in endheaders
    self._send_output(message_body, encode_chunked=encode_chunked)
    ~~~~~~~~~~~~~~~~~^^^^^^^^^^^^^^^^^^^^^^^^^^^^^^^^^^^^^^^^^^^^^
  File "/usr/local/lib/python3.14/http/client.py", line 1113, in _send_output
    self.send(msg)
    ~~~~~~~~~^^^^^
  File "/usr/local/lib/python3.14/http/client.py", line 1057, in send
    self.connect()
    ~~~~~~~~~~~~^^
  File "/usr/local/lib/python3.14/site-packages/urllib3/connection.py", line 331, in connect
    self.sock = self._new_conn()
                ~~~~~~~~~~~~~~^^
  File "/usr/local/lib/python3.14/site-packages/urllib3/connection.py", line 219, in _new_conn
    raise NewConnectionError(
        self, f"Failed to establish a new connection: {e}"
    ) from e
urllib3.exceptions.NewConnectionError: HTTPConnection(host='localhost', port=8082): Failed to establish a new connection: [Errno 111] Connection refused

The above exception was the direct cause of the following exception:

Traceback (most recent call last):
  File "/usr/local/lib/python3.14/site-packages/requests/adapters.py", line 644, in send
    resp = conn.urlopen(
        method=request.method,
    ...<9 lines>...
        chunked=chunked,
    )
  File "/usr/local/lib/python3.14/site-packages/urllib3/connectionpool.py", line 841, in urlopen
    retries = retries.increment(
        method, url, error=new_e, _pool=self, _stacktrace=sys.exc_info()[2]
    )
  File "/usr/local/lib/python3.14/site-packages/urllib3/util/retry.py", line 535, in increment
    raise MaxRetryError(_pool, url, reason) from reason  # type: ignore[arg-type]
    ^^^^^^^^^^^^^^^^^^^^^^^^^^^^^^^^^^^^^^^^^^^^^^^^^^^
urllib3.exceptions.MaxRetryError: HTTPConnectionPool(host='localhost', port=8082): Max retries exceeded with url: /v1/documents (Caused by NewConnectionError("HTTPConnection(host='localhost', port=8082): Failed to establish a new connection: [Errno 111] Connection refused"))

During handling of the above exception, another exception occurred:

Traceback (most recent call last):
  File "/u/bglq/projects/rag/rag-refactor/deploy/singularity/scripts/ingest_collections.py", line 446, in ingest_collection
    task_id = client.upload_batch(batch, result.collection_name, chunk_size, chunk_overlap)
  File "/u/bglq/projects/rag/rag-refactor/deploy/singularity/scripts/ingest_collections.py", line 282, in upload_batch
    resp = requests.post(url, files=files_form, timeout=300)
  File "/usr/local/lib/python3.14/site-packages/requests/api.py", line 115, in post
    return request("post", url, data=data, json=json, **kwargs)
  File "/usr/local/lib/python3.14/site-packages/requests/api.py", line 59, in request
    return session.request(method=method, url=url, **kwargs)
           ~~~~~~~~~~~~~~~^^^^^^^^^^^^^^^^^^^^^^^^^^^^^^^^^^
  File "/usr/local/lib/python3.14/site-packages/requests/sessions.py", line 589, in request
    resp = self.send(prep, **send_kwargs)
  File "/usr/local/lib/python3.14/site-packages/requests/sessions.py", line 703, in send
    r = adapter.send(request, **kwargs)
  File "/usr/local/lib/python3.14/site-packages/requests/adapters.py", line 677, in send
    raise ConnectionError(e, request=request)
requests.exceptions.ConnectionError: HTTPConnectionPool(host='localhost', port=8082): Max retries exceeded with url: /v1/documents (Caused by NewConnectionError("HTTPConnection(host='localhost', port=8082): Failed to establish a new connection: [Errno 111] Connection refused"))
2026-02-27 16:45:38 | INFO     | --- batch 42/131 (16 files) ---
2026-02-27 16:45:38 | DEBUG    |   Files: 2004-17.pdf, 2004-18.pdf, 2004-19.pdf, 2004-20.pdf, 2004-21.pdf, 2004-22.pdf, 2004-23.pdf, 2004-24.pdf, 2004-25.pdf, 2004-26.pdf, 2004-27.pdf, 2004-28.pdf, 2004-29.pdf, 2004-30.pdf, 2004-31.pdf, 2004-32.pdf
2026-02-27 16:45:39 | ERROR    | ❌ batch 42/131 (16 files) failed: HTTPConnectionPool(host='localhost', port=8082): Max retries exceeded with url: /v1/documents (Caused by NewConnectionError("HTTPConnection(host='localhost', port=8082): Failed to establish a new connection: [Errno 111] Connection refused"))
Traceback (most recent call last):
  File "/usr/local/lib/python3.14/site-packages/urllib3/connection.py", line 204, in _new_conn
    sock = connection.create_connection(
        (self._dns_host, self.port),
    ...<2 lines>...
        socket_options=self.socket_options,
    )
  File "/usr/local/lib/python3.14/site-packages/urllib3/util/connection.py", line 85, in create_connection
    raise err
  File "/usr/local/lib/python3.14/site-packages/urllib3/util/connection.py", line 73, in create_connection
    sock.connect(sa)
    ~~~~~~~~~~~~^^^^
ConnectionRefusedError: [Errno 111] Connection refused

The above exception was the direct cause of the following exception:

Traceback (most recent call last):
  File "/usr/local/lib/python3.14/site-packages/urllib3/connectionpool.py", line 787, in urlopen
    response = self._make_request(
        conn,
    ...<10 lines>...
        **response_kw,
    )
  File "/usr/local/lib/python3.14/site-packages/urllib3/connectionpool.py", line 493, in _make_request
    conn.request(
    ~~~~~~~~~~~~^
        method,
        ^^^^^^^
    ...<6 lines>...
        enforce_content_length=enforce_content_length,
        ^^^^^^^^^^^^^^^^^^^^^^^^^^^^^^^^^^^^^^^^^^^^^^
    )
    ^
  File "/usr/local/lib/python3.14/site-packages/urllib3/connection.py", line 500, in request
    self.endheaders()
    ~~~~~~~~~~~~~~~^^
  File "/usr/local/lib/python3.14/http/client.py", line 1353, in endheaders
    self._send_output(message_body, encode_chunked=encode_chunked)
    ~~~~~~~~~~~~~~~~~^^^^^^^^^^^^^^^^^^^^^^^^^^^^^^^^^^^^^^^^^^^^^
  File "/usr/local/lib/python3.14/http/client.py", line 1113, in _send_output
    self.send(msg)
    ~~~~~~~~~^^^^^
  File "/usr/local/lib/python3.14/http/client.py", line 1057, in send
    self.connect()
    ~~~~~~~~~~~~^^
  File "/usr/local/lib/python3.14/site-packages/urllib3/connection.py", line 331, in connect
    self.sock = self._new_conn()
                ~~~~~~~~~~~~~~^^
  File "/usr/local/lib/python3.14/site-packages/urllib3/connection.py", line 219, in _new_conn
    raise NewConnectionError(
        self, f"Failed to establish a new connection: {e}"
    ) from e
urllib3.exceptions.NewConnectionError: HTTPConnection(host='localhost', port=8082): Failed to establish a new connection: [Errno 111] Connection refused

The above exception was the direct cause of the following exception:

Traceback (most recent call last):
  File "/usr/local/lib/python3.14/site-packages/requests/adapters.py", line 644, in send
    resp = conn.urlopen(
        method=request.method,
    ...<9 lines>...
        chunked=chunked,
    )
  File "/usr/local/lib/python3.14/site-packages/urllib3/connectionpool.py", line 841, in urlopen
    retries = retries.increment(
        method, url, error=new_e, _pool=self, _stacktrace=sys.exc_info()[2]
    )
  File "/usr/local/lib/python3.14/site-packages/urllib3/util/retry.py", line 535, in increment
    raise MaxRetryError(_pool, url, reason) from reason  # type: ignore[arg-type]
    ^^^^^^^^^^^^^^^^^^^^^^^^^^^^^^^^^^^^^^^^^^^^^^^^^^^
urllib3.exceptions.MaxRetryError: HTTPConnectionPool(host='localhost', port=8082): Max retries exceeded with url: /v1/documents (Caused by NewConnectionError("HTTPConnection(host='localhost', port=8082): Failed to establish a new connection: [Errno 111] Connection refused"))

During handling of the above exception, another exception occurred:

Traceback (most recent call last):
  File "/u/bglq/projects/rag/rag-refactor/deploy/singularity/scripts/ingest_collections.py", line 446, in ingest_collection
    task_id = client.upload_batch(batch, result.collection_name, chunk_size, chunk_overlap)
  File "/u/bglq/projects/rag/rag-refactor/deploy/singularity/scripts/ingest_collections.py", line 282, in upload_batch
    resp = requests.post(url, files=files_form, timeout=300)
  File "/usr/local/lib/python3.14/site-packages/requests/api.py", line 115, in post
    return request("post", url, data=data, json=json, **kwargs)
  File "/usr/local/lib/python3.14/site-packages/requests/api.py", line 59, in request
    return session.request(method=method, url=url, **kwargs)
           ~~~~~~~~~~~~~~~^^^^^^^^^^^^^^^^^^^^^^^^^^^^^^^^^^
  File "/usr/local/lib/python3.14/site-packages/requests/sessions.py", line 589, in request
    resp = self.send(prep, **send_kwargs)
  File "/usr/local/lib/python3.14/site-packages/requests/sessions.py", line 703, in send
    r = adapter.send(request, **kwargs)
  File "/usr/local/lib/python3.14/site-packages/requests/adapters.py", line 677, in send
    raise ConnectionError(e, request=request)
requests.exceptions.ConnectionError: HTTPConnectionPool(host='localhost', port=8082): Max retries exceeded with url: /v1/documents (Caused by NewConnectionError("HTTPConnection(host='localhost', port=8082): Failed to establish a new connection: [Errno 111] Connection refused"))
2026-02-27 16:45:39 | INFO     | --- batch 43/131 (16 files) ---
2026-02-27 16:45:39 | DEBUG    |   Files: 2004-33.pdf, 2004-34.pdf, 2004-35.pdf, 2004-36.pdf, 2004-37.pdf, 2004-38.pdf, 2004-39.pdf, 2004-40.pdf, 2004-41.pdf, 2004-42.pdf, 2004-43.pdf, 2004-44.pdf, 2004-45.pdf, 2004-46.pdf, 2004-47.pdf, 2004-48.pdf
2026-02-27 16:45:39 | ERROR    | ❌ batch 43/131 (16 files) failed: HTTPConnectionPool(host='localhost', port=8082): Max retries exceeded with url: /v1/documents (Caused by NewConnectionError("HTTPConnection(host='localhost', port=8082): Failed to establish a new connection: [Errno 111] Connection refused"))
Traceback (most recent call last):
  File "/usr/local/lib/python3.14/site-packages/urllib3/connection.py", line 204, in _new_conn
    sock = connection.create_connection(
        (self._dns_host, self.port),
    ...<2 lines>...
        socket_options=self.socket_options,
    )
  File "/usr/local/lib/python3.14/site-packages/urllib3/util/connection.py", line 85, in create_connection
    raise err
  File "/usr/local/lib/python3.14/site-packages/urllib3/util/connection.py", line 73, in create_connection
    sock.connect(sa)
    ~~~~~~~~~~~~^^^^
ConnectionRefusedError: [Errno 111] Connection refused

The above exception was the direct cause of the following exception:

Traceback (most recent call last):
  File "/usr/local/lib/python3.14/site-packages/urllib3/connectionpool.py", line 787, in urlopen
    response = self._make_request(
        conn,
    ...<10 lines>...
        **response_kw,
    )
  File "/usr/local/lib/python3.14/site-packages/urllib3/connectionpool.py", line 493, in _make_request
    conn.request(
    ~~~~~~~~~~~~^
        method,
        ^^^^^^^
    ...<6 lines>...
        enforce_content_length=enforce_content_length,
        ^^^^^^^^^^^^^^^^^^^^^^^^^^^^^^^^^^^^^^^^^^^^^^
    )
    ^
  File "/usr/local/lib/python3.14/site-packages/urllib3/connection.py", line 500, in request
    self.endheaders()
    ~~~~~~~~~~~~~~~^^
  File "/usr/local/lib/python3.14/http/client.py", line 1353, in endheaders
    self._send_output(message_body, encode_chunked=encode_chunked)
    ~~~~~~~~~~~~~~~~~^^^^^^^^^^^^^^^^^^^^^^^^^^^^^^^^^^^^^^^^^^^^^
  File "/usr/local/lib/python3.14/http/client.py", line 1113, in _send_output
    self.send(msg)
    ~~~~~~~~~^^^^^
  File "/usr/local/lib/python3.14/http/client.py", line 1057, in send
    self.connect()
    ~~~~~~~~~~~~^^
  File "/usr/local/lib/python3.14/site-packages/urllib3/connection.py", line 331, in connect
    self.sock = self._new_conn()
                ~~~~~~~~~~~~~~^^
  File "/usr/local/lib/python3.14/site-packages/urllib3/connection.py", line 219, in _new_conn
    raise NewConnectionError(
        self, f"Failed to establish a new connection: {e}"
    ) from e
urllib3.exceptions.NewConnectionError: HTTPConnection(host='localhost', port=8082): Failed to establish a new connection: [Errno 111] Connection refused

The above exception was the direct cause of the following exception:

Traceback (most recent call last):
  File "/usr/local/lib/python3.14/site-packages/requests/adapters.py", line 644, in send
    resp = conn.urlopen(
        method=request.method,
    ...<9 lines>...
        chunked=chunked,
    )
  File "/usr/local/lib/python3.14/site-packages/urllib3/connectionpool.py", line 841, in urlopen
    retries = retries.increment(
        method, url, error=new_e, _pool=self, _stacktrace=sys.exc_info()[2]
    )
  File "/usr/local/lib/python3.14/site-packages/urllib3/util/retry.py", line 535, in increment
    raise MaxRetryError(_pool, url, reason) from reason  # type: ignore[arg-type]
    ^^^^^^^^^^^^^^^^^^^^^^^^^^^^^^^^^^^^^^^^^^^^^^^^^^^
urllib3.exceptions.MaxRetryError: HTTPConnectionPool(host='localhost', port=8082): Max retries exceeded with url: /v1/documents (Caused by NewConnectionError("HTTPConnection(host='localhost', port=8082): Failed to establish a new connection: [Errno 111] Connection refused"))

During handling of the above exception, another exception occurred:

Traceback (most recent call last):
  File "/u/bglq/projects/rag/rag-refactor/deploy/singularity/scripts/ingest_collections.py", line 446, in ingest_collection
    task_id = client.upload_batch(batch, result.collection_name, chunk_size, chunk_overlap)
  File "/u/bglq/projects/rag/rag-refactor/deploy/singularity/scripts/ingest_collections.py", line 282, in upload_batch
    resp = requests.post(url, files=files_form, timeout=300)
  File "/usr/local/lib/python3.14/site-packages/requests/api.py", line 115, in post
    return request("post", url, data=data, json=json, **kwargs)
  File "/usr/local/lib/python3.14/site-packages/requests/api.py", line 59, in request
    return session.request(method=method, url=url, **kwargs)
           ~~~~~~~~~~~~~~~^^^^^^^^^^^^^^^^^^^^^^^^^^^^^^^^^^
  File "/usr/local/lib/python3.14/site-packages/requests/sessions.py", line 589, in request
    resp = self.send(prep, **send_kwargs)
  File "/usr/local/lib/python3.14/site-packages/requests/sessions.py", line 703, in send
    r = adapter.send(request, **kwargs)
  File "/usr/local/lib/python3.14/site-packages/requests/adapters.py", line 677, in send
    raise ConnectionError(e, request=request)
requests.exceptions.ConnectionError: HTTPConnectionPool(host='localhost', port=8082): Max retries exceeded with url: /v1/documents (Caused by NewConnectionError("HTTPConnection(host='localhost', port=8082): Failed to establish a new connection: [Errno 111] Connection refused"))
2026-02-27 16:45:39 | INFO     | --- batch 44/131 (16 files) ---
2026-02-27 16:45:39 | DEBUG    |   Files: 2004-49.pdf, 2004-50.pdf, 2004-51.pdf, 2004-52.pdf, 2004-53.pdf, 2004-54.pdf, 2004-55.pdf, 2004-56.pdf, 2004-57.pdf, 2004-58.pdf, 2004-59.pdf, 2004-60.pdf, 2004-61.pdf, 2004-62.pdf, 2004-63.pdf, 2004-64.pdf
2026-02-27 16:45:39 | ERROR    | ❌ batch 44/131 (16 files) failed: HTTPConnectionPool(host='localhost', port=8082): Max retries exceeded with url: /v1/documents (Caused by NewConnectionError("HTTPConnection(host='localhost', port=8082): Failed to establish a new connection: [Errno 111] Connection refused"))
Traceback (most recent call last):
  File "/usr/local/lib/python3.14/site-packages/urllib3/connection.py", line 204, in _new_conn
    sock = connection.create_connection(
        (self._dns_host, self.port),
    ...<2 lines>...
        socket_options=self.socket_options,
    )
  File "/usr/local/lib/python3.14/site-packages/urllib3/util/connection.py", line 85, in create_connection
    raise err
  File "/usr/local/lib/python3.14/site-packages/urllib3/util/connection.py", line 73, in create_connection
    sock.connect(sa)
    ~~~~~~~~~~~~^^^^
ConnectionRefusedError: [Errno 111] Connection refused

The above exception was the direct cause of the following exception:

Traceback (most recent call last):
  File "/usr/local/lib/python3.14/site-packages/urllib3/connectionpool.py", line 787, in urlopen
    response = self._make_request(
        conn,
    ...<10 lines>...
        **response_kw,
    )
  File "/usr/local/lib/python3.14/site-packages/urllib3/connectionpool.py", line 493, in _make_request
    conn.request(
    ~~~~~~~~~~~~^
        method,
        ^^^^^^^
    ...<6 lines>...
        enforce_content_length=enforce_content_length,
        ^^^^^^^^^^^^^^^^^^^^^^^^^^^^^^^^^^^^^^^^^^^^^^
    )
    ^
  File "/usr/local/lib/python3.14/site-packages/urllib3/connection.py", line 500, in request
    self.endheaders()
    ~~~~~~~~~~~~~~~^^
  File "/usr/local/lib/python3.14/http/client.py", line 1353, in endheaders
    self._send_output(message_body, encode_chunked=encode_chunked)
    ~~~~~~~~~~~~~~~~~^^^^^^^^^^^^^^^^^^^^^^^^^^^^^^^^^^^^^^^^^^^^^
  File "/usr/local/lib/python3.14/http/client.py", line 1113, in _send_output
    self.send(msg)
    ~~~~~~~~~^^^^^
  File "/usr/local/lib/python3.14/http/client.py", line 1057, in send
    self.connect()
    ~~~~~~~~~~~~^^
  File "/usr/local/lib/python3.14/site-packages/urllib3/connection.py", line 331, in connect
    self.sock = self._new_conn()
                ~~~~~~~~~~~~~~^^
  File "/usr/local/lib/python3.14/site-packages/urllib3/connection.py", line 219, in _new_conn
    raise NewConnectionError(
        self, f"Failed to establish a new connection: {e}"
    ) from e
urllib3.exceptions.NewConnectionError: HTTPConnection(host='localhost', port=8082): Failed to establish a new connection: [Errno 111] Connection refused

The above exception was the direct cause of the following exception:

Traceback (most recent call last):
  File "/usr/local/lib/python3.14/site-packages/requests/adapters.py", line 644, in send
    resp = conn.urlopen(
        method=request.method,
    ...<9 lines>...
        chunked=chunked,
    )
  File "/usr/local/lib/python3.14/site-packages/urllib3/connectionpool.py", line 841, in urlopen
    retries = retries.increment(
        method, url, error=new_e, _pool=self, _stacktrace=sys.exc_info()[2]
    )
  File "/usr/local/lib/python3.14/site-packages/urllib3/util/retry.py", line 535, in increment
    raise MaxRetryError(_pool, url, reason) from reason  # type: ignore[arg-type]
    ^^^^^^^^^^^^^^^^^^^^^^^^^^^^^^^^^^^^^^^^^^^^^^^^^^^
urllib3.exceptions.MaxRetryError: HTTPConnectionPool(host='localhost', port=8082): Max retries exceeded with url: /v1/documents (Caused by NewConnectionError("HTTPConnection(host='localhost', port=8082): Failed to establish a new connection: [Errno 111] Connection refused"))

During handling of the above exception, another exception occurred:

Traceback (most recent call last):
  File "/u/bglq/projects/rag/rag-refactor/deploy/singularity/scripts/ingest_collections.py", line 446, in ingest_collection
    task_id = client.upload_batch(batch, result.collection_name, chunk_size, chunk_overlap)
  File "/u/bglq/projects/rag/rag-refactor/deploy/singularity/scripts/ingest_collections.py", line 282, in upload_batch
    resp = requests.post(url, files=files_form, timeout=300)
  File "/usr/local/lib/python3.14/site-packages/requests/api.py", line 115, in post
    return request("post", url, data=data, json=json, **kwargs)
  File "/usr/local/lib/python3.14/site-packages/requests/api.py", line 59, in request
    return session.request(method=method, url=url, **kwargs)
           ~~~~~~~~~~~~~~~^^^^^^^^^^^^^^^^^^^^^^^^^^^^^^^^^^
  File "/usr/local/lib/python3.14/site-packages/requests/sessions.py", line 589, in request
    resp = self.send(prep, **send_kwargs)
  File "/usr/local/lib/python3.14/site-packages/requests/sessions.py", line 703, in send
    r = adapter.send(request, **kwargs)
  File "/usr/local/lib/python3.14/site-packages/requests/adapters.py", line 677, in send
    raise ConnectionError(e, request=request)
requests.exceptions.ConnectionError: HTTPConnectionPool(host='localhost', port=8082): Max retries exceeded with url: /v1/documents (Caused by NewConnectionError("HTTPConnection(host='localhost', port=8082): Failed to establish a new connection: [Errno 111] Connection refused"))
2026-02-27 16:45:39 | INFO     | --- batch 45/131 (16 files) ---
2026-02-27 16:45:39 | DEBUG    |   Files: 2004-65.pdf, 2004-66.pdf, 2004-67.pdf, 2004-68.pdf, 2004-69.pdf, 2004-70.pdf, 2004-71.pdf, 2004-72.pdf, 2004-73.pdf, 2004-74.pdf, 2005-01.pdf, 2005-02.pdf, 2005-03.pdf, 2005-04.pdf, 2005-05.pdf, 2005-06.pdf
2026-02-27 16:45:40 | ERROR    | ❌ batch 45/131 (16 files) failed: HTTPConnectionPool(host='localhost', port=8082): Max retries exceeded with url: /v1/documents (Caused by NewConnectionError("HTTPConnection(host='localhost', port=8082): Failed to establish a new connection: [Errno 111] Connection refused"))
Traceback (most recent call last):
  File "/usr/local/lib/python3.14/site-packages/urllib3/connection.py", line 204, in _new_conn
    sock = connection.create_connection(
        (self._dns_host, self.port),
    ...<2 lines>...
        socket_options=self.socket_options,
    )
  File "/usr/local/lib/python3.14/site-packages/urllib3/util/connection.py", line 85, in create_connection
    raise err
  File "/usr/local/lib/python3.14/site-packages/urllib3/util/connection.py", line 73, in create_connection
    sock.connect(sa)
    ~~~~~~~~~~~~^^^^
ConnectionRefusedError: [Errno 111] Connection refused

The above exception was the direct cause of the following exception:

Traceback (most recent call last):
  File "/usr/local/lib/python3.14/site-packages/urllib3/connectionpool.py", line 787, in urlopen
    response = self._make_request(
        conn,
    ...<10 lines>...
        **response_kw,
    )
  File "/usr/local/lib/python3.14/site-packages/urllib3/connectionpool.py", line 493, in _make_request
    conn.request(
    ~~~~~~~~~~~~^
        method,
        ^^^^^^^
    ...<6 lines>...
        enforce_content_length=enforce_content_length,
        ^^^^^^^^^^^^^^^^^^^^^^^^^^^^^^^^^^^^^^^^^^^^^^
    )
    ^
  File "/usr/local/lib/python3.14/site-packages/urllib3/connection.py", line 500, in request
    self.endheaders()
    ~~~~~~~~~~~~~~~^^
  File "/usr/local/lib/python3.14/http/client.py", line 1353, in endheaders
    self._send_output(message_body, encode_chunked=encode_chunked)
    ~~~~~~~~~~~~~~~~~^^^^^^^^^^^^^^^^^^^^^^^^^^^^^^^^^^^^^^^^^^^^^
  File "/usr/local/lib/python3.14/http/client.py", line 1113, in _send_output
    self.send(msg)
    ~~~~~~~~~^^^^^
  File "/usr/local/lib/python3.14/http/client.py", line 1057, in send
    self.connect()
    ~~~~~~~~~~~~^^
  File "/usr/local/lib/python3.14/site-packages/urllib3/connection.py", line 331, in connect
    self.sock = self._new_conn()
                ~~~~~~~~~~~~~~^^
  File "/usr/local/lib/python3.14/site-packages/urllib3/connection.py", line 219, in _new_conn
    raise NewConnectionError(
        self, f"Failed to establish a new connection: {e}"
    ) from e
urllib3.exceptions.NewConnectionError: HTTPConnection(host='localhost', port=8082): Failed to establish a new connection: [Errno 111] Connection refused

The above exception was the direct cause of the following exception:

Traceback (most recent call last):
  File "/usr/local/lib/python3.14/site-packages/requests/adapters.py", line 644, in send
    resp = conn.urlopen(
        method=request.method,
    ...<9 lines>...
        chunked=chunked,
    )
  File "/usr/local/lib/python3.14/site-packages/urllib3/connectionpool.py", line 841, in urlopen
    retries = retries.increment(
        method, url, error=new_e, _pool=self, _stacktrace=sys.exc_info()[2]
    )
  File "/usr/local/lib/python3.14/site-packages/urllib3/util/retry.py", line 535, in increment
    raise MaxRetryError(_pool, url, reason) from reason  # type: ignore[arg-type]
    ^^^^^^^^^^^^^^^^^^^^^^^^^^^^^^^^^^^^^^^^^^^^^^^^^^^
urllib3.exceptions.MaxRetryError: HTTPConnectionPool(host='localhost', port=8082): Max retries exceeded with url: /v1/documents (Caused by NewConnectionError("HTTPConnection(host='localhost', port=8082): Failed to establish a new connection: [Errno 111] Connection refused"))

During handling of the above exception, another exception occurred:

Traceback (most recent call last):
  File "/u/bglq/projects/rag/rag-refactor/deploy/singularity/scripts/ingest_collections.py", line 446, in ingest_collection
    task_id = client.upload_batch(batch, result.collection_name, chunk_size, chunk_overlap)
  File "/u/bglq/projects/rag/rag-refactor/deploy/singularity/scripts/ingest_collections.py", line 282, in upload_batch
    resp = requests.post(url, files=files_form, timeout=300)
  File "/usr/local/lib/python3.14/site-packages/requests/api.py", line 115, in post
    return request("post", url, data=data, json=json, **kwargs)
  File "/usr/local/lib/python3.14/site-packages/requests/api.py", line 59, in request
    return session.request(method=method, url=url, **kwargs)
           ~~~~~~~~~~~~~~~^^^^^^^^^^^^^^^^^^^^^^^^^^^^^^^^^^
  File "/usr/local/lib/python3.14/site-packages/requests/sessions.py", line 589, in request
    resp = self.send(prep, **send_kwargs)
  File "/usr/local/lib/python3.14/site-packages/requests/sessions.py", line 703, in send
    r = adapter.send(request, **kwargs)
  File "/usr/local/lib/python3.14/site-packages/requests/adapters.py", line 677, in send
    raise ConnectionError(e, request=request)
requests.exceptions.ConnectionError: HTTPConnectionPool(host='localhost', port=8082): Max retries exceeded with url: /v1/documents (Caused by NewConnectionError("HTTPConnection(host='localhost', port=8082): Failed to establish a new connection: [Errno 111] Connection refused"))
2026-02-27 16:45:40 | INFO     | --- batch 46/131 (16 files) ---
2026-02-27 16:45:40 | DEBUG    |   Files: 2005-07.pdf, 2005-08.pdf, 2005-09.pdf, 2005-10.pdf, 2005-11.pdf, 2005-12.pdf, 2005-13.pdf, 2005-14.pdf, 2005-15.pdf, 2005-16.pdf, 2005-17.pdf, 2005-18.pdf, 2005-19.pdf, 2005-20.pdf, 2005-21.pdf, 2005-22.pdf
2026-02-27 16:45:40 | ERROR    | ❌ batch 46/131 (16 files) failed: HTTPConnectionPool(host='localhost', port=8082): Max retries exceeded with url: /v1/documents (Caused by NewConnectionError("HTTPConnection(host='localhost', port=8082): Failed to establish a new connection: [Errno 111] Connection refused"))
Traceback (most recent call last):
  File "/usr/local/lib/python3.14/site-packages/urllib3/connection.py", line 204, in _new_conn
    sock = connection.create_connection(
        (self._dns_host, self.port),
    ...<2 lines>...
        socket_options=self.socket_options,
    )
  File "/usr/local/lib/python3.14/site-packages/urllib3/util/connection.py", line 85, in create_connection
    raise err
  File "/usr/local/lib/python3.14/site-packages/urllib3/util/connection.py", line 73, in create_connection
    sock.connect(sa)
    ~~~~~~~~~~~~^^^^
ConnectionRefusedError: [Errno 111] Connection refused

The above exception was the direct cause of the following exception:

Traceback (most recent call last):
  File "/usr/local/lib/python3.14/site-packages/urllib3/connectionpool.py", line 787, in urlopen
    response = self._make_request(
        conn,
    ...<10 lines>...
        **response_kw,
    )
  File "/usr/local/lib/python3.14/site-packages/urllib3/connectionpool.py", line 493, in _make_request
    conn.request(
    ~~~~~~~~~~~~^
        method,
        ^^^^^^^
    ...<6 lines>...
        enforce_content_length=enforce_content_length,
        ^^^^^^^^^^^^^^^^^^^^^^^^^^^^^^^^^^^^^^^^^^^^^^
    )
    ^
  File "/usr/local/lib/python3.14/site-packages/urllib3/connection.py", line 500, in request
    self.endheaders()
    ~~~~~~~~~~~~~~~^^
  File "/usr/local/lib/python3.14/http/client.py", line 1353, in endheaders
    self._send_output(message_body, encode_chunked=encode_chunked)
    ~~~~~~~~~~~~~~~~~^^^^^^^^^^^^^^^^^^^^^^^^^^^^^^^^^^^^^^^^^^^^^
  File "/usr/local/lib/python3.14/http/client.py", line 1113, in _send_output
    self.send(msg)
    ~~~~~~~~~^^^^^
  File "/usr/local/lib/python3.14/http/client.py", line 1057, in send
    self.connect()
    ~~~~~~~~~~~~^^
  File "/usr/local/lib/python3.14/site-packages/urllib3/connection.py", line 331, in connect
    self.sock = self._new_conn()
                ~~~~~~~~~~~~~~^^
  File "/usr/local/lib/python3.14/site-packages/urllib3/connection.py", line 219, in _new_conn
    raise NewConnectionError(
        self, f"Failed to establish a new connection: {e}"
    ) from e
urllib3.exceptions.NewConnectionError: HTTPConnection(host='localhost', port=8082): Failed to establish a new connection: [Errno 111] Connection refused

The above exception was the direct cause of the following exception:

Traceback (most recent call last):
  File "/usr/local/lib/python3.14/site-packages/requests/adapters.py", line 644, in send
    resp = conn.urlopen(
        method=request.method,
    ...<9 lines>...
        chunked=chunked,
    )
  File "/usr/local/lib/python3.14/site-packages/urllib3/connectionpool.py", line 841, in urlopen
    retries = retries.increment(
        method, url, error=new_e, _pool=self, _stacktrace=sys.exc_info()[2]
    )
  File "/usr/local/lib/python3.14/site-packages/urllib3/util/retry.py", line 535, in increment
    raise MaxRetryError(_pool, url, reason) from reason  # type: ignore[arg-type]
    ^^^^^^^^^^^^^^^^^^^^^^^^^^^^^^^^^^^^^^^^^^^^^^^^^^^
urllib3.exceptions.MaxRetryError: HTTPConnectionPool(host='localhost', port=8082): Max retries exceeded with url: /v1/documents (Caused by NewConnectionError("HTTPConnection(host='localhost', port=8082): Failed to establish a new connection: [Errno 111] Connection refused"))

During handling of the above exception, another exception occurred:

Traceback (most recent call last):
  File "/u/bglq/projects/rag/rag-refactor/deploy/singularity/scripts/ingest_collections.py", line 446, in ingest_collection
    task_id = client.upload_batch(batch, result.collection_name, chunk_size, chunk_overlap)
  File "/u/bglq/projects/rag/rag-refactor/deploy/singularity/scripts/ingest_collections.py", line 282, in upload_batch
    resp = requests.post(url, files=files_form, timeout=300)
  File "/usr/local/lib/python3.14/site-packages/requests/api.py", line 115, in post
    return request("post", url, data=data, json=json, **kwargs)
  File "/usr/local/lib/python3.14/site-packages/requests/api.py", line 59, in request
    return session.request(method=method, url=url, **kwargs)
           ~~~~~~~~~~~~~~~^^^^^^^^^^^^^^^^^^^^^^^^^^^^^^^^^^
  File "/usr/local/lib/python3.14/site-packages/requests/sessions.py", line 589, in request
    resp = self.send(prep, **send_kwargs)
  File "/usr/local/lib/python3.14/site-packages/requests/sessions.py", line 703, in send
    r = adapter.send(request, **kwargs)
  File "/usr/local/lib/python3.14/site-packages/requests/adapters.py", line 677, in send
    raise ConnectionError(e, request=request)
requests.exceptions.ConnectionError: HTTPConnectionPool(host='localhost', port=8082): Max retries exceeded with url: /v1/documents (Caused by NewConnectionError("HTTPConnection(host='localhost', port=8082): Failed to establish a new connection: [Errno 111] Connection refused"))
2026-02-27 16:45:40 | INFO     | --- batch 47/131 (16 files) ---
2026-02-27 16:45:40 | DEBUG    |   Files: 2005-23.pdf, 2005-24.pdf, 2005-25.pdf, 2005-26.pdf, 2005-27.pdf, 2005-28.pdf, 2005-29.pdf, 2005-30.pdf, 2005-31.pdf, 2005-32.pdf, 2005-33.pdf, 2005-34.pdf, 2005-35.pdf, 2005-36.pdf, 2005-37.pdf, 2005-38.pdf
2026-02-27 16:45:40 | ERROR    | ❌ batch 47/131 (16 files) failed: HTTPConnectionPool(host='localhost', port=8082): Max retries exceeded with url: /v1/documents (Caused by NewConnectionError("HTTPConnection(host='localhost', port=8082): Failed to establish a new connection: [Errno 111] Connection refused"))
Traceback (most recent call last):
  File "/usr/local/lib/python3.14/site-packages/urllib3/connection.py", line 204, in _new_conn
    sock = connection.create_connection(
        (self._dns_host, self.port),
    ...<2 lines>...
        socket_options=self.socket_options,
    )
  File "/usr/local/lib/python3.14/site-packages/urllib3/util/connection.py", line 85, in create_connection
    raise err
  File "/usr/local/lib/python3.14/site-packages/urllib3/util/connection.py", line 73, in create_connection
    sock.connect(sa)
    ~~~~~~~~~~~~^^^^
ConnectionRefusedError: [Errno 111] Connection refused

The above exception was the direct cause of the following exception:

Traceback (most recent call last):
  File "/usr/local/lib/python3.14/site-packages/urllib3/connectionpool.py", line 787, in urlopen
    response = self._make_request(
        conn,
    ...<10 lines>...
        **response_kw,
    )
  File "/usr/local/lib/python3.14/site-packages/urllib3/connectionpool.py", line 493, in _make_request
    conn.request(
    ~~~~~~~~~~~~^
        method,
        ^^^^^^^
    ...<6 lines>...
        enforce_content_length=enforce_content_length,
        ^^^^^^^^^^^^^^^^^^^^^^^^^^^^^^^^^^^^^^^^^^^^^^
    )
    ^
  File "/usr/local/lib/python3.14/site-packages/urllib3/connection.py", line 500, in request
    self.endheaders()
    ~~~~~~~~~~~~~~~^^
  File "/usr/local/lib/python3.14/http/client.py", line 1353, in endheaders
    self._send_output(message_body, encode_chunked=encode_chunked)
    ~~~~~~~~~~~~~~~~~^^^^^^^^^^^^^^^^^^^^^^^^^^^^^^^^^^^^^^^^^^^^^
  File "/usr/local/lib/python3.14/http/client.py", line 1113, in _send_output
    self.send(msg)
    ~~~~~~~~~^^^^^
  File "/usr/local/lib/python3.14/http/client.py", line 1057, in send
    self.connect()
    ~~~~~~~~~~~~^^
  File "/usr/local/lib/python3.14/site-packages/urllib3/connection.py", line 331, in connect
    self.sock = self._new_conn()
                ~~~~~~~~~~~~~~^^
  File "/usr/local/lib/python3.14/site-packages/urllib3/connection.py", line 219, in _new_conn
    raise NewConnectionError(
        self, f"Failed to establish a new connection: {e}"
    ) from e
urllib3.exceptions.NewConnectionError: HTTPConnection(host='localhost', port=8082): Failed to establish a new connection: [Errno 111] Connection refused

The above exception was the direct cause of the following exception:

Traceback (most recent call last):
  File "/usr/local/lib/python3.14/site-packages/requests/adapters.py", line 644, in send
    resp = conn.urlopen(
        method=request.method,
    ...<9 lines>...
        chunked=chunked,
    )
  File "/usr/local/lib/python3.14/site-packages/urllib3/connectionpool.py", line 841, in urlopen
    retries = retries.increment(
        method, url, error=new_e, _pool=self, _stacktrace=sys.exc_info()[2]
    )
  File "/usr/local/lib/python3.14/site-packages/urllib3/util/retry.py", line 535, in increment
    raise MaxRetryError(_pool, url, reason) from reason  # type: ignore[arg-type]
    ^^^^^^^^^^^^^^^^^^^^^^^^^^^^^^^^^^^^^^^^^^^^^^^^^^^
urllib3.exceptions.MaxRetryError: HTTPConnectionPool(host='localhost', port=8082): Max retries exceeded with url: /v1/documents (Caused by NewConnectionError("HTTPConnection(host='localhost', port=8082): Failed to establish a new connection: [Errno 111] Connection refused"))

During handling of the above exception, another exception occurred:

Traceback (most recent call last):
  File "/u/bglq/projects/rag/rag-refactor/deploy/singularity/scripts/ingest_collections.py", line 446, in ingest_collection
    task_id = client.upload_batch(batch, result.collection_name, chunk_size, chunk_overlap)
  File "/u/bglq/projects/rag/rag-refactor/deploy/singularity/scripts/ingest_collections.py", line 282, in upload_batch
    resp = requests.post(url, files=files_form, timeout=300)
  File "/usr/local/lib/python3.14/site-packages/requests/api.py", line 115, in post
    return request("post", url, data=data, json=json, **kwargs)
  File "/usr/local/lib/python3.14/site-packages/requests/api.py", line 59, in request
    return session.request(method=method, url=url, **kwargs)
           ~~~~~~~~~~~~~~~^^^^^^^^^^^^^^^^^^^^^^^^^^^^^^^^^^
  File "/usr/local/lib/python3.14/site-packages/requests/sessions.py", line 589, in request
    resp = self.send(prep, **send_kwargs)
  File "/usr/local/lib/python3.14/site-packages/requests/sessions.py", line 703, in send
    r = adapter.send(request, **kwargs)
  File "/usr/local/lib/python3.14/site-packages/requests/adapters.py", line 677, in send
    raise ConnectionError(e, request=request)
requests.exceptions.ConnectionError: HTTPConnectionPool(host='localhost', port=8082): Max retries exceeded with url: /v1/documents (Caused by NewConnectionError("HTTPConnection(host='localhost', port=8082): Failed to establish a new connection: [Errno 111] Connection refused"))
2026-02-27 16:45:40 | INFO     | --- batch 48/131 (16 files) ---
2026-02-27 16:45:40 | DEBUG    |   Files: 2005-39.pdf, 2005-40.pdf, 2005-41.pdf, 2005-42.pdf, 2005-43.pdf, 2005-44.pdf, 2005-45.pdf, 2005-46.pdf, 2005-47.pdf, 2005-48.pdf, 2005-49.pdf, 2005-50.pdf, 2005-51.pdf, 2005-52.pdf, 2005-53.pdf, 2005-54.pdf
2026-02-27 16:45:40 | ERROR    | ❌ batch 48/131 (16 files) failed: HTTPConnectionPool(host='localhost', port=8082): Max retries exceeded with url: /v1/documents (Caused by NewConnectionError("HTTPConnection(host='localhost', port=8082): Failed to establish a new connection: [Errno 111] Connection refused"))
Traceback (most recent call last):
  File "/usr/local/lib/python3.14/site-packages/urllib3/connection.py", line 204, in _new_conn
    sock = connection.create_connection(
        (self._dns_host, self.port),
    ...<2 lines>...
        socket_options=self.socket_options,
    )
  File "/usr/local/lib/python3.14/site-packages/urllib3/util/connection.py", line 85, in create_connection
    raise err
  File "/usr/local/lib/python3.14/site-packages/urllib3/util/connection.py", line 73, in create_connection
    sock.connect(sa)
    ~~~~~~~~~~~~^^^^
ConnectionRefusedError: [Errno 111] Connection refused

The above exception was the direct cause of the following exception:

Traceback (most recent call last):
  File "/usr/local/lib/python3.14/site-packages/urllib3/connectionpool.py", line 787, in urlopen
    response = self._make_request(
        conn,
    ...<10 lines>...
        **response_kw,
    )
  File "/usr/local/lib/python3.14/site-packages/urllib3/connectionpool.py", line 493, in _make_request
    conn.request(
    ~~~~~~~~~~~~^
        method,
        ^^^^^^^
    ...<6 lines>...
        enforce_content_length=enforce_content_length,
        ^^^^^^^^^^^^^^^^^^^^^^^^^^^^^^^^^^^^^^^^^^^^^^
    )
    ^
  File "/usr/local/lib/python3.14/site-packages/urllib3/connection.py", line 500, in request
    self.endheaders()
    ~~~~~~~~~~~~~~~^^
  File "/usr/local/lib/python3.14/http/client.py", line 1353, in endheaders
    self._send_output(message_body, encode_chunked=encode_chunked)
    ~~~~~~~~~~~~~~~~~^^^^^^^^^^^^^^^^^^^^^^^^^^^^^^^^^^^^^^^^^^^^^
  File "/usr/local/lib/python3.14/http/client.py", line 1113, in _send_output
    self.send(msg)
    ~~~~~~~~~^^^^^
  File "/usr/local/lib/python3.14/http/client.py", line 1057, in send
    self.connect()
    ~~~~~~~~~~~~^^
  File "/usr/local/lib/python3.14/site-packages/urllib3/connection.py", line 331, in connect
    self.sock = self._new_conn()
                ~~~~~~~~~~~~~~^^
  File "/usr/local/lib/python3.14/site-packages/urllib3/connection.py", line 219, in _new_conn
    raise NewConnectionError(
        self, f"Failed to establish a new connection: {e}"
    ) from e
urllib3.exceptions.NewConnectionError: HTTPConnection(host='localhost', port=8082): Failed to establish a new connection: [Errno 111] Connection refused

The above exception was the direct cause of the following exception:

Traceback (most recent call last):
  File "/usr/local/lib/python3.14/site-packages/requests/adapters.py", line 644, in send
    resp = conn.urlopen(
        method=request.method,
    ...<9 lines>...
        chunked=chunked,
    )
  File "/usr/local/lib/python3.14/site-packages/urllib3/connectionpool.py", line 841, in urlopen
    retries = retries.increment(
        method, url, error=new_e, _pool=self, _stacktrace=sys.exc_info()[2]
    )
  File "/usr/local/lib/python3.14/site-packages/urllib3/util/retry.py", line 535, in increment
    raise MaxRetryError(_pool, url, reason) from reason  # type: ignore[arg-type]
    ^^^^^^^^^^^^^^^^^^^^^^^^^^^^^^^^^^^^^^^^^^^^^^^^^^^
urllib3.exceptions.MaxRetryError: HTTPConnectionPool(host='localhost', port=8082): Max retries exceeded with url: /v1/documents (Caused by NewConnectionError("HTTPConnection(host='localhost', port=8082): Failed to establish a new connection: [Errno 111] Connection refused"))

During handling of the above exception, another exception occurred:

Traceback (most recent call last):
  File "/u/bglq/projects/rag/rag-refactor/deploy/singularity/scripts/ingest_collections.py", line 446, in ingest_collection
    task_id = client.upload_batch(batch, result.collection_name, chunk_size, chunk_overlap)
  File "/u/bglq/projects/rag/rag-refactor/deploy/singularity/scripts/ingest_collections.py", line 282, in upload_batch
    resp = requests.post(url, files=files_form, timeout=300)
  File "/usr/local/lib/python3.14/site-packages/requests/api.py", line 115, in post
    return request("post", url, data=data, json=json, **kwargs)
  File "/usr/local/lib/python3.14/site-packages/requests/api.py", line 59, in request
    return session.request(method=method, url=url, **kwargs)
           ~~~~~~~~~~~~~~~^^^^^^^^^^^^^^^^^^^^^^^^^^^^^^^^^^
  File "/usr/local/lib/python3.14/site-packages/requests/sessions.py", line 589, in request
    resp = self.send(prep, **send_kwargs)
  File "/usr/local/lib/python3.14/site-packages/requests/sessions.py", line 703, in send
    r = adapter.send(request, **kwargs)
  File "/usr/local/lib/python3.14/site-packages/requests/adapters.py", line 677, in send
    raise ConnectionError(e, request=request)
requests.exceptions.ConnectionError: HTTPConnectionPool(host='localhost', port=8082): Max retries exceeded with url: /v1/documents (Caused by NewConnectionError("HTTPConnection(host='localhost', port=8082): Failed to establish a new connection: [Errno 111] Connection refused"))
2026-02-27 16:45:40 | INFO     | --- batch 49/131 (16 files) ---
2026-02-27 16:45:40 | DEBUG    |   Files: 2005-55.pdf, 2005-56.pdf, 2005-57.pdf, 2005-58.pdf, 2005-59.pdf, 2005-60.pdf, 2005-61.pdf, 2005-62.pdf, 2005-63.pdf, 2005-64.pdf, 2005-65.pdf, 2005-66.pdf, 2005-67.pdf, 2005-68.pdf, 2006-01.pdf, 2006-02.pdf
2026-02-27 16:45:41 | ERROR    | ❌ batch 49/131 (16 files) failed: HTTPConnectionPool(host='localhost', port=8082): Max retries exceeded with url: /v1/documents (Caused by NewConnectionError("HTTPConnection(host='localhost', port=8082): Failed to establish a new connection: [Errno 111] Connection refused"))
Traceback (most recent call last):
  File "/usr/local/lib/python3.14/site-packages/urllib3/connection.py", line 204, in _new_conn
    sock = connection.create_connection(
        (self._dns_host, self.port),
    ...<2 lines>...
        socket_options=self.socket_options,
    )
  File "/usr/local/lib/python3.14/site-packages/urllib3/util/connection.py", line 85, in create_connection
    raise err
  File "/usr/local/lib/python3.14/site-packages/urllib3/util/connection.py", line 73, in create_connection
    sock.connect(sa)
    ~~~~~~~~~~~~^^^^
ConnectionRefusedError: [Errno 111] Connection refused

The above exception was the direct cause of the following exception:

Traceback (most recent call last):
  File "/usr/local/lib/python3.14/site-packages/urllib3/connectionpool.py", line 787, in urlopen
    response = self._make_request(
        conn,
    ...<10 lines>...
        **response_kw,
    )
  File "/usr/local/lib/python3.14/site-packages/urllib3/connectionpool.py", line 493, in _make_request
    conn.request(
    ~~~~~~~~~~~~^
        method,
        ^^^^^^^
    ...<6 lines>...
        enforce_content_length=enforce_content_length,
        ^^^^^^^^^^^^^^^^^^^^^^^^^^^^^^^^^^^^^^^^^^^^^^
    )
    ^
  File "/usr/local/lib/python3.14/site-packages/urllib3/connection.py", line 500, in request
    self.endheaders()
    ~~~~~~~~~~~~~~~^^
  File "/usr/local/lib/python3.14/http/client.py", line 1353, in endheaders
    self._send_output(message_body, encode_chunked=encode_chunked)
    ~~~~~~~~~~~~~~~~~^^^^^^^^^^^^^^^^^^^^^^^^^^^^^^^^^^^^^^^^^^^^^
  File "/usr/local/lib/python3.14/http/client.py", line 1113, in _send_output
    self.send(msg)
    ~~~~~~~~~^^^^^
  File "/usr/local/lib/python3.14/http/client.py", line 1057, in send
    self.connect()
    ~~~~~~~~~~~~^^
  File "/usr/local/lib/python3.14/site-packages/urllib3/connection.py", line 331, in connect
    self.sock = self._new_conn()
                ~~~~~~~~~~~~~~^^
  File "/usr/local/lib/python3.14/site-packages/urllib3/connection.py", line 219, in _new_conn
    raise NewConnectionError(
        self, f"Failed to establish a new connection: {e}"
    ) from e
urllib3.exceptions.NewConnectionError: HTTPConnection(host='localhost', port=8082): Failed to establish a new connection: [Errno 111] Connection refused

The above exception was the direct cause of the following exception:

Traceback (most recent call last):
  File "/usr/local/lib/python3.14/site-packages/requests/adapters.py", line 644, in send
    resp = conn.urlopen(
        method=request.method,
    ...<9 lines>...
        chunked=chunked,
    )
  File "/usr/local/lib/python3.14/site-packages/urllib3/connectionpool.py", line 841, in urlopen
    retries = retries.increment(
        method, url, error=new_e, _pool=self, _stacktrace=sys.exc_info()[2]
    )
  File "/usr/local/lib/python3.14/site-packages/urllib3/util/retry.py", line 535, in increment
    raise MaxRetryError(_pool, url, reason) from reason  # type: ignore[arg-type]
    ^^^^^^^^^^^^^^^^^^^^^^^^^^^^^^^^^^^^^^^^^^^^^^^^^^^
urllib3.exceptions.MaxRetryError: HTTPConnectionPool(host='localhost', port=8082): Max retries exceeded with url: /v1/documents (Caused by NewConnectionError("HTTPConnection(host='localhost', port=8082): Failed to establish a new connection: [Errno 111] Connection refused"))

During handling of the above exception, another exception occurred:

Traceback (most recent call last):
  File "/u/bglq/projects/rag/rag-refactor/deploy/singularity/scripts/ingest_collections.py", line 446, in ingest_collection
    task_id = client.upload_batch(batch, result.collection_name, chunk_size, chunk_overlap)
  File "/u/bglq/projects/rag/rag-refactor/deploy/singularity/scripts/ingest_collections.py", line 282, in upload_batch
    resp = requests.post(url, files=files_form, timeout=300)
  File "/usr/local/lib/python3.14/site-packages/requests/api.py", line 115, in post
    return request("post", url, data=data, json=json, **kwargs)
  File "/usr/local/lib/python3.14/site-packages/requests/api.py", line 59, in request
    return session.request(method=method, url=url, **kwargs)
           ~~~~~~~~~~~~~~~^^^^^^^^^^^^^^^^^^^^^^^^^^^^^^^^^^
  File "/usr/local/lib/python3.14/site-packages/requests/sessions.py", line 589, in request
    resp = self.send(prep, **send_kwargs)
  File "/usr/local/lib/python3.14/site-packages/requests/sessions.py", line 703, in send
    r = adapter.send(request, **kwargs)
  File "/usr/local/lib/python3.14/site-packages/requests/adapters.py", line 677, in send
    raise ConnectionError(e, request=request)
requests.exceptions.ConnectionError: HTTPConnectionPool(host='localhost', port=8082): Max retries exceeded with url: /v1/documents (Caused by NewConnectionError("HTTPConnection(host='localhost', port=8082): Failed to establish a new connection: [Errno 111] Connection refused"))
2026-02-27 16:45:41 | INFO     | --- batch 50/131 (16 files) ---
2026-02-27 16:45:41 | DEBUG    |   Files: 2006-03.pdf, 2006-04.pdf, 2006-05.pdf, 2006-06.pdf, 2006-07.pdf, 2006-08.pdf, 2006-09.pdf, 2006-10.pdf, 2006-11.pdf, 2006-12.pdf, 2006-13.pdf, 2006-14.pdf, 2006-15.pdf, 2006-16.pdf, 2006-17.pdf, 2006-18.pdf
2026-02-27 16:45:41 | ERROR    | ❌ batch 50/131 (16 files) failed: HTTPConnectionPool(host='localhost', port=8082): Max retries exceeded with url: /v1/documents (Caused by NewConnectionError("HTTPConnection(host='localhost', port=8082): Failed to establish a new connection: [Errno 111] Connection refused"))
Traceback (most recent call last):
  File "/usr/local/lib/python3.14/site-packages/urllib3/connection.py", line 204, in _new_conn
    sock = connection.create_connection(
        (self._dns_host, self.port),
    ...<2 lines>...
        socket_options=self.socket_options,
    )
  File "/usr/local/lib/python3.14/site-packages/urllib3/util/connection.py", line 85, in create_connection
    raise err
  File "/usr/local/lib/python3.14/site-packages/urllib3/util/connection.py", line 73, in create_connection
    sock.connect(sa)
    ~~~~~~~~~~~~^^^^
ConnectionRefusedError: [Errno 111] Connection refused

The above exception was the direct cause of the following exception:

Traceback (most recent call last):
  File "/usr/local/lib/python3.14/site-packages/urllib3/connectionpool.py", line 787, in urlopen
    response = self._make_request(
        conn,
    ...<10 lines>...
        **response_kw,
    )
  File "/usr/local/lib/python3.14/site-packages/urllib3/connectionpool.py", line 493, in _make_request
    conn.request(
    ~~~~~~~~~~~~^
        method,
        ^^^^^^^
    ...<6 lines>...
        enforce_content_length=enforce_content_length,
        ^^^^^^^^^^^^^^^^^^^^^^^^^^^^^^^^^^^^^^^^^^^^^^
    )
    ^
  File "/usr/local/lib/python3.14/site-packages/urllib3/connection.py", line 500, in request
    self.endheaders()
    ~~~~~~~~~~~~~~~^^
  File "/usr/local/lib/python3.14/http/client.py", line 1353, in endheaders
    self._send_output(message_body, encode_chunked=encode_chunked)
    ~~~~~~~~~~~~~~~~~^^^^^^^^^^^^^^^^^^^^^^^^^^^^^^^^^^^^^^^^^^^^^
  File "/usr/local/lib/python3.14/http/client.py", line 1113, in _send_output
    self.send(msg)
    ~~~~~~~~~^^^^^
  File "/usr/local/lib/python3.14/http/client.py", line 1057, in send
    self.connect()
    ~~~~~~~~~~~~^^
  File "/usr/local/lib/python3.14/site-packages/urllib3/connection.py", line 331, in connect
    self.sock = self._new_conn()
                ~~~~~~~~~~~~~~^^
  File "/usr/local/lib/python3.14/site-packages/urllib3/connection.py", line 219, in _new_conn
    raise NewConnectionError(
        self, f"Failed to establish a new connection: {e}"
    ) from e
urllib3.exceptions.NewConnectionError: HTTPConnection(host='localhost', port=8082): Failed to establish a new connection: [Errno 111] Connection refused

The above exception was the direct cause of the following exception:

Traceback (most recent call last):
  File "/usr/local/lib/python3.14/site-packages/requests/adapters.py", line 644, in send
    resp = conn.urlopen(
        method=request.method,
    ...<9 lines>...
        chunked=chunked,
    )
  File "/usr/local/lib/python3.14/site-packages/urllib3/connectionpool.py", line 841, in urlopen
    retries = retries.increment(
        method, url, error=new_e, _pool=self, _stacktrace=sys.exc_info()[2]
    )
  File "/usr/local/lib/python3.14/site-packages/urllib3/util/retry.py", line 535, in increment
    raise MaxRetryError(_pool, url, reason) from reason  # type: ignore[arg-type]
    ^^^^^^^^^^^^^^^^^^^^^^^^^^^^^^^^^^^^^^^^^^^^^^^^^^^
urllib3.exceptions.MaxRetryError: HTTPConnectionPool(host='localhost', port=8082): Max retries exceeded with url: /v1/documents (Caused by NewConnectionError("HTTPConnection(host='localhost', port=8082): Failed to establish a new connection: [Errno 111] Connection refused"))

During handling of the above exception, another exception occurred:

Traceback (most recent call last):
  File "/u/bglq/projects/rag/rag-refactor/deploy/singularity/scripts/ingest_collections.py", line 446, in ingest_collection
    task_id = client.upload_batch(batch, result.collection_name, chunk_size, chunk_overlap)
  File "/u/bglq/projects/rag/rag-refactor/deploy/singularity/scripts/ingest_collections.py", line 282, in upload_batch
    resp = requests.post(url, files=files_form, timeout=300)
  File "/usr/local/lib/python3.14/site-packages/requests/api.py", line 115, in post
    return request("post", url, data=data, json=json, **kwargs)
  File "/usr/local/lib/python3.14/site-packages/requests/api.py", line 59, in request
    return session.request(method=method, url=url, **kwargs)
           ~~~~~~~~~~~~~~~^^^^^^^^^^^^^^^^^^^^^^^^^^^^^^^^^^
  File "/usr/local/lib/python3.14/site-packages/requests/sessions.py", line 589, in request
    resp = self.send(prep, **send_kwargs)
  File "/usr/local/lib/python3.14/site-packages/requests/sessions.py", line 703, in send
    r = adapter.send(request, **kwargs)
  File "/usr/local/lib/python3.14/site-packages/requests/adapters.py", line 677, in send
    raise ConnectionError(e, request=request)
requests.exceptions.ConnectionError: HTTPConnectionPool(host='localhost', port=8082): Max retries exceeded with url: /v1/documents (Caused by NewConnectionError("HTTPConnection(host='localhost', port=8082): Failed to establish a new connection: [Errno 111] Connection refused"))
2026-02-27 16:45:41 | INFO     | --- batch 51/131 (16 files) ---
2026-02-27 16:45:41 | DEBUG    |   Files: 2006-19.pdf, 2006-20.pdf, 2006-21.pdf, 2006-22.pdf, 2006-23.pdf, 2006-24.pdf, 2006-25.pdf, 2006-26.pdf, 2006-27.pdf, 2006-28.pdf, 2006-29.pdf, 2006-30.pdf, 2006-31.pdf, 2006-32.pdf, 2006-33.pdf, 2006-34.pdf
2026-02-27 16:45:41 | ERROR    | ❌ batch 51/131 (16 files) failed: HTTPConnectionPool(host='localhost', port=8082): Max retries exceeded with url: /v1/documents (Caused by NewConnectionError("HTTPConnection(host='localhost', port=8082): Failed to establish a new connection: [Errno 111] Connection refused"))
Traceback (most recent call last):
  File "/usr/local/lib/python3.14/site-packages/urllib3/connection.py", line 204, in _new_conn
    sock = connection.create_connection(
        (self._dns_host, self.port),
    ...<2 lines>...
        socket_options=self.socket_options,
    )
  File "/usr/local/lib/python3.14/site-packages/urllib3/util/connection.py", line 85, in create_connection
    raise err
  File "/usr/local/lib/python3.14/site-packages/urllib3/util/connection.py", line 73, in create_connection
    sock.connect(sa)
    ~~~~~~~~~~~~^^^^
ConnectionRefusedError: [Errno 111] Connection refused

The above exception was the direct cause of the following exception:

Traceback (most recent call last):
  File "/usr/local/lib/python3.14/site-packages/urllib3/connectionpool.py", line 787, in urlopen
    response = self._make_request(
        conn,
    ...<10 lines>...
        **response_kw,
    )
  File "/usr/local/lib/python3.14/site-packages/urllib3/connectionpool.py", line 493, in _make_request
    conn.request(
    ~~~~~~~~~~~~^
        method,
        ^^^^^^^
    ...<6 lines>...
        enforce_content_length=enforce_content_length,
        ^^^^^^^^^^^^^^^^^^^^^^^^^^^^^^^^^^^^^^^^^^^^^^
    )
    ^
  File "/usr/local/lib/python3.14/site-packages/urllib3/connection.py", line 500, in request
    self.endheaders()
    ~~~~~~~~~~~~~~~^^
  File "/usr/local/lib/python3.14/http/client.py", line 1353, in endheaders
    self._send_output(message_body, encode_chunked=encode_chunked)
    ~~~~~~~~~~~~~~~~~^^^^^^^^^^^^^^^^^^^^^^^^^^^^^^^^^^^^^^^^^^^^^
  File "/usr/local/lib/python3.14/http/client.py", line 1113, in _send_output
    self.send(msg)
    ~~~~~~~~~^^^^^
  File "/usr/local/lib/python3.14/http/client.py", line 1057, in send
    self.connect()
    ~~~~~~~~~~~~^^
  File "/usr/local/lib/python3.14/site-packages/urllib3/connection.py", line 331, in connect
    self.sock = self._new_conn()
                ~~~~~~~~~~~~~~^^
  File "/usr/local/lib/python3.14/site-packages/urllib3/connection.py", line 219, in _new_conn
    raise NewConnectionError(
        self, f"Failed to establish a new connection: {e}"
    ) from e
urllib3.exceptions.NewConnectionError: HTTPConnection(host='localhost', port=8082): Failed to establish a new connection: [Errno 111] Connection refused

The above exception was the direct cause of the following exception:

Traceback (most recent call last):
  File "/usr/local/lib/python3.14/site-packages/requests/adapters.py", line 644, in send
    resp = conn.urlopen(
        method=request.method,
    ...<9 lines>...
        chunked=chunked,
    )
  File "/usr/local/lib/python3.14/site-packages/urllib3/connectionpool.py", line 841, in urlopen
    retries = retries.increment(
        method, url, error=new_e, _pool=self, _stacktrace=sys.exc_info()[2]
    )
  File "/usr/local/lib/python3.14/site-packages/urllib3/util/retry.py", line 535, in increment
    raise MaxRetryError(_pool, url, reason) from reason  # type: ignore[arg-type]
    ^^^^^^^^^^^^^^^^^^^^^^^^^^^^^^^^^^^^^^^^^^^^^^^^^^^
urllib3.exceptions.MaxRetryError: HTTPConnectionPool(host='localhost', port=8082): Max retries exceeded with url: /v1/documents (Caused by NewConnectionError("HTTPConnection(host='localhost', port=8082): Failed to establish a new connection: [Errno 111] Connection refused"))

During handling of the above exception, another exception occurred:

Traceback (most recent call last):
  File "/u/bglq/projects/rag/rag-refactor/deploy/singularity/scripts/ingest_collections.py", line 446, in ingest_collection
    task_id = client.upload_batch(batch, result.collection_name, chunk_size, chunk_overlap)
  File "/u/bglq/projects/rag/rag-refactor/deploy/singularity/scripts/ingest_collections.py", line 282, in upload_batch
    resp = requests.post(url, files=files_form, timeout=300)
  File "/usr/local/lib/python3.14/site-packages/requests/api.py", line 115, in post
    return request("post", url, data=data, json=json, **kwargs)
  File "/usr/local/lib/python3.14/site-packages/requests/api.py", line 59, in request
    return session.request(method=method, url=url, **kwargs)
           ~~~~~~~~~~~~~~~^^^^^^^^^^^^^^^^^^^^^^^^^^^^^^^^^^
  File "/usr/local/lib/python3.14/site-packages/requests/sessions.py", line 589, in request
    resp = self.send(prep, **send_kwargs)
  File "/usr/local/lib/python3.14/site-packages/requests/sessions.py", line 703, in send
    r = adapter.send(request, **kwargs)
  File "/usr/local/lib/python3.14/site-packages/requests/adapters.py", line 677, in send
    raise ConnectionError(e, request=request)
requests.exceptions.ConnectionError: HTTPConnectionPool(host='localhost', port=8082): Max retries exceeded with url: /v1/documents (Caused by NewConnectionError("HTTPConnection(host='localhost', port=8082): Failed to establish a new connection: [Errno 111] Connection refused"))
2026-02-27 16:45:41 | INFO     | --- batch 52/131 (16 files) ---
2026-02-27 16:45:41 | DEBUG    |   Files: 2006-35.pdf, 2006-36.pdf, 2006-37.pdf, 2006-38.pdf, 2006-39.pdf, 2006-40.pdf, 2006-41.pdf, 2006-42.pdf, 2006-43.pdf, 2006-44.pdf, 2006-45.pdf, 2006-46.pdf, 2006-47.pdf, 2006-48.pdf, 2006-49.pdf, 2006-50.pdf
2026-02-27 16:45:41 | ERROR    | ❌ batch 52/131 (16 files) failed: HTTPConnectionPool(host='localhost', port=8082): Max retries exceeded with url: /v1/documents (Caused by NewConnectionError("HTTPConnection(host='localhost', port=8082): Failed to establish a new connection: [Errno 111] Connection refused"))
Traceback (most recent call last):
  File "/usr/local/lib/python3.14/site-packages/urllib3/connection.py", line 204, in _new_conn
    sock = connection.create_connection(
        (self._dns_host, self.port),
    ...<2 lines>...
        socket_options=self.socket_options,
    )
  File "/usr/local/lib/python3.14/site-packages/urllib3/util/connection.py", line 85, in create_connection
    raise err
  File "/usr/local/lib/python3.14/site-packages/urllib3/util/connection.py", line 73, in create_connection
    sock.connect(sa)
    ~~~~~~~~~~~~^^^^
ConnectionRefusedError: [Errno 111] Connection refused

The above exception was the direct cause of the following exception:

Traceback (most recent call last):
  File "/usr/local/lib/python3.14/site-packages/urllib3/connectionpool.py", line 787, in urlopen
    response = self._make_request(
        conn,
    ...<10 lines>...
        **response_kw,
    )
  File "/usr/local/lib/python3.14/site-packages/urllib3/connectionpool.py", line 493, in _make_request
    conn.request(
    ~~~~~~~~~~~~^
        method,
        ^^^^^^^
    ...<6 lines>...
        enforce_content_length=enforce_content_length,
        ^^^^^^^^^^^^^^^^^^^^^^^^^^^^^^^^^^^^^^^^^^^^^^
    )
    ^
  File "/usr/local/lib/python3.14/site-packages/urllib3/connection.py", line 500, in request
    self.endheaders()
    ~~~~~~~~~~~~~~~^^
  File "/usr/local/lib/python3.14/http/client.py", line 1353, in endheaders
    self._send_output(message_body, encode_chunked=encode_chunked)
    ~~~~~~~~~~~~~~~~~^^^^^^^^^^^^^^^^^^^^^^^^^^^^^^^^^^^^^^^^^^^^^
  File "/usr/local/lib/python3.14/http/client.py", line 1113, in _send_output
    self.send(msg)
    ~~~~~~~~~^^^^^
  File "/usr/local/lib/python3.14/http/client.py", line 1057, in send
    self.connect()
    ~~~~~~~~~~~~^^
  File "/usr/local/lib/python3.14/site-packages/urllib3/connection.py", line 331, in connect
    self.sock = self._new_conn()
                ~~~~~~~~~~~~~~^^
  File "/usr/local/lib/python3.14/site-packages/urllib3/connection.py", line 219, in _new_conn
    raise NewConnectionError(
        self, f"Failed to establish a new connection: {e}"
    ) from e
urllib3.exceptions.NewConnectionError: HTTPConnection(host='localhost', port=8082): Failed to establish a new connection: [Errno 111] Connection refused

The above exception was the direct cause of the following exception:

Traceback (most recent call last):
  File "/usr/local/lib/python3.14/site-packages/requests/adapters.py", line 644, in send
    resp = conn.urlopen(
        method=request.method,
    ...<9 lines>...
        chunked=chunked,
    )
  File "/usr/local/lib/python3.14/site-packages/urllib3/connectionpool.py", line 841, in urlopen
    retries = retries.increment(
        method, url, error=new_e, _pool=self, _stacktrace=sys.exc_info()[2]
    )
  File "/usr/local/lib/python3.14/site-packages/urllib3/util/retry.py", line 535, in increment
    raise MaxRetryError(_pool, url, reason) from reason  # type: ignore[arg-type]
    ^^^^^^^^^^^^^^^^^^^^^^^^^^^^^^^^^^^^^^^^^^^^^^^^^^^
urllib3.exceptions.MaxRetryError: HTTPConnectionPool(host='localhost', port=8082): Max retries exceeded with url: /v1/documents (Caused by NewConnectionError("HTTPConnection(host='localhost', port=8082): Failed to establish a new connection: [Errno 111] Connection refused"))

During handling of the above exception, another exception occurred:

Traceback (most recent call last):
  File "/u/bglq/projects/rag/rag-refactor/deploy/singularity/scripts/ingest_collections.py", line 446, in ingest_collection
    task_id = client.upload_batch(batch, result.collection_name, chunk_size, chunk_overlap)
  File "/u/bglq/projects/rag/rag-refactor/deploy/singularity/scripts/ingest_collections.py", line 282, in upload_batch
    resp = requests.post(url, files=files_form, timeout=300)
  File "/usr/local/lib/python3.14/site-packages/requests/api.py", line 115, in post
    return request("post", url, data=data, json=json, **kwargs)
  File "/usr/local/lib/python3.14/site-packages/requests/api.py", line 59, in request
    return session.request(method=method, url=url, **kwargs)
           ~~~~~~~~~~~~~~~^^^^^^^^^^^^^^^^^^^^^^^^^^^^^^^^^^
  File "/usr/local/lib/python3.14/site-packages/requests/sessions.py", line 589, in request
    resp = self.send(prep, **send_kwargs)
  File "/usr/local/lib/python3.14/site-packages/requests/sessions.py", line 703, in send
    r = adapter.send(request, **kwargs)
  File "/usr/local/lib/python3.14/site-packages/requests/adapters.py", line 677, in send
    raise ConnectionError(e, request=request)
requests.exceptions.ConnectionError: HTTPConnectionPool(host='localhost', port=8082): Max retries exceeded with url: /v1/documents (Caused by NewConnectionError("HTTPConnection(host='localhost', port=8082): Failed to establish a new connection: [Errno 111] Connection refused"))
2026-02-27 16:45:41 | INFO     | --- batch 53/131 (16 files) ---
2026-02-27 16:45:41 | DEBUG    |   Files: 2006-51.pdf, 2006-52.pdf, 2006-53.pdf, 2006-54.pdf, 2006-55.pdf, 2006-56.pdf, 2006-57.pdf, 2006-58.pdf, 2006-59.pdf, 2006-60.pdf, 2006-61.pdf, 2006-62.pdf, 2007-01.pdf, 2007-02.pdf, 2007-03.pdf, 2007-04.pdf
2026-02-27 16:45:42 | ERROR    | ❌ batch 53/131 (16 files) failed: HTTPConnectionPool(host='localhost', port=8082): Max retries exceeded with url: /v1/documents (Caused by NewConnectionError("HTTPConnection(host='localhost', port=8082): Failed to establish a new connection: [Errno 111] Connection refused"))
Traceback (most recent call last):
  File "/usr/local/lib/python3.14/site-packages/urllib3/connection.py", line 204, in _new_conn
    sock = connection.create_connection(
        (self._dns_host, self.port),
    ...<2 lines>...
        socket_options=self.socket_options,
    )
  File "/usr/local/lib/python3.14/site-packages/urllib3/util/connection.py", line 85, in create_connection
    raise err
  File "/usr/local/lib/python3.14/site-packages/urllib3/util/connection.py", line 73, in create_connection
    sock.connect(sa)
    ~~~~~~~~~~~~^^^^
ConnectionRefusedError: [Errno 111] Connection refused

The above exception was the direct cause of the following exception:

Traceback (most recent call last):
  File "/usr/local/lib/python3.14/site-packages/urllib3/connectionpool.py", line 787, in urlopen
    response = self._make_request(
        conn,
    ...<10 lines>...
        **response_kw,
    )
  File "/usr/local/lib/python3.14/site-packages/urllib3/connectionpool.py", line 493, in _make_request
    conn.request(
    ~~~~~~~~~~~~^
        method,
        ^^^^^^^
    ...<6 lines>...
        enforce_content_length=enforce_content_length,
        ^^^^^^^^^^^^^^^^^^^^^^^^^^^^^^^^^^^^^^^^^^^^^^
    )
    ^
  File "/usr/local/lib/python3.14/site-packages/urllib3/connection.py", line 500, in request
    self.endheaders()
    ~~~~~~~~~~~~~~~^^
  File "/usr/local/lib/python3.14/http/client.py", line 1353, in endheaders
    self._send_output(message_body, encode_chunked=encode_chunked)
    ~~~~~~~~~~~~~~~~~^^^^^^^^^^^^^^^^^^^^^^^^^^^^^^^^^^^^^^^^^^^^^
  File "/usr/local/lib/python3.14/http/client.py", line 1113, in _send_output
    self.send(msg)
    ~~~~~~~~~^^^^^
  File "/usr/local/lib/python3.14/http/client.py", line 1057, in send
    self.connect()
    ~~~~~~~~~~~~^^
  File "/usr/local/lib/python3.14/site-packages/urllib3/connection.py", line 331, in connect
    self.sock = self._new_conn()
                ~~~~~~~~~~~~~~^^
  File "/usr/local/lib/python3.14/site-packages/urllib3/connection.py", line 219, in _new_conn
    raise NewConnectionError(
        self, f"Failed to establish a new connection: {e}"
    ) from e
urllib3.exceptions.NewConnectionError: HTTPConnection(host='localhost', port=8082): Failed to establish a new connection: [Errno 111] Connection refused

The above exception was the direct cause of the following exception:

Traceback (most recent call last):
  File "/usr/local/lib/python3.14/site-packages/requests/adapters.py", line 644, in send
    resp = conn.urlopen(
        method=request.method,
    ...<9 lines>...
        chunked=chunked,
    )
  File "/usr/local/lib/python3.14/site-packages/urllib3/connectionpool.py", line 841, in urlopen
    retries = retries.increment(
        method, url, error=new_e, _pool=self, _stacktrace=sys.exc_info()[2]
    )
  File "/usr/local/lib/python3.14/site-packages/urllib3/util/retry.py", line 535, in increment
    raise MaxRetryError(_pool, url, reason) from reason  # type: ignore[arg-type]
    ^^^^^^^^^^^^^^^^^^^^^^^^^^^^^^^^^^^^^^^^^^^^^^^^^^^
urllib3.exceptions.MaxRetryError: HTTPConnectionPool(host='localhost', port=8082): Max retries exceeded with url: /v1/documents (Caused by NewConnectionError("HTTPConnection(host='localhost', port=8082): Failed to establish a new connection: [Errno 111] Connection refused"))

During handling of the above exception, another exception occurred:

Traceback (most recent call last):
  File "/u/bglq/projects/rag/rag-refactor/deploy/singularity/scripts/ingest_collections.py", line 446, in ingest_collection
    task_id = client.upload_batch(batch, result.collection_name, chunk_size, chunk_overlap)
  File "/u/bglq/projects/rag/rag-refactor/deploy/singularity/scripts/ingest_collections.py", line 282, in upload_batch
    resp = requests.post(url, files=files_form, timeout=300)
  File "/usr/local/lib/python3.14/site-packages/requests/api.py", line 115, in post
    return request("post", url, data=data, json=json, **kwargs)
  File "/usr/local/lib/python3.14/site-packages/requests/api.py", line 59, in request
    return session.request(method=method, url=url, **kwargs)
           ~~~~~~~~~~~~~~~^^^^^^^^^^^^^^^^^^^^^^^^^^^^^^^^^^
  File "/usr/local/lib/python3.14/site-packages/requests/sessions.py", line 589, in request
    resp = self.send(prep, **send_kwargs)
  File "/usr/local/lib/python3.14/site-packages/requests/sessions.py", line 703, in send
    r = adapter.send(request, **kwargs)
  File "/usr/local/lib/python3.14/site-packages/requests/adapters.py", line 677, in send
    raise ConnectionError(e, request=request)
requests.exceptions.ConnectionError: HTTPConnectionPool(host='localhost', port=8082): Max retries exceeded with url: /v1/documents (Caused by NewConnectionError("HTTPConnection(host='localhost', port=8082): Failed to establish a new connection: [Errno 111] Connection refused"))
2026-02-27 16:45:42 | INFO     | --- batch 54/131 (16 files) ---
2026-02-27 16:45:42 | DEBUG    |   Files: 2007-05.pdf, 2007-06.pdf, 2007-07.pdf, 2007-08.pdf, 2007-09.pdf, 2007-10.pdf, 2007-11.pdf, 2007-12.pdf, 2007-13.pdf, 2007-14.pdf, 2007-15.pdf, 2007-16.pdf, 2007-17.pdf, 2007-18.pdf, 2007-19.pdf, 2007-20.pdf
2026-02-27 16:45:42 | ERROR    | ❌ batch 54/131 (16 files) failed: HTTPConnectionPool(host='localhost', port=8082): Max retries exceeded with url: /v1/documents (Caused by NewConnectionError("HTTPConnection(host='localhost', port=8082): Failed to establish a new connection: [Errno 111] Connection refused"))
Traceback (most recent call last):
  File "/usr/local/lib/python3.14/site-packages/urllib3/connection.py", line 204, in _new_conn
    sock = connection.create_connection(
        (self._dns_host, self.port),
    ...<2 lines>...
        socket_options=self.socket_options,
    )
  File "/usr/local/lib/python3.14/site-packages/urllib3/util/connection.py", line 85, in create_connection
    raise err
  File "/usr/local/lib/python3.14/site-packages/urllib3/util/connection.py", line 73, in create_connection
    sock.connect(sa)
    ~~~~~~~~~~~~^^^^
ConnectionRefusedError: [Errno 111] Connection refused

The above exception was the direct cause of the following exception:

Traceback (most recent call last):
  File "/usr/local/lib/python3.14/site-packages/urllib3/connectionpool.py", line 787, in urlopen
    response = self._make_request(
        conn,
    ...<10 lines>...
        **response_kw,
    )
  File "/usr/local/lib/python3.14/site-packages/urllib3/connectionpool.py", line 493, in _make_request
    conn.request(
    ~~~~~~~~~~~~^
        method,
        ^^^^^^^
    ...<6 lines>...
        enforce_content_length=enforce_content_length,
        ^^^^^^^^^^^^^^^^^^^^^^^^^^^^^^^^^^^^^^^^^^^^^^
    )
    ^
  File "/usr/local/lib/python3.14/site-packages/urllib3/connection.py", line 500, in request
    self.endheaders()
    ~~~~~~~~~~~~~~~^^
  File "/usr/local/lib/python3.14/http/client.py", line 1353, in endheaders
    self._send_output(message_body, encode_chunked=encode_chunked)
    ~~~~~~~~~~~~~~~~~^^^^^^^^^^^^^^^^^^^^^^^^^^^^^^^^^^^^^^^^^^^^^
  File "/usr/local/lib/python3.14/http/client.py", line 1113, in _send_output
    self.send(msg)
    ~~~~~~~~~^^^^^
  File "/usr/local/lib/python3.14/http/client.py", line 1057, in send
    self.connect()
    ~~~~~~~~~~~~^^
  File "/usr/local/lib/python3.14/site-packages/urllib3/connection.py", line 331, in connect
    self.sock = self._new_conn()
                ~~~~~~~~~~~~~~^^
  File "/usr/local/lib/python3.14/site-packages/urllib3/connection.py", line 219, in _new_conn
    raise NewConnectionError(
        self, f"Failed to establish a new connection: {e}"
    ) from e
urllib3.exceptions.NewConnectionError: HTTPConnection(host='localhost', port=8082): Failed to establish a new connection: [Errno 111] Connection refused

The above exception was the direct cause of the following exception:

Traceback (most recent call last):
  File "/usr/local/lib/python3.14/site-packages/requests/adapters.py", line 644, in send
    resp = conn.urlopen(
        method=request.method,
    ...<9 lines>...
        chunked=chunked,
    )
  File "/usr/local/lib/python3.14/site-packages/urllib3/connectionpool.py", line 841, in urlopen
    retries = retries.increment(
        method, url, error=new_e, _pool=self, _stacktrace=sys.exc_info()[2]
    )
  File "/usr/local/lib/python3.14/site-packages/urllib3/util/retry.py", line 535, in increment
    raise MaxRetryError(_pool, url, reason) from reason  # type: ignore[arg-type]
    ^^^^^^^^^^^^^^^^^^^^^^^^^^^^^^^^^^^^^^^^^^^^^^^^^^^
urllib3.exceptions.MaxRetryError: HTTPConnectionPool(host='localhost', port=8082): Max retries exceeded with url: /v1/documents (Caused by NewConnectionError("HTTPConnection(host='localhost', port=8082): Failed to establish a new connection: [Errno 111] Connection refused"))

During handling of the above exception, another exception occurred:

Traceback (most recent call last):
  File "/u/bglq/projects/rag/rag-refactor/deploy/singularity/scripts/ingest_collections.py", line 446, in ingest_collection
    task_id = client.upload_batch(batch, result.collection_name, chunk_size, chunk_overlap)
  File "/u/bglq/projects/rag/rag-refactor/deploy/singularity/scripts/ingest_collections.py", line 282, in upload_batch
    resp = requests.post(url, files=files_form, timeout=300)
  File "/usr/local/lib/python3.14/site-packages/requests/api.py", line 115, in post
    return request("post", url, data=data, json=json, **kwargs)
  File "/usr/local/lib/python3.14/site-packages/requests/api.py", line 59, in request
    return session.request(method=method, url=url, **kwargs)
           ~~~~~~~~~~~~~~~^^^^^^^^^^^^^^^^^^^^^^^^^^^^^^^^^^
  File "/usr/local/lib/python3.14/site-packages/requests/sessions.py", line 589, in request
    resp = self.send(prep, **send_kwargs)
  File "/usr/local/lib/python3.14/site-packages/requests/sessions.py", line 703, in send
    r = adapter.send(request, **kwargs)
  File "/usr/local/lib/python3.14/site-packages/requests/adapters.py", line 677, in send
    raise ConnectionError(e, request=request)
requests.exceptions.ConnectionError: HTTPConnectionPool(host='localhost', port=8082): Max retries exceeded with url: /v1/documents (Caused by NewConnectionError("HTTPConnection(host='localhost', port=8082): Failed to establish a new connection: [Errno 111] Connection refused"))
2026-02-27 16:45:42 | INFO     | --- batch 55/131 (16 files) ---
2026-02-27 16:45:42 | DEBUG    |   Files: 2007-21.pdf, 2007-22.pdf, 2007-23.pdf, 2007-24.pdf, 2007-25.pdf, 2007-26.pdf, 2007-27.pdf, 2007-28.pdf, 2007-29.pdf, 2007-30.pdf, 2007-31.pdf, 2007-32.pdf, 2007-33.pdf, 2007-34.pdf, 2007-35.pdf, 2007-36.pdf
2026-02-27 16:45:42 | ERROR    | ❌ batch 55/131 (16 files) failed: HTTPConnectionPool(host='localhost', port=8082): Max retries exceeded with url: /v1/documents (Caused by NewConnectionError("HTTPConnection(host='localhost', port=8082): Failed to establish a new connection: [Errno 111] Connection refused"))
Traceback (most recent call last):
  File "/usr/local/lib/python3.14/site-packages/urllib3/connection.py", line 204, in _new_conn
    sock = connection.create_connection(
        (self._dns_host, self.port),
    ...<2 lines>...
        socket_options=self.socket_options,
    )
  File "/usr/local/lib/python3.14/site-packages/urllib3/util/connection.py", line 85, in create_connection
    raise err
  File "/usr/local/lib/python3.14/site-packages/urllib3/util/connection.py", line 73, in create_connection
    sock.connect(sa)
    ~~~~~~~~~~~~^^^^
ConnectionRefusedError: [Errno 111] Connection refused

The above exception was the direct cause of the following exception:

Traceback (most recent call last):
  File "/usr/local/lib/python3.14/site-packages/urllib3/connectionpool.py", line 787, in urlopen
    response = self._make_request(
        conn,
    ...<10 lines>...
        **response_kw,
    )
  File "/usr/local/lib/python3.14/site-packages/urllib3/connectionpool.py", line 493, in _make_request
    conn.request(
    ~~~~~~~~~~~~^
        method,
        ^^^^^^^
    ...<6 lines>...
        enforce_content_length=enforce_content_length,
        ^^^^^^^^^^^^^^^^^^^^^^^^^^^^^^^^^^^^^^^^^^^^^^
    )
    ^
  File "/usr/local/lib/python3.14/site-packages/urllib3/connection.py", line 500, in request
    self.endheaders()
    ~~~~~~~~~~~~~~~^^
  File "/usr/local/lib/python3.14/http/client.py", line 1353, in endheaders
    self._send_output(message_body, encode_chunked=encode_chunked)
    ~~~~~~~~~~~~~~~~~^^^^^^^^^^^^^^^^^^^^^^^^^^^^^^^^^^^^^^^^^^^^^
  File "/usr/local/lib/python3.14/http/client.py", line 1113, in _send_output
    self.send(msg)
    ~~~~~~~~~^^^^^
  File "/usr/local/lib/python3.14/http/client.py", line 1057, in send
    self.connect()
    ~~~~~~~~~~~~^^
  File "/usr/local/lib/python3.14/site-packages/urllib3/connection.py", line 331, in connect
    self.sock = self._new_conn()
                ~~~~~~~~~~~~~~^^
  File "/usr/local/lib/python3.14/site-packages/urllib3/connection.py", line 219, in _new_conn
    raise NewConnectionError(
        self, f"Failed to establish a new connection: {e}"
    ) from e
urllib3.exceptions.NewConnectionError: HTTPConnection(host='localhost', port=8082): Failed to establish a new connection: [Errno 111] Connection refused

The above exception was the direct cause of the following exception:

Traceback (most recent call last):
  File "/usr/local/lib/python3.14/site-packages/requests/adapters.py", line 644, in send
    resp = conn.urlopen(
        method=request.method,
    ...<9 lines>...
        chunked=chunked,
    )
  File "/usr/local/lib/python3.14/site-packages/urllib3/connectionpool.py", line 841, in urlopen
    retries = retries.increment(
        method, url, error=new_e, _pool=self, _stacktrace=sys.exc_info()[2]
    )
  File "/usr/local/lib/python3.14/site-packages/urllib3/util/retry.py", line 535, in increment
    raise MaxRetryError(_pool, url, reason) from reason  # type: ignore[arg-type]
    ^^^^^^^^^^^^^^^^^^^^^^^^^^^^^^^^^^^^^^^^^^^^^^^^^^^
urllib3.exceptions.MaxRetryError: HTTPConnectionPool(host='localhost', port=8082): Max retries exceeded with url: /v1/documents (Caused by NewConnectionError("HTTPConnection(host='localhost', port=8082): Failed to establish a new connection: [Errno 111] Connection refused"))

During handling of the above exception, another exception occurred:

Traceback (most recent call last):
  File "/u/bglq/projects/rag/rag-refactor/deploy/singularity/scripts/ingest_collections.py", line 446, in ingest_collection
    task_id = client.upload_batch(batch, result.collection_name, chunk_size, chunk_overlap)
  File "/u/bglq/projects/rag/rag-refactor/deploy/singularity/scripts/ingest_collections.py", line 282, in upload_batch
    resp = requests.post(url, files=files_form, timeout=300)
  File "/usr/local/lib/python3.14/site-packages/requests/api.py", line 115, in post
    return request("post", url, data=data, json=json, **kwargs)
  File "/usr/local/lib/python3.14/site-packages/requests/api.py", line 59, in request
    return session.request(method=method, url=url, **kwargs)
           ~~~~~~~~~~~~~~~^^^^^^^^^^^^^^^^^^^^^^^^^^^^^^^^^^
  File "/usr/local/lib/python3.14/site-packages/requests/sessions.py", line 589, in request
    resp = self.send(prep, **send_kwargs)
  File "/usr/local/lib/python3.14/site-packages/requests/sessions.py", line 703, in send
    r = adapter.send(request, **kwargs)
  File "/usr/local/lib/python3.14/site-packages/requests/adapters.py", line 677, in send
    raise ConnectionError(e, request=request)
requests.exceptions.ConnectionError: HTTPConnectionPool(host='localhost', port=8082): Max retries exceeded with url: /v1/documents (Caused by NewConnectionError("HTTPConnection(host='localhost', port=8082): Failed to establish a new connection: [Errno 111] Connection refused"))
2026-02-27 16:45:42 | INFO     | --- batch 56/131 (16 files) ---
2026-02-27 16:45:42 | DEBUG    |   Files: 2007-37.pdf, 2007-38.pdf, 2007-39.pdf, 2007-40.pdf, 2007-41.pdf, 2007-42.pdf, 2007-43.pdf, 2007-44.pdf, 2007-45.pdf, 2007-46.pdf, 2007-47.pdf, 2007-48.pdf, 2007-49.pdf, 2007-50.pdf, 2007-51.pdf, 2007-52.pdf
2026-02-27 16:45:42 | ERROR    | ❌ batch 56/131 (16 files) failed: HTTPConnectionPool(host='localhost', port=8082): Max retries exceeded with url: /v1/documents (Caused by NewConnectionError("HTTPConnection(host='localhost', port=8082): Failed to establish a new connection: [Errno 111] Connection refused"))
Traceback (most recent call last):
  File "/usr/local/lib/python3.14/site-packages/urllib3/connection.py", line 204, in _new_conn
    sock = connection.create_connection(
        (self._dns_host, self.port),
    ...<2 lines>...
        socket_options=self.socket_options,
    )
  File "/usr/local/lib/python3.14/site-packages/urllib3/util/connection.py", line 85, in create_connection
    raise err
  File "/usr/local/lib/python3.14/site-packages/urllib3/util/connection.py", line 73, in create_connection
    sock.connect(sa)
    ~~~~~~~~~~~~^^^^
ConnectionRefusedError: [Errno 111] Connection refused

The above exception was the direct cause of the following exception:

Traceback (most recent call last):
  File "/usr/local/lib/python3.14/site-packages/urllib3/connectionpool.py", line 787, in urlopen
    response = self._make_request(
        conn,
    ...<10 lines>...
        **response_kw,
    )
  File "/usr/local/lib/python3.14/site-packages/urllib3/connectionpool.py", line 493, in _make_request
    conn.request(
    ~~~~~~~~~~~~^
        method,
        ^^^^^^^
    ...<6 lines>...
        enforce_content_length=enforce_content_length,
        ^^^^^^^^^^^^^^^^^^^^^^^^^^^^^^^^^^^^^^^^^^^^^^
    )
    ^
  File "/usr/local/lib/python3.14/site-packages/urllib3/connection.py", line 500, in request
    self.endheaders()
    ~~~~~~~~~~~~~~~^^
  File "/usr/local/lib/python3.14/http/client.py", line 1353, in endheaders
    self._send_output(message_body, encode_chunked=encode_chunked)
    ~~~~~~~~~~~~~~~~~^^^^^^^^^^^^^^^^^^^^^^^^^^^^^^^^^^^^^^^^^^^^^
  File "/usr/local/lib/python3.14/http/client.py", line 1113, in _send_output
    self.send(msg)
    ~~~~~~~~~^^^^^
  File "/usr/local/lib/python3.14/http/client.py", line 1057, in send
    self.connect()
    ~~~~~~~~~~~~^^
  File "/usr/local/lib/python3.14/site-packages/urllib3/connection.py", line 331, in connect
    self.sock = self._new_conn()
                ~~~~~~~~~~~~~~^^
  File "/usr/local/lib/python3.14/site-packages/urllib3/connection.py", line 219, in _new_conn
    raise NewConnectionError(
        self, f"Failed to establish a new connection: {e}"
    ) from e
urllib3.exceptions.NewConnectionError: HTTPConnection(host='localhost', port=8082): Failed to establish a new connection: [Errno 111] Connection refused

The above exception was the direct cause of the following exception:

Traceback (most recent call last):
  File "/usr/local/lib/python3.14/site-packages/requests/adapters.py", line 644, in send
    resp = conn.urlopen(
        method=request.method,
    ...<9 lines>...
        chunked=chunked,
    )
  File "/usr/local/lib/python3.14/site-packages/urllib3/connectionpool.py", line 841, in urlopen
    retries = retries.increment(
        method, url, error=new_e, _pool=self, _stacktrace=sys.exc_info()[2]
    )
  File "/usr/local/lib/python3.14/site-packages/urllib3/util/retry.py", line 535, in increment
    raise MaxRetryError(_pool, url, reason) from reason  # type: ignore[arg-type]
    ^^^^^^^^^^^^^^^^^^^^^^^^^^^^^^^^^^^^^^^^^^^^^^^^^^^
urllib3.exceptions.MaxRetryError: HTTPConnectionPool(host='localhost', port=8082): Max retries exceeded with url: /v1/documents (Caused by NewConnectionError("HTTPConnection(host='localhost', port=8082): Failed to establish a new connection: [Errno 111] Connection refused"))

During handling of the above exception, another exception occurred:

Traceback (most recent call last):
  File "/u/bglq/projects/rag/rag-refactor/deploy/singularity/scripts/ingest_collections.py", line 446, in ingest_collection
    task_id = client.upload_batch(batch, result.collection_name, chunk_size, chunk_overlap)
  File "/u/bglq/projects/rag/rag-refactor/deploy/singularity/scripts/ingest_collections.py", line 282, in upload_batch
    resp = requests.post(url, files=files_form, timeout=300)
  File "/usr/local/lib/python3.14/site-packages/requests/api.py", line 115, in post
    return request("post", url, data=data, json=json, **kwargs)
  File "/usr/local/lib/python3.14/site-packages/requests/api.py", line 59, in request
    return session.request(method=method, url=url, **kwargs)
           ~~~~~~~~~~~~~~~^^^^^^^^^^^^^^^^^^^^^^^^^^^^^^^^^^
  File "/usr/local/lib/python3.14/site-packages/requests/sessions.py", line 589, in request
    resp = self.send(prep, **send_kwargs)
  File "/usr/local/lib/python3.14/site-packages/requests/sessions.py", line 703, in send
    r = adapter.send(request, **kwargs)
  File "/usr/local/lib/python3.14/site-packages/requests/adapters.py", line 677, in send
    raise ConnectionError(e, request=request)
requests.exceptions.ConnectionError: HTTPConnectionPool(host='localhost', port=8082): Max retries exceeded with url: /v1/documents (Caused by NewConnectionError("HTTPConnection(host='localhost', port=8082): Failed to establish a new connection: [Errno 111] Connection refused"))
2026-02-27 16:45:42 | INFO     | --- batch 57/131 (16 files) ---
2026-02-27 16:45:42 | DEBUG    |   Files: 2007-53.pdf, 2007-54.pdf, 2007-55.pdf, 2007-56.pdf, 2007-57.pdf, 2007-58.pdf, 2007-59.pdf, 2007-60.pdf, 2007-61.pdf, 2007-62.pdf, 2007-63.pdf, 2007-64.pdf, 2007-65.pdf, 2007-66.pdf, 2007-67.pdf, 2007-68.pdf
2026-02-27 16:45:43 | ERROR    | ❌ batch 57/131 (16 files) failed: HTTPConnectionPool(host='localhost', port=8082): Max retries exceeded with url: /v1/documents (Caused by NewConnectionError("HTTPConnection(host='localhost', port=8082): Failed to establish a new connection: [Errno 111] Connection refused"))
Traceback (most recent call last):
  File "/usr/local/lib/python3.14/site-packages/urllib3/connection.py", line 204, in _new_conn
    sock = connection.create_connection(
        (self._dns_host, self.port),
    ...<2 lines>...
        socket_options=self.socket_options,
    )
  File "/usr/local/lib/python3.14/site-packages/urllib3/util/connection.py", line 85, in create_connection
    raise err
  File "/usr/local/lib/python3.14/site-packages/urllib3/util/connection.py", line 73, in create_connection
    sock.connect(sa)
    ~~~~~~~~~~~~^^^^
ConnectionRefusedError: [Errno 111] Connection refused

The above exception was the direct cause of the following exception:

Traceback (most recent call last):
  File "/usr/local/lib/python3.14/site-packages/urllib3/connectionpool.py", line 787, in urlopen
    response = self._make_request(
        conn,
    ...<10 lines>...
        **response_kw,
    )
  File "/usr/local/lib/python3.14/site-packages/urllib3/connectionpool.py", line 493, in _make_request
    conn.request(
    ~~~~~~~~~~~~^
        method,
        ^^^^^^^
    ...<6 lines>...
        enforce_content_length=enforce_content_length,
        ^^^^^^^^^^^^^^^^^^^^^^^^^^^^^^^^^^^^^^^^^^^^^^
    )
    ^
  File "/usr/local/lib/python3.14/site-packages/urllib3/connection.py", line 500, in request
    self.endheaders()
    ~~~~~~~~~~~~~~~^^
  File "/usr/local/lib/python3.14/http/client.py", line 1353, in endheaders
    self._send_output(message_body, encode_chunked=encode_chunked)
    ~~~~~~~~~~~~~~~~~^^^^^^^^^^^^^^^^^^^^^^^^^^^^^^^^^^^^^^^^^^^^^
  File "/usr/local/lib/python3.14/http/client.py", line 1113, in _send_output
    self.send(msg)
    ~~~~~~~~~^^^^^
  File "/usr/local/lib/python3.14/http/client.py", line 1057, in send
    self.connect()
    ~~~~~~~~~~~~^^
  File "/usr/local/lib/python3.14/site-packages/urllib3/connection.py", line 331, in connect
    self.sock = self._new_conn()
                ~~~~~~~~~~~~~~^^
  File "/usr/local/lib/python3.14/site-packages/urllib3/connection.py", line 219, in _new_conn
    raise NewConnectionError(
        self, f"Failed to establish a new connection: {e}"
    ) from e
urllib3.exceptions.NewConnectionError: HTTPConnection(host='localhost', port=8082): Failed to establish a new connection: [Errno 111] Connection refused

The above exception was the direct cause of the following exception:

Traceback (most recent call last):
  File "/usr/local/lib/python3.14/site-packages/requests/adapters.py", line 644, in send
    resp = conn.urlopen(
        method=request.method,
    ...<9 lines>...
        chunked=chunked,
    )
  File "/usr/local/lib/python3.14/site-packages/urllib3/connectionpool.py", line 841, in urlopen
    retries = retries.increment(
        method, url, error=new_e, _pool=self, _stacktrace=sys.exc_info()[2]
    )
  File "/usr/local/lib/python3.14/site-packages/urllib3/util/retry.py", line 535, in increment
    raise MaxRetryError(_pool, url, reason) from reason  # type: ignore[arg-type]
    ^^^^^^^^^^^^^^^^^^^^^^^^^^^^^^^^^^^^^^^^^^^^^^^^^^^
urllib3.exceptions.MaxRetryError: HTTPConnectionPool(host='localhost', port=8082): Max retries exceeded with url: /v1/documents (Caused by NewConnectionError("HTTPConnection(host='localhost', port=8082): Failed to establish a new connection: [Errno 111] Connection refused"))

During handling of the above exception, another exception occurred:

Traceback (most recent call last):
  File "/u/bglq/projects/rag/rag-refactor/deploy/singularity/scripts/ingest_collections.py", line 446, in ingest_collection
    task_id = client.upload_batch(batch, result.collection_name, chunk_size, chunk_overlap)
  File "/u/bglq/projects/rag/rag-refactor/deploy/singularity/scripts/ingest_collections.py", line 282, in upload_batch
    resp = requests.post(url, files=files_form, timeout=300)
  File "/usr/local/lib/python3.14/site-packages/requests/api.py", line 115, in post
    return request("post", url, data=data, json=json, **kwargs)
  File "/usr/local/lib/python3.14/site-packages/requests/api.py", line 59, in request
    return session.request(method=method, url=url, **kwargs)
           ~~~~~~~~~~~~~~~^^^^^^^^^^^^^^^^^^^^^^^^^^^^^^^^^^
  File "/usr/local/lib/python3.14/site-packages/requests/sessions.py", line 589, in request
    resp = self.send(prep, **send_kwargs)
  File "/usr/local/lib/python3.14/site-packages/requests/sessions.py", line 703, in send
    r = adapter.send(request, **kwargs)
  File "/usr/local/lib/python3.14/site-packages/requests/adapters.py", line 677, in send
    raise ConnectionError(e, request=request)
requests.exceptions.ConnectionError: HTTPConnectionPool(host='localhost', port=8082): Max retries exceeded with url: /v1/documents (Caused by NewConnectionError("HTTPConnection(host='localhost', port=8082): Failed to establish a new connection: [Errno 111] Connection refused"))
2026-02-27 16:45:43 | INFO     | --- batch 58/131 (16 files) ---
2026-02-27 16:45:43 | DEBUG    |   Files: 2007-69.pdf, 2007-70.pdf, 2007-71.pdf, 2007-72.pdf, 2008-01.pdf, 2008-02.pdf, 2008-03.pdf, 2008-04.pdf, 2008-05.pdf, 2008-06.pdf, 2008-07.pdf, 2008-08.pdf, 2008-09.pdf, 2008-10.pdf, 2008-11.pdf, 2008-12.pdf
2026-02-27 16:45:43 | ERROR    | ❌ batch 58/131 (16 files) failed: HTTPConnectionPool(host='localhost', port=8082): Max retries exceeded with url: /v1/documents (Caused by NewConnectionError("HTTPConnection(host='localhost', port=8082): Failed to establish a new connection: [Errno 111] Connection refused"))
Traceback (most recent call last):
  File "/usr/local/lib/python3.14/site-packages/urllib3/connection.py", line 204, in _new_conn
    sock = connection.create_connection(
        (self._dns_host, self.port),
    ...<2 lines>...
        socket_options=self.socket_options,
    )
  File "/usr/local/lib/python3.14/site-packages/urllib3/util/connection.py", line 85, in create_connection
    raise err
  File "/usr/local/lib/python3.14/site-packages/urllib3/util/connection.py", line 73, in create_connection
    sock.connect(sa)
    ~~~~~~~~~~~~^^^^
ConnectionRefusedError: [Errno 111] Connection refused

The above exception was the direct cause of the following exception:

Traceback (most recent call last):
  File "/usr/local/lib/python3.14/site-packages/urllib3/connectionpool.py", line 787, in urlopen
    response = self._make_request(
        conn,
    ...<10 lines>...
        **response_kw,
    )
  File "/usr/local/lib/python3.14/site-packages/urllib3/connectionpool.py", line 493, in _make_request
    conn.request(
    ~~~~~~~~~~~~^
        method,
        ^^^^^^^
    ...<6 lines>...
        enforce_content_length=enforce_content_length,
        ^^^^^^^^^^^^^^^^^^^^^^^^^^^^^^^^^^^^^^^^^^^^^^
    )
    ^
  File "/usr/local/lib/python3.14/site-packages/urllib3/connection.py", line 500, in request
    self.endheaders()
    ~~~~~~~~~~~~~~~^^
  File "/usr/local/lib/python3.14/http/client.py", line 1353, in endheaders
    self._send_output(message_body, encode_chunked=encode_chunked)
    ~~~~~~~~~~~~~~~~~^^^^^^^^^^^^^^^^^^^^^^^^^^^^^^^^^^^^^^^^^^^^^
  File "/usr/local/lib/python3.14/http/client.py", line 1113, in _send_output
    self.send(msg)
    ~~~~~~~~~^^^^^
  File "/usr/local/lib/python3.14/http/client.py", line 1057, in send
    self.connect()
    ~~~~~~~~~~~~^^
  File "/usr/local/lib/python3.14/site-packages/urllib3/connection.py", line 331, in connect
    self.sock = self._new_conn()
                ~~~~~~~~~~~~~~^^
  File "/usr/local/lib/python3.14/site-packages/urllib3/connection.py", line 219, in _new_conn
    raise NewConnectionError(
        self, f"Failed to establish a new connection: {e}"
    ) from e
urllib3.exceptions.NewConnectionError: HTTPConnection(host='localhost', port=8082): Failed to establish a new connection: [Errno 111] Connection refused

The above exception was the direct cause of the following exception:

Traceback (most recent call last):
  File "/usr/local/lib/python3.14/site-packages/requests/adapters.py", line 644, in send
    resp = conn.urlopen(
        method=request.method,
    ...<9 lines>...
        chunked=chunked,
    )
  File "/usr/local/lib/python3.14/site-packages/urllib3/connectionpool.py", line 841, in urlopen
    retries = retries.increment(
        method, url, error=new_e, _pool=self, _stacktrace=sys.exc_info()[2]
    )
  File "/usr/local/lib/python3.14/site-packages/urllib3/util/retry.py", line 535, in increment
    raise MaxRetryError(_pool, url, reason) from reason  # type: ignore[arg-type]
    ^^^^^^^^^^^^^^^^^^^^^^^^^^^^^^^^^^^^^^^^^^^^^^^^^^^
urllib3.exceptions.MaxRetryError: HTTPConnectionPool(host='localhost', port=8082): Max retries exceeded with url: /v1/documents (Caused by NewConnectionError("HTTPConnection(host='localhost', port=8082): Failed to establish a new connection: [Errno 111] Connection refused"))

During handling of the above exception, another exception occurred:

Traceback (most recent call last):
  File "/u/bglq/projects/rag/rag-refactor/deploy/singularity/scripts/ingest_collections.py", line 446, in ingest_collection
    task_id = client.upload_batch(batch, result.collection_name, chunk_size, chunk_overlap)
  File "/u/bglq/projects/rag/rag-refactor/deploy/singularity/scripts/ingest_collections.py", line 282, in upload_batch
    resp = requests.post(url, files=files_form, timeout=300)
  File "/usr/local/lib/python3.14/site-packages/requests/api.py", line 115, in post
    return request("post", url, data=data, json=json, **kwargs)
  File "/usr/local/lib/python3.14/site-packages/requests/api.py", line 59, in request
    return session.request(method=method, url=url, **kwargs)
           ~~~~~~~~~~~~~~~^^^^^^^^^^^^^^^^^^^^^^^^^^^^^^^^^^
  File "/usr/local/lib/python3.14/site-packages/requests/sessions.py", line 589, in request
    resp = self.send(prep, **send_kwargs)
  File "/usr/local/lib/python3.14/site-packages/requests/sessions.py", line 703, in send
    r = adapter.send(request, **kwargs)
  File "/usr/local/lib/python3.14/site-packages/requests/adapters.py", line 677, in send
    raise ConnectionError(e, request=request)
requests.exceptions.ConnectionError: HTTPConnectionPool(host='localhost', port=8082): Max retries exceeded with url: /v1/documents (Caused by NewConnectionError("HTTPConnection(host='localhost', port=8082): Failed to establish a new connection: [Errno 111] Connection refused"))
2026-02-27 16:45:43 | INFO     | --- batch 59/131 (16 files) ---
2026-02-27 16:45:43 | DEBUG    |   Files: 2008-13.pdf, 2008-14.pdf, 2008-15.pdf, 2008-16.pdf, 2008-17.pdf, 2008-18.pdf, 2008-19.pdf, 2008-20.pdf, 2008-21.pdf, 2008-22.pdf, 2008-23.pdf, 2008-24.pdf, 2008-25.pdf, 2008-26.pdf, 2008-27.pdf, 2008-28.pdf
2026-02-27 16:45:43 | ERROR    | ❌ batch 59/131 (16 files) failed: HTTPConnectionPool(host='localhost', port=8082): Max retries exceeded with url: /v1/documents (Caused by NewConnectionError("HTTPConnection(host='localhost', port=8082): Failed to establish a new connection: [Errno 111] Connection refused"))
Traceback (most recent call last):
  File "/usr/local/lib/python3.14/site-packages/urllib3/connection.py", line 204, in _new_conn
    sock = connection.create_connection(
        (self._dns_host, self.port),
    ...<2 lines>...
        socket_options=self.socket_options,
    )
  File "/usr/local/lib/python3.14/site-packages/urllib3/util/connection.py", line 85, in create_connection
    raise err
  File "/usr/local/lib/python3.14/site-packages/urllib3/util/connection.py", line 73, in create_connection
    sock.connect(sa)
    ~~~~~~~~~~~~^^^^
ConnectionRefusedError: [Errno 111] Connection refused

The above exception was the direct cause of the following exception:

Traceback (most recent call last):
  File "/usr/local/lib/python3.14/site-packages/urllib3/connectionpool.py", line 787, in urlopen
    response = self._make_request(
        conn,
    ...<10 lines>...
        **response_kw,
    )
  File "/usr/local/lib/python3.14/site-packages/urllib3/connectionpool.py", line 493, in _make_request
    conn.request(
    ~~~~~~~~~~~~^
        method,
        ^^^^^^^
    ...<6 lines>...
        enforce_content_length=enforce_content_length,
        ^^^^^^^^^^^^^^^^^^^^^^^^^^^^^^^^^^^^^^^^^^^^^^
    )
    ^
  File "/usr/local/lib/python3.14/site-packages/urllib3/connection.py", line 500, in request
    self.endheaders()
    ~~~~~~~~~~~~~~~^^
  File "/usr/local/lib/python3.14/http/client.py", line 1353, in endheaders
    self._send_output(message_body, encode_chunked=encode_chunked)
    ~~~~~~~~~~~~~~~~~^^^^^^^^^^^^^^^^^^^^^^^^^^^^^^^^^^^^^^^^^^^^^
  File "/usr/local/lib/python3.14/http/client.py", line 1113, in _send_output
    self.send(msg)
    ~~~~~~~~~^^^^^
  File "/usr/local/lib/python3.14/http/client.py", line 1057, in send
    self.connect()
    ~~~~~~~~~~~~^^
  File "/usr/local/lib/python3.14/site-packages/urllib3/connection.py", line 331, in connect
    self.sock = self._new_conn()
                ~~~~~~~~~~~~~~^^
  File "/usr/local/lib/python3.14/site-packages/urllib3/connection.py", line 219, in _new_conn
    raise NewConnectionError(
        self, f"Failed to establish a new connection: {e}"
    ) from e
urllib3.exceptions.NewConnectionError: HTTPConnection(host='localhost', port=8082): Failed to establish a new connection: [Errno 111] Connection refused

The above exception was the direct cause of the following exception:

Traceback (most recent call last):
  File "/usr/local/lib/python3.14/site-packages/requests/adapters.py", line 644, in send
    resp = conn.urlopen(
        method=request.method,
    ...<9 lines>...
        chunked=chunked,
    )
  File "/usr/local/lib/python3.14/site-packages/urllib3/connectionpool.py", line 841, in urlopen
    retries = retries.increment(
        method, url, error=new_e, _pool=self, _stacktrace=sys.exc_info()[2]
    )
  File "/usr/local/lib/python3.14/site-packages/urllib3/util/retry.py", line 535, in increment
    raise MaxRetryError(_pool, url, reason) from reason  # type: ignore[arg-type]
    ^^^^^^^^^^^^^^^^^^^^^^^^^^^^^^^^^^^^^^^^^^^^^^^^^^^
urllib3.exceptions.MaxRetryError: HTTPConnectionPool(host='localhost', port=8082): Max retries exceeded with url: /v1/documents (Caused by NewConnectionError("HTTPConnection(host='localhost', port=8082): Failed to establish a new connection: [Errno 111] Connection refused"))

During handling of the above exception, another exception occurred:

Traceback (most recent call last):
  File "/u/bglq/projects/rag/rag-refactor/deploy/singularity/scripts/ingest_collections.py", line 446, in ingest_collection
    task_id = client.upload_batch(batch, result.collection_name, chunk_size, chunk_overlap)
  File "/u/bglq/projects/rag/rag-refactor/deploy/singularity/scripts/ingest_collections.py", line 282, in upload_batch
    resp = requests.post(url, files=files_form, timeout=300)
  File "/usr/local/lib/python3.14/site-packages/requests/api.py", line 115, in post
    return request("post", url, data=data, json=json, **kwargs)
  File "/usr/local/lib/python3.14/site-packages/requests/api.py", line 59, in request
    return session.request(method=method, url=url, **kwargs)
           ~~~~~~~~~~~~~~~^^^^^^^^^^^^^^^^^^^^^^^^^^^^^^^^^^
  File "/usr/local/lib/python3.14/site-packages/requests/sessions.py", line 589, in request
    resp = self.send(prep, **send_kwargs)
  File "/usr/local/lib/python3.14/site-packages/requests/sessions.py", line 703, in send
    r = adapter.send(request, **kwargs)
  File "/usr/local/lib/python3.14/site-packages/requests/adapters.py", line 677, in send
    raise ConnectionError(e, request=request)
requests.exceptions.ConnectionError: HTTPConnectionPool(host='localhost', port=8082): Max retries exceeded with url: /v1/documents (Caused by NewConnectionError("HTTPConnection(host='localhost', port=8082): Failed to establish a new connection: [Errno 111] Connection refused"))
2026-02-27 16:45:43 | INFO     | --- batch 60/131 (16 files) ---
2026-02-27 16:45:43 | DEBUG    |   Files: 2008-29.pdf, 2008-30.pdf, 2008-31.pdf, 2008-32.pdf, 2008-33.pdf, 2008-34.pdf, 2008-35.pdf, 2008-36.pdf, 2008-37.pdf, 2008-38.pdf, 2008-39.pdf, 2008-40.pdf, 2008-41.pdf, 2008-42.pdf, 2008-43.pdf, 2008-44.pdf
2026-02-27 16:45:43 | ERROR    | ❌ batch 60/131 (16 files) failed: HTTPConnectionPool(host='localhost', port=8082): Max retries exceeded with url: /v1/documents (Caused by NewConnectionError("HTTPConnection(host='localhost', port=8082): Failed to establish a new connection: [Errno 111] Connection refused"))
Traceback (most recent call last):
  File "/usr/local/lib/python3.14/site-packages/urllib3/connection.py", line 204, in _new_conn
    sock = connection.create_connection(
        (self._dns_host, self.port),
    ...<2 lines>...
        socket_options=self.socket_options,
    )
  File "/usr/local/lib/python3.14/site-packages/urllib3/util/connection.py", line 85, in create_connection
    raise err
  File "/usr/local/lib/python3.14/site-packages/urllib3/util/connection.py", line 73, in create_connection
    sock.connect(sa)
    ~~~~~~~~~~~~^^^^
ConnectionRefusedError: [Errno 111] Connection refused

The above exception was the direct cause of the following exception:

Traceback (most recent call last):
  File "/usr/local/lib/python3.14/site-packages/urllib3/connectionpool.py", line 787, in urlopen
    response = self._make_request(
        conn,
    ...<10 lines>...
        **response_kw,
    )
  File "/usr/local/lib/python3.14/site-packages/urllib3/connectionpool.py", line 493, in _make_request
    conn.request(
    ~~~~~~~~~~~~^
        method,
        ^^^^^^^
    ...<6 lines>...
        enforce_content_length=enforce_content_length,
        ^^^^^^^^^^^^^^^^^^^^^^^^^^^^^^^^^^^^^^^^^^^^^^
    )
    ^
  File "/usr/local/lib/python3.14/site-packages/urllib3/connection.py", line 500, in request
    self.endheaders()
    ~~~~~~~~~~~~~~~^^
  File "/usr/local/lib/python3.14/http/client.py", line 1353, in endheaders
    self._send_output(message_body, encode_chunked=encode_chunked)
    ~~~~~~~~~~~~~~~~~^^^^^^^^^^^^^^^^^^^^^^^^^^^^^^^^^^^^^^^^^^^^^
  File "/usr/local/lib/python3.14/http/client.py", line 1113, in _send_output
    self.send(msg)
    ~~~~~~~~~^^^^^
  File "/usr/local/lib/python3.14/http/client.py", line 1057, in send
    self.connect()
    ~~~~~~~~~~~~^^
  File "/usr/local/lib/python3.14/site-packages/urllib3/connection.py", line 331, in connect
    self.sock = self._new_conn()
                ~~~~~~~~~~~~~~^^
  File "/usr/local/lib/python3.14/site-packages/urllib3/connection.py", line 219, in _new_conn
    raise NewConnectionError(
        self, f"Failed to establish a new connection: {e}"
    ) from e
urllib3.exceptions.NewConnectionError: HTTPConnection(host='localhost', port=8082): Failed to establish a new connection: [Errno 111] Connection refused

The above exception was the direct cause of the following exception:

Traceback (most recent call last):
  File "/usr/local/lib/python3.14/site-packages/requests/adapters.py", line 644, in send
    resp = conn.urlopen(
        method=request.method,
    ...<9 lines>...
        chunked=chunked,
    )
  File "/usr/local/lib/python3.14/site-packages/urllib3/connectionpool.py", line 841, in urlopen
    retries = retries.increment(
        method, url, error=new_e, _pool=self, _stacktrace=sys.exc_info()[2]
    )
  File "/usr/local/lib/python3.14/site-packages/urllib3/util/retry.py", line 535, in increment
    raise MaxRetryError(_pool, url, reason) from reason  # type: ignore[arg-type]
    ^^^^^^^^^^^^^^^^^^^^^^^^^^^^^^^^^^^^^^^^^^^^^^^^^^^
urllib3.exceptions.MaxRetryError: HTTPConnectionPool(host='localhost', port=8082): Max retries exceeded with url: /v1/documents (Caused by NewConnectionError("HTTPConnection(host='localhost', port=8082): Failed to establish a new connection: [Errno 111] Connection refused"))

During handling of the above exception, another exception occurred:

Traceback (most recent call last):
  File "/u/bglq/projects/rag/rag-refactor/deploy/singularity/scripts/ingest_collections.py", line 446, in ingest_collection
    task_id = client.upload_batch(batch, result.collection_name, chunk_size, chunk_overlap)
  File "/u/bglq/projects/rag/rag-refactor/deploy/singularity/scripts/ingest_collections.py", line 282, in upload_batch
    resp = requests.post(url, files=files_form, timeout=300)
  File "/usr/local/lib/python3.14/site-packages/requests/api.py", line 115, in post
    return request("post", url, data=data, json=json, **kwargs)
  File "/usr/local/lib/python3.14/site-packages/requests/api.py", line 59, in request
    return session.request(method=method, url=url, **kwargs)
           ~~~~~~~~~~~~~~~^^^^^^^^^^^^^^^^^^^^^^^^^^^^^^^^^^
  File "/usr/local/lib/python3.14/site-packages/requests/sessions.py", line 589, in request
    resp = self.send(prep, **send_kwargs)
  File "/usr/local/lib/python3.14/site-packages/requests/sessions.py", line 703, in send
    r = adapter.send(request, **kwargs)
  File "/usr/local/lib/python3.14/site-packages/requests/adapters.py", line 677, in send
    raise ConnectionError(e, request=request)
requests.exceptions.ConnectionError: HTTPConnectionPool(host='localhost', port=8082): Max retries exceeded with url: /v1/documents (Caused by NewConnectionError("HTTPConnection(host='localhost', port=8082): Failed to establish a new connection: [Errno 111] Connection refused"))
2026-02-27 16:45:43 | INFO     | --- batch 61/131 (16 files) ---
2026-02-27 16:45:43 | DEBUG    |   Files: 2008-45.pdf, 2008-46.pdf, 2008-47.pdf, 2008-48.pdf, 2008-49.pdf, 2008-50.pdf, 2008-51.pdf, 2008-52.pdf, 2008-53.pdf, 2008-54.pdf, 2008-55.pdf, 2008-56.pdf, 2008-57.pdf, 2008-58.pdf, 2008-59.pdf, 2008-60.pdf
2026-02-27 16:45:44 | ERROR    | ❌ batch 61/131 (16 files) failed: HTTPConnectionPool(host='localhost', port=8082): Max retries exceeded with url: /v1/documents (Caused by NewConnectionError("HTTPConnection(host='localhost', port=8082): Failed to establish a new connection: [Errno 111] Connection refused"))
Traceback (most recent call last):
  File "/usr/local/lib/python3.14/site-packages/urllib3/connection.py", line 204, in _new_conn
    sock = connection.create_connection(
        (self._dns_host, self.port),
    ...<2 lines>...
        socket_options=self.socket_options,
    )
  File "/usr/local/lib/python3.14/site-packages/urllib3/util/connection.py", line 85, in create_connection
    raise err
  File "/usr/local/lib/python3.14/site-packages/urllib3/util/connection.py", line 73, in create_connection
    sock.connect(sa)
    ~~~~~~~~~~~~^^^^
ConnectionRefusedError: [Errno 111] Connection refused

The above exception was the direct cause of the following exception:

Traceback (most recent call last):
  File "/usr/local/lib/python3.14/site-packages/urllib3/connectionpool.py", line 787, in urlopen
    response = self._make_request(
        conn,
    ...<10 lines>...
        **response_kw,
    )
  File "/usr/local/lib/python3.14/site-packages/urllib3/connectionpool.py", line 493, in _make_request
    conn.request(
    ~~~~~~~~~~~~^
        method,
        ^^^^^^^
    ...<6 lines>...
        enforce_content_length=enforce_content_length,
        ^^^^^^^^^^^^^^^^^^^^^^^^^^^^^^^^^^^^^^^^^^^^^^
    )
    ^
  File "/usr/local/lib/python3.14/site-packages/urllib3/connection.py", line 500, in request
    self.endheaders()
    ~~~~~~~~~~~~~~~^^
  File "/usr/local/lib/python3.14/http/client.py", line 1353, in endheaders
    self._send_output(message_body, encode_chunked=encode_chunked)
    ~~~~~~~~~~~~~~~~~^^^^^^^^^^^^^^^^^^^^^^^^^^^^^^^^^^^^^^^^^^^^^
  File "/usr/local/lib/python3.14/http/client.py", line 1113, in _send_output
    self.send(msg)
    ~~~~~~~~~^^^^^
  File "/usr/local/lib/python3.14/http/client.py", line 1057, in send
    self.connect()
    ~~~~~~~~~~~~^^
  File "/usr/local/lib/python3.14/site-packages/urllib3/connection.py", line 331, in connect
    self.sock = self._new_conn()
                ~~~~~~~~~~~~~~^^
  File "/usr/local/lib/python3.14/site-packages/urllib3/connection.py", line 219, in _new_conn
    raise NewConnectionError(
        self, f"Failed to establish a new connection: {e}"
    ) from e
urllib3.exceptions.NewConnectionError: HTTPConnection(host='localhost', port=8082): Failed to establish a new connection: [Errno 111] Connection refused

The above exception was the direct cause of the following exception:

Traceback (most recent call last):
  File "/usr/local/lib/python3.14/site-packages/requests/adapters.py", line 644, in send
    resp = conn.urlopen(
        method=request.method,
    ...<9 lines>...
        chunked=chunked,
    )
  File "/usr/local/lib/python3.14/site-packages/urllib3/connectionpool.py", line 841, in urlopen
    retries = retries.increment(
        method, url, error=new_e, _pool=self, _stacktrace=sys.exc_info()[2]
    )
  File "/usr/local/lib/python3.14/site-packages/urllib3/util/retry.py", line 535, in increment
    raise MaxRetryError(_pool, url, reason) from reason  # type: ignore[arg-type]
    ^^^^^^^^^^^^^^^^^^^^^^^^^^^^^^^^^^^^^^^^^^^^^^^^^^^
urllib3.exceptions.MaxRetryError: HTTPConnectionPool(host='localhost', port=8082): Max retries exceeded with url: /v1/documents (Caused by NewConnectionError("HTTPConnection(host='localhost', port=8082): Failed to establish a new connection: [Errno 111] Connection refused"))

During handling of the above exception, another exception occurred:

Traceback (most recent call last):
  File "/u/bglq/projects/rag/rag-refactor/deploy/singularity/scripts/ingest_collections.py", line 446, in ingest_collection
    task_id = client.upload_batch(batch, result.collection_name, chunk_size, chunk_overlap)
  File "/u/bglq/projects/rag/rag-refactor/deploy/singularity/scripts/ingest_collections.py", line 282, in upload_batch
    resp = requests.post(url, files=files_form, timeout=300)
  File "/usr/local/lib/python3.14/site-packages/requests/api.py", line 115, in post
    return request("post", url, data=data, json=json, **kwargs)
  File "/usr/local/lib/python3.14/site-packages/requests/api.py", line 59, in request
    return session.request(method=method, url=url, **kwargs)
           ~~~~~~~~~~~~~~~^^^^^^^^^^^^^^^^^^^^^^^^^^^^^^^^^^
  File "/usr/local/lib/python3.14/site-packages/requests/sessions.py", line 589, in request
    resp = self.send(prep, **send_kwargs)
  File "/usr/local/lib/python3.14/site-packages/requests/sessions.py", line 703, in send
    r = adapter.send(request, **kwargs)
  File "/usr/local/lib/python3.14/site-packages/requests/adapters.py", line 677, in send
    raise ConnectionError(e, request=request)
requests.exceptions.ConnectionError: HTTPConnectionPool(host='localhost', port=8082): Max retries exceeded with url: /v1/documents (Caused by NewConnectionError("HTTPConnection(host='localhost', port=8082): Failed to establish a new connection: [Errno 111] Connection refused"))
2026-02-27 16:45:44 | INFO     | --- batch 62/131 (16 files) ---
2026-02-27 16:45:44 | DEBUG    |   Files: 2008-61.pdf, 2008-62.pdf, 2008-63.pdf, 2008-64.pdf, 2008-65.pdf, 2008-66.pdf, 2008-67.pdf, 2008-68.pdf, 2008-69.pdf, 2008-70.pdf, CRR200901.pdf, CRR200902.pdf, CRR200903.pdf, CRR200904.pdf, CRR200905.pdf, CRR200906.pdf
2026-02-27 16:45:44 | ERROR    | ❌ batch 62/131 (16 files) failed: HTTPConnectionPool(host='localhost', port=8082): Max retries exceeded with url: /v1/documents (Caused by NewConnectionError("HTTPConnection(host='localhost', port=8082): Failed to establish a new connection: [Errno 111] Connection refused"))
Traceback (most recent call last):
  File "/usr/local/lib/python3.14/site-packages/urllib3/connection.py", line 204, in _new_conn
    sock = connection.create_connection(
        (self._dns_host, self.port),
    ...<2 lines>...
        socket_options=self.socket_options,
    )
  File "/usr/local/lib/python3.14/site-packages/urllib3/util/connection.py", line 85, in create_connection
    raise err
  File "/usr/local/lib/python3.14/site-packages/urllib3/util/connection.py", line 73, in create_connection
    sock.connect(sa)
    ~~~~~~~~~~~~^^^^
ConnectionRefusedError: [Errno 111] Connection refused

The above exception was the direct cause of the following exception:

Traceback (most recent call last):
  File "/usr/local/lib/python3.14/site-packages/urllib3/connectionpool.py", line 787, in urlopen
    response = self._make_request(
        conn,
    ...<10 lines>...
        **response_kw,
    )
  File "/usr/local/lib/python3.14/site-packages/urllib3/connectionpool.py", line 493, in _make_request
    conn.request(
    ~~~~~~~~~~~~^
        method,
        ^^^^^^^
    ...<6 lines>...
        enforce_content_length=enforce_content_length,
        ^^^^^^^^^^^^^^^^^^^^^^^^^^^^^^^^^^^^^^^^^^^^^^
    )
    ^
  File "/usr/local/lib/python3.14/site-packages/urllib3/connection.py", line 500, in request
    self.endheaders()
    ~~~~~~~~~~~~~~~^^
  File "/usr/local/lib/python3.14/http/client.py", line 1353, in endheaders
    self._send_output(message_body, encode_chunked=encode_chunked)
    ~~~~~~~~~~~~~~~~~^^^^^^^^^^^^^^^^^^^^^^^^^^^^^^^^^^^^^^^^^^^^^
  File "/usr/local/lib/python3.14/http/client.py", line 1113, in _send_output
    self.send(msg)
    ~~~~~~~~~^^^^^
  File "/usr/local/lib/python3.14/http/client.py", line 1057, in send
    self.connect()
    ~~~~~~~~~~~~^^
  File "/usr/local/lib/python3.14/site-packages/urllib3/connection.py", line 331, in connect
    self.sock = self._new_conn()
                ~~~~~~~~~~~~~~^^
  File "/usr/local/lib/python3.14/site-packages/urllib3/connection.py", line 219, in _new_conn
    raise NewConnectionError(
        self, f"Failed to establish a new connection: {e}"
    ) from e
urllib3.exceptions.NewConnectionError: HTTPConnection(host='localhost', port=8082): Failed to establish a new connection: [Errno 111] Connection refused

The above exception was the direct cause of the following exception:

Traceback (most recent call last):
  File "/usr/local/lib/python3.14/site-packages/requests/adapters.py", line 644, in send
    resp = conn.urlopen(
        method=request.method,
    ...<9 lines>...
        chunked=chunked,
    )
  File "/usr/local/lib/python3.14/site-packages/urllib3/connectionpool.py", line 841, in urlopen
    retries = retries.increment(
        method, url, error=new_e, _pool=self, _stacktrace=sys.exc_info()[2]
    )
  File "/usr/local/lib/python3.14/site-packages/urllib3/util/retry.py", line 535, in increment
    raise MaxRetryError(_pool, url, reason) from reason  # type: ignore[arg-type]
    ^^^^^^^^^^^^^^^^^^^^^^^^^^^^^^^^^^^^^^^^^^^^^^^^^^^
urllib3.exceptions.MaxRetryError: HTTPConnectionPool(host='localhost', port=8082): Max retries exceeded with url: /v1/documents (Caused by NewConnectionError("HTTPConnection(host='localhost', port=8082): Failed to establish a new connection: [Errno 111] Connection refused"))

During handling of the above exception, another exception occurred:

Traceback (most recent call last):
  File "/u/bglq/projects/rag/rag-refactor/deploy/singularity/scripts/ingest_collections.py", line 446, in ingest_collection
    task_id = client.upload_batch(batch, result.collection_name, chunk_size, chunk_overlap)
  File "/u/bglq/projects/rag/rag-refactor/deploy/singularity/scripts/ingest_collections.py", line 282, in upload_batch
    resp = requests.post(url, files=files_form, timeout=300)
  File "/usr/local/lib/python3.14/site-packages/requests/api.py", line 115, in post
    return request("post", url, data=data, json=json, **kwargs)
  File "/usr/local/lib/python3.14/site-packages/requests/api.py", line 59, in request
    return session.request(method=method, url=url, **kwargs)
           ~~~~~~~~~~~~~~~^^^^^^^^^^^^^^^^^^^^^^^^^^^^^^^^^^
  File "/usr/local/lib/python3.14/site-packages/requests/sessions.py", line 589, in request
    resp = self.send(prep, **send_kwargs)
  File "/usr/local/lib/python3.14/site-packages/requests/sessions.py", line 703, in send
    r = adapter.send(request, **kwargs)
  File "/usr/local/lib/python3.14/site-packages/requests/adapters.py", line 677, in send
    raise ConnectionError(e, request=request)
requests.exceptions.ConnectionError: HTTPConnectionPool(host='localhost', port=8082): Max retries exceeded with url: /v1/documents (Caused by NewConnectionError("HTTPConnection(host='localhost', port=8082): Failed to establish a new connection: [Errno 111] Connection refused"))
2026-02-27 16:45:44 | INFO     | --- batch 63/131 (16 files) ---
2026-02-27 16:45:44 | DEBUG    |   Files: CRR200907.pdf, CRR200908.pdf, CRR200909.pdf, CRR200910.pdf, CRR200911.pdf, CRR200912.pdf, CRR200913.pdf, CRR200914.pdf, CRR200915.pdf, CRR200916.pdf, CRR200917.pdf, CRR200918.pdf, CRR200919.pdf, CRR200920.pdf, CRR200921.pdf, CRR200922.pdf
2026-02-27 16:45:44 | ERROR    | ❌ batch 63/131 (16 files) failed: HTTPConnectionPool(host='localhost', port=8082): Max retries exceeded with url: /v1/documents (Caused by NewConnectionError("HTTPConnection(host='localhost', port=8082): Failed to establish a new connection: [Errno 111] Connection refused"))
Traceback (most recent call last):
  File "/usr/local/lib/python3.14/site-packages/urllib3/connection.py", line 204, in _new_conn
    sock = connection.create_connection(
        (self._dns_host, self.port),
    ...<2 lines>...
        socket_options=self.socket_options,
    )
  File "/usr/local/lib/python3.14/site-packages/urllib3/util/connection.py", line 85, in create_connection
    raise err
  File "/usr/local/lib/python3.14/site-packages/urllib3/util/connection.py", line 73, in create_connection
    sock.connect(sa)
    ~~~~~~~~~~~~^^^^
ConnectionRefusedError: [Errno 111] Connection refused

The above exception was the direct cause of the following exception:

Traceback (most recent call last):
  File "/usr/local/lib/python3.14/site-packages/urllib3/connectionpool.py", line 787, in urlopen
    response = self._make_request(
        conn,
    ...<10 lines>...
        **response_kw,
    )
  File "/usr/local/lib/python3.14/site-packages/urllib3/connectionpool.py", line 493, in _make_request
    conn.request(
    ~~~~~~~~~~~~^
        method,
        ^^^^^^^
    ...<6 lines>...
        enforce_content_length=enforce_content_length,
        ^^^^^^^^^^^^^^^^^^^^^^^^^^^^^^^^^^^^^^^^^^^^^^
    )
    ^
  File "/usr/local/lib/python3.14/site-packages/urllib3/connection.py", line 500, in request
    self.endheaders()
    ~~~~~~~~~~~~~~~^^
  File "/usr/local/lib/python3.14/http/client.py", line 1353, in endheaders
    self._send_output(message_body, encode_chunked=encode_chunked)
    ~~~~~~~~~~~~~~~~~^^^^^^^^^^^^^^^^^^^^^^^^^^^^^^^^^^^^^^^^^^^^^
  File "/usr/local/lib/python3.14/http/client.py", line 1113, in _send_output
    self.send(msg)
    ~~~~~~~~~^^^^^
  File "/usr/local/lib/python3.14/http/client.py", line 1057, in send
    self.connect()
    ~~~~~~~~~~~~^^
  File "/usr/local/lib/python3.14/site-packages/urllib3/connection.py", line 331, in connect
    self.sock = self._new_conn()
                ~~~~~~~~~~~~~~^^
  File "/usr/local/lib/python3.14/site-packages/urllib3/connection.py", line 219, in _new_conn
    raise NewConnectionError(
        self, f"Failed to establish a new connection: {e}"
    ) from e
urllib3.exceptions.NewConnectionError: HTTPConnection(host='localhost', port=8082): Failed to establish a new connection: [Errno 111] Connection refused

The above exception was the direct cause of the following exception:

Traceback (most recent call last):
  File "/usr/local/lib/python3.14/site-packages/requests/adapters.py", line 644, in send
    resp = conn.urlopen(
        method=request.method,
    ...<9 lines>...
        chunked=chunked,
    )
  File "/usr/local/lib/python3.14/site-packages/urllib3/connectionpool.py", line 841, in urlopen
    retries = retries.increment(
        method, url, error=new_e, _pool=self, _stacktrace=sys.exc_info()[2]
    )
  File "/usr/local/lib/python3.14/site-packages/urllib3/util/retry.py", line 535, in increment
    raise MaxRetryError(_pool, url, reason) from reason  # type: ignore[arg-type]
    ^^^^^^^^^^^^^^^^^^^^^^^^^^^^^^^^^^^^^^^^^^^^^^^^^^^
urllib3.exceptions.MaxRetryError: HTTPConnectionPool(host='localhost', port=8082): Max retries exceeded with url: /v1/documents (Caused by NewConnectionError("HTTPConnection(host='localhost', port=8082): Failed to establish a new connection: [Errno 111] Connection refused"))

During handling of the above exception, another exception occurred:

Traceback (most recent call last):
  File "/u/bglq/projects/rag/rag-refactor/deploy/singularity/scripts/ingest_collections.py", line 446, in ingest_collection
    task_id = client.upload_batch(batch, result.collection_name, chunk_size, chunk_overlap)
  File "/u/bglq/projects/rag/rag-refactor/deploy/singularity/scripts/ingest_collections.py", line 282, in upload_batch
    resp = requests.post(url, files=files_form, timeout=300)
  File "/usr/local/lib/python3.14/site-packages/requests/api.py", line 115, in post
    return request("post", url, data=data, json=json, **kwargs)
  File "/usr/local/lib/python3.14/site-packages/requests/api.py", line 59, in request
    return session.request(method=method, url=url, **kwargs)
           ~~~~~~~~~~~~~~~^^^^^^^^^^^^^^^^^^^^^^^^^^^^^^^^^^
  File "/usr/local/lib/python3.14/site-packages/requests/sessions.py", line 589, in request
    resp = self.send(prep, **send_kwargs)
  File "/usr/local/lib/python3.14/site-packages/requests/sessions.py", line 703, in send
    r = adapter.send(request, **kwargs)
  File "/usr/local/lib/python3.14/site-packages/requests/adapters.py", line 677, in send
    raise ConnectionError(e, request=request)
requests.exceptions.ConnectionError: HTTPConnectionPool(host='localhost', port=8082): Max retries exceeded with url: /v1/documents (Caused by NewConnectionError("HTTPConnection(host='localhost', port=8082): Failed to establish a new connection: [Errno 111] Connection refused"))
2026-02-27 16:45:44 | INFO     | --- batch 64/131 (16 files) ---
2026-02-27 16:45:44 | DEBUG    |   Files: CRR200923.pdf, CRR200924.pdf, CRR200925.pdf, CRR200926.pdf, CRR200927.pdf, CRR200928.pdf, CRR200929.pdf, CRR200930.pdf, CRR200931.pdf, CRR200932.pdf, CRR200933.pdf, CRR200934.pdf, CRR200935.pdf, CRR200936.pdf, CRR200937.pdf, CRR200938.pdf
2026-02-27 16:45:45 | ERROR    | ❌ batch 64/131 (16 files) failed: HTTPConnectionPool(host='localhost', port=8082): Max retries exceeded with url: /v1/documents (Caused by NewConnectionError("HTTPConnection(host='localhost', port=8082): Failed to establish a new connection: [Errno 111] Connection refused"))
Traceback (most recent call last):
  File "/usr/local/lib/python3.14/site-packages/urllib3/connection.py", line 204, in _new_conn
    sock = connection.create_connection(
        (self._dns_host, self.port),
    ...<2 lines>...
        socket_options=self.socket_options,
    )
  File "/usr/local/lib/python3.14/site-packages/urllib3/util/connection.py", line 85, in create_connection
    raise err
  File "/usr/local/lib/python3.14/site-packages/urllib3/util/connection.py", line 73, in create_connection
    sock.connect(sa)
    ~~~~~~~~~~~~^^^^
ConnectionRefusedError: [Errno 111] Connection refused

The above exception was the direct cause of the following exception:

Traceback (most recent call last):
  File "/usr/local/lib/python3.14/site-packages/urllib3/connectionpool.py", line 787, in urlopen
    response = self._make_request(
        conn,
    ...<10 lines>...
        **response_kw,
    )
  File "/usr/local/lib/python3.14/site-packages/urllib3/connectionpool.py", line 493, in _make_request
    conn.request(
    ~~~~~~~~~~~~^
        method,
        ^^^^^^^
    ...<6 lines>...
        enforce_content_length=enforce_content_length,
        ^^^^^^^^^^^^^^^^^^^^^^^^^^^^^^^^^^^^^^^^^^^^^^
    )
    ^
  File "/usr/local/lib/python3.14/site-packages/urllib3/connection.py", line 500, in request
    self.endheaders()
    ~~~~~~~~~~~~~~~^^
  File "/usr/local/lib/python3.14/http/client.py", line 1353, in endheaders
    self._send_output(message_body, encode_chunked=encode_chunked)
    ~~~~~~~~~~~~~~~~~^^^^^^^^^^^^^^^^^^^^^^^^^^^^^^^^^^^^^^^^^^^^^
  File "/usr/local/lib/python3.14/http/client.py", line 1113, in _send_output
    self.send(msg)
    ~~~~~~~~~^^^^^
  File "/usr/local/lib/python3.14/http/client.py", line 1057, in send
    self.connect()
    ~~~~~~~~~~~~^^
  File "/usr/local/lib/python3.14/site-packages/urllib3/connection.py", line 331, in connect
    self.sock = self._new_conn()
                ~~~~~~~~~~~~~~^^
  File "/usr/local/lib/python3.14/site-packages/urllib3/connection.py", line 219, in _new_conn
    raise NewConnectionError(
        self, f"Failed to establish a new connection: {e}"
    ) from e
urllib3.exceptions.NewConnectionError: HTTPConnection(host='localhost', port=8082): Failed to establish a new connection: [Errno 111] Connection refused

The above exception was the direct cause of the following exception:

Traceback (most recent call last):
  File "/usr/local/lib/python3.14/site-packages/requests/adapters.py", line 644, in send
    resp = conn.urlopen(
        method=request.method,
    ...<9 lines>...
        chunked=chunked,
    )
  File "/usr/local/lib/python3.14/site-packages/urllib3/connectionpool.py", line 841, in urlopen
    retries = retries.increment(
        method, url, error=new_e, _pool=self, _stacktrace=sys.exc_info()[2]
    )
  File "/usr/local/lib/python3.14/site-packages/urllib3/util/retry.py", line 535, in increment
    raise MaxRetryError(_pool, url, reason) from reason  # type: ignore[arg-type]
    ^^^^^^^^^^^^^^^^^^^^^^^^^^^^^^^^^^^^^^^^^^^^^^^^^^^
urllib3.exceptions.MaxRetryError: HTTPConnectionPool(host='localhost', port=8082): Max retries exceeded with url: /v1/documents (Caused by NewConnectionError("HTTPConnection(host='localhost', port=8082): Failed to establish a new connection: [Errno 111] Connection refused"))

During handling of the above exception, another exception occurred:

Traceback (most recent call last):
  File "/u/bglq/projects/rag/rag-refactor/deploy/singularity/scripts/ingest_collections.py", line 446, in ingest_collection
    task_id = client.upload_batch(batch, result.collection_name, chunk_size, chunk_overlap)
  File "/u/bglq/projects/rag/rag-refactor/deploy/singularity/scripts/ingest_collections.py", line 282, in upload_batch
    resp = requests.post(url, files=files_form, timeout=300)
  File "/usr/local/lib/python3.14/site-packages/requests/api.py", line 115, in post
    return request("post", url, data=data, json=json, **kwargs)
  File "/usr/local/lib/python3.14/site-packages/requests/api.py", line 59, in request
    return session.request(method=method, url=url, **kwargs)
           ~~~~~~~~~~~~~~~^^^^^^^^^^^^^^^^^^^^^^^^^^^^^^^^^^
  File "/usr/local/lib/python3.14/site-packages/requests/sessions.py", line 589, in request
    resp = self.send(prep, **send_kwargs)
  File "/usr/local/lib/python3.14/site-packages/requests/sessions.py", line 703, in send
    r = adapter.send(request, **kwargs)
  File "/usr/local/lib/python3.14/site-packages/requests/adapters.py", line 677, in send
    raise ConnectionError(e, request=request)
requests.exceptions.ConnectionError: HTTPConnectionPool(host='localhost', port=8082): Max retries exceeded with url: /v1/documents (Caused by NewConnectionError("HTTPConnection(host='localhost', port=8082): Failed to establish a new connection: [Errno 111] Connection refused"))
2026-02-27 16:45:45 | INFO     | --- batch 65/131 (16 files) ---
2026-02-27 16:45:45 | DEBUG    |   Files: CRR200939.pdf, CRR200940.pdf, CRR200941.pdf, CRR200942.pdf, CRR200943.pdf, CRR200944.pdf, CRR200945.pdf, CRR200946.pdf, CRR200947.pdf, CRR200948.pdf, CRR200949.pdf, CRR200950.pdf, CRR200951.pdf, CRR200952.pdf, CRR200953.pdf, CRR200954.pdf
2026-02-27 16:45:45 | ERROR    | ❌ batch 65/131 (16 files) failed: HTTPConnectionPool(host='localhost', port=8082): Max retries exceeded with url: /v1/documents (Caused by NewConnectionError("HTTPConnection(host='localhost', port=8082): Failed to establish a new connection: [Errno 111] Connection refused"))
Traceback (most recent call last):
  File "/usr/local/lib/python3.14/site-packages/urllib3/connection.py", line 204, in _new_conn
    sock = connection.create_connection(
        (self._dns_host, self.port),
    ...<2 lines>...
        socket_options=self.socket_options,
    )
  File "/usr/local/lib/python3.14/site-packages/urllib3/util/connection.py", line 85, in create_connection
    raise err
  File "/usr/local/lib/python3.14/site-packages/urllib3/util/connection.py", line 73, in create_connection
    sock.connect(sa)
    ~~~~~~~~~~~~^^^^
ConnectionRefusedError: [Errno 111] Connection refused

The above exception was the direct cause of the following exception:

Traceback (most recent call last):
  File "/usr/local/lib/python3.14/site-packages/urllib3/connectionpool.py", line 787, in urlopen
    response = self._make_request(
        conn,
    ...<10 lines>...
        **response_kw,
    )
  File "/usr/local/lib/python3.14/site-packages/urllib3/connectionpool.py", line 493, in _make_request
    conn.request(
    ~~~~~~~~~~~~^
        method,
        ^^^^^^^
    ...<6 lines>...
        enforce_content_length=enforce_content_length,
        ^^^^^^^^^^^^^^^^^^^^^^^^^^^^^^^^^^^^^^^^^^^^^^
    )
    ^
  File "/usr/local/lib/python3.14/site-packages/urllib3/connection.py", line 500, in request
    self.endheaders()
    ~~~~~~~~~~~~~~~^^
  File "/usr/local/lib/python3.14/http/client.py", line 1353, in endheaders
    self._send_output(message_body, encode_chunked=encode_chunked)
    ~~~~~~~~~~~~~~~~~^^^^^^^^^^^^^^^^^^^^^^^^^^^^^^^^^^^^^^^^^^^^^
  File "/usr/local/lib/python3.14/http/client.py", line 1113, in _send_output
    self.send(msg)
    ~~~~~~~~~^^^^^
  File "/usr/local/lib/python3.14/http/client.py", line 1057, in send
    self.connect()
    ~~~~~~~~~~~~^^
  File "/usr/local/lib/python3.14/site-packages/urllib3/connection.py", line 331, in connect
    self.sock = self._new_conn()
                ~~~~~~~~~~~~~~^^
  File "/usr/local/lib/python3.14/site-packages/urllib3/connection.py", line 219, in _new_conn
    raise NewConnectionError(
        self, f"Failed to establish a new connection: {e}"
    ) from e
urllib3.exceptions.NewConnectionError: HTTPConnection(host='localhost', port=8082): Failed to establish a new connection: [Errno 111] Connection refused

The above exception was the direct cause of the following exception:

Traceback (most recent call last):
  File "/usr/local/lib/python3.14/site-packages/requests/adapters.py", line 644, in send
    resp = conn.urlopen(
        method=request.method,
    ...<9 lines>...
        chunked=chunked,
    )
  File "/usr/local/lib/python3.14/site-packages/urllib3/connectionpool.py", line 841, in urlopen
    retries = retries.increment(
        method, url, error=new_e, _pool=self, _stacktrace=sys.exc_info()[2]
    )
  File "/usr/local/lib/python3.14/site-packages/urllib3/util/retry.py", line 535, in increment
    raise MaxRetryError(_pool, url, reason) from reason  # type: ignore[arg-type]
    ^^^^^^^^^^^^^^^^^^^^^^^^^^^^^^^^^^^^^^^^^^^^^^^^^^^
urllib3.exceptions.MaxRetryError: HTTPConnectionPool(host='localhost', port=8082): Max retries exceeded with url: /v1/documents (Caused by NewConnectionError("HTTPConnection(host='localhost', port=8082): Failed to establish a new connection: [Errno 111] Connection refused"))

During handling of the above exception, another exception occurred:

Traceback (most recent call last):
  File "/u/bglq/projects/rag/rag-refactor/deploy/singularity/scripts/ingest_collections.py", line 446, in ingest_collection
    task_id = client.upload_batch(batch, result.collection_name, chunk_size, chunk_overlap)
  File "/u/bglq/projects/rag/rag-refactor/deploy/singularity/scripts/ingest_collections.py", line 282, in upload_batch
    resp = requests.post(url, files=files_form, timeout=300)
  File "/usr/local/lib/python3.14/site-packages/requests/api.py", line 115, in post
    return request("post", url, data=data, json=json, **kwargs)
  File "/usr/local/lib/python3.14/site-packages/requests/api.py", line 59, in request
    return session.request(method=method, url=url, **kwargs)
           ~~~~~~~~~~~~~~~^^^^^^^^^^^^^^^^^^^^^^^^^^^^^^^^^^
  File "/usr/local/lib/python3.14/site-packages/requests/sessions.py", line 589, in request
    resp = self.send(prep, **send_kwargs)
  File "/usr/local/lib/python3.14/site-packages/requests/sessions.py", line 703, in send
    r = adapter.send(request, **kwargs)
  File "/usr/local/lib/python3.14/site-packages/requests/adapters.py", line 677, in send
    raise ConnectionError(e, request=request)
requests.exceptions.ConnectionError: HTTPConnectionPool(host='localhost', port=8082): Max retries exceeded with url: /v1/documents (Caused by NewConnectionError("HTTPConnection(host='localhost', port=8082): Failed to establish a new connection: [Errno 111] Connection refused"))
2026-02-27 16:45:45 | INFO     | --- batch 66/131 (16 files) ---
2026-02-27 16:45:45 | DEBUG    |   Files: CRR200955.pdf, CRR200956.pdf, CRR200957.pdf, CRR200958.pdf, CRR200959.pdf, CRR200960.pdf, CRR200961.pdf, CRR200962.pdf, CRR200963.pdf, CRR200964.pdf, CRR200965.pdf, CRR200966.pdf, CRR200967.pdf, CRR200968.pdf, CRR200969.pdf, CRR200970.pdf
2026-02-27 16:45:46 | ERROR    | ❌ batch 66/131 (16 files) failed: HTTPConnectionPool(host='localhost', port=8082): Max retries exceeded with url: /v1/documents (Caused by NewConnectionError("HTTPConnection(host='localhost', port=8082): Failed to establish a new connection: [Errno 111] Connection refused"))
Traceback (most recent call last):
  File "/usr/local/lib/python3.14/site-packages/urllib3/connection.py", line 204, in _new_conn
    sock = connection.create_connection(
        (self._dns_host, self.port),
    ...<2 lines>...
        socket_options=self.socket_options,
    )
  File "/usr/local/lib/python3.14/site-packages/urllib3/util/connection.py", line 85, in create_connection
    raise err
  File "/usr/local/lib/python3.14/site-packages/urllib3/util/connection.py", line 73, in create_connection
    sock.connect(sa)
    ~~~~~~~~~~~~^^^^
ConnectionRefusedError: [Errno 111] Connection refused

The above exception was the direct cause of the following exception:

Traceback (most recent call last):
  File "/usr/local/lib/python3.14/site-packages/urllib3/connectionpool.py", line 787, in urlopen
    response = self._make_request(
        conn,
    ...<10 lines>...
        **response_kw,
    )
  File "/usr/local/lib/python3.14/site-packages/urllib3/connectionpool.py", line 493, in _make_request
    conn.request(
    ~~~~~~~~~~~~^
        method,
        ^^^^^^^
    ...<6 lines>...
        enforce_content_length=enforce_content_length,
        ^^^^^^^^^^^^^^^^^^^^^^^^^^^^^^^^^^^^^^^^^^^^^^
    )
    ^
  File "/usr/local/lib/python3.14/site-packages/urllib3/connection.py", line 500, in request
    self.endheaders()
    ~~~~~~~~~~~~~~~^^
  File "/usr/local/lib/python3.14/http/client.py", line 1353, in endheaders
    self._send_output(message_body, encode_chunked=encode_chunked)
    ~~~~~~~~~~~~~~~~~^^^^^^^^^^^^^^^^^^^^^^^^^^^^^^^^^^^^^^^^^^^^^
  File "/usr/local/lib/python3.14/http/client.py", line 1113, in _send_output
    self.send(msg)
    ~~~~~~~~~^^^^^
  File "/usr/local/lib/python3.14/http/client.py", line 1057, in send
    self.connect()
    ~~~~~~~~~~~~^^
  File "/usr/local/lib/python3.14/site-packages/urllib3/connection.py", line 331, in connect
    self.sock = self._new_conn()
                ~~~~~~~~~~~~~~^^
  File "/usr/local/lib/python3.14/site-packages/urllib3/connection.py", line 219, in _new_conn
    raise NewConnectionError(
        self, f"Failed to establish a new connection: {e}"
    ) from e
urllib3.exceptions.NewConnectionError: HTTPConnection(host='localhost', port=8082): Failed to establish a new connection: [Errno 111] Connection refused

The above exception was the direct cause of the following exception:

Traceback (most recent call last):
  File "/usr/local/lib/python3.14/site-packages/requests/adapters.py", line 644, in send
    resp = conn.urlopen(
        method=request.method,
    ...<9 lines>...
        chunked=chunked,
    )
  File "/usr/local/lib/python3.14/site-packages/urllib3/connectionpool.py", line 841, in urlopen
    retries = retries.increment(
        method, url, error=new_e, _pool=self, _stacktrace=sys.exc_info()[2]
    )
  File "/usr/local/lib/python3.14/site-packages/urllib3/util/retry.py", line 535, in increment
    raise MaxRetryError(_pool, url, reason) from reason  # type: ignore[arg-type]
    ^^^^^^^^^^^^^^^^^^^^^^^^^^^^^^^^^^^^^^^^^^^^^^^^^^^
urllib3.exceptions.MaxRetryError: HTTPConnectionPool(host='localhost', port=8082): Max retries exceeded with url: /v1/documents (Caused by NewConnectionError("HTTPConnection(host='localhost', port=8082): Failed to establish a new connection: [Errno 111] Connection refused"))

During handling of the above exception, another exception occurred:

Traceback (most recent call last):
  File "/u/bglq/projects/rag/rag-refactor/deploy/singularity/scripts/ingest_collections.py", line 446, in ingest_collection
    task_id = client.upload_batch(batch, result.collection_name, chunk_size, chunk_overlap)
  File "/u/bglq/projects/rag/rag-refactor/deploy/singularity/scripts/ingest_collections.py", line 282, in upload_batch
    resp = requests.post(url, files=files_form, timeout=300)
  File "/usr/local/lib/python3.14/site-packages/requests/api.py", line 115, in post
    return request("post", url, data=data, json=json, **kwargs)
  File "/usr/local/lib/python3.14/site-packages/requests/api.py", line 59, in request
    return session.request(method=method, url=url, **kwargs)
           ~~~~~~~~~~~~~~~^^^^^^^^^^^^^^^^^^^^^^^^^^^^^^^^^^
  File "/usr/local/lib/python3.14/site-packages/requests/sessions.py", line 589, in request
    resp = self.send(prep, **send_kwargs)
  File "/usr/local/lib/python3.14/site-packages/requests/sessions.py", line 703, in send
    r = adapter.send(request, **kwargs)
  File "/usr/local/lib/python3.14/site-packages/requests/adapters.py", line 677, in send
    raise ConnectionError(e, request=request)
requests.exceptions.ConnectionError: HTTPConnectionPool(host='localhost', port=8082): Max retries exceeded with url: /v1/documents (Caused by NewConnectionError("HTTPConnection(host='localhost', port=8082): Failed to establish a new connection: [Errno 111] Connection refused"))
2026-02-27 16:45:46 | INFO     | --- batch 67/131 (16 files) ---
2026-02-27 16:45:46 | DEBUG    |   Files: CRR200971.pdf, CRR200972.pdf, CRR200973.pdf, CRR200974.pdf, CRR200975.pdf, CRR200976.pdf, CRR200977.pdf, SummaryBook2009.pdf, CRR201001.pdf, CRR201002.pdf, CRR201003.pdf, CRR201004.pdf, CRR201005.pdf, CRR201006.pdf, CRR201007.pdf, CRR201008.pdf
2026-02-27 16:45:46 | ERROR    | ❌ batch 67/131 (16 files) failed: HTTPConnectionPool(host='localhost', port=8082): Max retries exceeded with url: /v1/documents (Caused by NewConnectionError("HTTPConnection(host='localhost', port=8082): Failed to establish a new connection: [Errno 111] Connection refused"))
Traceback (most recent call last):
  File "/usr/local/lib/python3.14/site-packages/urllib3/connection.py", line 204, in _new_conn
    sock = connection.create_connection(
        (self._dns_host, self.port),
    ...<2 lines>...
        socket_options=self.socket_options,
    )
  File "/usr/local/lib/python3.14/site-packages/urllib3/util/connection.py", line 85, in create_connection
    raise err
  File "/usr/local/lib/python3.14/site-packages/urllib3/util/connection.py", line 73, in create_connection
    sock.connect(sa)
    ~~~~~~~~~~~~^^^^
ConnectionRefusedError: [Errno 111] Connection refused

The above exception was the direct cause of the following exception:

Traceback (most recent call last):
  File "/usr/local/lib/python3.14/site-packages/urllib3/connectionpool.py", line 787, in urlopen
    response = self._make_request(
        conn,
    ...<10 lines>...
        **response_kw,
    )
  File "/usr/local/lib/python3.14/site-packages/urllib3/connectionpool.py", line 493, in _make_request
    conn.request(
    ~~~~~~~~~~~~^
        method,
        ^^^^^^^
    ...<6 lines>...
        enforce_content_length=enforce_content_length,
        ^^^^^^^^^^^^^^^^^^^^^^^^^^^^^^^^^^^^^^^^^^^^^^
    )
    ^
  File "/usr/local/lib/python3.14/site-packages/urllib3/connection.py", line 500, in request
    self.endheaders()
    ~~~~~~~~~~~~~~~^^
  File "/usr/local/lib/python3.14/http/client.py", line 1353, in endheaders
    self._send_output(message_body, encode_chunked=encode_chunked)
    ~~~~~~~~~~~~~~~~~^^^^^^^^^^^^^^^^^^^^^^^^^^^^^^^^^^^^^^^^^^^^^
  File "/usr/local/lib/python3.14/http/client.py", line 1113, in _send_output
    self.send(msg)
    ~~~~~~~~~^^^^^
  File "/usr/local/lib/python3.14/http/client.py", line 1057, in send
    self.connect()
    ~~~~~~~~~~~~^^
  File "/usr/local/lib/python3.14/site-packages/urllib3/connection.py", line 331, in connect
    self.sock = self._new_conn()
                ~~~~~~~~~~~~~~^^
  File "/usr/local/lib/python3.14/site-packages/urllib3/connection.py", line 219, in _new_conn
    raise NewConnectionError(
        self, f"Failed to establish a new connection: {e}"
    ) from e
urllib3.exceptions.NewConnectionError: HTTPConnection(host='localhost', port=8082): Failed to establish a new connection: [Errno 111] Connection refused

The above exception was the direct cause of the following exception:

Traceback (most recent call last):
  File "/usr/local/lib/python3.14/site-packages/requests/adapters.py", line 644, in send
    resp = conn.urlopen(
        method=request.method,
    ...<9 lines>...
        chunked=chunked,
    )
  File "/usr/local/lib/python3.14/site-packages/urllib3/connectionpool.py", line 841, in urlopen
    retries = retries.increment(
        method, url, error=new_e, _pool=self, _stacktrace=sys.exc_info()[2]
    )
  File "/usr/local/lib/python3.14/site-packages/urllib3/util/retry.py", line 535, in increment
    raise MaxRetryError(_pool, url, reason) from reason  # type: ignore[arg-type]
    ^^^^^^^^^^^^^^^^^^^^^^^^^^^^^^^^^^^^^^^^^^^^^^^^^^^
urllib3.exceptions.MaxRetryError: HTTPConnectionPool(host='localhost', port=8082): Max retries exceeded with url: /v1/documents (Caused by NewConnectionError("HTTPConnection(host='localhost', port=8082): Failed to establish a new connection: [Errno 111] Connection refused"))

During handling of the above exception, another exception occurred:

Traceback (most recent call last):
  File "/u/bglq/projects/rag/rag-refactor/deploy/singularity/scripts/ingest_collections.py", line 446, in ingest_collection
    task_id = client.upload_batch(batch, result.collection_name, chunk_size, chunk_overlap)
  File "/u/bglq/projects/rag/rag-refactor/deploy/singularity/scripts/ingest_collections.py", line 282, in upload_batch
    resp = requests.post(url, files=files_form, timeout=300)
  File "/usr/local/lib/python3.14/site-packages/requests/api.py", line 115, in post
    return request("post", url, data=data, json=json, **kwargs)
  File "/usr/local/lib/python3.14/site-packages/requests/api.py", line 59, in request
    return session.request(method=method, url=url, **kwargs)
           ~~~~~~~~~~~~~~~^^^^^^^^^^^^^^^^^^^^^^^^^^^^^^^^^^
  File "/usr/local/lib/python3.14/site-packages/requests/sessions.py", line 589, in request
    resp = self.send(prep, **send_kwargs)
  File "/usr/local/lib/python3.14/site-packages/requests/sessions.py", line 703, in send
    r = adapter.send(request, **kwargs)
  File "/usr/local/lib/python3.14/site-packages/requests/adapters.py", line 677, in send
    raise ConnectionError(e, request=request)
requests.exceptions.ConnectionError: HTTPConnectionPool(host='localhost', port=8082): Max retries exceeded with url: /v1/documents (Caused by NewConnectionError("HTTPConnection(host='localhost', port=8082): Failed to establish a new connection: [Errno 111] Connection refused"))
2026-02-27 16:45:46 | INFO     | --- batch 68/131 (16 files) ---
2026-02-27 16:45:46 | DEBUG    |   Files: CRR201009.pdf, CRR201010.pdf, CRR201011.pdf, CRR201012.pdf, CRR201013.pdf, CRR201014.pdf, CRR201015.pdf, CRR201016.pdf, CRR201017.pdf, CRR201018.pdf, CRR201019.pdf, CRR201020.pdf, CRR201021.pdf, CRR201022.pdf, CRR201023.pdf, CRR201024.pdf
2026-02-27 16:45:46 | ERROR    | ❌ batch 68/131 (16 files) failed: HTTPConnectionPool(host='localhost', port=8082): Max retries exceeded with url: /v1/documents (Caused by NewConnectionError("HTTPConnection(host='localhost', port=8082): Failed to establish a new connection: [Errno 111] Connection refused"))
Traceback (most recent call last):
  File "/usr/local/lib/python3.14/site-packages/urllib3/connection.py", line 204, in _new_conn
    sock = connection.create_connection(
        (self._dns_host, self.port),
    ...<2 lines>...
        socket_options=self.socket_options,
    )
  File "/usr/local/lib/python3.14/site-packages/urllib3/util/connection.py", line 85, in create_connection
    raise err
  File "/usr/local/lib/python3.14/site-packages/urllib3/util/connection.py", line 73, in create_connection
    sock.connect(sa)
    ~~~~~~~~~~~~^^^^
ConnectionRefusedError: [Errno 111] Connection refused

The above exception was the direct cause of the following exception:

Traceback (most recent call last):
  File "/usr/local/lib/python3.14/site-packages/urllib3/connectionpool.py", line 787, in urlopen
    response = self._make_request(
        conn,
    ...<10 lines>...
        **response_kw,
    )
  File "/usr/local/lib/python3.14/site-packages/urllib3/connectionpool.py", line 493, in _make_request
    conn.request(
    ~~~~~~~~~~~~^
        method,
        ^^^^^^^
    ...<6 lines>...
        enforce_content_length=enforce_content_length,
        ^^^^^^^^^^^^^^^^^^^^^^^^^^^^^^^^^^^^^^^^^^^^^^
    )
    ^
  File "/usr/local/lib/python3.14/site-packages/urllib3/connection.py", line 500, in request
    self.endheaders()
    ~~~~~~~~~~~~~~~^^
  File "/usr/local/lib/python3.14/http/client.py", line 1353, in endheaders
    self._send_output(message_body, encode_chunked=encode_chunked)
    ~~~~~~~~~~~~~~~~~^^^^^^^^^^^^^^^^^^^^^^^^^^^^^^^^^^^^^^^^^^^^^
  File "/usr/local/lib/python3.14/http/client.py", line 1113, in _send_output
    self.send(msg)
    ~~~~~~~~~^^^^^
  File "/usr/local/lib/python3.14/http/client.py", line 1057, in send
    self.connect()
    ~~~~~~~~~~~~^^
  File "/usr/local/lib/python3.14/site-packages/urllib3/connection.py", line 331, in connect
    self.sock = self._new_conn()
                ~~~~~~~~~~~~~~^^
  File "/usr/local/lib/python3.14/site-packages/urllib3/connection.py", line 219, in _new_conn
    raise NewConnectionError(
        self, f"Failed to establish a new connection: {e}"
    ) from e
urllib3.exceptions.NewConnectionError: HTTPConnection(host='localhost', port=8082): Failed to establish a new connection: [Errno 111] Connection refused

The above exception was the direct cause of the following exception:

Traceback (most recent call last):
  File "/usr/local/lib/python3.14/site-packages/requests/adapters.py", line 644, in send
    resp = conn.urlopen(
        method=request.method,
    ...<9 lines>...
        chunked=chunked,
    )
  File "/usr/local/lib/python3.14/site-packages/urllib3/connectionpool.py", line 841, in urlopen
    retries = retries.increment(
        method, url, error=new_e, _pool=self, _stacktrace=sys.exc_info()[2]
    )
  File "/usr/local/lib/python3.14/site-packages/urllib3/util/retry.py", line 535, in increment
    raise MaxRetryError(_pool, url, reason) from reason  # type: ignore[arg-type]
    ^^^^^^^^^^^^^^^^^^^^^^^^^^^^^^^^^^^^^^^^^^^^^^^^^^^
urllib3.exceptions.MaxRetryError: HTTPConnectionPool(host='localhost', port=8082): Max retries exceeded with url: /v1/documents (Caused by NewConnectionError("HTTPConnection(host='localhost', port=8082): Failed to establish a new connection: [Errno 111] Connection refused"))

During handling of the above exception, another exception occurred:

Traceback (most recent call last):
  File "/u/bglq/projects/rag/rag-refactor/deploy/singularity/scripts/ingest_collections.py", line 446, in ingest_collection
    task_id = client.upload_batch(batch, result.collection_name, chunk_size, chunk_overlap)
  File "/u/bglq/projects/rag/rag-refactor/deploy/singularity/scripts/ingest_collections.py", line 282, in upload_batch
    resp = requests.post(url, files=files_form, timeout=300)
  File "/usr/local/lib/python3.14/site-packages/requests/api.py", line 115, in post
    return request("post", url, data=data, json=json, **kwargs)
  File "/usr/local/lib/python3.14/site-packages/requests/api.py", line 59, in request
    return session.request(method=method, url=url, **kwargs)
           ~~~~~~~~~~~~~~~^^^^^^^^^^^^^^^^^^^^^^^^^^^^^^^^^^
  File "/usr/local/lib/python3.14/site-packages/requests/sessions.py", line 589, in request
    resp = self.send(prep, **send_kwargs)
  File "/usr/local/lib/python3.14/site-packages/requests/sessions.py", line 703, in send
    r = adapter.send(request, **kwargs)
  File "/usr/local/lib/python3.14/site-packages/requests/adapters.py", line 677, in send
    raise ConnectionError(e, request=request)
requests.exceptions.ConnectionError: HTTPConnectionPool(host='localhost', port=8082): Max retries exceeded with url: /v1/documents (Caused by NewConnectionError("HTTPConnection(host='localhost', port=8082): Failed to establish a new connection: [Errno 111] Connection refused"))
2026-02-27 16:45:46 | INFO     | --- batch 69/131 (16 files) ---
2026-02-27 16:45:46 | DEBUG    |   Files: CRR201025.pdf, CRR201026.pdf, CRR201027.pdf, CRR201028.pdf, CRR201029.pdf, CRR201030.pdf, CRR201031.pdf, CRR201032.pdf, CRR201033.pdf, CRR201034.pdf, CRR201035.pdf, CRR201036.pdf, CRR201037.pdf, CRR201038.pdf, CRR201039.pdf, CRR201040.pdf
2026-02-27 16:45:47 | ERROR    | ❌ batch 69/131 (16 files) failed: HTTPConnectionPool(host='localhost', port=8082): Max retries exceeded with url: /v1/documents (Caused by NewConnectionError("HTTPConnection(host='localhost', port=8082): Failed to establish a new connection: [Errno 111] Connection refused"))
Traceback (most recent call last):
  File "/usr/local/lib/python3.14/site-packages/urllib3/connection.py", line 204, in _new_conn
    sock = connection.create_connection(
        (self._dns_host, self.port),
    ...<2 lines>...
        socket_options=self.socket_options,
    )
  File "/usr/local/lib/python3.14/site-packages/urllib3/util/connection.py", line 85, in create_connection
    raise err
  File "/usr/local/lib/python3.14/site-packages/urllib3/util/connection.py", line 73, in create_connection
    sock.connect(sa)
    ~~~~~~~~~~~~^^^^
ConnectionRefusedError: [Errno 111] Connection refused

The above exception was the direct cause of the following exception:

Traceback (most recent call last):
  File "/usr/local/lib/python3.14/site-packages/urllib3/connectionpool.py", line 787, in urlopen
    response = self._make_request(
        conn,
    ...<10 lines>...
        **response_kw,
    )
  File "/usr/local/lib/python3.14/site-packages/urllib3/connectionpool.py", line 493, in _make_request
    conn.request(
    ~~~~~~~~~~~~^
        method,
        ^^^^^^^
    ...<6 lines>...
        enforce_content_length=enforce_content_length,
        ^^^^^^^^^^^^^^^^^^^^^^^^^^^^^^^^^^^^^^^^^^^^^^
    )
    ^
  File "/usr/local/lib/python3.14/site-packages/urllib3/connection.py", line 500, in request
    self.endheaders()
    ~~~~~~~~~~~~~~~^^
  File "/usr/local/lib/python3.14/http/client.py", line 1353, in endheaders
    self._send_output(message_body, encode_chunked=encode_chunked)
    ~~~~~~~~~~~~~~~~~^^^^^^^^^^^^^^^^^^^^^^^^^^^^^^^^^^^^^^^^^^^^^
  File "/usr/local/lib/python3.14/http/client.py", line 1113, in _send_output
    self.send(msg)
    ~~~~~~~~~^^^^^
  File "/usr/local/lib/python3.14/http/client.py", line 1057, in send
    self.connect()
    ~~~~~~~~~~~~^^
  File "/usr/local/lib/python3.14/site-packages/urllib3/connection.py", line 331, in connect
    self.sock = self._new_conn()
                ~~~~~~~~~~~~~~^^
  File "/usr/local/lib/python3.14/site-packages/urllib3/connection.py", line 219, in _new_conn
    raise NewConnectionError(
        self, f"Failed to establish a new connection: {e}"
    ) from e
urllib3.exceptions.NewConnectionError: HTTPConnection(host='localhost', port=8082): Failed to establish a new connection: [Errno 111] Connection refused

The above exception was the direct cause of the following exception:

Traceback (most recent call last):
  File "/usr/local/lib/python3.14/site-packages/requests/adapters.py", line 644, in send
    resp = conn.urlopen(
        method=request.method,
    ...<9 lines>...
        chunked=chunked,
    )
  File "/usr/local/lib/python3.14/site-packages/urllib3/connectionpool.py", line 841, in urlopen
    retries = retries.increment(
        method, url, error=new_e, _pool=self, _stacktrace=sys.exc_info()[2]
    )
  File "/usr/local/lib/python3.14/site-packages/urllib3/util/retry.py", line 535, in increment
    raise MaxRetryError(_pool, url, reason) from reason  # type: ignore[arg-type]
    ^^^^^^^^^^^^^^^^^^^^^^^^^^^^^^^^^^^^^^^^^^^^^^^^^^^
urllib3.exceptions.MaxRetryError: HTTPConnectionPool(host='localhost', port=8082): Max retries exceeded with url: /v1/documents (Caused by NewConnectionError("HTTPConnection(host='localhost', port=8082): Failed to establish a new connection: [Errno 111] Connection refused"))

During handling of the above exception, another exception occurred:

Traceback (most recent call last):
  File "/u/bglq/projects/rag/rag-refactor/deploy/singularity/scripts/ingest_collections.py", line 446, in ingest_collection
    task_id = client.upload_batch(batch, result.collection_name, chunk_size, chunk_overlap)
  File "/u/bglq/projects/rag/rag-refactor/deploy/singularity/scripts/ingest_collections.py", line 282, in upload_batch
    resp = requests.post(url, files=files_form, timeout=300)
  File "/usr/local/lib/python3.14/site-packages/requests/api.py", line 115, in post
    return request("post", url, data=data, json=json, **kwargs)
  File "/usr/local/lib/python3.14/site-packages/requests/api.py", line 59, in request
    return session.request(method=method, url=url, **kwargs)
           ~~~~~~~~~~~~~~~^^^^^^^^^^^^^^^^^^^^^^^^^^^^^^^^^^
  File "/usr/local/lib/python3.14/site-packages/requests/sessions.py", line 589, in request
    resp = self.send(prep, **send_kwargs)
  File "/usr/local/lib/python3.14/site-packages/requests/sessions.py", line 703, in send
    r = adapter.send(request, **kwargs)
  File "/usr/local/lib/python3.14/site-packages/requests/adapters.py", line 677, in send
    raise ConnectionError(e, request=request)
requests.exceptions.ConnectionError: HTTPConnectionPool(host='localhost', port=8082): Max retries exceeded with url: /v1/documents (Caused by NewConnectionError("HTTPConnection(host='localhost', port=8082): Failed to establish a new connection: [Errno 111] Connection refused"))
2026-02-27 16:45:47 | INFO     | --- batch 70/131 (16 files) ---
2026-02-27 16:45:47 | DEBUG    |   Files: CRR201041.pdf, CRR201042.pdf, CRR201043.pdf, CRR201044.pdf, CRR201045.pdf, CRR201046.pdf, CRR201047.pdf, CRR201048.pdf, CRR201049.pdf, CRR201050.pdf, CRR201051.pdf, CRR201052.pdf, CRR201053.pdf, CRR201054.pdf, CRR201055.pdf, CRR201056.pdf
2026-02-27 16:45:47 | ERROR    | ❌ batch 70/131 (16 files) failed: HTTPConnectionPool(host='localhost', port=8082): Max retries exceeded with url: /v1/documents (Caused by NewConnectionError("HTTPConnection(host='localhost', port=8082): Failed to establish a new connection: [Errno 111] Connection refused"))
Traceback (most recent call last):
  File "/usr/local/lib/python3.14/site-packages/urllib3/connection.py", line 204, in _new_conn
    sock = connection.create_connection(
        (self._dns_host, self.port),
    ...<2 lines>...
        socket_options=self.socket_options,
    )
  File "/usr/local/lib/python3.14/site-packages/urllib3/util/connection.py", line 85, in create_connection
    raise err
  File "/usr/local/lib/python3.14/site-packages/urllib3/util/connection.py", line 73, in create_connection
    sock.connect(sa)
    ~~~~~~~~~~~~^^^^
ConnectionRefusedError: [Errno 111] Connection refused

The above exception was the direct cause of the following exception:

Traceback (most recent call last):
  File "/usr/local/lib/python3.14/site-packages/urllib3/connectionpool.py", line 787, in urlopen
    response = self._make_request(
        conn,
    ...<10 lines>...
        **response_kw,
    )
  File "/usr/local/lib/python3.14/site-packages/urllib3/connectionpool.py", line 493, in _make_request
    conn.request(
    ~~~~~~~~~~~~^
        method,
        ^^^^^^^
    ...<6 lines>...
        enforce_content_length=enforce_content_length,
        ^^^^^^^^^^^^^^^^^^^^^^^^^^^^^^^^^^^^^^^^^^^^^^
    )
    ^
  File "/usr/local/lib/python3.14/site-packages/urllib3/connection.py", line 500, in request
    self.endheaders()
    ~~~~~~~~~~~~~~~^^
  File "/usr/local/lib/python3.14/http/client.py", line 1353, in endheaders
    self._send_output(message_body, encode_chunked=encode_chunked)
    ~~~~~~~~~~~~~~~~~^^^^^^^^^^^^^^^^^^^^^^^^^^^^^^^^^^^^^^^^^^^^^
  File "/usr/local/lib/python3.14/http/client.py", line 1113, in _send_output
    self.send(msg)
    ~~~~~~~~~^^^^^
  File "/usr/local/lib/python3.14/http/client.py", line 1057, in send
    self.connect()
    ~~~~~~~~~~~~^^
  File "/usr/local/lib/python3.14/site-packages/urllib3/connection.py", line 331, in connect
    self.sock = self._new_conn()
                ~~~~~~~~~~~~~~^^
  File "/usr/local/lib/python3.14/site-packages/urllib3/connection.py", line 219, in _new_conn
    raise NewConnectionError(
        self, f"Failed to establish a new connection: {e}"
    ) from e
urllib3.exceptions.NewConnectionError: HTTPConnection(host='localhost', port=8082): Failed to establish a new connection: [Errno 111] Connection refused

The above exception was the direct cause of the following exception:

Traceback (most recent call last):
  File "/usr/local/lib/python3.14/site-packages/requests/adapters.py", line 644, in send
    resp = conn.urlopen(
        method=request.method,
    ...<9 lines>...
        chunked=chunked,
    )
  File "/usr/local/lib/python3.14/site-packages/urllib3/connectionpool.py", line 841, in urlopen
    retries = retries.increment(
        method, url, error=new_e, _pool=self, _stacktrace=sys.exc_info()[2]
    )
  File "/usr/local/lib/python3.14/site-packages/urllib3/util/retry.py", line 535, in increment
    raise MaxRetryError(_pool, url, reason) from reason  # type: ignore[arg-type]
    ^^^^^^^^^^^^^^^^^^^^^^^^^^^^^^^^^^^^^^^^^^^^^^^^^^^
urllib3.exceptions.MaxRetryError: HTTPConnectionPool(host='localhost', port=8082): Max retries exceeded with url: /v1/documents (Caused by NewConnectionError("HTTPConnection(host='localhost', port=8082): Failed to establish a new connection: [Errno 111] Connection refused"))

During handling of the above exception, another exception occurred:

Traceback (most recent call last):
  File "/u/bglq/projects/rag/rag-refactor/deploy/singularity/scripts/ingest_collections.py", line 446, in ingest_collection
    task_id = client.upload_batch(batch, result.collection_name, chunk_size, chunk_overlap)
  File "/u/bglq/projects/rag/rag-refactor/deploy/singularity/scripts/ingest_collections.py", line 282, in upload_batch
    resp = requests.post(url, files=files_form, timeout=300)
  File "/usr/local/lib/python3.14/site-packages/requests/api.py", line 115, in post
    return request("post", url, data=data, json=json, **kwargs)
  File "/usr/local/lib/python3.14/site-packages/requests/api.py", line 59, in request
    return session.request(method=method, url=url, **kwargs)
           ~~~~~~~~~~~~~~~^^^^^^^^^^^^^^^^^^^^^^^^^^^^^^^^^^
  File "/usr/local/lib/python3.14/site-packages/requests/sessions.py", line 589, in request
    resp = self.send(prep, **send_kwargs)
  File "/usr/local/lib/python3.14/site-packages/requests/sessions.py", line 703, in send
    r = adapter.send(request, **kwargs)
  File "/usr/local/lib/python3.14/site-packages/requests/adapters.py", line 677, in send
    raise ConnectionError(e, request=request)
requests.exceptions.ConnectionError: HTTPConnectionPool(host='localhost', port=8082): Max retries exceeded with url: /v1/documents (Caused by NewConnectionError("HTTPConnection(host='localhost', port=8082): Failed to establish a new connection: [Errno 111] Connection refused"))
2026-02-27 16:45:47 | INFO     | --- batch 71/131 (16 files) ---
2026-02-27 16:45:47 | DEBUG    |   Files: CRR201057.pdf, CRR201058.pdf, CRR201059.pdf, CRR201060.pdf, CRR201061.pdf, CRR201062.pdf, CRR201063.pdf, CRR201064.pdf, CRR201065.pdf, CRR201066.pdf, CRR201067.pdf, CRR201068.pdf, CRR201069.pdf, CRR201070.pdf, CRR201071.pdf, CRR201072.pdf
2026-02-27 16:45:47 | ERROR    | ❌ batch 71/131 (16 files) failed: HTTPConnectionPool(host='localhost', port=8082): Max retries exceeded with url: /v1/documents (Caused by NewConnectionError("HTTPConnection(host='localhost', port=8082): Failed to establish a new connection: [Errno 111] Connection refused"))
Traceback (most recent call last):
  File "/usr/local/lib/python3.14/site-packages/urllib3/connection.py", line 204, in _new_conn
    sock = connection.create_connection(
        (self._dns_host, self.port),
    ...<2 lines>...
        socket_options=self.socket_options,
    )
  File "/usr/local/lib/python3.14/site-packages/urllib3/util/connection.py", line 85, in create_connection
    raise err
  File "/usr/local/lib/python3.14/site-packages/urllib3/util/connection.py", line 73, in create_connection
    sock.connect(sa)
    ~~~~~~~~~~~~^^^^
ConnectionRefusedError: [Errno 111] Connection refused

The above exception was the direct cause of the following exception:

Traceback (most recent call last):
  File "/usr/local/lib/python3.14/site-packages/urllib3/connectionpool.py", line 787, in urlopen
    response = self._make_request(
        conn,
    ...<10 lines>...
        **response_kw,
    )
  File "/usr/local/lib/python3.14/site-packages/urllib3/connectionpool.py", line 493, in _make_request
    conn.request(
    ~~~~~~~~~~~~^
        method,
        ^^^^^^^
    ...<6 lines>...
        enforce_content_length=enforce_content_length,
        ^^^^^^^^^^^^^^^^^^^^^^^^^^^^^^^^^^^^^^^^^^^^^^
    )
    ^
  File "/usr/local/lib/python3.14/site-packages/urllib3/connection.py", line 500, in request
    self.endheaders()
    ~~~~~~~~~~~~~~~^^
  File "/usr/local/lib/python3.14/http/client.py", line 1353, in endheaders
    self._send_output(message_body, encode_chunked=encode_chunked)
    ~~~~~~~~~~~~~~~~~^^^^^^^^^^^^^^^^^^^^^^^^^^^^^^^^^^^^^^^^^^^^^
  File "/usr/local/lib/python3.14/http/client.py", line 1113, in _send_output
    self.send(msg)
    ~~~~~~~~~^^^^^
  File "/usr/local/lib/python3.14/http/client.py", line 1057, in send
    self.connect()
    ~~~~~~~~~~~~^^
  File "/usr/local/lib/python3.14/site-packages/urllib3/connection.py", line 331, in connect
    self.sock = self._new_conn()
                ~~~~~~~~~~~~~~^^
  File "/usr/local/lib/python3.14/site-packages/urllib3/connection.py", line 219, in _new_conn
    raise NewConnectionError(
        self, f"Failed to establish a new connection: {e}"
    ) from e
urllib3.exceptions.NewConnectionError: HTTPConnection(host='localhost', port=8082): Failed to establish a new connection: [Errno 111] Connection refused

The above exception was the direct cause of the following exception:

Traceback (most recent call last):
  File "/usr/local/lib/python3.14/site-packages/requests/adapters.py", line 644, in send
    resp = conn.urlopen(
        method=request.method,
    ...<9 lines>...
        chunked=chunked,
    )
  File "/usr/local/lib/python3.14/site-packages/urllib3/connectionpool.py", line 841, in urlopen
    retries = retries.increment(
        method, url, error=new_e, _pool=self, _stacktrace=sys.exc_info()[2]
    )
  File "/usr/local/lib/python3.14/site-packages/urllib3/util/retry.py", line 535, in increment
    raise MaxRetryError(_pool, url, reason) from reason  # type: ignore[arg-type]
    ^^^^^^^^^^^^^^^^^^^^^^^^^^^^^^^^^^^^^^^^^^^^^^^^^^^
urllib3.exceptions.MaxRetryError: HTTPConnectionPool(host='localhost', port=8082): Max retries exceeded with url: /v1/documents (Caused by NewConnectionError("HTTPConnection(host='localhost', port=8082): Failed to establish a new connection: [Errno 111] Connection refused"))

During handling of the above exception, another exception occurred:

Traceback (most recent call last):
  File "/u/bglq/projects/rag/rag-refactor/deploy/singularity/scripts/ingest_collections.py", line 446, in ingest_collection
    task_id = client.upload_batch(batch, result.collection_name, chunk_size, chunk_overlap)
  File "/u/bglq/projects/rag/rag-refactor/deploy/singularity/scripts/ingest_collections.py", line 282, in upload_batch
    resp = requests.post(url, files=files_form, timeout=300)
  File "/usr/local/lib/python3.14/site-packages/requests/api.py", line 115, in post
    return request("post", url, data=data, json=json, **kwargs)
  File "/usr/local/lib/python3.14/site-packages/requests/api.py", line 59, in request
    return session.request(method=method, url=url, **kwargs)
           ~~~~~~~~~~~~~~~^^^^^^^^^^^^^^^^^^^^^^^^^^^^^^^^^^
  File "/usr/local/lib/python3.14/site-packages/requests/sessions.py", line 589, in request
    resp = self.send(prep, **send_kwargs)
  File "/usr/local/lib/python3.14/site-packages/requests/sessions.py", line 703, in send
    r = adapter.send(request, **kwargs)
  File "/usr/local/lib/python3.14/site-packages/requests/adapters.py", line 677, in send
    raise ConnectionError(e, request=request)
requests.exceptions.ConnectionError: HTTPConnectionPool(host='localhost', port=8082): Max retries exceeded with url: /v1/documents (Caused by NewConnectionError("HTTPConnection(host='localhost', port=8082): Failed to establish a new connection: [Errno 111] Connection refused"))
2026-02-27 16:45:47 | INFO     | --- batch 72/131 (16 files) ---
2026-02-27 16:45:47 | DEBUG    |   Files: CRR201073.pdf, CRR201074.pdf, CRR201075.pdf, CRR201076.pdf, CRR201077.pdf, CRR201078.pdf, CRR201079.pdf, CRR201080.pdf, CRR201081.pdf, CRR201082.pdf, CRR201083.pdf, CRR201084.pdf, CRR201085.pdf, CRR201086.pdf, CRR201087.pdf, CRR201088.pdf
2026-02-27 16:45:48 | ERROR    | ❌ batch 72/131 (16 files) failed: HTTPConnectionPool(host='localhost', port=8082): Max retries exceeded with url: /v1/documents (Caused by NewConnectionError("HTTPConnection(host='localhost', port=8082): Failed to establish a new connection: [Errno 111] Connection refused"))
Traceback (most recent call last):
  File "/usr/local/lib/python3.14/site-packages/urllib3/connection.py", line 204, in _new_conn
    sock = connection.create_connection(
        (self._dns_host, self.port),
    ...<2 lines>...
        socket_options=self.socket_options,
    )
  File "/usr/local/lib/python3.14/site-packages/urllib3/util/connection.py", line 85, in create_connection
    raise err
  File "/usr/local/lib/python3.14/site-packages/urllib3/util/connection.py", line 73, in create_connection
    sock.connect(sa)
    ~~~~~~~~~~~~^^^^
ConnectionRefusedError: [Errno 111] Connection refused

The above exception was the direct cause of the following exception:

Traceback (most recent call last):
  File "/usr/local/lib/python3.14/site-packages/urllib3/connectionpool.py", line 787, in urlopen
    response = self._make_request(
        conn,
    ...<10 lines>...
        **response_kw,
    )
  File "/usr/local/lib/python3.14/site-packages/urllib3/connectionpool.py", line 493, in _make_request
    conn.request(
    ~~~~~~~~~~~~^
        method,
        ^^^^^^^
    ...<6 lines>...
        enforce_content_length=enforce_content_length,
        ^^^^^^^^^^^^^^^^^^^^^^^^^^^^^^^^^^^^^^^^^^^^^^
    )
    ^
  File "/usr/local/lib/python3.14/site-packages/urllib3/connection.py", line 500, in request
    self.endheaders()
    ~~~~~~~~~~~~~~~^^
  File "/usr/local/lib/python3.14/http/client.py", line 1353, in endheaders
    self._send_output(message_body, encode_chunked=encode_chunked)
    ~~~~~~~~~~~~~~~~~^^^^^^^^^^^^^^^^^^^^^^^^^^^^^^^^^^^^^^^^^^^^^
  File "/usr/local/lib/python3.14/http/client.py", line 1113, in _send_output
    self.send(msg)
    ~~~~~~~~~^^^^^
  File "/usr/local/lib/python3.14/http/client.py", line 1057, in send
    self.connect()
    ~~~~~~~~~~~~^^
  File "/usr/local/lib/python3.14/site-packages/urllib3/connection.py", line 331, in connect
    self.sock = self._new_conn()
                ~~~~~~~~~~~~~~^^
  File "/usr/local/lib/python3.14/site-packages/urllib3/connection.py", line 219, in _new_conn
    raise NewConnectionError(
        self, f"Failed to establish a new connection: {e}"
    ) from e
urllib3.exceptions.NewConnectionError: HTTPConnection(host='localhost', port=8082): Failed to establish a new connection: [Errno 111] Connection refused

The above exception was the direct cause of the following exception:

Traceback (most recent call last):
  File "/usr/local/lib/python3.14/site-packages/requests/adapters.py", line 644, in send
    resp = conn.urlopen(
        method=request.method,
    ...<9 lines>...
        chunked=chunked,
    )
  File "/usr/local/lib/python3.14/site-packages/urllib3/connectionpool.py", line 841, in urlopen
    retries = retries.increment(
        method, url, error=new_e, _pool=self, _stacktrace=sys.exc_info()[2]
    )
  File "/usr/local/lib/python3.14/site-packages/urllib3/util/retry.py", line 535, in increment
    raise MaxRetryError(_pool, url, reason) from reason  # type: ignore[arg-type]
    ^^^^^^^^^^^^^^^^^^^^^^^^^^^^^^^^^^^^^^^^^^^^^^^^^^^
urllib3.exceptions.MaxRetryError: HTTPConnectionPool(host='localhost', port=8082): Max retries exceeded with url: /v1/documents (Caused by NewConnectionError("HTTPConnection(host='localhost', port=8082): Failed to establish a new connection: [Errno 111] Connection refused"))

During handling of the above exception, another exception occurred:

Traceback (most recent call last):
  File "/u/bglq/projects/rag/rag-refactor/deploy/singularity/scripts/ingest_collections.py", line 446, in ingest_collection
    task_id = client.upload_batch(batch, result.collection_name, chunk_size, chunk_overlap)
  File "/u/bglq/projects/rag/rag-refactor/deploy/singularity/scripts/ingest_collections.py", line 282, in upload_batch
    resp = requests.post(url, files=files_form, timeout=300)
  File "/usr/local/lib/python3.14/site-packages/requests/api.py", line 115, in post
    return request("post", url, data=data, json=json, **kwargs)
  File "/usr/local/lib/python3.14/site-packages/requests/api.py", line 59, in request
    return session.request(method=method, url=url, **kwargs)
           ~~~~~~~~~~~~~~~^^^^^^^^^^^^^^^^^^^^^^^^^^^^^^^^^^
  File "/usr/local/lib/python3.14/site-packages/requests/sessions.py", line 589, in request
    resp = self.send(prep, **send_kwargs)
  File "/usr/local/lib/python3.14/site-packages/requests/sessions.py", line 703, in send
    r = adapter.send(request, **kwargs)
  File "/usr/local/lib/python3.14/site-packages/requests/adapters.py", line 677, in send
    raise ConnectionError(e, request=request)
requests.exceptions.ConnectionError: HTTPConnectionPool(host='localhost', port=8082): Max retries exceeded with url: /v1/documents (Caused by NewConnectionError("HTTPConnection(host='localhost', port=8082): Failed to establish a new connection: [Errno 111] Connection refused"))
2026-02-27 16:45:48 | INFO     | --- batch 73/131 (16 files) ---
2026-02-27 16:45:48 | DEBUG    |   Files: CRR201089.pdf, CRR201090.pdf, CRR201091.pdf, CRR201092.pdf, CRR201093.pdf, CRR201094.pdf, CRR201095.pdf, CRR201096.pdf, CRR201097.pdf, SummaryBook2010.pdf, CRR201101.pdf, CRR201102.pdf, CRR201103.pdf, CRR201104.pdf, CRR201105.pdf, CRR201106.pdf
2026-02-27 16:45:48 | ERROR    | ❌ batch 73/131 (16 files) failed: HTTPConnectionPool(host='localhost', port=8082): Max retries exceeded with url: /v1/documents (Caused by NewConnectionError("HTTPConnection(host='localhost', port=8082): Failed to establish a new connection: [Errno 111] Connection refused"))
Traceback (most recent call last):
  File "/usr/local/lib/python3.14/site-packages/urllib3/connection.py", line 204, in _new_conn
    sock = connection.create_connection(
        (self._dns_host, self.port),
    ...<2 lines>...
        socket_options=self.socket_options,
    )
  File "/usr/local/lib/python3.14/site-packages/urllib3/util/connection.py", line 85, in create_connection
    raise err
  File "/usr/local/lib/python3.14/site-packages/urllib3/util/connection.py", line 73, in create_connection
    sock.connect(sa)
    ~~~~~~~~~~~~^^^^
ConnectionRefusedError: [Errno 111] Connection refused

The above exception was the direct cause of the following exception:

Traceback (most recent call last):
  File "/usr/local/lib/python3.14/site-packages/urllib3/connectionpool.py", line 787, in urlopen
    response = self._make_request(
        conn,
    ...<10 lines>...
        **response_kw,
    )
  File "/usr/local/lib/python3.14/site-packages/urllib3/connectionpool.py", line 493, in _make_request
    conn.request(
    ~~~~~~~~~~~~^
        method,
        ^^^^^^^
    ...<6 lines>...
        enforce_content_length=enforce_content_length,
        ^^^^^^^^^^^^^^^^^^^^^^^^^^^^^^^^^^^^^^^^^^^^^^
    )
    ^
  File "/usr/local/lib/python3.14/site-packages/urllib3/connection.py", line 500, in request
    self.endheaders()
    ~~~~~~~~~~~~~~~^^
  File "/usr/local/lib/python3.14/http/client.py", line 1353, in endheaders
    self._send_output(message_body, encode_chunked=encode_chunked)
    ~~~~~~~~~~~~~~~~~^^^^^^^^^^^^^^^^^^^^^^^^^^^^^^^^^^^^^^^^^^^^^
  File "/usr/local/lib/python3.14/http/client.py", line 1113, in _send_output
    self.send(msg)
    ~~~~~~~~~^^^^^
  File "/usr/local/lib/python3.14/http/client.py", line 1057, in send
    self.connect()
    ~~~~~~~~~~~~^^
  File "/usr/local/lib/python3.14/site-packages/urllib3/connection.py", line 331, in connect
    self.sock = self._new_conn()
                ~~~~~~~~~~~~~~^^
  File "/usr/local/lib/python3.14/site-packages/urllib3/connection.py", line 219, in _new_conn
    raise NewConnectionError(
        self, f"Failed to establish a new connection: {e}"
    ) from e
urllib3.exceptions.NewConnectionError: HTTPConnection(host='localhost', port=8082): Failed to establish a new connection: [Errno 111] Connection refused

The above exception was the direct cause of the following exception:

Traceback (most recent call last):
  File "/usr/local/lib/python3.14/site-packages/requests/adapters.py", line 644, in send
    resp = conn.urlopen(
        method=request.method,
    ...<9 lines>...
        chunked=chunked,
    )
  File "/usr/local/lib/python3.14/site-packages/urllib3/connectionpool.py", line 841, in urlopen
    retries = retries.increment(
        method, url, error=new_e, _pool=self, _stacktrace=sys.exc_info()[2]
    )
  File "/usr/local/lib/python3.14/site-packages/urllib3/util/retry.py", line 535, in increment
    raise MaxRetryError(_pool, url, reason) from reason  # type: ignore[arg-type]
    ^^^^^^^^^^^^^^^^^^^^^^^^^^^^^^^^^^^^^^^^^^^^^^^^^^^
urllib3.exceptions.MaxRetryError: HTTPConnectionPool(host='localhost', port=8082): Max retries exceeded with url: /v1/documents (Caused by NewConnectionError("HTTPConnection(host='localhost', port=8082): Failed to establish a new connection: [Errno 111] Connection refused"))

During handling of the above exception, another exception occurred:

Traceback (most recent call last):
  File "/u/bglq/projects/rag/rag-refactor/deploy/singularity/scripts/ingest_collections.py", line 446, in ingest_collection
    task_id = client.upload_batch(batch, result.collection_name, chunk_size, chunk_overlap)
  File "/u/bglq/projects/rag/rag-refactor/deploy/singularity/scripts/ingest_collections.py", line 282, in upload_batch
    resp = requests.post(url, files=files_form, timeout=300)
  File "/usr/local/lib/python3.14/site-packages/requests/api.py", line 115, in post
    return request("post", url, data=data, json=json, **kwargs)
  File "/usr/local/lib/python3.14/site-packages/requests/api.py", line 59, in request
    return session.request(method=method, url=url, **kwargs)
           ~~~~~~~~~~~~~~~^^^^^^^^^^^^^^^^^^^^^^^^^^^^^^^^^^
  File "/usr/local/lib/python3.14/site-packages/requests/sessions.py", line 589, in request
    resp = self.send(prep, **send_kwargs)
  File "/usr/local/lib/python3.14/site-packages/requests/sessions.py", line 703, in send
    r = adapter.send(request, **kwargs)
  File "/usr/local/lib/python3.14/site-packages/requests/adapters.py", line 677, in send
    raise ConnectionError(e, request=request)
requests.exceptions.ConnectionError: HTTPConnectionPool(host='localhost', port=8082): Max retries exceeded with url: /v1/documents (Caused by NewConnectionError("HTTPConnection(host='localhost', port=8082): Failed to establish a new connection: [Errno 111] Connection refused"))
2026-02-27 16:45:48 | INFO     | --- batch 74/131 (16 files) ---
2026-02-27 16:45:48 | DEBUG    |   Files: CRR201107.pdf, CRR201108.pdf, CRR201109.pdf, CRR201110.pdf, CRR2011100.pdf, CRR2011101.pdf, CRR2011102.pdf, CRR201111.pdf, CRR201112.pdf, CRR201113.pdf, CRR201114.pdf, CRR201115.pdf, CRR201116.pdf, CRR201117.pdf, CRR201118.pdf, CRR201119.pdf
2026-02-27 16:45:48 | ERROR    | ❌ batch 74/131 (16 files) failed: HTTPConnectionPool(host='localhost', port=8082): Max retries exceeded with url: /v1/documents (Caused by NewConnectionError("HTTPConnection(host='localhost', port=8082): Failed to establish a new connection: [Errno 111] Connection refused"))
Traceback (most recent call last):
  File "/usr/local/lib/python3.14/site-packages/urllib3/connection.py", line 204, in _new_conn
    sock = connection.create_connection(
        (self._dns_host, self.port),
    ...<2 lines>...
        socket_options=self.socket_options,
    )
  File "/usr/local/lib/python3.14/site-packages/urllib3/util/connection.py", line 85, in create_connection
    raise err
  File "/usr/local/lib/python3.14/site-packages/urllib3/util/connection.py", line 73, in create_connection
    sock.connect(sa)
    ~~~~~~~~~~~~^^^^
ConnectionRefusedError: [Errno 111] Connection refused

The above exception was the direct cause of the following exception:

Traceback (most recent call last):
  File "/usr/local/lib/python3.14/site-packages/urllib3/connectionpool.py", line 787, in urlopen
    response = self._make_request(
        conn,
    ...<10 lines>...
        **response_kw,
    )
  File "/usr/local/lib/python3.14/site-packages/urllib3/connectionpool.py", line 493, in _make_request
    conn.request(
    ~~~~~~~~~~~~^
        method,
        ^^^^^^^
    ...<6 lines>...
        enforce_content_length=enforce_content_length,
        ^^^^^^^^^^^^^^^^^^^^^^^^^^^^^^^^^^^^^^^^^^^^^^
    )
    ^
  File "/usr/local/lib/python3.14/site-packages/urllib3/connection.py", line 500, in request
    self.endheaders()
    ~~~~~~~~~~~~~~~^^
  File "/usr/local/lib/python3.14/http/client.py", line 1353, in endheaders
    self._send_output(message_body, encode_chunked=encode_chunked)
    ~~~~~~~~~~~~~~~~~^^^^^^^^^^^^^^^^^^^^^^^^^^^^^^^^^^^^^^^^^^^^^
  File "/usr/local/lib/python3.14/http/client.py", line 1113, in _send_output
    self.send(msg)
    ~~~~~~~~~^^^^^
  File "/usr/local/lib/python3.14/http/client.py", line 1057, in send
    self.connect()
    ~~~~~~~~~~~~^^
  File "/usr/local/lib/python3.14/site-packages/urllib3/connection.py", line 331, in connect
    self.sock = self._new_conn()
                ~~~~~~~~~~~~~~^^
  File "/usr/local/lib/python3.14/site-packages/urllib3/connection.py", line 219, in _new_conn
    raise NewConnectionError(
        self, f"Failed to establish a new connection: {e}"
    ) from e
urllib3.exceptions.NewConnectionError: HTTPConnection(host='localhost', port=8082): Failed to establish a new connection: [Errno 111] Connection refused

The above exception was the direct cause of the following exception:

Traceback (most recent call last):
  File "/usr/local/lib/python3.14/site-packages/requests/adapters.py", line 644, in send
    resp = conn.urlopen(
        method=request.method,
    ...<9 lines>...
        chunked=chunked,
    )
  File "/usr/local/lib/python3.14/site-packages/urllib3/connectionpool.py", line 841, in urlopen
    retries = retries.increment(
        method, url, error=new_e, _pool=self, _stacktrace=sys.exc_info()[2]
    )
  File "/usr/local/lib/python3.14/site-packages/urllib3/util/retry.py", line 535, in increment
    raise MaxRetryError(_pool, url, reason) from reason  # type: ignore[arg-type]
    ^^^^^^^^^^^^^^^^^^^^^^^^^^^^^^^^^^^^^^^^^^^^^^^^^^^
urllib3.exceptions.MaxRetryError: HTTPConnectionPool(host='localhost', port=8082): Max retries exceeded with url: /v1/documents (Caused by NewConnectionError("HTTPConnection(host='localhost', port=8082): Failed to establish a new connection: [Errno 111] Connection refused"))

During handling of the above exception, another exception occurred:

Traceback (most recent call last):
  File "/u/bglq/projects/rag/rag-refactor/deploy/singularity/scripts/ingest_collections.py", line 446, in ingest_collection
    task_id = client.upload_batch(batch, result.collection_name, chunk_size, chunk_overlap)
  File "/u/bglq/projects/rag/rag-refactor/deploy/singularity/scripts/ingest_collections.py", line 282, in upload_batch
    resp = requests.post(url, files=files_form, timeout=300)
  File "/usr/local/lib/python3.14/site-packages/requests/api.py", line 115, in post
    return request("post", url, data=data, json=json, **kwargs)
  File "/usr/local/lib/python3.14/site-packages/requests/api.py", line 59, in request
    return session.request(method=method, url=url, **kwargs)
           ~~~~~~~~~~~~~~~^^^^^^^^^^^^^^^^^^^^^^^^^^^^^^^^^^
  File "/usr/local/lib/python3.14/site-packages/requests/sessions.py", line 589, in request
    resp = self.send(prep, **send_kwargs)
  File "/usr/local/lib/python3.14/site-packages/requests/sessions.py", line 703, in send
    r = adapter.send(request, **kwargs)
  File "/usr/local/lib/python3.14/site-packages/requests/adapters.py", line 677, in send
    raise ConnectionError(e, request=request)
requests.exceptions.ConnectionError: HTTPConnectionPool(host='localhost', port=8082): Max retries exceeded with url: /v1/documents (Caused by NewConnectionError("HTTPConnection(host='localhost', port=8082): Failed to establish a new connection: [Errno 111] Connection refused"))
2026-02-27 16:45:48 | INFO     | --- batch 75/131 (16 files) ---
2026-02-27 16:45:48 | DEBUG    |   Files: CRR201120.pdf, CRR201121.pdf, CRR201122.pdf, CRR201123.pdf, CRR201124.pdf, CRR201125.pdf, CRR201126.pdf, CRR201127.pdf, CRR201128.pdf, CRR201129.pdf, CRR201130.pdf, CRR201131.pdf, CRR201132.pdf, CRR201133.pdf, CRR201134.pdf, CRR201135.pdf
2026-02-27 16:45:49 | ERROR    | ❌ batch 75/131 (16 files) failed: HTTPConnectionPool(host='localhost', port=8082): Max retries exceeded with url: /v1/documents (Caused by NewConnectionError("HTTPConnection(host='localhost', port=8082): Failed to establish a new connection: [Errno 111] Connection refused"))
Traceback (most recent call last):
  File "/usr/local/lib/python3.14/site-packages/urllib3/connection.py", line 204, in _new_conn
    sock = connection.create_connection(
        (self._dns_host, self.port),
    ...<2 lines>...
        socket_options=self.socket_options,
    )
  File "/usr/local/lib/python3.14/site-packages/urllib3/util/connection.py", line 85, in create_connection
    raise err
  File "/usr/local/lib/python3.14/site-packages/urllib3/util/connection.py", line 73, in create_connection
    sock.connect(sa)
    ~~~~~~~~~~~~^^^^
ConnectionRefusedError: [Errno 111] Connection refused

The above exception was the direct cause of the following exception:

Traceback (most recent call last):
  File "/usr/local/lib/python3.14/site-packages/urllib3/connectionpool.py", line 787, in urlopen
    response = self._make_request(
        conn,
    ...<10 lines>...
        **response_kw,
    )
  File "/usr/local/lib/python3.14/site-packages/urllib3/connectionpool.py", line 493, in _make_request
    conn.request(
    ~~~~~~~~~~~~^
        method,
        ^^^^^^^
    ...<6 lines>...
        enforce_content_length=enforce_content_length,
        ^^^^^^^^^^^^^^^^^^^^^^^^^^^^^^^^^^^^^^^^^^^^^^
    )
    ^
  File "/usr/local/lib/python3.14/site-packages/urllib3/connection.py", line 500, in request
    self.endheaders()
    ~~~~~~~~~~~~~~~^^
  File "/usr/local/lib/python3.14/http/client.py", line 1353, in endheaders
    self._send_output(message_body, encode_chunked=encode_chunked)
    ~~~~~~~~~~~~~~~~~^^^^^^^^^^^^^^^^^^^^^^^^^^^^^^^^^^^^^^^^^^^^^
  File "/usr/local/lib/python3.14/http/client.py", line 1113, in _send_output
    self.send(msg)
    ~~~~~~~~~^^^^^
  File "/usr/local/lib/python3.14/http/client.py", line 1057, in send
    self.connect()
    ~~~~~~~~~~~~^^
  File "/usr/local/lib/python3.14/site-packages/urllib3/connection.py", line 331, in connect
    self.sock = self._new_conn()
                ~~~~~~~~~~~~~~^^
  File "/usr/local/lib/python3.14/site-packages/urllib3/connection.py", line 219, in _new_conn
    raise NewConnectionError(
        self, f"Failed to establish a new connection: {e}"
    ) from e
urllib3.exceptions.NewConnectionError: HTTPConnection(host='localhost', port=8082): Failed to establish a new connection: [Errno 111] Connection refused

The above exception was the direct cause of the following exception:

Traceback (most recent call last):
  File "/usr/local/lib/python3.14/site-packages/requests/adapters.py", line 644, in send
    resp = conn.urlopen(
        method=request.method,
    ...<9 lines>...
        chunked=chunked,
    )
  File "/usr/local/lib/python3.14/site-packages/urllib3/connectionpool.py", line 841, in urlopen
    retries = retries.increment(
        method, url, error=new_e, _pool=self, _stacktrace=sys.exc_info()[2]
    )
  File "/usr/local/lib/python3.14/site-packages/urllib3/util/retry.py", line 535, in increment
    raise MaxRetryError(_pool, url, reason) from reason  # type: ignore[arg-type]
    ^^^^^^^^^^^^^^^^^^^^^^^^^^^^^^^^^^^^^^^^^^^^^^^^^^^
urllib3.exceptions.MaxRetryError: HTTPConnectionPool(host='localhost', port=8082): Max retries exceeded with url: /v1/documents (Caused by NewConnectionError("HTTPConnection(host='localhost', port=8082): Failed to establish a new connection: [Errno 111] Connection refused"))

During handling of the above exception, another exception occurred:

Traceback (most recent call last):
  File "/u/bglq/projects/rag/rag-refactor/deploy/singularity/scripts/ingest_collections.py", line 446, in ingest_collection
    task_id = client.upload_batch(batch, result.collection_name, chunk_size, chunk_overlap)
  File "/u/bglq/projects/rag/rag-refactor/deploy/singularity/scripts/ingest_collections.py", line 282, in upload_batch
    resp = requests.post(url, files=files_form, timeout=300)
  File "/usr/local/lib/python3.14/site-packages/requests/api.py", line 115, in post
    return request("post", url, data=data, json=json, **kwargs)
  File "/usr/local/lib/python3.14/site-packages/requests/api.py", line 59, in request
    return session.request(method=method, url=url, **kwargs)
           ~~~~~~~~~~~~~~~^^^^^^^^^^^^^^^^^^^^^^^^^^^^^^^^^^
  File "/usr/local/lib/python3.14/site-packages/requests/sessions.py", line 589, in request
    resp = self.send(prep, **send_kwargs)
  File "/usr/local/lib/python3.14/site-packages/requests/sessions.py", line 703, in send
    r = adapter.send(request, **kwargs)
  File "/usr/local/lib/python3.14/site-packages/requests/adapters.py", line 677, in send
    raise ConnectionError(e, request=request)
requests.exceptions.ConnectionError: HTTPConnectionPool(host='localhost', port=8082): Max retries exceeded with url: /v1/documents (Caused by NewConnectionError("HTTPConnection(host='localhost', port=8082): Failed to establish a new connection: [Errno 111] Connection refused"))
2026-02-27 16:45:49 | INFO     | --- batch 76/131 (16 files) ---
2026-02-27 16:45:49 | DEBUG    |   Files: CRR201136.pdf, CRR201137.pdf, CRR201138.pdf, CRR201139.pdf, CRR201140.pdf, CRR201141.pdf, CRR201142.pdf, CRR201143.pdf, CRR201144.pdf, CRR201145.pdf, CRR201146.pdf, CRR201147.pdf, CRR201148.pdf, CRR201149.pdf, CRR201150.pdf, CRR201151.pdf
2026-02-27 16:45:49 | ERROR    | ❌ batch 76/131 (16 files) failed: HTTPConnectionPool(host='localhost', port=8082): Max retries exceeded with url: /v1/documents (Caused by NewConnectionError("HTTPConnection(host='localhost', port=8082): Failed to establish a new connection: [Errno 111] Connection refused"))
Traceback (most recent call last):
  File "/usr/local/lib/python3.14/site-packages/urllib3/connection.py", line 204, in _new_conn
    sock = connection.create_connection(
        (self._dns_host, self.port),
    ...<2 lines>...
        socket_options=self.socket_options,
    )
  File "/usr/local/lib/python3.14/site-packages/urllib3/util/connection.py", line 85, in create_connection
    raise err
  File "/usr/local/lib/python3.14/site-packages/urllib3/util/connection.py", line 73, in create_connection
    sock.connect(sa)
    ~~~~~~~~~~~~^^^^
ConnectionRefusedError: [Errno 111] Connection refused

The above exception was the direct cause of the following exception:

Traceback (most recent call last):
  File "/usr/local/lib/python3.14/site-packages/urllib3/connectionpool.py", line 787, in urlopen
    response = self._make_request(
        conn,
    ...<10 lines>...
        **response_kw,
    )
  File "/usr/local/lib/python3.14/site-packages/urllib3/connectionpool.py", line 493, in _make_request
    conn.request(
    ~~~~~~~~~~~~^
        method,
        ^^^^^^^
    ...<6 lines>...
        enforce_content_length=enforce_content_length,
        ^^^^^^^^^^^^^^^^^^^^^^^^^^^^^^^^^^^^^^^^^^^^^^
    )
    ^
  File "/usr/local/lib/python3.14/site-packages/urllib3/connection.py", line 500, in request
    self.endheaders()
    ~~~~~~~~~~~~~~~^^
  File "/usr/local/lib/python3.14/http/client.py", line 1353, in endheaders
    self._send_output(message_body, encode_chunked=encode_chunked)
    ~~~~~~~~~~~~~~~~~^^^^^^^^^^^^^^^^^^^^^^^^^^^^^^^^^^^^^^^^^^^^^
  File "/usr/local/lib/python3.14/http/client.py", line 1113, in _send_output
    self.send(msg)
    ~~~~~~~~~^^^^^
  File "/usr/local/lib/python3.14/http/client.py", line 1057, in send
    self.connect()
    ~~~~~~~~~~~~^^
  File "/usr/local/lib/python3.14/site-packages/urllib3/connection.py", line 331, in connect
    self.sock = self._new_conn()
                ~~~~~~~~~~~~~~^^
  File "/usr/local/lib/python3.14/site-packages/urllib3/connection.py", line 219, in _new_conn
    raise NewConnectionError(
        self, f"Failed to establish a new connection: {e}"
    ) from e
urllib3.exceptions.NewConnectionError: HTTPConnection(host='localhost', port=8082): Failed to establish a new connection: [Errno 111] Connection refused

The above exception was the direct cause of the following exception:

Traceback (most recent call last):
  File "/usr/local/lib/python3.14/site-packages/requests/adapters.py", line 644, in send
    resp = conn.urlopen(
        method=request.method,
    ...<9 lines>...
        chunked=chunked,
    )
  File "/usr/local/lib/python3.14/site-packages/urllib3/connectionpool.py", line 841, in urlopen
    retries = retries.increment(
        method, url, error=new_e, _pool=self, _stacktrace=sys.exc_info()[2]
    )
  File "/usr/local/lib/python3.14/site-packages/urllib3/util/retry.py", line 535, in increment
    raise MaxRetryError(_pool, url, reason) from reason  # type: ignore[arg-type]
    ^^^^^^^^^^^^^^^^^^^^^^^^^^^^^^^^^^^^^^^^^^^^^^^^^^^
urllib3.exceptions.MaxRetryError: HTTPConnectionPool(host='localhost', port=8082): Max retries exceeded with url: /v1/documents (Caused by NewConnectionError("HTTPConnection(host='localhost', port=8082): Failed to establish a new connection: [Errno 111] Connection refused"))

During handling of the above exception, another exception occurred:

Traceback (most recent call last):
  File "/u/bglq/projects/rag/rag-refactor/deploy/singularity/scripts/ingest_collections.py", line 446, in ingest_collection
    task_id = client.upload_batch(batch, result.collection_name, chunk_size, chunk_overlap)
  File "/u/bglq/projects/rag/rag-refactor/deploy/singularity/scripts/ingest_collections.py", line 282, in upload_batch
    resp = requests.post(url, files=files_form, timeout=300)
  File "/usr/local/lib/python3.14/site-packages/requests/api.py", line 115, in post
    return request("post", url, data=data, json=json, **kwargs)
  File "/usr/local/lib/python3.14/site-packages/requests/api.py", line 59, in request
    return session.request(method=method, url=url, **kwargs)
           ~~~~~~~~~~~~~~~^^^^^^^^^^^^^^^^^^^^^^^^^^^^^^^^^^
  File "/usr/local/lib/python3.14/site-packages/requests/sessions.py", line 589, in request
    resp = self.send(prep, **send_kwargs)
  File "/usr/local/lib/python3.14/site-packages/requests/sessions.py", line 703, in send
    r = adapter.send(request, **kwargs)
  File "/usr/local/lib/python3.14/site-packages/requests/adapters.py", line 677, in send
    raise ConnectionError(e, request=request)
requests.exceptions.ConnectionError: HTTPConnectionPool(host='localhost', port=8082): Max retries exceeded with url: /v1/documents (Caused by NewConnectionError("HTTPConnection(host='localhost', port=8082): Failed to establish a new connection: [Errno 111] Connection refused"))
2026-02-27 16:45:49 | INFO     | --- batch 77/131 (16 files) ---
2026-02-27 16:45:49 | DEBUG    |   Files: CRR201152.pdf, CRR201153.pdf, CRR201154.pdf, CRR201155.pdf, CRR201156.pdf, CRR201157.pdf, CRR201158.pdf, CRR201159.pdf, CRR201160.pdf, CRR201161.pdf, CRR201162.pdf, CRR201163.pdf, CRR201164.pdf, CRR201165.pdf, CRR201166.pdf, CRR201167.pdf
2026-02-27 16:45:50 | ERROR    | ❌ batch 77/131 (16 files) failed: HTTPConnectionPool(host='localhost', port=8082): Max retries exceeded with url: /v1/documents (Caused by NewConnectionError("HTTPConnection(host='localhost', port=8082): Failed to establish a new connection: [Errno 111] Connection refused"))
Traceback (most recent call last):
  File "/usr/local/lib/python3.14/site-packages/urllib3/connection.py", line 204, in _new_conn
    sock = connection.create_connection(
        (self._dns_host, self.port),
    ...<2 lines>...
        socket_options=self.socket_options,
    )
  File "/usr/local/lib/python3.14/site-packages/urllib3/util/connection.py", line 85, in create_connection
    raise err
  File "/usr/local/lib/python3.14/site-packages/urllib3/util/connection.py", line 73, in create_connection
    sock.connect(sa)
    ~~~~~~~~~~~~^^^^
ConnectionRefusedError: [Errno 111] Connection refused

The above exception was the direct cause of the following exception:

Traceback (most recent call last):
  File "/usr/local/lib/python3.14/site-packages/urllib3/connectionpool.py", line 787, in urlopen
    response = self._make_request(
        conn,
    ...<10 lines>...
        **response_kw,
    )
  File "/usr/local/lib/python3.14/site-packages/urllib3/connectionpool.py", line 493, in _make_request
    conn.request(
    ~~~~~~~~~~~~^
        method,
        ^^^^^^^
    ...<6 lines>...
        enforce_content_length=enforce_content_length,
        ^^^^^^^^^^^^^^^^^^^^^^^^^^^^^^^^^^^^^^^^^^^^^^
    )
    ^
  File "/usr/local/lib/python3.14/site-packages/urllib3/connection.py", line 500, in request
    self.endheaders()
    ~~~~~~~~~~~~~~~^^
  File "/usr/local/lib/python3.14/http/client.py", line 1353, in endheaders
    self._send_output(message_body, encode_chunked=encode_chunked)
    ~~~~~~~~~~~~~~~~~^^^^^^^^^^^^^^^^^^^^^^^^^^^^^^^^^^^^^^^^^^^^^
  File "/usr/local/lib/python3.14/http/client.py", line 1113, in _send_output
    self.send(msg)
    ~~~~~~~~~^^^^^
  File "/usr/local/lib/python3.14/http/client.py", line 1057, in send
    self.connect()
    ~~~~~~~~~~~~^^
  File "/usr/local/lib/python3.14/site-packages/urllib3/connection.py", line 331, in connect
    self.sock = self._new_conn()
                ~~~~~~~~~~~~~~^^
  File "/usr/local/lib/python3.14/site-packages/urllib3/connection.py", line 219, in _new_conn
    raise NewConnectionError(
        self, f"Failed to establish a new connection: {e}"
    ) from e
urllib3.exceptions.NewConnectionError: HTTPConnection(host='localhost', port=8082): Failed to establish a new connection: [Errno 111] Connection refused

The above exception was the direct cause of the following exception:

Traceback (most recent call last):
  File "/usr/local/lib/python3.14/site-packages/requests/adapters.py", line 644, in send
    resp = conn.urlopen(
        method=request.method,
    ...<9 lines>...
        chunked=chunked,
    )
  File "/usr/local/lib/python3.14/site-packages/urllib3/connectionpool.py", line 841, in urlopen
    retries = retries.increment(
        method, url, error=new_e, _pool=self, _stacktrace=sys.exc_info()[2]
    )
  File "/usr/local/lib/python3.14/site-packages/urllib3/util/retry.py", line 535, in increment
    raise MaxRetryError(_pool, url, reason) from reason  # type: ignore[arg-type]
    ^^^^^^^^^^^^^^^^^^^^^^^^^^^^^^^^^^^^^^^^^^^^^^^^^^^
urllib3.exceptions.MaxRetryError: HTTPConnectionPool(host='localhost', port=8082): Max retries exceeded with url: /v1/documents (Caused by NewConnectionError("HTTPConnection(host='localhost', port=8082): Failed to establish a new connection: [Errno 111] Connection refused"))

During handling of the above exception, another exception occurred:

Traceback (most recent call last):
  File "/u/bglq/projects/rag/rag-refactor/deploy/singularity/scripts/ingest_collections.py", line 446, in ingest_collection
    task_id = client.upload_batch(batch, result.collection_name, chunk_size, chunk_overlap)
  File "/u/bglq/projects/rag/rag-refactor/deploy/singularity/scripts/ingest_collections.py", line 282, in upload_batch
    resp = requests.post(url, files=files_form, timeout=300)
  File "/usr/local/lib/python3.14/site-packages/requests/api.py", line 115, in post
    return request("post", url, data=data, json=json, **kwargs)
  File "/usr/local/lib/python3.14/site-packages/requests/api.py", line 59, in request
    return session.request(method=method, url=url, **kwargs)
           ~~~~~~~~~~~~~~~^^^^^^^^^^^^^^^^^^^^^^^^^^^^^^^^^^
  File "/usr/local/lib/python3.14/site-packages/requests/sessions.py", line 589, in request
    resp = self.send(prep, **send_kwargs)
  File "/usr/local/lib/python3.14/site-packages/requests/sessions.py", line 703, in send
    r = adapter.send(request, **kwargs)
  File "/usr/local/lib/python3.14/site-packages/requests/adapters.py", line 677, in send
    raise ConnectionError(e, request=request)
requests.exceptions.ConnectionError: HTTPConnectionPool(host='localhost', port=8082): Max retries exceeded with url: /v1/documents (Caused by NewConnectionError("HTTPConnection(host='localhost', port=8082): Failed to establish a new connection: [Errno 111] Connection refused"))
2026-02-27 16:45:50 | INFO     | --- batch 78/131 (16 files) ---
2026-02-27 16:45:50 | DEBUG    |   Files: CRR201168.pdf, CRR201169.pdf, CRR201170.pdf, CRR201171.pdf, CRR201172.pdf, CRR201173.pdf, CRR201174.pdf, CRR201175.pdf, CRR201176.pdf, CRR201177.pdf, CRR201178.pdf, CRR201179.pdf, CRR201180.pdf, CRR201181.pdf, CRR201182.pdf, CRR201183.pdf
2026-02-27 16:45:50 | ERROR    | ❌ batch 78/131 (16 files) failed: HTTPConnectionPool(host='localhost', port=8082): Max retries exceeded with url: /v1/documents (Caused by NewConnectionError("HTTPConnection(host='localhost', port=8082): Failed to establish a new connection: [Errno 111] Connection refused"))
Traceback (most recent call last):
  File "/usr/local/lib/python3.14/site-packages/urllib3/connection.py", line 204, in _new_conn
    sock = connection.create_connection(
        (self._dns_host, self.port),
    ...<2 lines>...
        socket_options=self.socket_options,
    )
  File "/usr/local/lib/python3.14/site-packages/urllib3/util/connection.py", line 85, in create_connection
    raise err
  File "/usr/local/lib/python3.14/site-packages/urllib3/util/connection.py", line 73, in create_connection
    sock.connect(sa)
    ~~~~~~~~~~~~^^^^
ConnectionRefusedError: [Errno 111] Connection refused

The above exception was the direct cause of the following exception:

Traceback (most recent call last):
  File "/usr/local/lib/python3.14/site-packages/urllib3/connectionpool.py", line 787, in urlopen
    response = self._make_request(
        conn,
    ...<10 lines>...
        **response_kw,
    )
  File "/usr/local/lib/python3.14/site-packages/urllib3/connectionpool.py", line 493, in _make_request
    conn.request(
    ~~~~~~~~~~~~^
        method,
        ^^^^^^^
    ...<6 lines>...
        enforce_content_length=enforce_content_length,
        ^^^^^^^^^^^^^^^^^^^^^^^^^^^^^^^^^^^^^^^^^^^^^^
    )
    ^
  File "/usr/local/lib/python3.14/site-packages/urllib3/connection.py", line 500, in request
    self.endheaders()
    ~~~~~~~~~~~~~~~^^
  File "/usr/local/lib/python3.14/http/client.py", line 1353, in endheaders
    self._send_output(message_body, encode_chunked=encode_chunked)
    ~~~~~~~~~~~~~~~~~^^^^^^^^^^^^^^^^^^^^^^^^^^^^^^^^^^^^^^^^^^^^^
  File "/usr/local/lib/python3.14/http/client.py", line 1113, in _send_output
    self.send(msg)
    ~~~~~~~~~^^^^^
  File "/usr/local/lib/python3.14/http/client.py", line 1057, in send
    self.connect()
    ~~~~~~~~~~~~^^
  File "/usr/local/lib/python3.14/site-packages/urllib3/connection.py", line 331, in connect
    self.sock = self._new_conn()
                ~~~~~~~~~~~~~~^^
  File "/usr/local/lib/python3.14/site-packages/urllib3/connection.py", line 219, in _new_conn
    raise NewConnectionError(
        self, f"Failed to establish a new connection: {e}"
    ) from e
urllib3.exceptions.NewConnectionError: HTTPConnection(host='localhost', port=8082): Failed to establish a new connection: [Errno 111] Connection refused

The above exception was the direct cause of the following exception:

Traceback (most recent call last):
  File "/usr/local/lib/python3.14/site-packages/requests/adapters.py", line 644, in send
    resp = conn.urlopen(
        method=request.method,
    ...<9 lines>...
        chunked=chunked,
    )
  File "/usr/local/lib/python3.14/site-packages/urllib3/connectionpool.py", line 841, in urlopen
    retries = retries.increment(
        method, url, error=new_e, _pool=self, _stacktrace=sys.exc_info()[2]
    )
  File "/usr/local/lib/python3.14/site-packages/urllib3/util/retry.py", line 535, in increment
    raise MaxRetryError(_pool, url, reason) from reason  # type: ignore[arg-type]
    ^^^^^^^^^^^^^^^^^^^^^^^^^^^^^^^^^^^^^^^^^^^^^^^^^^^
urllib3.exceptions.MaxRetryError: HTTPConnectionPool(host='localhost', port=8082): Max retries exceeded with url: /v1/documents (Caused by NewConnectionError("HTTPConnection(host='localhost', port=8082): Failed to establish a new connection: [Errno 111] Connection refused"))

During handling of the above exception, another exception occurred:

Traceback (most recent call last):
  File "/u/bglq/projects/rag/rag-refactor/deploy/singularity/scripts/ingest_collections.py", line 446, in ingest_collection
    task_id = client.upload_batch(batch, result.collection_name, chunk_size, chunk_overlap)
  File "/u/bglq/projects/rag/rag-refactor/deploy/singularity/scripts/ingest_collections.py", line 282, in upload_batch
    resp = requests.post(url, files=files_form, timeout=300)
  File "/usr/local/lib/python3.14/site-packages/requests/api.py", line 115, in post
    return request("post", url, data=data, json=json, **kwargs)
  File "/usr/local/lib/python3.14/site-packages/requests/api.py", line 59, in request
    return session.request(method=method, url=url, **kwargs)
           ~~~~~~~~~~~~~~~^^^^^^^^^^^^^^^^^^^^^^^^^^^^^^^^^^
  File "/usr/local/lib/python3.14/site-packages/requests/sessions.py", line 589, in request
    resp = self.send(prep, **send_kwargs)
  File "/usr/local/lib/python3.14/site-packages/requests/sessions.py", line 703, in send
    r = adapter.send(request, **kwargs)
  File "/usr/local/lib/python3.14/site-packages/requests/adapters.py", line 677, in send
    raise ConnectionError(e, request=request)
requests.exceptions.ConnectionError: HTTPConnectionPool(host='localhost', port=8082): Max retries exceeded with url: /v1/documents (Caused by NewConnectionError("HTTPConnection(host='localhost', port=8082): Failed to establish a new connection: [Errno 111] Connection refused"))
2026-02-27 16:45:50 | INFO     | --- batch 79/131 (16 files) ---
2026-02-27 16:45:50 | DEBUG    |   Files: CRR201184.pdf, CRR201185.pdf, CRR201186.pdf, CRR201187.pdf, CRR201188.pdf, CRR201189.pdf, CRR201190.pdf, CRR201191.pdf, CRR201192.pdf, CRR201193.pdf, CRR201194.pdf, CRR201195.pdf, CRR201196.pdf, CRR201197.pdf, CRR201198.pdf, CRR201199.pdf
2026-02-27 16:45:50 | ERROR    | ❌ batch 79/131 (16 files) failed: HTTPConnectionPool(host='localhost', port=8082): Max retries exceeded with url: /v1/documents (Caused by NewConnectionError("HTTPConnection(host='localhost', port=8082): Failed to establish a new connection: [Errno 111] Connection refused"))
Traceback (most recent call last):
  File "/usr/local/lib/python3.14/site-packages/urllib3/connection.py", line 204, in _new_conn
    sock = connection.create_connection(
        (self._dns_host, self.port),
    ...<2 lines>...
        socket_options=self.socket_options,
    )
  File "/usr/local/lib/python3.14/site-packages/urllib3/util/connection.py", line 85, in create_connection
    raise err
  File "/usr/local/lib/python3.14/site-packages/urllib3/util/connection.py", line 73, in create_connection
    sock.connect(sa)
    ~~~~~~~~~~~~^^^^
ConnectionRefusedError: [Errno 111] Connection refused

The above exception was the direct cause of the following exception:

Traceback (most recent call last):
  File "/usr/local/lib/python3.14/site-packages/urllib3/connectionpool.py", line 787, in urlopen
    response = self._make_request(
        conn,
    ...<10 lines>...
        **response_kw,
    )
  File "/usr/local/lib/python3.14/site-packages/urllib3/connectionpool.py", line 493, in _make_request
    conn.request(
    ~~~~~~~~~~~~^
        method,
        ^^^^^^^
    ...<6 lines>...
        enforce_content_length=enforce_content_length,
        ^^^^^^^^^^^^^^^^^^^^^^^^^^^^^^^^^^^^^^^^^^^^^^
    )
    ^
  File "/usr/local/lib/python3.14/site-packages/urllib3/connection.py", line 500, in request
    self.endheaders()
    ~~~~~~~~~~~~~~~^^
  File "/usr/local/lib/python3.14/http/client.py", line 1353, in endheaders
    self._send_output(message_body, encode_chunked=encode_chunked)
    ~~~~~~~~~~~~~~~~~^^^^^^^^^^^^^^^^^^^^^^^^^^^^^^^^^^^^^^^^^^^^^
  File "/usr/local/lib/python3.14/http/client.py", line 1113, in _send_output
    self.send(msg)
    ~~~~~~~~~^^^^^
  File "/usr/local/lib/python3.14/http/client.py", line 1057, in send
    self.connect()
    ~~~~~~~~~~~~^^
  File "/usr/local/lib/python3.14/site-packages/urllib3/connection.py", line 331, in connect
    self.sock = self._new_conn()
                ~~~~~~~~~~~~~~^^
  File "/usr/local/lib/python3.14/site-packages/urllib3/connection.py", line 219, in _new_conn
    raise NewConnectionError(
        self, f"Failed to establish a new connection: {e}"
    ) from e
urllib3.exceptions.NewConnectionError: HTTPConnection(host='localhost', port=8082): Failed to establish a new connection: [Errno 111] Connection refused

The above exception was the direct cause of the following exception:

Traceback (most recent call last):
  File "/usr/local/lib/python3.14/site-packages/requests/adapters.py", line 644, in send
    resp = conn.urlopen(
        method=request.method,
    ...<9 lines>...
        chunked=chunked,
    )
  File "/usr/local/lib/python3.14/site-packages/urllib3/connectionpool.py", line 841, in urlopen
    retries = retries.increment(
        method, url, error=new_e, _pool=self, _stacktrace=sys.exc_info()[2]
    )
  File "/usr/local/lib/python3.14/site-packages/urllib3/util/retry.py", line 535, in increment
    raise MaxRetryError(_pool, url, reason) from reason  # type: ignore[arg-type]
    ^^^^^^^^^^^^^^^^^^^^^^^^^^^^^^^^^^^^^^^^^^^^^^^^^^^
urllib3.exceptions.MaxRetryError: HTTPConnectionPool(host='localhost', port=8082): Max retries exceeded with url: /v1/documents (Caused by NewConnectionError("HTTPConnection(host='localhost', port=8082): Failed to establish a new connection: [Errno 111] Connection refused"))

During handling of the above exception, another exception occurred:

Traceback (most recent call last):
  File "/u/bglq/projects/rag/rag-refactor/deploy/singularity/scripts/ingest_collections.py", line 446, in ingest_collection
    task_id = client.upload_batch(batch, result.collection_name, chunk_size, chunk_overlap)
  File "/u/bglq/projects/rag/rag-refactor/deploy/singularity/scripts/ingest_collections.py", line 282, in upload_batch
    resp = requests.post(url, files=files_form, timeout=300)
  File "/usr/local/lib/python3.14/site-packages/requests/api.py", line 115, in post
    return request("post", url, data=data, json=json, **kwargs)
  File "/usr/local/lib/python3.14/site-packages/requests/api.py", line 59, in request
    return session.request(method=method, url=url, **kwargs)
           ~~~~~~~~~~~~~~~^^^^^^^^^^^^^^^^^^^^^^^^^^^^^^^^^^
  File "/usr/local/lib/python3.14/site-packages/requests/sessions.py", line 589, in request
    resp = self.send(prep, **send_kwargs)
  File "/usr/local/lib/python3.14/site-packages/requests/sessions.py", line 703, in send
    r = adapter.send(request, **kwargs)
  File "/usr/local/lib/python3.14/site-packages/requests/adapters.py", line 677, in send
    raise ConnectionError(e, request=request)
requests.exceptions.ConnectionError: HTTPConnectionPool(host='localhost', port=8082): Max retries exceeded with url: /v1/documents (Caused by NewConnectionError("HTTPConnection(host='localhost', port=8082): Failed to establish a new connection: [Errno 111] Connection refused"))
2026-02-27 16:45:50 | INFO     | --- batch 80/131 (16 files) ---
2026-02-27 16:45:50 | DEBUG    |   Files: SummaryBook2011.pdf, CRR201201.pdf, CRR201202.pdf, CRR201203.pdf, CRR201204.pdf, CRR201205.pdf, CRR201206.pdf, CRR201207.pdf, CRR201208.pdf, CRR201209.pdf, CRR201210.pdf, CRR201211.pdf, CRR201212.pdf, CRR201213.pdf, CRR201214.pdf, CRR201215.pdf
2026-02-27 16:45:51 | ERROR    | ❌ batch 80/131 (16 files) failed: HTTPConnectionPool(host='localhost', port=8082): Max retries exceeded with url: /v1/documents (Caused by NewConnectionError("HTTPConnection(host='localhost', port=8082): Failed to establish a new connection: [Errno 111] Connection refused"))
Traceback (most recent call last):
  File "/usr/local/lib/python3.14/site-packages/urllib3/connection.py", line 204, in _new_conn
    sock = connection.create_connection(
        (self._dns_host, self.port),
    ...<2 lines>...
        socket_options=self.socket_options,
    )
  File "/usr/local/lib/python3.14/site-packages/urllib3/util/connection.py", line 85, in create_connection
    raise err
  File "/usr/local/lib/python3.14/site-packages/urllib3/util/connection.py", line 73, in create_connection
    sock.connect(sa)
    ~~~~~~~~~~~~^^^^
ConnectionRefusedError: [Errno 111] Connection refused

The above exception was the direct cause of the following exception:

Traceback (most recent call last):
  File "/usr/local/lib/python3.14/site-packages/urllib3/connectionpool.py", line 787, in urlopen
    response = self._make_request(
        conn,
    ...<10 lines>...
        **response_kw,
    )
  File "/usr/local/lib/python3.14/site-packages/urllib3/connectionpool.py", line 493, in _make_request
    conn.request(
    ~~~~~~~~~~~~^
        method,
        ^^^^^^^
    ...<6 lines>...
        enforce_content_length=enforce_content_length,
        ^^^^^^^^^^^^^^^^^^^^^^^^^^^^^^^^^^^^^^^^^^^^^^
    )
    ^
  File "/usr/local/lib/python3.14/site-packages/urllib3/connection.py", line 500, in request
    self.endheaders()
    ~~~~~~~~~~~~~~~^^
  File "/usr/local/lib/python3.14/http/client.py", line 1353, in endheaders
    self._send_output(message_body, encode_chunked=encode_chunked)
    ~~~~~~~~~~~~~~~~~^^^^^^^^^^^^^^^^^^^^^^^^^^^^^^^^^^^^^^^^^^^^^
  File "/usr/local/lib/python3.14/http/client.py", line 1113, in _send_output
    self.send(msg)
    ~~~~~~~~~^^^^^
  File "/usr/local/lib/python3.14/http/client.py", line 1057, in send
    self.connect()
    ~~~~~~~~~~~~^^
  File "/usr/local/lib/python3.14/site-packages/urllib3/connection.py", line 331, in connect
    self.sock = self._new_conn()
                ~~~~~~~~~~~~~~^^
  File "/usr/local/lib/python3.14/site-packages/urllib3/connection.py", line 219, in _new_conn
    raise NewConnectionError(
        self, f"Failed to establish a new connection: {e}"
    ) from e
urllib3.exceptions.NewConnectionError: HTTPConnection(host='localhost', port=8082): Failed to establish a new connection: [Errno 111] Connection refused

The above exception was the direct cause of the following exception:

Traceback (most recent call last):
  File "/usr/local/lib/python3.14/site-packages/requests/adapters.py", line 644, in send
    resp = conn.urlopen(
        method=request.method,
    ...<9 lines>...
        chunked=chunked,
    )
  File "/usr/local/lib/python3.14/site-packages/urllib3/connectionpool.py", line 841, in urlopen
    retries = retries.increment(
        method, url, error=new_e, _pool=self, _stacktrace=sys.exc_info()[2]
    )
  File "/usr/local/lib/python3.14/site-packages/urllib3/util/retry.py", line 535, in increment
    raise MaxRetryError(_pool, url, reason) from reason  # type: ignore[arg-type]
    ^^^^^^^^^^^^^^^^^^^^^^^^^^^^^^^^^^^^^^^^^^^^^^^^^^^
urllib3.exceptions.MaxRetryError: HTTPConnectionPool(host='localhost', port=8082): Max retries exceeded with url: /v1/documents (Caused by NewConnectionError("HTTPConnection(host='localhost', port=8082): Failed to establish a new connection: [Errno 111] Connection refused"))

During handling of the above exception, another exception occurred:

Traceback (most recent call last):
  File "/u/bglq/projects/rag/rag-refactor/deploy/singularity/scripts/ingest_collections.py", line 446, in ingest_collection
    task_id = client.upload_batch(batch, result.collection_name, chunk_size, chunk_overlap)
  File "/u/bglq/projects/rag/rag-refactor/deploy/singularity/scripts/ingest_collections.py", line 282, in upload_batch
    resp = requests.post(url, files=files_form, timeout=300)
  File "/usr/local/lib/python3.14/site-packages/requests/api.py", line 115, in post
    return request("post", url, data=data, json=json, **kwargs)
  File "/usr/local/lib/python3.14/site-packages/requests/api.py", line 59, in request
    return session.request(method=method, url=url, **kwargs)
           ~~~~~~~~~~~~~~~^^^^^^^^^^^^^^^^^^^^^^^^^^^^^^^^^^
  File "/usr/local/lib/python3.14/site-packages/requests/sessions.py", line 589, in request
    resp = self.send(prep, **send_kwargs)
  File "/usr/local/lib/python3.14/site-packages/requests/sessions.py", line 703, in send
    r = adapter.send(request, **kwargs)
  File "/usr/local/lib/python3.14/site-packages/requests/adapters.py", line 677, in send
    raise ConnectionError(e, request=request)
requests.exceptions.ConnectionError: HTTPConnectionPool(host='localhost', port=8082): Max retries exceeded with url: /v1/documents (Caused by NewConnectionError("HTTPConnection(host='localhost', port=8082): Failed to establish a new connection: [Errno 111] Connection refused"))
2026-02-27 16:45:51 | INFO     | --- batch 81/131 (16 files) ---
2026-02-27 16:45:51 | DEBUG    |   Files: CRR201216.pdf, CRR201217.pdf, CRR201218.pdf, CRR201219.pdf, CRR201220.pdf, CRR201221.pdf, CRR201222.pdf, CRR201223.pdf, CRR201224.pdf, CRR201225.pdf, CRR201226.pdf, CRR201227.pdf, CRR201228.pdf, CRR201229.pdf, CRR201230.pdf, CRR201231.pdf
2026-02-27 16:45:51 | ERROR    | ❌ batch 81/131 (16 files) failed: HTTPConnectionPool(host='localhost', port=8082): Max retries exceeded with url: /v1/documents (Caused by NewConnectionError("HTTPConnection(host='localhost', port=8082): Failed to establish a new connection: [Errno 111] Connection refused"))
Traceback (most recent call last):
  File "/usr/local/lib/python3.14/site-packages/urllib3/connection.py", line 204, in _new_conn
    sock = connection.create_connection(
        (self._dns_host, self.port),
    ...<2 lines>...
        socket_options=self.socket_options,
    )
  File "/usr/local/lib/python3.14/site-packages/urllib3/util/connection.py", line 85, in create_connection
    raise err
  File "/usr/local/lib/python3.14/site-packages/urllib3/util/connection.py", line 73, in create_connection
    sock.connect(sa)
    ~~~~~~~~~~~~^^^^
ConnectionRefusedError: [Errno 111] Connection refused

The above exception was the direct cause of the following exception:

Traceback (most recent call last):
  File "/usr/local/lib/python3.14/site-packages/urllib3/connectionpool.py", line 787, in urlopen
    response = self._make_request(
        conn,
    ...<10 lines>...
        **response_kw,
    )
  File "/usr/local/lib/python3.14/site-packages/urllib3/connectionpool.py", line 493, in _make_request
    conn.request(
    ~~~~~~~~~~~~^
        method,
        ^^^^^^^
    ...<6 lines>...
        enforce_content_length=enforce_content_length,
        ^^^^^^^^^^^^^^^^^^^^^^^^^^^^^^^^^^^^^^^^^^^^^^
    )
    ^
  File "/usr/local/lib/python3.14/site-packages/urllib3/connection.py", line 500, in request
    self.endheaders()
    ~~~~~~~~~~~~~~~^^
  File "/usr/local/lib/python3.14/http/client.py", line 1353, in endheaders
    self._send_output(message_body, encode_chunked=encode_chunked)
    ~~~~~~~~~~~~~~~~~^^^^^^^^^^^^^^^^^^^^^^^^^^^^^^^^^^^^^^^^^^^^^
  File "/usr/local/lib/python3.14/http/client.py", line 1113, in _send_output
    self.send(msg)
    ~~~~~~~~~^^^^^
  File "/usr/local/lib/python3.14/http/client.py", line 1057, in send
    self.connect()
    ~~~~~~~~~~~~^^
  File "/usr/local/lib/python3.14/site-packages/urllib3/connection.py", line 331, in connect
    self.sock = self._new_conn()
                ~~~~~~~~~~~~~~^^
  File "/usr/local/lib/python3.14/site-packages/urllib3/connection.py", line 219, in _new_conn
    raise NewConnectionError(
        self, f"Failed to establish a new connection: {e}"
    ) from e
urllib3.exceptions.NewConnectionError: HTTPConnection(host='localhost', port=8082): Failed to establish a new connection: [Errno 111] Connection refused

The above exception was the direct cause of the following exception:

Traceback (most recent call last):
  File "/usr/local/lib/python3.14/site-packages/requests/adapters.py", line 644, in send
    resp = conn.urlopen(
        method=request.method,
    ...<9 lines>...
        chunked=chunked,
    )
  File "/usr/local/lib/python3.14/site-packages/urllib3/connectionpool.py", line 841, in urlopen
    retries = retries.increment(
        method, url, error=new_e, _pool=self, _stacktrace=sys.exc_info()[2]
    )
  File "/usr/local/lib/python3.14/site-packages/urllib3/util/retry.py", line 535, in increment
    raise MaxRetryError(_pool, url, reason) from reason  # type: ignore[arg-type]
    ^^^^^^^^^^^^^^^^^^^^^^^^^^^^^^^^^^^^^^^^^^^^^^^^^^^
urllib3.exceptions.MaxRetryError: HTTPConnectionPool(host='localhost', port=8082): Max retries exceeded with url: /v1/documents (Caused by NewConnectionError("HTTPConnection(host='localhost', port=8082): Failed to establish a new connection: [Errno 111] Connection refused"))

During handling of the above exception, another exception occurred:

Traceback (most recent call last):
  File "/u/bglq/projects/rag/rag-refactor/deploy/singularity/scripts/ingest_collections.py", line 446, in ingest_collection
    task_id = client.upload_batch(batch, result.collection_name, chunk_size, chunk_overlap)
  File "/u/bglq/projects/rag/rag-refactor/deploy/singularity/scripts/ingest_collections.py", line 282, in upload_batch
    resp = requests.post(url, files=files_form, timeout=300)
  File "/usr/local/lib/python3.14/site-packages/requests/api.py", line 115, in post
    return request("post", url, data=data, json=json, **kwargs)
  File "/usr/local/lib/python3.14/site-packages/requests/api.py", line 59, in request
    return session.request(method=method, url=url, **kwargs)
           ~~~~~~~~~~~~~~~^^^^^^^^^^^^^^^^^^^^^^^^^^^^^^^^^^
  File "/usr/local/lib/python3.14/site-packages/requests/sessions.py", line 589, in request
    resp = self.send(prep, **send_kwargs)
  File "/usr/local/lib/python3.14/site-packages/requests/sessions.py", line 703, in send
    r = adapter.send(request, **kwargs)
  File "/usr/local/lib/python3.14/site-packages/requests/adapters.py", line 677, in send
    raise ConnectionError(e, request=request)
requests.exceptions.ConnectionError: HTTPConnectionPool(host='localhost', port=8082): Max retries exceeded with url: /v1/documents (Caused by NewConnectionError("HTTPConnection(host='localhost', port=8082): Failed to establish a new connection: [Errno 111] Connection refused"))
2026-02-27 16:45:51 | INFO     | --- batch 82/131 (16 files) ---
2026-02-27 16:45:51 | DEBUG    |   Files: CRR201232.pdf, CRR201233.pdf, CRR201234.pdf, CRR201235.pdf, CRR201236.pdf, CRR201237.pdf, CRR201238.pdf, CRR201239.pdf, CRR201240.pdf, CRR201241.pdf, CRR201242.pdf, CRR201243.pdf, CRR201244.pdf, CRR201245.pdf, CRR201246.pdf, CRR201247.pdf
2026-02-27 16:45:52 | ERROR    | ❌ batch 82/131 (16 files) failed: HTTPConnectionPool(host='localhost', port=8082): Max retries exceeded with url: /v1/documents (Caused by NewConnectionError("HTTPConnection(host='localhost', port=8082): Failed to establish a new connection: [Errno 111] Connection refused"))
Traceback (most recent call last):
  File "/usr/local/lib/python3.14/site-packages/urllib3/connection.py", line 204, in _new_conn
    sock = connection.create_connection(
        (self._dns_host, self.port),
    ...<2 lines>...
        socket_options=self.socket_options,
    )
  File "/usr/local/lib/python3.14/site-packages/urllib3/util/connection.py", line 85, in create_connection
    raise err
  File "/usr/local/lib/python3.14/site-packages/urllib3/util/connection.py", line 73, in create_connection
    sock.connect(sa)
    ~~~~~~~~~~~~^^^^
ConnectionRefusedError: [Errno 111] Connection refused

The above exception was the direct cause of the following exception:

Traceback (most recent call last):
  File "/usr/local/lib/python3.14/site-packages/urllib3/connectionpool.py", line 787, in urlopen
    response = self._make_request(
        conn,
    ...<10 lines>...
        **response_kw,
    )
  File "/usr/local/lib/python3.14/site-packages/urllib3/connectionpool.py", line 493, in _make_request
    conn.request(
    ~~~~~~~~~~~~^
        method,
        ^^^^^^^
    ...<6 lines>...
        enforce_content_length=enforce_content_length,
        ^^^^^^^^^^^^^^^^^^^^^^^^^^^^^^^^^^^^^^^^^^^^^^
    )
    ^
  File "/usr/local/lib/python3.14/site-packages/urllib3/connection.py", line 500, in request
    self.endheaders()
    ~~~~~~~~~~~~~~~^^
  File "/usr/local/lib/python3.14/http/client.py", line 1353, in endheaders
    self._send_output(message_body, encode_chunked=encode_chunked)
    ~~~~~~~~~~~~~~~~~^^^^^^^^^^^^^^^^^^^^^^^^^^^^^^^^^^^^^^^^^^^^^
  File "/usr/local/lib/python3.14/http/client.py", line 1113, in _send_output
    self.send(msg)
    ~~~~~~~~~^^^^^
  File "/usr/local/lib/python3.14/http/client.py", line 1057, in send
    self.connect()
    ~~~~~~~~~~~~^^
  File "/usr/local/lib/python3.14/site-packages/urllib3/connection.py", line 331, in connect
    self.sock = self._new_conn()
                ~~~~~~~~~~~~~~^^
  File "/usr/local/lib/python3.14/site-packages/urllib3/connection.py", line 219, in _new_conn
    raise NewConnectionError(
        self, f"Failed to establish a new connection: {e}"
    ) from e
urllib3.exceptions.NewConnectionError: HTTPConnection(host='localhost', port=8082): Failed to establish a new connection: [Errno 111] Connection refused

The above exception was the direct cause of the following exception:

Traceback (most recent call last):
  File "/usr/local/lib/python3.14/site-packages/requests/adapters.py", line 644, in send
    resp = conn.urlopen(
        method=request.method,
    ...<9 lines>...
        chunked=chunked,
    )
  File "/usr/local/lib/python3.14/site-packages/urllib3/connectionpool.py", line 841, in urlopen
    retries = retries.increment(
        method, url, error=new_e, _pool=self, _stacktrace=sys.exc_info()[2]
    )
  File "/usr/local/lib/python3.14/site-packages/urllib3/util/retry.py", line 535, in increment
    raise MaxRetryError(_pool, url, reason) from reason  # type: ignore[arg-type]
    ^^^^^^^^^^^^^^^^^^^^^^^^^^^^^^^^^^^^^^^^^^^^^^^^^^^
urllib3.exceptions.MaxRetryError: HTTPConnectionPool(host='localhost', port=8082): Max retries exceeded with url: /v1/documents (Caused by NewConnectionError("HTTPConnection(host='localhost', port=8082): Failed to establish a new connection: [Errno 111] Connection refused"))

During handling of the above exception, another exception occurred:

Traceback (most recent call last):
  File "/u/bglq/projects/rag/rag-refactor/deploy/singularity/scripts/ingest_collections.py", line 446, in ingest_collection
    task_id = client.upload_batch(batch, result.collection_name, chunk_size, chunk_overlap)
  File "/u/bglq/projects/rag/rag-refactor/deploy/singularity/scripts/ingest_collections.py", line 282, in upload_batch
    resp = requests.post(url, files=files_form, timeout=300)
  File "/usr/local/lib/python3.14/site-packages/requests/api.py", line 115, in post
    return request("post", url, data=data, json=json, **kwargs)
  File "/usr/local/lib/python3.14/site-packages/requests/api.py", line 59, in request
    return session.request(method=method, url=url, **kwargs)
           ~~~~~~~~~~~~~~~^^^^^^^^^^^^^^^^^^^^^^^^^^^^^^^^^^
  File "/usr/local/lib/python3.14/site-packages/requests/sessions.py", line 589, in request
    resp = self.send(prep, **send_kwargs)
  File "/usr/local/lib/python3.14/site-packages/requests/sessions.py", line 703, in send
    r = adapter.send(request, **kwargs)
  File "/usr/local/lib/python3.14/site-packages/requests/adapters.py", line 677, in send
    raise ConnectionError(e, request=request)
requests.exceptions.ConnectionError: HTTPConnectionPool(host='localhost', port=8082): Max retries exceeded with url: /v1/documents (Caused by NewConnectionError("HTTPConnection(host='localhost', port=8082): Failed to establish a new connection: [Errno 111] Connection refused"))
2026-02-27 16:45:52 | INFO     | --- batch 83/131 (16 files) ---
2026-02-27 16:45:52 | DEBUG    |   Files: CRR201248.pdf, CRR201249.pdf, CRR201250.pdf, CRR201251.pdf, CRR201252.pdf, CRR201253.pdf, CRR201254.pdf, CRR201255.pdf, CRR201256.pdf, CRR201257.pdf, CRR201258.pdf, CRR201259.pdf, CRR201260.pdf, CRR201261.pdf, CRR201262.pdf, CRR201263.pdf
2026-02-27 16:45:52 | ERROR    | ❌ batch 83/131 (16 files) failed: HTTPConnectionPool(host='localhost', port=8082): Max retries exceeded with url: /v1/documents (Caused by NewConnectionError("HTTPConnection(host='localhost', port=8082): Failed to establish a new connection: [Errno 111] Connection refused"))
Traceback (most recent call last):
  File "/usr/local/lib/python3.14/site-packages/urllib3/connection.py", line 204, in _new_conn
    sock = connection.create_connection(
        (self._dns_host, self.port),
    ...<2 lines>...
        socket_options=self.socket_options,
    )
  File "/usr/local/lib/python3.14/site-packages/urllib3/util/connection.py", line 85, in create_connection
    raise err
  File "/usr/local/lib/python3.14/site-packages/urllib3/util/connection.py", line 73, in create_connection
    sock.connect(sa)
    ~~~~~~~~~~~~^^^^
ConnectionRefusedError: [Errno 111] Connection refused

The above exception was the direct cause of the following exception:

Traceback (most recent call last):
  File "/usr/local/lib/python3.14/site-packages/urllib3/connectionpool.py", line 787, in urlopen
    response = self._make_request(
        conn,
    ...<10 lines>...
        **response_kw,
    )
  File "/usr/local/lib/python3.14/site-packages/urllib3/connectionpool.py", line 493, in _make_request
    conn.request(
    ~~~~~~~~~~~~^
        method,
        ^^^^^^^
    ...<6 lines>...
        enforce_content_length=enforce_content_length,
        ^^^^^^^^^^^^^^^^^^^^^^^^^^^^^^^^^^^^^^^^^^^^^^
    )
    ^
  File "/usr/local/lib/python3.14/site-packages/urllib3/connection.py", line 500, in request
    self.endheaders()
    ~~~~~~~~~~~~~~~^^
  File "/usr/local/lib/python3.14/http/client.py", line 1353, in endheaders
    self._send_output(message_body, encode_chunked=encode_chunked)
    ~~~~~~~~~~~~~~~~~^^^^^^^^^^^^^^^^^^^^^^^^^^^^^^^^^^^^^^^^^^^^^
  File "/usr/local/lib/python3.14/http/client.py", line 1113, in _send_output
    self.send(msg)
    ~~~~~~~~~^^^^^
  File "/usr/local/lib/python3.14/http/client.py", line 1057, in send
    self.connect()
    ~~~~~~~~~~~~^^
  File "/usr/local/lib/python3.14/site-packages/urllib3/connection.py", line 331, in connect
    self.sock = self._new_conn()
                ~~~~~~~~~~~~~~^^
  File "/usr/local/lib/python3.14/site-packages/urllib3/connection.py", line 219, in _new_conn
    raise NewConnectionError(
        self, f"Failed to establish a new connection: {e}"
    ) from e
urllib3.exceptions.NewConnectionError: HTTPConnection(host='localhost', port=8082): Failed to establish a new connection: [Errno 111] Connection refused

The above exception was the direct cause of the following exception:

Traceback (most recent call last):
  File "/usr/local/lib/python3.14/site-packages/requests/adapters.py", line 644, in send
    resp = conn.urlopen(
        method=request.method,
    ...<9 lines>...
        chunked=chunked,
    )
  File "/usr/local/lib/python3.14/site-packages/urllib3/connectionpool.py", line 841, in urlopen
    retries = retries.increment(
        method, url, error=new_e, _pool=self, _stacktrace=sys.exc_info()[2]
    )
  File "/usr/local/lib/python3.14/site-packages/urllib3/util/retry.py", line 535, in increment
    raise MaxRetryError(_pool, url, reason) from reason  # type: ignore[arg-type]
    ^^^^^^^^^^^^^^^^^^^^^^^^^^^^^^^^^^^^^^^^^^^^^^^^^^^
urllib3.exceptions.MaxRetryError: HTTPConnectionPool(host='localhost', port=8082): Max retries exceeded with url: /v1/documents (Caused by NewConnectionError("HTTPConnection(host='localhost', port=8082): Failed to establish a new connection: [Errno 111] Connection refused"))

During handling of the above exception, another exception occurred:

Traceback (most recent call last):
  File "/u/bglq/projects/rag/rag-refactor/deploy/singularity/scripts/ingest_collections.py", line 446, in ingest_collection
    task_id = client.upload_batch(batch, result.collection_name, chunk_size, chunk_overlap)
  File "/u/bglq/projects/rag/rag-refactor/deploy/singularity/scripts/ingest_collections.py", line 282, in upload_batch
    resp = requests.post(url, files=files_form, timeout=300)
  File "/usr/local/lib/python3.14/site-packages/requests/api.py", line 115, in post
    return request("post", url, data=data, json=json, **kwargs)
  File "/usr/local/lib/python3.14/site-packages/requests/api.py", line 59, in request
    return session.request(method=method, url=url, **kwargs)
           ~~~~~~~~~~~~~~~^^^^^^^^^^^^^^^^^^^^^^^^^^^^^^^^^^
  File "/usr/local/lib/python3.14/site-packages/requests/sessions.py", line 589, in request
    resp = self.send(prep, **send_kwargs)
  File "/usr/local/lib/python3.14/site-packages/requests/sessions.py", line 703, in send
    r = adapter.send(request, **kwargs)
  File "/usr/local/lib/python3.14/site-packages/requests/adapters.py", line 677, in send
    raise ConnectionError(e, request=request)
requests.exceptions.ConnectionError: HTTPConnectionPool(host='localhost', port=8082): Max retries exceeded with url: /v1/documents (Caused by NewConnectionError("HTTPConnection(host='localhost', port=8082): Failed to establish a new connection: [Errno 111] Connection refused"))
2026-02-27 16:45:52 | INFO     | --- batch 84/131 (16 files) ---
2026-02-27 16:45:52 | DEBUG    |   Files: CRR201264.pdf, CRR201265.pdf, CRR201266.pdf, CRR201267.pdf, CRR201268.pdf, CRR201269.pdf, CRR201270.pdf, CRR201271.pdf, CRR201272.pdf, CRR201273.pdf, CRR201274.pdf, CRR201275.pdf, CRR201276.pdf, CRR201277.pdf, CRR201278.pdf, CRR201279.pdf
2026-02-27 16:45:52 | ERROR    | ❌ batch 84/131 (16 files) failed: HTTPConnectionPool(host='localhost', port=8082): Max retries exceeded with url: /v1/documents (Caused by NewConnectionError("HTTPConnection(host='localhost', port=8082): Failed to establish a new connection: [Errno 111] Connection refused"))
Traceback (most recent call last):
  File "/usr/local/lib/python3.14/site-packages/urllib3/connection.py", line 204, in _new_conn
    sock = connection.create_connection(
        (self._dns_host, self.port),
    ...<2 lines>...
        socket_options=self.socket_options,
    )
  File "/usr/local/lib/python3.14/site-packages/urllib3/util/connection.py", line 85, in create_connection
    raise err
  File "/usr/local/lib/python3.14/site-packages/urllib3/util/connection.py", line 73, in create_connection
    sock.connect(sa)
    ~~~~~~~~~~~~^^^^
ConnectionRefusedError: [Errno 111] Connection refused

The above exception was the direct cause of the following exception:

Traceback (most recent call last):
  File "/usr/local/lib/python3.14/site-packages/urllib3/connectionpool.py", line 787, in urlopen
    response = self._make_request(
        conn,
    ...<10 lines>...
        **response_kw,
    )
  File "/usr/local/lib/python3.14/site-packages/urllib3/connectionpool.py", line 493, in _make_request
    conn.request(
    ~~~~~~~~~~~~^
        method,
        ^^^^^^^
    ...<6 lines>...
        enforce_content_length=enforce_content_length,
        ^^^^^^^^^^^^^^^^^^^^^^^^^^^^^^^^^^^^^^^^^^^^^^
    )
    ^
  File "/usr/local/lib/python3.14/site-packages/urllib3/connection.py", line 500, in request
    self.endheaders()
    ~~~~~~~~~~~~~~~^^
  File "/usr/local/lib/python3.14/http/client.py", line 1353, in endheaders
    self._send_output(message_body, encode_chunked=encode_chunked)
    ~~~~~~~~~~~~~~~~~^^^^^^^^^^^^^^^^^^^^^^^^^^^^^^^^^^^^^^^^^^^^^
  File "/usr/local/lib/python3.14/http/client.py", line 1113, in _send_output
    self.send(msg)
    ~~~~~~~~~^^^^^
  File "/usr/local/lib/python3.14/http/client.py", line 1057, in send
    self.connect()
    ~~~~~~~~~~~~^^
  File "/usr/local/lib/python3.14/site-packages/urllib3/connection.py", line 331, in connect
    self.sock = self._new_conn()
                ~~~~~~~~~~~~~~^^
  File "/usr/local/lib/python3.14/site-packages/urllib3/connection.py", line 219, in _new_conn
    raise NewConnectionError(
        self, f"Failed to establish a new connection: {e}"
    ) from e
urllib3.exceptions.NewConnectionError: HTTPConnection(host='localhost', port=8082): Failed to establish a new connection: [Errno 111] Connection refused

The above exception was the direct cause of the following exception:

Traceback (most recent call last):
  File "/usr/local/lib/python3.14/site-packages/requests/adapters.py", line 644, in send
    resp = conn.urlopen(
        method=request.method,
    ...<9 lines>...
        chunked=chunked,
    )
  File "/usr/local/lib/python3.14/site-packages/urllib3/connectionpool.py", line 841, in urlopen
    retries = retries.increment(
        method, url, error=new_e, _pool=self, _stacktrace=sys.exc_info()[2]
    )
  File "/usr/local/lib/python3.14/site-packages/urllib3/util/retry.py", line 535, in increment
    raise MaxRetryError(_pool, url, reason) from reason  # type: ignore[arg-type]
    ^^^^^^^^^^^^^^^^^^^^^^^^^^^^^^^^^^^^^^^^^^^^^^^^^^^
urllib3.exceptions.MaxRetryError: HTTPConnectionPool(host='localhost', port=8082): Max retries exceeded with url: /v1/documents (Caused by NewConnectionError("HTTPConnection(host='localhost', port=8082): Failed to establish a new connection: [Errno 111] Connection refused"))

During handling of the above exception, another exception occurred:

Traceback (most recent call last):
  File "/u/bglq/projects/rag/rag-refactor/deploy/singularity/scripts/ingest_collections.py", line 446, in ingest_collection
    task_id = client.upload_batch(batch, result.collection_name, chunk_size, chunk_overlap)
  File "/u/bglq/projects/rag/rag-refactor/deploy/singularity/scripts/ingest_collections.py", line 282, in upload_batch
    resp = requests.post(url, files=files_form, timeout=300)
  File "/usr/local/lib/python3.14/site-packages/requests/api.py", line 115, in post
    return request("post", url, data=data, json=json, **kwargs)
  File "/usr/local/lib/python3.14/site-packages/requests/api.py", line 59, in request
    return session.request(method=method, url=url, **kwargs)
           ~~~~~~~~~~~~~~~^^^^^^^^^^^^^^^^^^^^^^^^^^^^^^^^^^
  File "/usr/local/lib/python3.14/site-packages/requests/sessions.py", line 589, in request
    resp = self.send(prep, **send_kwargs)
  File "/usr/local/lib/python3.14/site-packages/requests/sessions.py", line 703, in send
    r = adapter.send(request, **kwargs)
  File "/usr/local/lib/python3.14/site-packages/requests/adapters.py", line 677, in send
    raise ConnectionError(e, request=request)
requests.exceptions.ConnectionError: HTTPConnectionPool(host='localhost', port=8082): Max retries exceeded with url: /v1/documents (Caused by NewConnectionError("HTTPConnection(host='localhost', port=8082): Failed to establish a new connection: [Errno 111] Connection refused"))
2026-02-27 16:45:52 | INFO     | --- batch 85/131 (16 files) ---
2026-02-27 16:45:52 | DEBUG    |   Files: CRR201280.pdf, CRR201281.pdf, CRR201282.pdf, CRR201283.pdf, CRR201284.pdf, CRR201285.pdf, SummaryBook2012.pdf, CRR201301.pdf, CRR201302.pdf, CRR201303.pdf, CRR201304.pdf, CRR201305.pdf, CRR201306.pdf, CRR201307.pdf, CRR201308.pdf, CRR201309.pdf
2026-02-27 16:45:53 | ERROR    | ❌ batch 85/131 (16 files) failed: HTTPConnectionPool(host='localhost', port=8082): Max retries exceeded with url: /v1/documents (Caused by NewConnectionError("HTTPConnection(host='localhost', port=8082): Failed to establish a new connection: [Errno 111] Connection refused"))
Traceback (most recent call last):
  File "/usr/local/lib/python3.14/site-packages/urllib3/connection.py", line 204, in _new_conn
    sock = connection.create_connection(
        (self._dns_host, self.port),
    ...<2 lines>...
        socket_options=self.socket_options,
    )
  File "/usr/local/lib/python3.14/site-packages/urllib3/util/connection.py", line 85, in create_connection
    raise err
  File "/usr/local/lib/python3.14/site-packages/urllib3/util/connection.py", line 73, in create_connection
    sock.connect(sa)
    ~~~~~~~~~~~~^^^^
ConnectionRefusedError: [Errno 111] Connection refused

The above exception was the direct cause of the following exception:

Traceback (most recent call last):
  File "/usr/local/lib/python3.14/site-packages/urllib3/connectionpool.py", line 787, in urlopen
    response = self._make_request(
        conn,
    ...<10 lines>...
        **response_kw,
    )
  File "/usr/local/lib/python3.14/site-packages/urllib3/connectionpool.py", line 493, in _make_request
    conn.request(
    ~~~~~~~~~~~~^
        method,
        ^^^^^^^
    ...<6 lines>...
        enforce_content_length=enforce_content_length,
        ^^^^^^^^^^^^^^^^^^^^^^^^^^^^^^^^^^^^^^^^^^^^^^
    )
    ^
  File "/usr/local/lib/python3.14/site-packages/urllib3/connection.py", line 500, in request
    self.endheaders()
    ~~~~~~~~~~~~~~~^^
  File "/usr/local/lib/python3.14/http/client.py", line 1353, in endheaders
    self._send_output(message_body, encode_chunked=encode_chunked)
    ~~~~~~~~~~~~~~~~~^^^^^^^^^^^^^^^^^^^^^^^^^^^^^^^^^^^^^^^^^^^^^
  File "/usr/local/lib/python3.14/http/client.py", line 1113, in _send_output
    self.send(msg)
    ~~~~~~~~~^^^^^
  File "/usr/local/lib/python3.14/http/client.py", line 1057, in send
    self.connect()
    ~~~~~~~~~~~~^^
  File "/usr/local/lib/python3.14/site-packages/urllib3/connection.py", line 331, in connect
    self.sock = self._new_conn()
                ~~~~~~~~~~~~~~^^
  File "/usr/local/lib/python3.14/site-packages/urllib3/connection.py", line 219, in _new_conn
    raise NewConnectionError(
        self, f"Failed to establish a new connection: {e}"
    ) from e
urllib3.exceptions.NewConnectionError: HTTPConnection(host='localhost', port=8082): Failed to establish a new connection: [Errno 111] Connection refused

The above exception was the direct cause of the following exception:

Traceback (most recent call last):
  File "/usr/local/lib/python3.14/site-packages/requests/adapters.py", line 644, in send
    resp = conn.urlopen(
        method=request.method,
    ...<9 lines>...
        chunked=chunked,
    )
  File "/usr/local/lib/python3.14/site-packages/urllib3/connectionpool.py", line 841, in urlopen
    retries = retries.increment(
        method, url, error=new_e, _pool=self, _stacktrace=sys.exc_info()[2]
    )
  File "/usr/local/lib/python3.14/site-packages/urllib3/util/retry.py", line 535, in increment
    raise MaxRetryError(_pool, url, reason) from reason  # type: ignore[arg-type]
    ^^^^^^^^^^^^^^^^^^^^^^^^^^^^^^^^^^^^^^^^^^^^^^^^^^^
urllib3.exceptions.MaxRetryError: HTTPConnectionPool(host='localhost', port=8082): Max retries exceeded with url: /v1/documents (Caused by NewConnectionError("HTTPConnection(host='localhost', port=8082): Failed to establish a new connection: [Errno 111] Connection refused"))

During handling of the above exception, another exception occurred:

Traceback (most recent call last):
  File "/u/bglq/projects/rag/rag-refactor/deploy/singularity/scripts/ingest_collections.py", line 446, in ingest_collection
    task_id = client.upload_batch(batch, result.collection_name, chunk_size, chunk_overlap)
  File "/u/bglq/projects/rag/rag-refactor/deploy/singularity/scripts/ingest_collections.py", line 282, in upload_batch
    resp = requests.post(url, files=files_form, timeout=300)
  File "/usr/local/lib/python3.14/site-packages/requests/api.py", line 115, in post
    return request("post", url, data=data, json=json, **kwargs)
  File "/usr/local/lib/python3.14/site-packages/requests/api.py", line 59, in request
    return session.request(method=method, url=url, **kwargs)
           ~~~~~~~~~~~~~~~^^^^^^^^^^^^^^^^^^^^^^^^^^^^^^^^^^
  File "/usr/local/lib/python3.14/site-packages/requests/sessions.py", line 589, in request
    resp = self.send(prep, **send_kwargs)
  File "/usr/local/lib/python3.14/site-packages/requests/sessions.py", line 703, in send
    r = adapter.send(request, **kwargs)
  File "/usr/local/lib/python3.14/site-packages/requests/adapters.py", line 677, in send
    raise ConnectionError(e, request=request)
requests.exceptions.ConnectionError: HTTPConnectionPool(host='localhost', port=8082): Max retries exceeded with url: /v1/documents (Caused by NewConnectionError("HTTPConnection(host='localhost', port=8082): Failed to establish a new connection: [Errno 111] Connection refused"))
2026-02-27 16:45:53 | INFO     | --- batch 86/131 (16 files) ---
2026-02-27 16:45:53 | DEBUG    |   Files: CRR201310.pdf, CRR201311.pdf, CRR201312.pdf, CRR201313.pdf, CRR201314.pdf, CRR201315.pdf, CRR201316.pdf, CRR201317.pdf, CRR201318.pdf, CRR201319.pdf, CRR201320.pdf, CRR201321.pdf, CRR201322.pdf, CRR201323.pdf, CRR201324.pdf, CRR201325.pdf
2026-02-27 16:45:54 | ERROR    | ❌ batch 86/131 (16 files) failed: HTTPConnectionPool(host='localhost', port=8082): Max retries exceeded with url: /v1/documents (Caused by NewConnectionError("HTTPConnection(host='localhost', port=8082): Failed to establish a new connection: [Errno 111] Connection refused"))
Traceback (most recent call last):
  File "/usr/local/lib/python3.14/site-packages/urllib3/connection.py", line 204, in _new_conn
    sock = connection.create_connection(
        (self._dns_host, self.port),
    ...<2 lines>...
        socket_options=self.socket_options,
    )
  File "/usr/local/lib/python3.14/site-packages/urllib3/util/connection.py", line 85, in create_connection
    raise err
  File "/usr/local/lib/python3.14/site-packages/urllib3/util/connection.py", line 73, in create_connection
    sock.connect(sa)
    ~~~~~~~~~~~~^^^^
ConnectionRefusedError: [Errno 111] Connection refused

The above exception was the direct cause of the following exception:

Traceback (most recent call last):
  File "/usr/local/lib/python3.14/site-packages/urllib3/connectionpool.py", line 787, in urlopen
    response = self._make_request(
        conn,
    ...<10 lines>...
        **response_kw,
    )
  File "/usr/local/lib/python3.14/site-packages/urllib3/connectionpool.py", line 493, in _make_request
    conn.request(
    ~~~~~~~~~~~~^
        method,
        ^^^^^^^
    ...<6 lines>...
        enforce_content_length=enforce_content_length,
        ^^^^^^^^^^^^^^^^^^^^^^^^^^^^^^^^^^^^^^^^^^^^^^
    )
    ^
  File "/usr/local/lib/python3.14/site-packages/urllib3/connection.py", line 500, in request
    self.endheaders()
    ~~~~~~~~~~~~~~~^^
  File "/usr/local/lib/python3.14/http/client.py", line 1353, in endheaders
    self._send_output(message_body, encode_chunked=encode_chunked)
    ~~~~~~~~~~~~~~~~~^^^^^^^^^^^^^^^^^^^^^^^^^^^^^^^^^^^^^^^^^^^^^
  File "/usr/local/lib/python3.14/http/client.py", line 1113, in _send_output
    self.send(msg)
    ~~~~~~~~~^^^^^
  File "/usr/local/lib/python3.14/http/client.py", line 1057, in send
    self.connect()
    ~~~~~~~~~~~~^^
  File "/usr/local/lib/python3.14/site-packages/urllib3/connection.py", line 331, in connect
    self.sock = self._new_conn()
                ~~~~~~~~~~~~~~^^
  File "/usr/local/lib/python3.14/site-packages/urllib3/connection.py", line 219, in _new_conn
    raise NewConnectionError(
        self, f"Failed to establish a new connection: {e}"
    ) from e
urllib3.exceptions.NewConnectionError: HTTPConnection(host='localhost', port=8082): Failed to establish a new connection: [Errno 111] Connection refused

The above exception was the direct cause of the following exception:

Traceback (most recent call last):
  File "/usr/local/lib/python3.14/site-packages/requests/adapters.py", line 644, in send
    resp = conn.urlopen(
        method=request.method,
    ...<9 lines>...
        chunked=chunked,
    )
  File "/usr/local/lib/python3.14/site-packages/urllib3/connectionpool.py", line 841, in urlopen
    retries = retries.increment(
        method, url, error=new_e, _pool=self, _stacktrace=sys.exc_info()[2]
    )
  File "/usr/local/lib/python3.14/site-packages/urllib3/util/retry.py", line 535, in increment
    raise MaxRetryError(_pool, url, reason) from reason  # type: ignore[arg-type]
    ^^^^^^^^^^^^^^^^^^^^^^^^^^^^^^^^^^^^^^^^^^^^^^^^^^^
urllib3.exceptions.MaxRetryError: HTTPConnectionPool(host='localhost', port=8082): Max retries exceeded with url: /v1/documents (Caused by NewConnectionError("HTTPConnection(host='localhost', port=8082): Failed to establish a new connection: [Errno 111] Connection refused"))

During handling of the above exception, another exception occurred:

Traceback (most recent call last):
  File "/u/bglq/projects/rag/rag-refactor/deploy/singularity/scripts/ingest_collections.py", line 446, in ingest_collection
    task_id = client.upload_batch(batch, result.collection_name, chunk_size, chunk_overlap)
  File "/u/bglq/projects/rag/rag-refactor/deploy/singularity/scripts/ingest_collections.py", line 282, in upload_batch
    resp = requests.post(url, files=files_form, timeout=300)
  File "/usr/local/lib/python3.14/site-packages/requests/api.py", line 115, in post
    return request("post", url, data=data, json=json, **kwargs)
  File "/usr/local/lib/python3.14/site-packages/requests/api.py", line 59, in request
    return session.request(method=method, url=url, **kwargs)
           ~~~~~~~~~~~~~~~^^^^^^^^^^^^^^^^^^^^^^^^^^^^^^^^^^
  File "/usr/local/lib/python3.14/site-packages/requests/sessions.py", line 589, in request
    resp = self.send(prep, **send_kwargs)
  File "/usr/local/lib/python3.14/site-packages/requests/sessions.py", line 703, in send
    r = adapter.send(request, **kwargs)
  File "/usr/local/lib/python3.14/site-packages/requests/adapters.py", line 677, in send
    raise ConnectionError(e, request=request)
requests.exceptions.ConnectionError: HTTPConnectionPool(host='localhost', port=8082): Max retries exceeded with url: /v1/documents (Caused by NewConnectionError("HTTPConnection(host='localhost', port=8082): Failed to establish a new connection: [Errno 111] Connection refused"))
2026-02-27 16:45:54 | INFO     | --- batch 87/131 (16 files) ---
2026-02-27 16:45:54 | DEBUG    |   Files: CRR201326.pdf, CRR201327.pdf, CRR201328.pdf, CRR201329.pdf, CRR201330.pdf, CRR201331.pdf, CRR201332.pdf, CRR201333.pdf, CRR201334.pdf, CRR201335.pdf, CRR201336.pdf, CRR201337.pdf, CRR201338.pdf, CRR201339.pdf, CRR201340.pdf, CRR201341.pdf
2026-02-27 16:45:55 | ERROR    | ❌ batch 87/131 (16 files) failed: HTTPConnectionPool(host='localhost', port=8082): Max retries exceeded with url: /v1/documents (Caused by NewConnectionError("HTTPConnection(host='localhost', port=8082): Failed to establish a new connection: [Errno 111] Connection refused"))
Traceback (most recent call last):
  File "/usr/local/lib/python3.14/site-packages/urllib3/connection.py", line 204, in _new_conn
    sock = connection.create_connection(
        (self._dns_host, self.port),
    ...<2 lines>...
        socket_options=self.socket_options,
    )
  File "/usr/local/lib/python3.14/site-packages/urllib3/util/connection.py", line 85, in create_connection
    raise err
  File "/usr/local/lib/python3.14/site-packages/urllib3/util/connection.py", line 73, in create_connection
    sock.connect(sa)
    ~~~~~~~~~~~~^^^^
ConnectionRefusedError: [Errno 111] Connection refused

The above exception was the direct cause of the following exception:

Traceback (most recent call last):
  File "/usr/local/lib/python3.14/site-packages/urllib3/connectionpool.py", line 787, in urlopen
    response = self._make_request(
        conn,
    ...<10 lines>...
        **response_kw,
    )
  File "/usr/local/lib/python3.14/site-packages/urllib3/connectionpool.py", line 493, in _make_request
    conn.request(
    ~~~~~~~~~~~~^
        method,
        ^^^^^^^
    ...<6 lines>...
        enforce_content_length=enforce_content_length,
        ^^^^^^^^^^^^^^^^^^^^^^^^^^^^^^^^^^^^^^^^^^^^^^
    )
    ^
  File "/usr/local/lib/python3.14/site-packages/urllib3/connection.py", line 500, in request
    self.endheaders()
    ~~~~~~~~~~~~~~~^^
  File "/usr/local/lib/python3.14/http/client.py", line 1353, in endheaders
    self._send_output(message_body, encode_chunked=encode_chunked)
    ~~~~~~~~~~~~~~~~~^^^^^^^^^^^^^^^^^^^^^^^^^^^^^^^^^^^^^^^^^^^^^
  File "/usr/local/lib/python3.14/http/client.py", line 1113, in _send_output
    self.send(msg)
    ~~~~~~~~~^^^^^
  File "/usr/local/lib/python3.14/http/client.py", line 1057, in send
    self.connect()
    ~~~~~~~~~~~~^^
  File "/usr/local/lib/python3.14/site-packages/urllib3/connection.py", line 331, in connect
    self.sock = self._new_conn()
                ~~~~~~~~~~~~~~^^
  File "/usr/local/lib/python3.14/site-packages/urllib3/connection.py", line 219, in _new_conn
    raise NewConnectionError(
        self, f"Failed to establish a new connection: {e}"
    ) from e
urllib3.exceptions.NewConnectionError: HTTPConnection(host='localhost', port=8082): Failed to establish a new connection: [Errno 111] Connection refused

The above exception was the direct cause of the following exception:

Traceback (most recent call last):
  File "/usr/local/lib/python3.14/site-packages/requests/adapters.py", line 644, in send
    resp = conn.urlopen(
        method=request.method,
    ...<9 lines>...
        chunked=chunked,
    )
  File "/usr/local/lib/python3.14/site-packages/urllib3/connectionpool.py", line 841, in urlopen
    retries = retries.increment(
        method, url, error=new_e, _pool=self, _stacktrace=sys.exc_info()[2]
    )
  File "/usr/local/lib/python3.14/site-packages/urllib3/util/retry.py", line 535, in increment
    raise MaxRetryError(_pool, url, reason) from reason  # type: ignore[arg-type]
    ^^^^^^^^^^^^^^^^^^^^^^^^^^^^^^^^^^^^^^^^^^^^^^^^^^^
urllib3.exceptions.MaxRetryError: HTTPConnectionPool(host='localhost', port=8082): Max retries exceeded with url: /v1/documents (Caused by NewConnectionError("HTTPConnection(host='localhost', port=8082): Failed to establish a new connection: [Errno 111] Connection refused"))

During handling of the above exception, another exception occurred:

Traceback (most recent call last):
  File "/u/bglq/projects/rag/rag-refactor/deploy/singularity/scripts/ingest_collections.py", line 446, in ingest_collection
    task_id = client.upload_batch(batch, result.collection_name, chunk_size, chunk_overlap)
  File "/u/bglq/projects/rag/rag-refactor/deploy/singularity/scripts/ingest_collections.py", line 282, in upload_batch
    resp = requests.post(url, files=files_form, timeout=300)
  File "/usr/local/lib/python3.14/site-packages/requests/api.py", line 115, in post
    return request("post", url, data=data, json=json, **kwargs)
  File "/usr/local/lib/python3.14/site-packages/requests/api.py", line 59, in request
    return session.request(method=method, url=url, **kwargs)
           ~~~~~~~~~~~~~~~^^^^^^^^^^^^^^^^^^^^^^^^^^^^^^^^^^
  File "/usr/local/lib/python3.14/site-packages/requests/sessions.py", line 589, in request
    resp = self.send(prep, **send_kwargs)
  File "/usr/local/lib/python3.14/site-packages/requests/sessions.py", line 703, in send
    r = adapter.send(request, **kwargs)
  File "/usr/local/lib/python3.14/site-packages/requests/adapters.py", line 677, in send
    raise ConnectionError(e, request=request)
requests.exceptions.ConnectionError: HTTPConnectionPool(host='localhost', port=8082): Max retries exceeded with url: /v1/documents (Caused by NewConnectionError("HTTPConnection(host='localhost', port=8082): Failed to establish a new connection: [Errno 111] Connection refused"))
2026-02-27 16:45:55 | INFO     | --- batch 88/131 (16 files) ---
2026-02-27 16:45:55 | DEBUG    |   Files: CRR201342.pdf, CRR201343.pdf, CRR201344.pdf, CRR201345.pdf, CRR201346.pdf, CRR201347.pdf, CRR201348.pdf, CRR201349.pdf, CRR201350.pdf, CRR201351.pdf, CRR201352.pdf, CRR201353.pdf, CRR201354.pdf, CRR201355.pdf, CRR201356.pdf, CRR201357.pdf
