2026-02-27 16:45:25 | INFO     | === START  dir='/gaia/b04s/CONSORCIOS/CWP'  collection='CWP' ===
2026-02-27 16:45:25 | INFO     | Discovered 750 supported file(s)
2026-02-27 16:45:25 | WARNING  | create_collection error (may already exist): HTTPConnectionPool(host='localhost', port=8082): Max retries exceeded with url: /v1/collection (Caused by NewConnectionError("HTTPConnection(host='localhost', port=8082): Failed to establish a new connection: [Errno 111] Connection refused"))
2026-02-27 16:45:25 | WARNING  | list_documents failed — treating all files as new: HTTPConnectionPool(host='localhost', port=8082): Max retries exceeded with url: /v1/documents?collection_name=CWP (Caused by NewConnectionError("HTTPConnection(host='localhost', port=8082): Failed to establish a new connection: [Errno 111] Connection refused"))
2026-02-27 16:45:25 | INFO     | Classification: 750 new, 0 already present
2026-02-27 16:45:25 | INFO     | Uploading 47 batch(es) of up to 16 file(s) each
2026-02-27 16:45:25 | INFO     | --- batch 1/47 (16 files) ---
2026-02-27 16:45:25 | DEBUG    |   Files: 1-11_Rapstine_contactlessseismicacquisition.pdf, 2028.pdf, 37.pdf, 40.pdf, 41.pdf, 835.pdf, 838.pdf, 839.pdf, Aragao_Sava_CWP_927_Report_2019.pdf, Arora_Tsvankin_CWP_936_Report_2019.pdf, Bai_thesis_reduced.pdf, CWP-041_Bleistein_report.pdf, CWP-042_Gilliam&Hagin_report.pdf, CWP-043_Cohen&Bleistein.pdf, CWP-044_DeSanto_lecturenotes.pdf, CWP-045_Quist_report.pdf
2026-02-27 16:45:26 | ERROR    | ❌ batch 1/47 (16 files) failed: HTTPConnectionPool(host='localhost', port=8082): Max retries exceeded with url: /v1/documents (Caused by NewConnectionError("HTTPConnection(host='localhost', port=8082): Failed to establish a new connection: [Errno 111] Connection refused"))
Traceback (most recent call last):
  File "/usr/local/lib/python3.14/site-packages/urllib3/connection.py", line 204, in _new_conn
    sock = connection.create_connection(
        (self._dns_host, self.port),
    ...<2 lines>...
        socket_options=self.socket_options,
    )
  File "/usr/local/lib/python3.14/site-packages/urllib3/util/connection.py", line 85, in create_connection
    raise err
  File "/usr/local/lib/python3.14/site-packages/urllib3/util/connection.py", line 73, in create_connection
    sock.connect(sa)
    ~~~~~~~~~~~~^^^^
ConnectionRefusedError: [Errno 111] Connection refused

The above exception was the direct cause of the following exception:

Traceback (most recent call last):
  File "/usr/local/lib/python3.14/site-packages/urllib3/connectionpool.py", line 787, in urlopen
    response = self._make_request(
        conn,
    ...<10 lines>...
        **response_kw,
    )
  File "/usr/local/lib/python3.14/site-packages/urllib3/connectionpool.py", line 493, in _make_request
    conn.request(
    ~~~~~~~~~~~~^
        method,
        ^^^^^^^
    ...<6 lines>...
        enforce_content_length=enforce_content_length,
        ^^^^^^^^^^^^^^^^^^^^^^^^^^^^^^^^^^^^^^^^^^^^^^
    )
    ^
  File "/usr/local/lib/python3.14/site-packages/urllib3/connection.py", line 500, in request
    self.endheaders()
    ~~~~~~~~~~~~~~~^^
  File "/usr/local/lib/python3.14/http/client.py", line 1353, in endheaders
    self._send_output(message_body, encode_chunked=encode_chunked)
    ~~~~~~~~~~~~~~~~~^^^^^^^^^^^^^^^^^^^^^^^^^^^^^^^^^^^^^^^^^^^^^
  File "/usr/local/lib/python3.14/http/client.py", line 1113, in _send_output
    self.send(msg)
    ~~~~~~~~~^^^^^
  File "/usr/local/lib/python3.14/http/client.py", line 1057, in send
    self.connect()
    ~~~~~~~~~~~~^^
  File "/usr/local/lib/python3.14/site-packages/urllib3/connection.py", line 331, in connect
    self.sock = self._new_conn()
                ~~~~~~~~~~~~~~^^
  File "/usr/local/lib/python3.14/site-packages/urllib3/connection.py", line 219, in _new_conn
    raise NewConnectionError(
        self, f"Failed to establish a new connection: {e}"
    ) from e
urllib3.exceptions.NewConnectionError: HTTPConnection(host='localhost', port=8082): Failed to establish a new connection: [Errno 111] Connection refused

The above exception was the direct cause of the following exception:

Traceback (most recent call last):
  File "/usr/local/lib/python3.14/site-packages/requests/adapters.py", line 644, in send
    resp = conn.urlopen(
        method=request.method,
    ...<9 lines>...
        chunked=chunked,
    )
  File "/usr/local/lib/python3.14/site-packages/urllib3/connectionpool.py", line 841, in urlopen
    retries = retries.increment(
        method, url, error=new_e, _pool=self, _stacktrace=sys.exc_info()[2]
    )
  File "/usr/local/lib/python3.14/site-packages/urllib3/util/retry.py", line 535, in increment
    raise MaxRetryError(_pool, url, reason) from reason  # type: ignore[arg-type]
    ^^^^^^^^^^^^^^^^^^^^^^^^^^^^^^^^^^^^^^^^^^^^^^^^^^^
urllib3.exceptions.MaxRetryError: HTTPConnectionPool(host='localhost', port=8082): Max retries exceeded with url: /v1/documents (Caused by NewConnectionError("HTTPConnection(host='localhost', port=8082): Failed to establish a new connection: [Errno 111] Connection refused"))

During handling of the above exception, another exception occurred:

Traceback (most recent call last):
  File "/u/bglq/projects/rag/rag-refactor/deploy/singularity/scripts/ingest_collections.py", line 446, in ingest_collection
    task_id = client.upload_batch(batch, result.collection_name, chunk_size, chunk_overlap)
  File "/u/bglq/projects/rag/rag-refactor/deploy/singularity/scripts/ingest_collections.py", line 282, in upload_batch
    resp = requests.post(url, files=files_form, timeout=300)
  File "/usr/local/lib/python3.14/site-packages/requests/api.py", line 115, in post
    return request("post", url, data=data, json=json, **kwargs)
  File "/usr/local/lib/python3.14/site-packages/requests/api.py", line 59, in request
    return session.request(method=method, url=url, **kwargs)
           ~~~~~~~~~~~~~~~^^^^^^^^^^^^^^^^^^^^^^^^^^^^^^^^^^
  File "/usr/local/lib/python3.14/site-packages/requests/sessions.py", line 589, in request
    resp = self.send(prep, **send_kwargs)
  File "/usr/local/lib/python3.14/site-packages/requests/sessions.py", line 703, in send
    r = adapter.send(request, **kwargs)
  File "/usr/local/lib/python3.14/site-packages/requests/adapters.py", line 677, in send
    raise ConnectionError(e, request=request)
requests.exceptions.ConnectionError: HTTPConnectionPool(host='localhost', port=8082): Max retries exceeded with url: /v1/documents (Caused by NewConnectionError("HTTPConnection(host='localhost', port=8082): Failed to establish a new connection: [Errno 111] Connection refused"))
2026-02-27 16:45:26 | INFO     | --- batch 2/47 (16 files) ---
2026-02-27 16:45:26 | DEBUG    |   Files: CWP-046_Project_Review_1986.pdf, CWP-047_Kaczkowski_report.pdf, CWP-054_Sullivan_report.pdf, CWP-055_ProjectReview_1987.pdf, CWP-058_Bleistein_et_al.pdf, CWP-059_Zuver_PhDthesis.pdf, CWP-086_1989_Project_Review_reduced.pdf, CWP-091_Linda_Boden_PhDthesis_1989.pdf, CWP-092_Araya_Report_1989.pdf, CWP-1000_Yang_Shragge.pdf, CWP-1001_Almuteri_Shragge_Sava.pdf, CWP-1002_Almuteri_Sava_Shragge.pdf, CWP-1003_Saengduean_Snieder_Wakin.pdf, CWP-1004-Sethi.pdf, CWP-1005_Hafiz_Eileen.pdf, CWP-1006_Alzahrani_Shragge.pdf
2026-02-27 16:45:27 | ERROR    | ❌ batch 2/47 (16 files) failed: HTTPConnectionPool(host='localhost', port=8082): Max retries exceeded with url: /v1/documents (Caused by NewConnectionError("HTTPConnection(host='localhost', port=8082): Failed to establish a new connection: [Errno 111] Connection refused"))
Traceback (most recent call last):
  File "/usr/local/lib/python3.14/site-packages/urllib3/connection.py", line 204, in _new_conn
    sock = connection.create_connection(
        (self._dns_host, self.port),
    ...<2 lines>...
        socket_options=self.socket_options,
    )
  File "/usr/local/lib/python3.14/site-packages/urllib3/util/connection.py", line 85, in create_connection
    raise err
  File "/usr/local/lib/python3.14/site-packages/urllib3/util/connection.py", line 73, in create_connection
    sock.connect(sa)
    ~~~~~~~~~~~~^^^^
ConnectionRefusedError: [Errno 111] Connection refused

The above exception was the direct cause of the following exception:

Traceback (most recent call last):
  File "/usr/local/lib/python3.14/site-packages/urllib3/connectionpool.py", line 787, in urlopen
    response = self._make_request(
        conn,
    ...<10 lines>...
        **response_kw,
    )
  File "/usr/local/lib/python3.14/site-packages/urllib3/connectionpool.py", line 493, in _make_request
    conn.request(
    ~~~~~~~~~~~~^
        method,
        ^^^^^^^
    ...<6 lines>...
        enforce_content_length=enforce_content_length,
        ^^^^^^^^^^^^^^^^^^^^^^^^^^^^^^^^^^^^^^^^^^^^^^
    )
    ^
  File "/usr/local/lib/python3.14/site-packages/urllib3/connection.py", line 500, in request
    self.endheaders()
    ~~~~~~~~~~~~~~~^^
  File "/usr/local/lib/python3.14/http/client.py", line 1353, in endheaders
    self._send_output(message_body, encode_chunked=encode_chunked)
    ~~~~~~~~~~~~~~~~~^^^^^^^^^^^^^^^^^^^^^^^^^^^^^^^^^^^^^^^^^^^^^
  File "/usr/local/lib/python3.14/http/client.py", line 1113, in _send_output
    self.send(msg)
    ~~~~~~~~~^^^^^
  File "/usr/local/lib/python3.14/http/client.py", line 1057, in send
    self.connect()
    ~~~~~~~~~~~~^^
  File "/usr/local/lib/python3.14/site-packages/urllib3/connection.py", line 331, in connect
    self.sock = self._new_conn()
                ~~~~~~~~~~~~~~^^
  File "/usr/local/lib/python3.14/site-packages/urllib3/connection.py", line 219, in _new_conn
    raise NewConnectionError(
        self, f"Failed to establish a new connection: {e}"
    ) from e
urllib3.exceptions.NewConnectionError: HTTPConnection(host='localhost', port=8082): Failed to establish a new connection: [Errno 111] Connection refused

The above exception was the direct cause of the following exception:

Traceback (most recent call last):
  File "/usr/local/lib/python3.14/site-packages/requests/adapters.py", line 644, in send
    resp = conn.urlopen(
        method=request.method,
    ...<9 lines>...
        chunked=chunked,
    )
  File "/usr/local/lib/python3.14/site-packages/urllib3/connectionpool.py", line 841, in urlopen
    retries = retries.increment(
        method, url, error=new_e, _pool=self, _stacktrace=sys.exc_info()[2]
    )
  File "/usr/local/lib/python3.14/site-packages/urllib3/util/retry.py", line 535, in increment
    raise MaxRetryError(_pool, url, reason) from reason  # type: ignore[arg-type]
    ^^^^^^^^^^^^^^^^^^^^^^^^^^^^^^^^^^^^^^^^^^^^^^^^^^^
urllib3.exceptions.MaxRetryError: HTTPConnectionPool(host='localhost', port=8082): Max retries exceeded with url: /v1/documents (Caused by NewConnectionError("HTTPConnection(host='localhost', port=8082): Failed to establish a new connection: [Errno 111] Connection refused"))

During handling of the above exception, another exception occurred:

Traceback (most recent call last):
  File "/u/bglq/projects/rag/rag-refactor/deploy/singularity/scripts/ingest_collections.py", line 446, in ingest_collection
    task_id = client.upload_batch(batch, result.collection_name, chunk_size, chunk_overlap)
  File "/u/bglq/projects/rag/rag-refactor/deploy/singularity/scripts/ingest_collections.py", line 282, in upload_batch
    resp = requests.post(url, files=files_form, timeout=300)
  File "/usr/local/lib/python3.14/site-packages/requests/api.py", line 115, in post
    return request("post", url, data=data, json=json, **kwargs)
  File "/usr/local/lib/python3.14/site-packages/requests/api.py", line 59, in request
    return session.request(method=method, url=url, **kwargs)
           ~~~~~~~~~~~~~~~^^^^^^^^^^^^^^^^^^^^^^^^^^^^^^^^^^
  File "/usr/local/lib/python3.14/site-packages/requests/sessions.py", line 589, in request
    resp = self.send(prep, **send_kwargs)
  File "/usr/local/lib/python3.14/site-packages/requests/sessions.py", line 703, in send
    r = adapter.send(request, **kwargs)
  File "/usr/local/lib/python3.14/site-packages/requests/adapters.py", line 677, in send
    raise ConnectionError(e, request=request)
requests.exceptions.ConnectionError: HTTPConnectionPool(host='localhost', port=8082): Max retries exceeded with url: /v1/documents (Caused by NewConnectionError("HTTPConnection(host='localhost', port=8082): Failed to establish a new connection: [Errno 111] Connection refused"))
2026-02-27 16:45:27 | INFO     | --- batch 3/47 (16 files) ---
2026-02-27 16:45:27 | DEBUG    |   Files: CWP-1007_Pawelec_Wakin_Sava_2022.pdf, CWP-1008-kiraz-etal_CNN_SRME_Part_1-report.pdf, CWP-1009-kiraz-etal_CNN_SRME_Part_2.pdf, CWP-1014-Jaimes-Snieder-Report.pdf, CWP-1015-Yanhua-Liu-Report-2023.pdf, CWP-1017_thresholding_Pawelec.pdf, CWP-1018_interpolation_and_filtering-Pawelec&Sava.pdf, CWP-1021_Yanhua.pdf, CWP-1022_Snieder_etal.pdf, CWP-1023_Pandey.pdf, CWP-1024_Almuteri.pdf, CWP-1025_Snyder_etal(1).pdf, CWP-1027_Issah.pdf, CWP-1028_Yanhua_Liu_PhDthesis.pdf, CWP-1029_Khalid_Almuteri_PhDthesis_FA2023.pdf, CWP-1030_Werter_Silva_MSthesis.pdf
2026-02-27 16:45:28 | ERROR    | ❌ batch 3/47 (16 files) failed: HTTPConnectionPool(host='localhost', port=8082): Max retries exceeded with url: /v1/documents (Caused by NewConnectionError("HTTPConnection(host='localhost', port=8082): Failed to establish a new connection: [Errno 111] Connection refused"))
Traceback (most recent call last):
  File "/usr/local/lib/python3.14/site-packages/urllib3/connection.py", line 204, in _new_conn
    sock = connection.create_connection(
        (self._dns_host, self.port),
    ...<2 lines>...
        socket_options=self.socket_options,
    )
  File "/usr/local/lib/python3.14/site-packages/urllib3/util/connection.py", line 85, in create_connection
    raise err
  File "/usr/local/lib/python3.14/site-packages/urllib3/util/connection.py", line 73, in create_connection
    sock.connect(sa)
    ~~~~~~~~~~~~^^^^
ConnectionRefusedError: [Errno 111] Connection refused

The above exception was the direct cause of the following exception:

Traceback (most recent call last):
  File "/usr/local/lib/python3.14/site-packages/urllib3/connectionpool.py", line 787, in urlopen
    response = self._make_request(
        conn,
    ...<10 lines>...
        **response_kw,
    )
  File "/usr/local/lib/python3.14/site-packages/urllib3/connectionpool.py", line 493, in _make_request
    conn.request(
    ~~~~~~~~~~~~^
        method,
        ^^^^^^^
    ...<6 lines>...
        enforce_content_length=enforce_content_length,
        ^^^^^^^^^^^^^^^^^^^^^^^^^^^^^^^^^^^^^^^^^^^^^^
    )
    ^
  File "/usr/local/lib/python3.14/site-packages/urllib3/connection.py", line 500, in request
    self.endheaders()
    ~~~~~~~~~~~~~~~^^
  File "/usr/local/lib/python3.14/http/client.py", line 1353, in endheaders
    self._send_output(message_body, encode_chunked=encode_chunked)
    ~~~~~~~~~~~~~~~~~^^^^^^^^^^^^^^^^^^^^^^^^^^^^^^^^^^^^^^^^^^^^^
  File "/usr/local/lib/python3.14/http/client.py", line 1113, in _send_output
    self.send(msg)
    ~~~~~~~~~^^^^^
  File "/usr/local/lib/python3.14/http/client.py", line 1057, in send
    self.connect()
    ~~~~~~~~~~~~^^
  File "/usr/local/lib/python3.14/site-packages/urllib3/connection.py", line 331, in connect
    self.sock = self._new_conn()
                ~~~~~~~~~~~~~~^^
  File "/usr/local/lib/python3.14/site-packages/urllib3/connection.py", line 219, in _new_conn
    raise NewConnectionError(
        self, f"Failed to establish a new connection: {e}"
    ) from e
urllib3.exceptions.NewConnectionError: HTTPConnection(host='localhost', port=8082): Failed to establish a new connection: [Errno 111] Connection refused

The above exception was the direct cause of the following exception:

Traceback (most recent call last):
  File "/usr/local/lib/python3.14/site-packages/requests/adapters.py", line 644, in send
    resp = conn.urlopen(
        method=request.method,
    ...<9 lines>...
        chunked=chunked,
    )
  File "/usr/local/lib/python3.14/site-packages/urllib3/connectionpool.py", line 841, in urlopen
    retries = retries.increment(
        method, url, error=new_e, _pool=self, _stacktrace=sys.exc_info()[2]
    )
  File "/usr/local/lib/python3.14/site-packages/urllib3/util/retry.py", line 535, in increment
    raise MaxRetryError(_pool, url, reason) from reason  # type: ignore[arg-type]
    ^^^^^^^^^^^^^^^^^^^^^^^^^^^^^^^^^^^^^^^^^^^^^^^^^^^
urllib3.exceptions.MaxRetryError: HTTPConnectionPool(host='localhost', port=8082): Max retries exceeded with url: /v1/documents (Caused by NewConnectionError("HTTPConnection(host='localhost', port=8082): Failed to establish a new connection: [Errno 111] Connection refused"))

During handling of the above exception, another exception occurred:

Traceback (most recent call last):
  File "/u/bglq/projects/rag/rag-refactor/deploy/singularity/scripts/ingest_collections.py", line 446, in ingest_collection
    task_id = client.upload_batch(batch, result.collection_name, chunk_size, chunk_overlap)
  File "/u/bglq/projects/rag/rag-refactor/deploy/singularity/scripts/ingest_collections.py", line 282, in upload_batch
    resp = requests.post(url, files=files_form, timeout=300)
  File "/usr/local/lib/python3.14/site-packages/requests/api.py", line 115, in post
    return request("post", url, data=data, json=json, **kwargs)
  File "/usr/local/lib/python3.14/site-packages/requests/api.py", line 59, in request
    return session.request(method=method, url=url, **kwargs)
           ~~~~~~~~~~~~~~~^^^^^^^^^^^^^^^^^^^^^^^^^^^^^^^^^^
  File "/usr/local/lib/python3.14/site-packages/requests/sessions.py", line 589, in request
    resp = self.send(prep, **send_kwargs)
  File "/usr/local/lib/python3.14/site-packages/requests/sessions.py", line 703, in send
    r = adapter.send(request, **kwargs)
  File "/usr/local/lib/python3.14/site-packages/requests/adapters.py", line 677, in send
    raise ConnectionError(e, request=request)
requests.exceptions.ConnectionError: HTTPConnectionPool(host='localhost', port=8082): Max retries exceeded with url: /v1/documents (Caused by NewConnectionError("HTTPConnection(host='localhost', port=8082): Failed to establish a new connection: [Errno 111] Connection refused"))
2026-02-27 16:45:28 | INFO     | --- batch 4/47 (16 files) ---
2026-02-27 16:45:28 | DEBUG    |   Files: CWP-107_Project_Review_1991.pdf, CWP-110_Hedley_MSthesis_1991.pdf, CWP-114_H_Lydia_Deng_ 1992_MSthesis.pdf, CWP-115_Artley_MSthesis_1992.pdf, CWP-116_Francesca_Fazzari_MSthesis_1992.pdf, CWP-121_1992_Project_Review.pdf, CWP-132_Mohammed_Alfaraj_PhDthesis.pdf, CWP-153_ProjectReview_1994.pdf, CWP-159_Scales&Tarantola_report.pdf, CWP-160_Scales&Smith_1994.pdf, CWP-163_Omar_Uzcategui_FA1994.pdf, CWP-168_Liu&Bleistein_excerptfromthesis.pdf, CWP-168_Zhenyue_Liu_PhDthesis_SP1995.pdf, CWP-169_Meng_et_al._report.pdf, CWP-172_Cohen_report.pdf, CWP-173_Cohen_report.pdf
2026-02-27 16:45:29 | ERROR    | ❌ batch 4/47 (16 files) failed: HTTPConnectionPool(host='localhost', port=8082): Max retries exceeded with url: /v1/documents (Caused by NewConnectionError("HTTPConnection(host='localhost', port=8082): Failed to establish a new connection: [Errno 111] Connection refused"))
Traceback (most recent call last):
  File "/usr/local/lib/python3.14/site-packages/urllib3/connection.py", line 204, in _new_conn
    sock = connection.create_connection(
        (self._dns_host, self.port),
    ...<2 lines>...
        socket_options=self.socket_options,
    )
  File "/usr/local/lib/python3.14/site-packages/urllib3/util/connection.py", line 85, in create_connection
    raise err
  File "/usr/local/lib/python3.14/site-packages/urllib3/util/connection.py", line 73, in create_connection
    sock.connect(sa)
    ~~~~~~~~~~~~^^^^
ConnectionRefusedError: [Errno 111] Connection refused

The above exception was the direct cause of the following exception:

Traceback (most recent call last):
  File "/usr/local/lib/python3.14/site-packages/urllib3/connectionpool.py", line 787, in urlopen
    response = self._make_request(
        conn,
    ...<10 lines>...
        **response_kw,
    )
  File "/usr/local/lib/python3.14/site-packages/urllib3/connectionpool.py", line 493, in _make_request
    conn.request(
    ~~~~~~~~~~~~^
        method,
        ^^^^^^^
    ...<6 lines>...
        enforce_content_length=enforce_content_length,
        ^^^^^^^^^^^^^^^^^^^^^^^^^^^^^^^^^^^^^^^^^^^^^^
    )
    ^
  File "/usr/local/lib/python3.14/site-packages/urllib3/connection.py", line 500, in request
    self.endheaders()
    ~~~~~~~~~~~~~~~^^
  File "/usr/local/lib/python3.14/http/client.py", line 1353, in endheaders
    self._send_output(message_body, encode_chunked=encode_chunked)
    ~~~~~~~~~~~~~~~~~^^^^^^^^^^^^^^^^^^^^^^^^^^^^^^^^^^^^^^^^^^^^^
  File "/usr/local/lib/python3.14/http/client.py", line 1113, in _send_output
    self.send(msg)
    ~~~~~~~~~^^^^^
  File "/usr/local/lib/python3.14/http/client.py", line 1057, in send
    self.connect()
    ~~~~~~~~~~~~^^
  File "/usr/local/lib/python3.14/site-packages/urllib3/connection.py", line 331, in connect
    self.sock = self._new_conn()
                ~~~~~~~~~~~~~~^^
  File "/usr/local/lib/python3.14/site-packages/urllib3/connection.py", line 219, in _new_conn
    raise NewConnectionError(
        self, f"Failed to establish a new connection: {e}"
    ) from e
urllib3.exceptions.NewConnectionError: HTTPConnection(host='localhost', port=8082): Failed to establish a new connection: [Errno 111] Connection refused

The above exception was the direct cause of the following exception:

Traceback (most recent call last):
  File "/usr/local/lib/python3.14/site-packages/requests/adapters.py", line 644, in send
    resp = conn.urlopen(
        method=request.method,
    ...<9 lines>...
        chunked=chunked,
    )
  File "/usr/local/lib/python3.14/site-packages/urllib3/connectionpool.py", line 841, in urlopen
    retries = retries.increment(
        method, url, error=new_e, _pool=self, _stacktrace=sys.exc_info()[2]
    )
  File "/usr/local/lib/python3.14/site-packages/urllib3/util/retry.py", line 535, in increment
    raise MaxRetryError(_pool, url, reason) from reason  # type: ignore[arg-type]
    ^^^^^^^^^^^^^^^^^^^^^^^^^^^^^^^^^^^^^^^^^^^^^^^^^^^
urllib3.exceptions.MaxRetryError: HTTPConnectionPool(host='localhost', port=8082): Max retries exceeded with url: /v1/documents (Caused by NewConnectionError("HTTPConnection(host='localhost', port=8082): Failed to establish a new connection: [Errno 111] Connection refused"))

During handling of the above exception, another exception occurred:

Traceback (most recent call last):
  File "/u/bglq/projects/rag/rag-refactor/deploy/singularity/scripts/ingest_collections.py", line 446, in ingest_collection
    task_id = client.upload_batch(batch, result.collection_name, chunk_size, chunk_overlap)
  File "/u/bglq/projects/rag/rag-refactor/deploy/singularity/scripts/ingest_collections.py", line 282, in upload_batch
    resp = requests.post(url, files=files_form, timeout=300)
  File "/usr/local/lib/python3.14/site-packages/requests/api.py", line 115, in post
    return request("post", url, data=data, json=json, **kwargs)
  File "/usr/local/lib/python3.14/site-packages/requests/api.py", line 59, in request
    return session.request(method=method, url=url, **kwargs)
           ~~~~~~~~~~~~~~~^^^^^^^^^^^^^^^^^^^^^^^^^^^^^^^^^^
  File "/usr/local/lib/python3.14/site-packages/requests/sessions.py", line 589, in request
    resp = self.send(prep, **send_kwargs)
  File "/usr/local/lib/python3.14/site-packages/requests/sessions.py", line 703, in send
    r = adapter.send(request, **kwargs)
  File "/usr/local/lib/python3.14/site-packages/requests/adapters.py", line 677, in send
    raise ConnectionError(e, request=request)
requests.exceptions.ConnectionError: HTTPConnectionPool(host='localhost', port=8082): Max retries exceeded with url: /v1/documents (Caused by NewConnectionError("HTTPConnection(host='localhost', port=8082): Failed to establish a new connection: [Errno 111] Connection refused"))
2026-02-27 16:45:29 | INFO     | --- batch 5/47 (16 files) ---
2026-02-27 16:45:29 | DEBUG    |   Files: CWP-174_Tsvankin_Inversion_of_moveout_velocities.pdf, CWP-175_Tsvankin_Analysis_for_transversely_isotropic_media.pdf, CWP-176_Alkhalifah_Anisotropy_Processing.pdf, CWP-177_Boyi_Ou_MSthesis_SP1995.pdf, CWP-182_Scales_Probabilistic_Characterization_of_Geologic_Info.pdf, CWP-183_Deng_Using_Multi-resolution_analysis.pdf, CWP-184_Gouveia_A_study_of_model_covariances.pdf, CWP-185_Project_Review_1995.pdf, CWP-186_Timo_Tjan_SU1995.pdf, CWP-191_Cohen.pdf, CWP-193-Blestein&Cohen.pdf, CWP-195_Gabriel_Alvarez_De_La_Hoz_MS_thesis_FA1995.pdf, CWP-196_Tong_Chen_MS_thesis_FA1995.pdf, CWP-235_Andreas_Ruger_PhDthesis_reduced.pdf, CWP-236_Tariq_Alkhalifah_PhDthesis.pdf, CWP-237_Trino_Salinas.pdf
2026-02-27 16:45:30 | ERROR    | ❌ batch 5/47 (16 files) failed: HTTPConnectionPool(host='localhost', port=8082): Max retries exceeded with url: /v1/documents (Caused by NewConnectionError("HTTPConnection(host='localhost', port=8082): Failed to establish a new connection: [Errno 111] Connection refused"))
Traceback (most recent call last):
  File "/usr/local/lib/python3.14/site-packages/urllib3/connection.py", line 204, in _new_conn
    sock = connection.create_connection(
        (self._dns_host, self.port),
    ...<2 lines>...
        socket_options=self.socket_options,
    )
  File "/usr/local/lib/python3.14/site-packages/urllib3/util/connection.py", line 85, in create_connection
    raise err
  File "/usr/local/lib/python3.14/site-packages/urllib3/util/connection.py", line 73, in create_connection
    sock.connect(sa)
    ~~~~~~~~~~~~^^^^
ConnectionRefusedError: [Errno 111] Connection refused

The above exception was the direct cause of the following exception:

Traceback (most recent call last):
  File "/usr/local/lib/python3.14/site-packages/urllib3/connectionpool.py", line 787, in urlopen
    response = self._make_request(
        conn,
    ...<10 lines>...
        **response_kw,
    )
  File "/usr/local/lib/python3.14/site-packages/urllib3/connectionpool.py", line 493, in _make_request
    conn.request(
    ~~~~~~~~~~~~^
        method,
        ^^^^^^^
    ...<6 lines>...
        enforce_content_length=enforce_content_length,
        ^^^^^^^^^^^^^^^^^^^^^^^^^^^^^^^^^^^^^^^^^^^^^^
    )
    ^
  File "/usr/local/lib/python3.14/site-packages/urllib3/connection.py", line 500, in request
    self.endheaders()
    ~~~~~~~~~~~~~~~^^
  File "/usr/local/lib/python3.14/http/client.py", line 1353, in endheaders
    self._send_output(message_body, encode_chunked=encode_chunked)
    ~~~~~~~~~~~~~~~~~^^^^^^^^^^^^^^^^^^^^^^^^^^^^^^^^^^^^^^^^^^^^^
  File "/usr/local/lib/python3.14/http/client.py", line 1113, in _send_output
    self.send(msg)
    ~~~~~~~~~^^^^^
  File "/usr/local/lib/python3.14/http/client.py", line 1057, in send
    self.connect()
    ~~~~~~~~~~~~^^
  File "/usr/local/lib/python3.14/site-packages/urllib3/connection.py", line 331, in connect
    self.sock = self._new_conn()
                ~~~~~~~~~~~~~~^^
  File "/usr/local/lib/python3.14/site-packages/urllib3/connection.py", line 219, in _new_conn
    raise NewConnectionError(
        self, f"Failed to establish a new connection: {e}"
    ) from e
urllib3.exceptions.NewConnectionError: HTTPConnection(host='localhost', port=8082): Failed to establish a new connection: [Errno 111] Connection refused

The above exception was the direct cause of the following exception:

Traceback (most recent call last):
  File "/usr/local/lib/python3.14/site-packages/requests/adapters.py", line 644, in send
    resp = conn.urlopen(
        method=request.method,
    ...<9 lines>...
        chunked=chunked,
    )
  File "/usr/local/lib/python3.14/site-packages/urllib3/connectionpool.py", line 841, in urlopen
    retries = retries.increment(
        method, url, error=new_e, _pool=self, _stacktrace=sys.exc_info()[2]
    )
  File "/usr/local/lib/python3.14/site-packages/urllib3/util/retry.py", line 535, in increment
    raise MaxRetryError(_pool, url, reason) from reason  # type: ignore[arg-type]
    ^^^^^^^^^^^^^^^^^^^^^^^^^^^^^^^^^^^^^^^^^^^^^^^^^^^
urllib3.exceptions.MaxRetryError: HTTPConnectionPool(host='localhost', port=8082): Max retries exceeded with url: /v1/documents (Caused by NewConnectionError("HTTPConnection(host='localhost', port=8082): Failed to establish a new connection: [Errno 111] Connection refused"))

During handling of the above exception, another exception occurred:

Traceback (most recent call last):
  File "/u/bglq/projects/rag/rag-refactor/deploy/singularity/scripts/ingest_collections.py", line 446, in ingest_collection
    task_id = client.upload_batch(batch, result.collection_name, chunk_size, chunk_overlap)
  File "/u/bglq/projects/rag/rag-refactor/deploy/singularity/scripts/ingest_collections.py", line 282, in upload_batch
    resp = requests.post(url, files=files_form, timeout=300)
  File "/usr/local/lib/python3.14/site-packages/requests/api.py", line 115, in post
    return request("post", url, data=data, json=json, **kwargs)
  File "/usr/local/lib/python3.14/site-packages/requests/api.py", line 59, in request
    return session.request(method=method, url=url, **kwargs)
           ~~~~~~~~~~~~~~~^^^^^^^^^^^^^^^^^^^^^^^^^^^^^^^^^^
  File "/usr/local/lib/python3.14/site-packages/requests/sessions.py", line 589, in request
    resp = self.send(prep, **send_kwargs)
  File "/usr/local/lib/python3.14/site-packages/requests/sessions.py", line 703, in send
    r = adapter.send(request, **kwargs)
  File "/usr/local/lib/python3.14/site-packages/requests/adapters.py", line 677, in send
    raise ConnectionError(e, request=request)
requests.exceptions.ConnectionError: HTTPConnectionPool(host='localhost', port=8082): Max retries exceeded with url: /v1/documents (Caused by NewConnectionError("HTTPConnection(host='localhost', port=8082): Failed to establish a new connection: [Errno 111] Connection refused"))
2026-02-27 16:45:30 | INFO     | --- batch 6/47 (16 files) ---
2026-02-27 16:45:30 | DEBUG    |   Files: CWP-239_Hongling_Lydia_Deng_PhD.pdf, CWP-240_Gabriel_Perez_MS.pdf, CWP-284_Herman_Jaramillo_PhD.pdf, CWP-357_Lan_Wang_PhD.pdf, CWP-358_Baoniu_Han_MSthesis.pdf, CWP-395_Jerome_Rousseau_PhD.pdf, CWP-400_Peter_Jilek_PhD.pdf, CWP-426_deHoop_et_al._2002.pdf, CWP-434_Valmore_Celis_MSthesis.pdf, CWP-437_Cardona_PhDthesis.pdf, CWP-442_Andres_Pech_PhD.pdf, CWP-461__vanWijk_PhDthesis.pdf, CWP-462_Albena_Mateeva_PhDthesis_SP2003.pdf, CWP-464_Debashish_Sarkar_PhDthesis.pdf, CWP-465_Dewangan&Tsvankin_report.pdf, CWP-470_Dongje_Cheng_MSthesis_2004.pdf
2026-02-27 16:45:31 | ERROR    | ❌ batch 6/47 (16 files) failed: HTTPConnectionPool(host='localhost', port=8082): Max retries exceeded with url: /v1/documents (Caused by NewConnectionError("HTTPConnection(host='localhost', port=8082): Failed to establish a new connection: [Errno 111] Connection refused"))
Traceback (most recent call last):
  File "/usr/local/lib/python3.14/site-packages/urllib3/connection.py", line 204, in _new_conn
    sock = connection.create_connection(
        (self._dns_host, self.port),
    ...<2 lines>...
        socket_options=self.socket_options,
    )
  File "/usr/local/lib/python3.14/site-packages/urllib3/util/connection.py", line 85, in create_connection
    raise err
  File "/usr/local/lib/python3.14/site-packages/urllib3/util/connection.py", line 73, in create_connection
    sock.connect(sa)
    ~~~~~~~~~~~~^^^^
ConnectionRefusedError: [Errno 111] Connection refused

The above exception was the direct cause of the following exception:

Traceback (most recent call last):
  File "/usr/local/lib/python3.14/site-packages/urllib3/connectionpool.py", line 787, in urlopen
    response = self._make_request(
        conn,
    ...<10 lines>...
        **response_kw,
    )
  File "/usr/local/lib/python3.14/site-packages/urllib3/connectionpool.py", line 493, in _make_request
    conn.request(
    ~~~~~~~~~~~~^
        method,
        ^^^^^^^
    ...<6 lines>...
        enforce_content_length=enforce_content_length,
        ^^^^^^^^^^^^^^^^^^^^^^^^^^^^^^^^^^^^^^^^^^^^^^
    )
    ^
  File "/usr/local/lib/python3.14/site-packages/urllib3/connection.py", line 500, in request
    self.endheaders()
    ~~~~~~~~~~~~~~~^^
  File "/usr/local/lib/python3.14/http/client.py", line 1353, in endheaders
    self._send_output(message_body, encode_chunked=encode_chunked)
    ~~~~~~~~~~~~~~~~~^^^^^^^^^^^^^^^^^^^^^^^^^^^^^^^^^^^^^^^^^^^^^
  File "/usr/local/lib/python3.14/http/client.py", line 1113, in _send_output
    self.send(msg)
    ~~~~~~~~~^^^^^
  File "/usr/local/lib/python3.14/http/client.py", line 1057, in send
    self.connect()
    ~~~~~~~~~~~~^^
  File "/usr/local/lib/python3.14/site-packages/urllib3/connection.py", line 331, in connect
    self.sock = self._new_conn()
                ~~~~~~~~~~~~~~^^
  File "/usr/local/lib/python3.14/site-packages/urllib3/connection.py", line 219, in _new_conn
    raise NewConnectionError(
        self, f"Failed to establish a new connection: {e}"
    ) from e
urllib3.exceptions.NewConnectionError: HTTPConnection(host='localhost', port=8082): Failed to establish a new connection: [Errno 111] Connection refused

The above exception was the direct cause of the following exception:

Traceback (most recent call last):
  File "/usr/local/lib/python3.14/site-packages/requests/adapters.py", line 644, in send
    resp = conn.urlopen(
        method=request.method,
    ...<9 lines>...
        chunked=chunked,
    )
  File "/usr/local/lib/python3.14/site-packages/urllib3/connectionpool.py", line 841, in urlopen
    retries = retries.increment(
        method, url, error=new_e, _pool=self, _stacktrace=sys.exc_info()[2]
    )
  File "/usr/local/lib/python3.14/site-packages/urllib3/util/retry.py", line 535, in increment
    raise MaxRetryError(_pool, url, reason) from reason  # type: ignore[arg-type]
    ^^^^^^^^^^^^^^^^^^^^^^^^^^^^^^^^^^^^^^^^^^^^^^^^^^^
urllib3.exceptions.MaxRetryError: HTTPConnectionPool(host='localhost', port=8082): Max retries exceeded with url: /v1/documents (Caused by NewConnectionError("HTTPConnection(host='localhost', port=8082): Failed to establish a new connection: [Errno 111] Connection refused"))

During handling of the above exception, another exception occurred:

Traceback (most recent call last):
  File "/u/bglq/projects/rag/rag-refactor/deploy/singularity/scripts/ingest_collections.py", line 446, in ingest_collection
    task_id = client.upload_batch(batch, result.collection_name, chunk_size, chunk_overlap)
  File "/u/bglq/projects/rag/rag-refactor/deploy/singularity/scripts/ingest_collections.py", line 282, in upload_batch
    resp = requests.post(url, files=files_form, timeout=300)
  File "/usr/local/lib/python3.14/site-packages/requests/api.py", line 115, in post
    return request("post", url, data=data, json=json, **kwargs)
  File "/usr/local/lib/python3.14/site-packages/requests/api.py", line 59, in request
    return session.request(method=method, url=url, **kwargs)
           ~~~~~~~~~~~~~~~^^^^^^^^^^^^^^^^^^^^^^^^^^^^^^^^^^
  File "/usr/local/lib/python3.14/site-packages/requests/sessions.py", line 589, in request
    resp = self.send(prep, **send_kwargs)
  File "/usr/local/lib/python3.14/site-packages/requests/sessions.py", line 703, in send
    r = adapter.send(request, **kwargs)
  File "/usr/local/lib/python3.14/site-packages/requests/adapters.py", line 677, in send
    raise ConnectionError(e, request=request)
requests.exceptions.ConnectionError: HTTPConnectionPool(host='localhost', port=8082): Max retries exceeded with url: /v1/documents (Caused by NewConnectionError("HTTPConnection(host='localhost', port=8082): Failed to establish a new connection: [Errno 111] Connection refused"))
2026-02-27 16:45:31 | INFO     | --- batch 7/47 (16 files) ---
2026-02-27 16:45:31 | DEBUG    |   Files: CWP-489_Carlos_Pacheco_MSthesis_2004.pdf, CWP-492_Gret_PHDthesis_2004.pdf, CWP-494_Matthew_Haney_PhDthesis_2004.pdf, CWP-516_Project_Review_May10-12-2005.pdf, CWP-549-Douma-Huub.pdf, CWP-560_Xiaoxia_Xu_PhDthesis.pdf, CWP-572_Mehtaetal_report.pdf, CWP-579-Part-I_Project_Review_May21-24-2007.pdf, CWP-579-PartII-Project-Review_May21-24-2007.pdf, CWP-580_Kurang_Mehta_PhDthesis.pdf, CWP-581_Ivan_Vasconcelos_PhDthesis.pdf, CWP-617T_Fuck.pdf, CWP-618_Gabriela-Melo-MSThesis.pdf, CWP-639-Jyoti_Behura-PhDthesis.pdf, CWP-640_Xuan_Ran.pdf, CWP-643_Derek_Parks_MSthesis.pdf
2026-02-27 16:45:32 | ERROR    | ❌ batch 7/47 (16 files) failed: HTTPConnectionPool(host='localhost', port=8082): Max retries exceeded with url: /v1/documents (Caused by NewConnectionError("HTTPConnection(host='localhost', port=8082): Failed to establish a new connection: [Errno 111] Connection refused"))
Traceback (most recent call last):
  File "/usr/local/lib/python3.14/site-packages/urllib3/connection.py", line 204, in _new_conn
    sock = connection.create_connection(
        (self._dns_host, self.port),
    ...<2 lines>...
        socket_options=self.socket_options,
    )
  File "/usr/local/lib/python3.14/site-packages/urllib3/util/connection.py", line 85, in create_connection
    raise err
  File "/usr/local/lib/python3.14/site-packages/urllib3/util/connection.py", line 73, in create_connection
    sock.connect(sa)
    ~~~~~~~~~~~~^^^^
ConnectionRefusedError: [Errno 111] Connection refused

The above exception was the direct cause of the following exception:

Traceback (most recent call last):
  File "/usr/local/lib/python3.14/site-packages/urllib3/connectionpool.py", line 787, in urlopen
    response = self._make_request(
        conn,
    ...<10 lines>...
        **response_kw,
    )
  File "/usr/local/lib/python3.14/site-packages/urllib3/connectionpool.py", line 493, in _make_request
    conn.request(
    ~~~~~~~~~~~~^
        method,
        ^^^^^^^
    ...<6 lines>...
        enforce_content_length=enforce_content_length,
        ^^^^^^^^^^^^^^^^^^^^^^^^^^^^^^^^^^^^^^^^^^^^^^
    )
    ^
  File "/usr/local/lib/python3.14/site-packages/urllib3/connection.py", line 500, in request
    self.endheaders()
    ~~~~~~~~~~~~~~~^^
  File "/usr/local/lib/python3.14/http/client.py", line 1353, in endheaders
    self._send_output(message_body, encode_chunked=encode_chunked)
    ~~~~~~~~~~~~~~~~~^^^^^^^^^^^^^^^^^^^^^^^^^^^^^^^^^^^^^^^^^^^^^
  File "/usr/local/lib/python3.14/http/client.py", line 1113, in _send_output
    self.send(msg)
    ~~~~~~~~~^^^^^
  File "/usr/local/lib/python3.14/http/client.py", line 1057, in send
    self.connect()
    ~~~~~~~~~~~~^^
  File "/usr/local/lib/python3.14/site-packages/urllib3/connection.py", line 331, in connect
    self.sock = self._new_conn()
                ~~~~~~~~~~~~~~^^
  File "/usr/local/lib/python3.14/site-packages/urllib3/connection.py", line 219, in _new_conn
    raise NewConnectionError(
        self, f"Failed to establish a new connection: {e}"
    ) from e
urllib3.exceptions.NewConnectionError: HTTPConnection(host='localhost', port=8082): Failed to establish a new connection: [Errno 111] Connection refused

The above exception was the direct cause of the following exception:

Traceback (most recent call last):
  File "/usr/local/lib/python3.14/site-packages/requests/adapters.py", line 644, in send
    resp = conn.urlopen(
        method=request.method,
    ...<9 lines>...
        chunked=chunked,
    )
  File "/usr/local/lib/python3.14/site-packages/urllib3/connectionpool.py", line 841, in urlopen
    retries = retries.increment(
        method, url, error=new_e, _pool=self, _stacktrace=sys.exc_info()[2]
    )
  File "/usr/local/lib/python3.14/site-packages/urllib3/util/retry.py", line 535, in increment
    raise MaxRetryError(_pool, url, reason) from reason  # type: ignore[arg-type]
    ^^^^^^^^^^^^^^^^^^^^^^^^^^^^^^^^^^^^^^^^^^^^^^^^^^^
urllib3.exceptions.MaxRetryError: HTTPConnectionPool(host='localhost', port=8082): Max retries exceeded with url: /v1/documents (Caused by NewConnectionError("HTTPConnection(host='localhost', port=8082): Failed to establish a new connection: [Errno 111] Connection refused"))

During handling of the above exception, another exception occurred:

Traceback (most recent call last):
  File "/u/bglq/projects/rag/rag-refactor/deploy/singularity/scripts/ingest_collections.py", line 446, in ingest_collection
    task_id = client.upload_batch(batch, result.collection_name, chunk_size, chunk_overlap)
  File "/u/bglq/projects/rag/rag-refactor/deploy/singularity/scripts/ingest_collections.py", line 282, in upload_batch
    resp = requests.post(url, files=files_form, timeout=300)
  File "/usr/local/lib/python3.14/site-packages/requests/api.py", line 115, in post
    return request("post", url, data=data, json=json, **kwargs)
  File "/usr/local/lib/python3.14/site-packages/requests/api.py", line 59, in request
    return session.request(method=method, url=url, **kwargs)
           ~~~~~~~~~~~~~~~^^^^^^^^^^^^^^^^^^^^^^^^^^^^^^^^^^
  File "/usr/local/lib/python3.14/site-packages/requests/sessions.py", line 589, in request
    resp = self.send(prep, **send_kwargs)
  File "/usr/local/lib/python3.14/site-packages/requests/sessions.py", line 703, in send
    r = adapter.send(request, **kwargs)
  File "/usr/local/lib/python3.14/site-packages/requests/adapters.py", line 677, in send
    raise ConnectionError(e, request=request)
requests.exceptions.ConnectionError: HTTPConnectionPool(host='localhost', port=8082): Max retries exceeded with url: /v1/documents (Caused by NewConnectionError("HTTPConnection(host='localhost', port=8082): Failed to establish a new connection: [Errno 111] Connection refused"))
2026-02-27 16:45:32 | INFO     | --- batch 8/47 (16 files) ---
2026-02-27 16:45:32 | DEBUG    |   Files: CWP-671_Project_Review_2010.pdf, CWP-673_Yongxia_Liu.pdf, CWP-674_Yong_Ma_MSthesis.pdf, CWP-675_Yan_PhDthesis.pdf, CWP-676_Yanzhong_Fan.pdf, CWP-677_Christopher_Engelsma_MSthesis.pdf, CWP-678-min.pdf, CWP-679.pdf, CWP-680.pdf, CWP-681.pdf, CWP-682.pdf, CWP-683-min.pdf, CWP-684.pdf, CWP-685.pdf, CWP-686.pdf, CWP-687-min.pdf
2026-02-27 16:45:33 | ERROR    | ❌ batch 8/47 (16 files) failed: HTTPConnectionPool(host='localhost', port=8082): Max retries exceeded with url: /v1/documents (Caused by NewConnectionError("HTTPConnection(host='localhost', port=8082): Failed to establish a new connection: [Errno 111] Connection refused"))
Traceback (most recent call last):
  File "/usr/local/lib/python3.14/site-packages/urllib3/connection.py", line 204, in _new_conn
    sock = connection.create_connection(
        (self._dns_host, self.port),
    ...<2 lines>...
        socket_options=self.socket_options,
    )
  File "/usr/local/lib/python3.14/site-packages/urllib3/util/connection.py", line 85, in create_connection
    raise err
  File "/usr/local/lib/python3.14/site-packages/urllib3/util/connection.py", line 73, in create_connection
    sock.connect(sa)
    ~~~~~~~~~~~~^^^^
ConnectionRefusedError: [Errno 111] Connection refused

The above exception was the direct cause of the following exception:

Traceback (most recent call last):
  File "/usr/local/lib/python3.14/site-packages/urllib3/connectionpool.py", line 787, in urlopen
    response = self._make_request(
        conn,
    ...<10 lines>...
        **response_kw,
    )
  File "/usr/local/lib/python3.14/site-packages/urllib3/connectionpool.py", line 493, in _make_request
    conn.request(
    ~~~~~~~~~~~~^
        method,
        ^^^^^^^
    ...<6 lines>...
        enforce_content_length=enforce_content_length,
        ^^^^^^^^^^^^^^^^^^^^^^^^^^^^^^^^^^^^^^^^^^^^^^
    )
    ^
  File "/usr/local/lib/python3.14/site-packages/urllib3/connection.py", line 500, in request
    self.endheaders()
    ~~~~~~~~~~~~~~~^^
  File "/usr/local/lib/python3.14/http/client.py", line 1353, in endheaders
    self._send_output(message_body, encode_chunked=encode_chunked)
    ~~~~~~~~~~~~~~~~~^^^^^^^^^^^^^^^^^^^^^^^^^^^^^^^^^^^^^^^^^^^^^
  File "/usr/local/lib/python3.14/http/client.py", line 1113, in _send_output
    self.send(msg)
    ~~~~~~~~~^^^^^
  File "/usr/local/lib/python3.14/http/client.py", line 1057, in send
    self.connect()
    ~~~~~~~~~~~~^^
  File "/usr/local/lib/python3.14/site-packages/urllib3/connection.py", line 331, in connect
    self.sock = self._new_conn()
                ~~~~~~~~~~~~~~^^
  File "/usr/local/lib/python3.14/site-packages/urllib3/connection.py", line 219, in _new_conn
    raise NewConnectionError(
        self, f"Failed to establish a new connection: {e}"
    ) from e
urllib3.exceptions.NewConnectionError: HTTPConnection(host='localhost', port=8082): Failed to establish a new connection: [Errno 111] Connection refused

The above exception was the direct cause of the following exception:

Traceback (most recent call last):
  File "/usr/local/lib/python3.14/site-packages/requests/adapters.py", line 644, in send
    resp = conn.urlopen(
        method=request.method,
    ...<9 lines>...
        chunked=chunked,
    )
  File "/usr/local/lib/python3.14/site-packages/urllib3/connectionpool.py", line 841, in urlopen
    retries = retries.increment(
        method, url, error=new_e, _pool=self, _stacktrace=sys.exc_info()[2]
    )
  File "/usr/local/lib/python3.14/site-packages/urllib3/util/retry.py", line 535, in increment
    raise MaxRetryError(_pool, url, reason) from reason  # type: ignore[arg-type]
    ^^^^^^^^^^^^^^^^^^^^^^^^^^^^^^^^^^^^^^^^^^^^^^^^^^^
urllib3.exceptions.MaxRetryError: HTTPConnectionPool(host='localhost', port=8082): Max retries exceeded with url: /v1/documents (Caused by NewConnectionError("HTTPConnection(host='localhost', port=8082): Failed to establish a new connection: [Errno 111] Connection refused"))

During handling of the above exception, another exception occurred:

Traceback (most recent call last):
  File "/u/bglq/projects/rag/rag-refactor/deploy/singularity/scripts/ingest_collections.py", line 446, in ingest_collection
    task_id = client.upload_batch(batch, result.collection_name, chunk_size, chunk_overlap)
  File "/u/bglq/projects/rag/rag-refactor/deploy/singularity/scripts/ingest_collections.py", line 282, in upload_batch
    resp = requests.post(url, files=files_form, timeout=300)
  File "/usr/local/lib/python3.14/site-packages/requests/api.py", line 115, in post
    return request("post", url, data=data, json=json, **kwargs)
  File "/usr/local/lib/python3.14/site-packages/requests/api.py", line 59, in request
    return session.request(method=method, url=url, **kwargs)
           ~~~~~~~~~~~~~~~^^^^^^^^^^^^^^^^^^^^^^^^^^^^^^^^^^
  File "/usr/local/lib/python3.14/site-packages/requests/sessions.py", line 589, in request
    resp = self.send(prep, **send_kwargs)
  File "/usr/local/lib/python3.14/site-packages/requests/sessions.py", line 703, in send
    r = adapter.send(request, **kwargs)
  File "/usr/local/lib/python3.14/site-packages/requests/adapters.py", line 677, in send
    raise ConnectionError(e, request=request)
requests.exceptions.ConnectionError: HTTPConnectionPool(host='localhost', port=8082): Max retries exceeded with url: /v1/documents (Caused by NewConnectionError("HTTPConnection(host='localhost', port=8082): Failed to establish a new connection: [Errno 111] Connection refused"))
2026-02-27 16:45:33 | INFO     | --- batch 9/47 (16 files) ---
2026-02-27 16:45:33 | DEBUG    |   Files: CWP-690-min.pdf, CWP-694-min.pdf, CWP-695-min.pdf, CWP-696-min.pdf, CWP-698-1.pdf, CWP-748-min.pdf, CWP-749.pdf, CWP-750-min.pdf, CWP-751.pdf, CWP-752.pdf, CWP-753.pdf, CWP-754.pdf, CWP-755.pdf, CWP-756.pdf, CWP-757.pdf, CWP-758-min.pdf
2026-02-27 16:45:33 | ERROR    | ❌ batch 9/47 (16 files) failed: HTTPConnectionPool(host='localhost', port=8082): Max retries exceeded with url: /v1/documents (Caused by NewConnectionError("HTTPConnection(host='localhost', port=8082): Failed to establish a new connection: [Errno 111] Connection refused"))
Traceback (most recent call last):
  File "/usr/local/lib/python3.14/site-packages/urllib3/connection.py", line 204, in _new_conn
    sock = connection.create_connection(
        (self._dns_host, self.port),
    ...<2 lines>...
        socket_options=self.socket_options,
    )
  File "/usr/local/lib/python3.14/site-packages/urllib3/util/connection.py", line 85, in create_connection
    raise err
  File "/usr/local/lib/python3.14/site-packages/urllib3/util/connection.py", line 73, in create_connection
    sock.connect(sa)
    ~~~~~~~~~~~~^^^^
ConnectionRefusedError: [Errno 111] Connection refused

The above exception was the direct cause of the following exception:

Traceback (most recent call last):
  File "/usr/local/lib/python3.14/site-packages/urllib3/connectionpool.py", line 787, in urlopen
    response = self._make_request(
        conn,
    ...<10 lines>...
        **response_kw,
    )
  File "/usr/local/lib/python3.14/site-packages/urllib3/connectionpool.py", line 493, in _make_request
    conn.request(
    ~~~~~~~~~~~~^
        method,
        ^^^^^^^
    ...<6 lines>...
        enforce_content_length=enforce_content_length,
        ^^^^^^^^^^^^^^^^^^^^^^^^^^^^^^^^^^^^^^^^^^^^^^
    )
    ^
  File "/usr/local/lib/python3.14/site-packages/urllib3/connection.py", line 500, in request
    self.endheaders()
    ~~~~~~~~~~~~~~~^^
  File "/usr/local/lib/python3.14/http/client.py", line 1353, in endheaders
    self._send_output(message_body, encode_chunked=encode_chunked)
    ~~~~~~~~~~~~~~~~~^^^^^^^^^^^^^^^^^^^^^^^^^^^^^^^^^^^^^^^^^^^^^
  File "/usr/local/lib/python3.14/http/client.py", line 1113, in _send_output
    self.send(msg)
    ~~~~~~~~~^^^^^
  File "/usr/local/lib/python3.14/http/client.py", line 1057, in send
    self.connect()
    ~~~~~~~~~~~~^^
  File "/usr/local/lib/python3.14/site-packages/urllib3/connection.py", line 331, in connect
    self.sock = self._new_conn()
                ~~~~~~~~~~~~~~^^
  File "/usr/local/lib/python3.14/site-packages/urllib3/connection.py", line 219, in _new_conn
    raise NewConnectionError(
        self, f"Failed to establish a new connection: {e}"
    ) from e
urllib3.exceptions.NewConnectionError: HTTPConnection(host='localhost', port=8082): Failed to establish a new connection: [Errno 111] Connection refused

The above exception was the direct cause of the following exception:

Traceback (most recent call last):
  File "/usr/local/lib/python3.14/site-packages/requests/adapters.py", line 644, in send
    resp = conn.urlopen(
        method=request.method,
    ...<9 lines>...
        chunked=chunked,
    )
  File "/usr/local/lib/python3.14/site-packages/urllib3/connectionpool.py", line 841, in urlopen
    retries = retries.increment(
        method, url, error=new_e, _pool=self, _stacktrace=sys.exc_info()[2]
    )
  File "/usr/local/lib/python3.14/site-packages/urllib3/util/retry.py", line 535, in increment
    raise MaxRetryError(_pool, url, reason) from reason  # type: ignore[arg-type]
    ^^^^^^^^^^^^^^^^^^^^^^^^^^^^^^^^^^^^^^^^^^^^^^^^^^^
urllib3.exceptions.MaxRetryError: HTTPConnectionPool(host='localhost', port=8082): Max retries exceeded with url: /v1/documents (Caused by NewConnectionError("HTTPConnection(host='localhost', port=8082): Failed to establish a new connection: [Errno 111] Connection refused"))

During handling of the above exception, another exception occurred:

Traceback (most recent call last):
  File "/u/bglq/projects/rag/rag-refactor/deploy/singularity/scripts/ingest_collections.py", line 446, in ingest_collection
    task_id = client.upload_batch(batch, result.collection_name, chunk_size, chunk_overlap)
  File "/u/bglq/projects/rag/rag-refactor/deploy/singularity/scripts/ingest_collections.py", line 282, in upload_batch
    resp = requests.post(url, files=files_form, timeout=300)
  File "/usr/local/lib/python3.14/site-packages/requests/api.py", line 115, in post
    return request("post", url, data=data, json=json, **kwargs)
  File "/usr/local/lib/python3.14/site-packages/requests/api.py", line 59, in request
    return session.request(method=method, url=url, **kwargs)
           ~~~~~~~~~~~~~~~^^^^^^^^^^^^^^^^^^^^^^^^^^^^^^^^^^
  File "/usr/local/lib/python3.14/site-packages/requests/sessions.py", line 589, in request
    resp = self.send(prep, **send_kwargs)
  File "/usr/local/lib/python3.14/site-packages/requests/sessions.py", line 703, in send
    r = adapter.send(request, **kwargs)
  File "/usr/local/lib/python3.14/site-packages/requests/adapters.py", line 677, in send
    raise ConnectionError(e, request=request)
requests.exceptions.ConnectionError: HTTPConnectionPool(host='localhost', port=8082): Max retries exceeded with url: /v1/documents (Caused by NewConnectionError("HTTPConnection(host='localhost', port=8082): Failed to establish a new connection: [Errno 111] Connection refused"))
2026-02-27 16:45:33 | INFO     | --- batch 10/47 (16 files) ---
2026-02-27 16:45:33 | DEBUG    |   Files: CWP-759.pdf, CWP-760.pdf, CWP-761.pdf, CWP-762.pdf, CWP-763.pdf, CWP-764-min.pdf, CWP-765.pdf, CWP-766.pdf, CWP-767.pdf, CWP-768.pdf, CWP-769-min.pdf, CWP-770.pdf, CWP-771.pdf, CWP-772.pdf, CWP-773-min.pdf, CWP-774-min.pdf
2026-02-27 16:45:33 | ERROR    | ❌ batch 10/47 (16 files) failed: HTTPConnectionPool(host='localhost', port=8082): Max retries exceeded with url: /v1/documents (Caused by NewConnectionError("HTTPConnection(host='localhost', port=8082): Failed to establish a new connection: [Errno 111] Connection refused"))
Traceback (most recent call last):
  File "/usr/local/lib/python3.14/site-packages/urllib3/connection.py", line 204, in _new_conn
    sock = connection.create_connection(
        (self._dns_host, self.port),
    ...<2 lines>...
        socket_options=self.socket_options,
    )
  File "/usr/local/lib/python3.14/site-packages/urllib3/util/connection.py", line 85, in create_connection
    raise err
  File "/usr/local/lib/python3.14/site-packages/urllib3/util/connection.py", line 73, in create_connection
    sock.connect(sa)
    ~~~~~~~~~~~~^^^^
ConnectionRefusedError: [Errno 111] Connection refused

The above exception was the direct cause of the following exception:

Traceback (most recent call last):
  File "/usr/local/lib/python3.14/site-packages/urllib3/connectionpool.py", line 787, in urlopen
    response = self._make_request(
        conn,
    ...<10 lines>...
        **response_kw,
    )
  File "/usr/local/lib/python3.14/site-packages/urllib3/connectionpool.py", line 493, in _make_request
    conn.request(
    ~~~~~~~~~~~~^
        method,
        ^^^^^^^
    ...<6 lines>...
        enforce_content_length=enforce_content_length,
        ^^^^^^^^^^^^^^^^^^^^^^^^^^^^^^^^^^^^^^^^^^^^^^
    )
    ^
  File "/usr/local/lib/python3.14/site-packages/urllib3/connection.py", line 500, in request
    self.endheaders()
    ~~~~~~~~~~~~~~~^^
  File "/usr/local/lib/python3.14/http/client.py", line 1353, in endheaders
    self._send_output(message_body, encode_chunked=encode_chunked)
    ~~~~~~~~~~~~~~~~~^^^^^^^^^^^^^^^^^^^^^^^^^^^^^^^^^^^^^^^^^^^^^
  File "/usr/local/lib/python3.14/http/client.py", line 1113, in _send_output
    self.send(msg)
    ~~~~~~~~~^^^^^
  File "/usr/local/lib/python3.14/http/client.py", line 1057, in send
    self.connect()
    ~~~~~~~~~~~~^^
  File "/usr/local/lib/python3.14/site-packages/urllib3/connection.py", line 331, in connect
    self.sock = self._new_conn()
                ~~~~~~~~~~~~~~^^
  File "/usr/local/lib/python3.14/site-packages/urllib3/connection.py", line 219, in _new_conn
    raise NewConnectionError(
        self, f"Failed to establish a new connection: {e}"
    ) from e
urllib3.exceptions.NewConnectionError: HTTPConnection(host='localhost', port=8082): Failed to establish a new connection: [Errno 111] Connection refused

The above exception was the direct cause of the following exception:

Traceback (most recent call last):
  File "/usr/local/lib/python3.14/site-packages/requests/adapters.py", line 644, in send
    resp = conn.urlopen(
        method=request.method,
    ...<9 lines>...
        chunked=chunked,
    )
  File "/usr/local/lib/python3.14/site-packages/urllib3/connectionpool.py", line 841, in urlopen
    retries = retries.increment(
        method, url, error=new_e, _pool=self, _stacktrace=sys.exc_info()[2]
    )
  File "/usr/local/lib/python3.14/site-packages/urllib3/util/retry.py", line 535, in increment
    raise MaxRetryError(_pool, url, reason) from reason  # type: ignore[arg-type]
    ^^^^^^^^^^^^^^^^^^^^^^^^^^^^^^^^^^^^^^^^^^^^^^^^^^^
urllib3.exceptions.MaxRetryError: HTTPConnectionPool(host='localhost', port=8082): Max retries exceeded with url: /v1/documents (Caused by NewConnectionError("HTTPConnection(host='localhost', port=8082): Failed to establish a new connection: [Errno 111] Connection refused"))

During handling of the above exception, another exception occurred:

Traceback (most recent call last):
  File "/u/bglq/projects/rag/rag-refactor/deploy/singularity/scripts/ingest_collections.py", line 446, in ingest_collection
    task_id = client.upload_batch(batch, result.collection_name, chunk_size, chunk_overlap)
  File "/u/bglq/projects/rag/rag-refactor/deploy/singularity/scripts/ingest_collections.py", line 282, in upload_batch
    resp = requests.post(url, files=files_form, timeout=300)
  File "/usr/local/lib/python3.14/site-packages/requests/api.py", line 115, in post
    return request("post", url, data=data, json=json, **kwargs)
  File "/usr/local/lib/python3.14/site-packages/requests/api.py", line 59, in request
    return session.request(method=method, url=url, **kwargs)
           ~~~~~~~~~~~~~~~^^^^^^^^^^^^^^^^^^^^^^^^^^^^^^^^^^
  File "/usr/local/lib/python3.14/site-packages/requests/sessions.py", line 589, in request
    resp = self.send(prep, **send_kwargs)
  File "/usr/local/lib/python3.14/site-packages/requests/sessions.py", line 703, in send
    r = adapter.send(request, **kwargs)
  File "/usr/local/lib/python3.14/site-packages/requests/adapters.py", line 677, in send
    raise ConnectionError(e, request=request)
requests.exceptions.ConnectionError: HTTPConnectionPool(host='localhost', port=8082): Max retries exceeded with url: /v1/documents (Caused by NewConnectionError("HTTPConnection(host='localhost', port=8082): Failed to establish a new connection: [Errno 111] Connection refused"))
2026-02-27 16:45:33 | INFO     | --- batch 11/47 (16 files) ---
2026-02-27 16:45:33 | DEBUG    |   Files: CWP-775.pdf, CWP-776.pdf, CWP-777.pdf, CWP-778.pdf, CWP-779-2013-Project-Review.pdf, CWP-882_Arora_Tsvankin_CWP_REPORT_2017_ReviseD.pdf, CWP-883_Bai_Tsvankin_report_2017.pdf, CWP-884_Guitton_Wang_Trainor-Guitton_report_2017.pdf, CWP-885_Guitton_report_2017-reduced.pdf, CWP-887_JarilloMichel_Tsvankin_report_2017.pdf, CWP-888_Jia_Guitton_Singh_Snieder_report_2017.pdf, CWP-889_Kamath_Tsvankin_Naeini_report_2017.pdf, CWP-890_Li_et_al_report_2017.pdf, CWP-891_LimChenNing_report_2017-reduced.pdf, CWP-892_Prunty_Snieder_report_2017.pdf, CWP-893_Rapstine_Sava_report_2017.pdf
2026-02-27 16:45:34 | ERROR    | ❌ batch 11/47 (16 files) failed: HTTPConnectionPool(host='localhost', port=8082): Max retries exceeded with url: /v1/documents (Caused by NewConnectionError("HTTPConnection(host='localhost', port=8082): Failed to establish a new connection: [Errno 111] Connection refused"))
Traceback (most recent call last):
  File "/usr/local/lib/python3.14/site-packages/urllib3/connection.py", line 204, in _new_conn
    sock = connection.create_connection(
        (self._dns_host, self.port),
    ...<2 lines>...
        socket_options=self.socket_options,
    )
  File "/usr/local/lib/python3.14/site-packages/urllib3/util/connection.py", line 85, in create_connection
    raise err
  File "/usr/local/lib/python3.14/site-packages/urllib3/util/connection.py", line 73, in create_connection
    sock.connect(sa)
    ~~~~~~~~~~~~^^^^
ConnectionRefusedError: [Errno 111] Connection refused

The above exception was the direct cause of the following exception:

Traceback (most recent call last):
  File "/usr/local/lib/python3.14/site-packages/urllib3/connectionpool.py", line 787, in urlopen
    response = self._make_request(
        conn,
    ...<10 lines>...
        **response_kw,
    )
  File "/usr/local/lib/python3.14/site-packages/urllib3/connectionpool.py", line 493, in _make_request
    conn.request(
    ~~~~~~~~~~~~^
        method,
        ^^^^^^^
    ...<6 lines>...
        enforce_content_length=enforce_content_length,
        ^^^^^^^^^^^^^^^^^^^^^^^^^^^^^^^^^^^^^^^^^^^^^^
    )
    ^
  File "/usr/local/lib/python3.14/site-packages/urllib3/connection.py", line 500, in request
    self.endheaders()
    ~~~~~~~~~~~~~~~^^
  File "/usr/local/lib/python3.14/http/client.py", line 1353, in endheaders
    self._send_output(message_body, encode_chunked=encode_chunked)
    ~~~~~~~~~~~~~~~~~^^^^^^^^^^^^^^^^^^^^^^^^^^^^^^^^^^^^^^^^^^^^^
  File "/usr/local/lib/python3.14/http/client.py", line 1113, in _send_output
    self.send(msg)
    ~~~~~~~~~^^^^^
  File "/usr/local/lib/python3.14/http/client.py", line 1057, in send
    self.connect()
    ~~~~~~~~~~~~^^
  File "/usr/local/lib/python3.14/site-packages/urllib3/connection.py", line 331, in connect
    self.sock = self._new_conn()
                ~~~~~~~~~~~~~~^^
  File "/usr/local/lib/python3.14/site-packages/urllib3/connection.py", line 219, in _new_conn
    raise NewConnectionError(
        self, f"Failed to establish a new connection: {e}"
    ) from e
urllib3.exceptions.NewConnectionError: HTTPConnection(host='localhost', port=8082): Failed to establish a new connection: [Errno 111] Connection refused

The above exception was the direct cause of the following exception:

Traceback (most recent call last):
  File "/usr/local/lib/python3.14/site-packages/requests/adapters.py", line 644, in send
    resp = conn.urlopen(
        method=request.method,
    ...<9 lines>...
        chunked=chunked,
    )
  File "/usr/local/lib/python3.14/site-packages/urllib3/connectionpool.py", line 841, in urlopen
    retries = retries.increment(
        method, url, error=new_e, _pool=self, _stacktrace=sys.exc_info()[2]
    )
  File "/usr/local/lib/python3.14/site-packages/urllib3/util/retry.py", line 535, in increment
    raise MaxRetryError(_pool, url, reason) from reason  # type: ignore[arg-type]
    ^^^^^^^^^^^^^^^^^^^^^^^^^^^^^^^^^^^^^^^^^^^^^^^^^^^
urllib3.exceptions.MaxRetryError: HTTPConnectionPool(host='localhost', port=8082): Max retries exceeded with url: /v1/documents (Caused by NewConnectionError("HTTPConnection(host='localhost', port=8082): Failed to establish a new connection: [Errno 111] Connection refused"))

During handling of the above exception, another exception occurred:

Traceback (most recent call last):
  File "/u/bglq/projects/rag/rag-refactor/deploy/singularity/scripts/ingest_collections.py", line 446, in ingest_collection
    task_id = client.upload_batch(batch, result.collection_name, chunk_size, chunk_overlap)
  File "/u/bglq/projects/rag/rag-refactor/deploy/singularity/scripts/ingest_collections.py", line 282, in upload_batch
    resp = requests.post(url, files=files_form, timeout=300)
  File "/usr/local/lib/python3.14/site-packages/requests/api.py", line 115, in post
    return request("post", url, data=data, json=json, **kwargs)
  File "/usr/local/lib/python3.14/site-packages/requests/api.py", line 59, in request
    return session.request(method=method, url=url, **kwargs)
           ~~~~~~~~~~~~~~~^^^^^^^^^^^^^^^^^^^^^^^^^^^^^^^^^^
  File "/usr/local/lib/python3.14/site-packages/requests/sessions.py", line 589, in request
    resp = self.send(prep, **send_kwargs)
  File "/usr/local/lib/python3.14/site-packages/requests/sessions.py", line 703, in send
    r = adapter.send(request, **kwargs)
  File "/usr/local/lib/python3.14/site-packages/requests/adapters.py", line 677, in send
    raise ConnectionError(e, request=request)
requests.exceptions.ConnectionError: HTTPConnectionPool(host='localhost', port=8082): Max retries exceeded with url: /v1/documents (Caused by NewConnectionError("HTTPConnection(host='localhost', port=8082): Failed to establish a new connection: [Errno 111] Connection refused"))
2026-02-27 16:45:34 | INFO     | --- batch 12/47 (16 files) ---
2026-02-27 16:45:34 | DEBUG    |   Files: CWP-894_Rocha_Sava_Guitton_report_2017-reduced.pdf, CWP-895_Rocha_Sava_report_2017-reduced.pdf, CWP-897_Planes_Snieder_Singh_report_2017.pdf, CWP-898-Liu.pdf, CWP-899-Rocha.pdf, CWP-901-Arora.pdf, CWP-902-Bai.pdf, CWP-903-Lim-DAS.compressed.pdf, CWP-904-Lim-RTM-2.pdf, CWP-905-Lim-SMI.pdf, CWP-906-Jarillo.pdf, CWP-907-Jia.pdf, CWP-908-Konuk.pdf, CWP-909-Aragao.pdf, CWP-910-Rocha.pdf, CWP-911-Singh.pdf
2026-02-27 16:45:35 | ERROR    | ❌ batch 12/47 (16 files) failed: HTTPConnectionPool(host='localhost', port=8082): Max retries exceeded with url: /v1/documents (Caused by NewConnectionError("HTTPConnection(host='localhost', port=8082): Failed to establish a new connection: [Errno 111] Connection refused"))
Traceback (most recent call last):
  File "/usr/local/lib/python3.14/site-packages/urllib3/connection.py", line 204, in _new_conn
    sock = connection.create_connection(
        (self._dns_host, self.port),
    ...<2 lines>...
        socket_options=self.socket_options,
    )
  File "/usr/local/lib/python3.14/site-packages/urllib3/util/connection.py", line 85, in create_connection
    raise err
  File "/usr/local/lib/python3.14/site-packages/urllib3/util/connection.py", line 73, in create_connection
    sock.connect(sa)
    ~~~~~~~~~~~~^^^^
ConnectionRefusedError: [Errno 111] Connection refused

The above exception was the direct cause of the following exception:

Traceback (most recent call last):
  File "/usr/local/lib/python3.14/site-packages/urllib3/connectionpool.py", line 787, in urlopen
    response = self._make_request(
        conn,
    ...<10 lines>...
        **response_kw,
    )
  File "/usr/local/lib/python3.14/site-packages/urllib3/connectionpool.py", line 493, in _make_request
    conn.request(
    ~~~~~~~~~~~~^
        method,
        ^^^^^^^
    ...<6 lines>...
        enforce_content_length=enforce_content_length,
        ^^^^^^^^^^^^^^^^^^^^^^^^^^^^^^^^^^^^^^^^^^^^^^
    )
    ^
  File "/usr/local/lib/python3.14/site-packages/urllib3/connection.py", line 500, in request
    self.endheaders()
    ~~~~~~~~~~~~~~~^^
  File "/usr/local/lib/python3.14/http/client.py", line 1353, in endheaders
    self._send_output(message_body, encode_chunked=encode_chunked)
    ~~~~~~~~~~~~~~~~~^^^^^^^^^^^^^^^^^^^^^^^^^^^^^^^^^^^^^^^^^^^^^
  File "/usr/local/lib/python3.14/http/client.py", line 1113, in _send_output
    self.send(msg)
    ~~~~~~~~~^^^^^
  File "/usr/local/lib/python3.14/http/client.py", line 1057, in send
    self.connect()
    ~~~~~~~~~~~~^^
  File "/usr/local/lib/python3.14/site-packages/urllib3/connection.py", line 331, in connect
    self.sock = self._new_conn()
                ~~~~~~~~~~~~~~^^
  File "/usr/local/lib/python3.14/site-packages/urllib3/connection.py", line 219, in _new_conn
    raise NewConnectionError(
        self, f"Failed to establish a new connection: {e}"
    ) from e
urllib3.exceptions.NewConnectionError: HTTPConnection(host='localhost', port=8082): Failed to establish a new connection: [Errno 111] Connection refused

The above exception was the direct cause of the following exception:

Traceback (most recent call last):
  File "/usr/local/lib/python3.14/site-packages/requests/adapters.py", line 644, in send
    resp = conn.urlopen(
        method=request.method,
    ...<9 lines>...
        chunked=chunked,
    )
  File "/usr/local/lib/python3.14/site-packages/urllib3/connectionpool.py", line 841, in urlopen
    retries = retries.increment(
        method, url, error=new_e, _pool=self, _stacktrace=sys.exc_info()[2]
    )
  File "/usr/local/lib/python3.14/site-packages/urllib3/util/retry.py", line 535, in increment
    raise MaxRetryError(_pool, url, reason) from reason  # type: ignore[arg-type]
    ^^^^^^^^^^^^^^^^^^^^^^^^^^^^^^^^^^^^^^^^^^^^^^^^^^^
urllib3.exceptions.MaxRetryError: HTTPConnectionPool(host='localhost', port=8082): Max retries exceeded with url: /v1/documents (Caused by NewConnectionError("HTTPConnection(host='localhost', port=8082): Failed to establish a new connection: [Errno 111] Connection refused"))

During handling of the above exception, another exception occurred:

Traceback (most recent call last):
  File "/u/bglq/projects/rag/rag-refactor/deploy/singularity/scripts/ingest_collections.py", line 446, in ingest_collection
    task_id = client.upload_batch(batch, result.collection_name, chunk_size, chunk_overlap)
  File "/u/bglq/projects/rag/rag-refactor/deploy/singularity/scripts/ingest_collections.py", line 282, in upload_batch
    resp = requests.post(url, files=files_form, timeout=300)
  File "/usr/local/lib/python3.14/site-packages/requests/api.py", line 115, in post
    return request("post", url, data=data, json=json, **kwargs)
  File "/usr/local/lib/python3.14/site-packages/requests/api.py", line 59, in request
    return session.request(method=method, url=url, **kwargs)
           ~~~~~~~~~~~~~~~^^^^^^^^^^^^^^^^^^^^^^^^^^^^^^^^^^
  File "/usr/local/lib/python3.14/site-packages/requests/sessions.py", line 589, in request
    resp = self.send(prep, **send_kwargs)
  File "/usr/local/lib/python3.14/site-packages/requests/sessions.py", line 703, in send
    r = adapter.send(request, **kwargs)
  File "/usr/local/lib/python3.14/site-packages/requests/adapters.py", line 677, in send
    raise ConnectionError(e, request=request)
requests.exceptions.ConnectionError: HTTPConnectionPool(host='localhost', port=8082): Max retries exceeded with url: /v1/documents (Caused by NewConnectionError("HTTPConnection(host='localhost', port=8082): Failed to establish a new connection: [Errno 111] Connection refused"))
2026-02-27 16:45:35 | INFO     | --- batch 13/47 (16 files) ---
2026-02-27 16:45:35 | DEBUG    |   Files: CWP-912-Li-X-DAET.pdf, CWP-913-Li-X-bifurcation.compressed.pdf, CWP-914-Prunty.pdf, CWP-915-Snieder-ilovepdf-compressed.pdf, CWP-916-Shragge-min.pdf, CWP-917-Li-V-TTI.pdf, CWP-918-Li-V-VTI.pdf, CWP-920-Yue.pdf, CWP-921-Rapstine.pdf, CWP-948_Thomas_rapstine_thesis_phd1.pdf, CWP-949-Pawelec_Wakin_Sava_report.pdf, CWP-950_Singh.pdf, CWP-951_Singh.pdf, CWP-952_Singh.pdf, CWP-953_Yang_Shragge-1.pdf, CWP-954_Oren_and_Shragge.pdf
2026-02-27 16:45:35 | ERROR    | ❌ batch 13/47 (16 files) failed: HTTPConnectionPool(host='localhost', port=8082): Max retries exceeded with url: /v1/documents (Caused by NewConnectionError("HTTPConnection(host='localhost', port=8082): Failed to establish a new connection: [Errno 111] Connection refused"))
Traceback (most recent call last):
  File "/usr/local/lib/python3.14/site-packages/urllib3/connection.py", line 204, in _new_conn
    sock = connection.create_connection(
        (self._dns_host, self.port),
    ...<2 lines>...
        socket_options=self.socket_options,
    )
  File "/usr/local/lib/python3.14/site-packages/urllib3/util/connection.py", line 85, in create_connection
    raise err
  File "/usr/local/lib/python3.14/site-packages/urllib3/util/connection.py", line 73, in create_connection
    sock.connect(sa)
    ~~~~~~~~~~~~^^^^
ConnectionRefusedError: [Errno 111] Connection refused

The above exception was the direct cause of the following exception:

Traceback (most recent call last):
  File "/usr/local/lib/python3.14/site-packages/urllib3/connectionpool.py", line 787, in urlopen
    response = self._make_request(
        conn,
    ...<10 lines>...
        **response_kw,
    )
  File "/usr/local/lib/python3.14/site-packages/urllib3/connectionpool.py", line 493, in _make_request
    conn.request(
    ~~~~~~~~~~~~^
        method,
        ^^^^^^^
    ...<6 lines>...
        enforce_content_length=enforce_content_length,
        ^^^^^^^^^^^^^^^^^^^^^^^^^^^^^^^^^^^^^^^^^^^^^^
    )
    ^
  File "/usr/local/lib/python3.14/site-packages/urllib3/connection.py", line 500, in request
    self.endheaders()
    ~~~~~~~~~~~~~~~^^
  File "/usr/local/lib/python3.14/http/client.py", line 1353, in endheaders
    self._send_output(message_body, encode_chunked=encode_chunked)
    ~~~~~~~~~~~~~~~~~^^^^^^^^^^^^^^^^^^^^^^^^^^^^^^^^^^^^^^^^^^^^^
  File "/usr/local/lib/python3.14/http/client.py", line 1113, in _send_output
    self.send(msg)
    ~~~~~~~~~^^^^^
  File "/usr/local/lib/python3.14/http/client.py", line 1057, in send
    self.connect()
    ~~~~~~~~~~~~^^
  File "/usr/local/lib/python3.14/site-packages/urllib3/connection.py", line 331, in connect
    self.sock = self._new_conn()
                ~~~~~~~~~~~~~~^^
  File "/usr/local/lib/python3.14/site-packages/urllib3/connection.py", line 219, in _new_conn
    raise NewConnectionError(
        self, f"Failed to establish a new connection: {e}"
    ) from e
urllib3.exceptions.NewConnectionError: HTTPConnection(host='localhost', port=8082): Failed to establish a new connection: [Errno 111] Connection refused

The above exception was the direct cause of the following exception:

Traceback (most recent call last):
  File "/usr/local/lib/python3.14/site-packages/requests/adapters.py", line 644, in send
    resp = conn.urlopen(
        method=request.method,
    ...<9 lines>...
        chunked=chunked,
    )
  File "/usr/local/lib/python3.14/site-packages/urllib3/connectionpool.py", line 841, in urlopen
    retries = retries.increment(
        method, url, error=new_e, _pool=self, _stacktrace=sys.exc_info()[2]
    )
  File "/usr/local/lib/python3.14/site-packages/urllib3/util/retry.py", line 535, in increment
    raise MaxRetryError(_pool, url, reason) from reason  # type: ignore[arg-type]
    ^^^^^^^^^^^^^^^^^^^^^^^^^^^^^^^^^^^^^^^^^^^^^^^^^^^
urllib3.exceptions.MaxRetryError: HTTPConnectionPool(host='localhost', port=8082): Max retries exceeded with url: /v1/documents (Caused by NewConnectionError("HTTPConnection(host='localhost', port=8082): Failed to establish a new connection: [Errno 111] Connection refused"))

During handling of the above exception, another exception occurred:

Traceback (most recent call last):
  File "/u/bglq/projects/rag/rag-refactor/deploy/singularity/scripts/ingest_collections.py", line 446, in ingest_collection
    task_id = client.upload_batch(batch, result.collection_name, chunk_size, chunk_overlap)
  File "/u/bglq/projects/rag/rag-refactor/deploy/singularity/scripts/ingest_collections.py", line 282, in upload_batch
    resp = requests.post(url, files=files_form, timeout=300)
  File "/usr/local/lib/python3.14/site-packages/requests/api.py", line 115, in post
    return request("post", url, data=data, json=json, **kwargs)
  File "/usr/local/lib/python3.14/site-packages/requests/api.py", line 59, in request
    return session.request(method=method, url=url, **kwargs)
           ~~~~~~~~~~~~~~~^^^^^^^^^^^^^^^^^^^^^^^^^^^^^^^^^^
  File "/usr/local/lib/python3.14/site-packages/requests/sessions.py", line 589, in request
    resp = self.send(prep, **send_kwargs)
  File "/usr/local/lib/python3.14/site-packages/requests/sessions.py", line 703, in send
    r = adapter.send(request, **kwargs)
  File "/usr/local/lib/python3.14/site-packages/requests/adapters.py", line 677, in send
    raise ConnectionError(e, request=request)
requests.exceptions.ConnectionError: HTTPConnectionPool(host='localhost', port=8082): Max retries exceeded with url: /v1/documents (Caused by NewConnectionError("HTTPConnection(host='localhost', port=8082): Failed to establish a new connection: [Errno 111] Connection refused"))
2026-02-27 16:45:35 | INFO     | --- batch 14/47 (16 files) ---
2026-02-27 16:45:35 | DEBUG    |   Files: CWP-955_Jaimes_and_Snieder.pdf, CWP-956_Aragao_and_Sava.pdf, CWP-957_Aragao_and_Sava.pdf, CWP-958_Aragao_and_Sava.pdf, CWP-959_Sethi.pdf, CWP-960_ZHU_SHRAGGE_CWP2020.pdf, CWP-961_Snieder-Schonfelder-Surf_Rot_CWP.pdf, CWP-962-Schonfelder-Bozdag-Snieder-Surf_Rot_obs_CWP.pdf, CWP-971_Singh_et_al_2.pdf, CWP-972_Liu.pdf, CWP-973_Bayesian_facies_classification.pdf, CWP-974_Snieder.pdf, CWP-975_Kirazetal.pdf, CWP-976_Jaimes_and_Snieder.pdf, CWP-977_Kirazetal.pdf, CWP-978_Pawelec_Sava_2021.pdf
2026-02-27 16:45:36 | ERROR    | ❌ batch 14/47 (16 files) failed: HTTPConnectionPool(host='localhost', port=8082): Max retries exceeded with url: /v1/documents (Caused by NewConnectionError("HTTPConnection(host='localhost', port=8082): Failed to establish a new connection: [Errno 111] Connection refused"))
Traceback (most recent call last):
  File "/usr/local/lib/python3.14/site-packages/urllib3/connection.py", line 204, in _new_conn
    sock = connection.create_connection(
        (self._dns_host, self.port),
    ...<2 lines>...
        socket_options=self.socket_options,
    )
  File "/usr/local/lib/python3.14/site-packages/urllib3/util/connection.py", line 85, in create_connection
    raise err
  File "/usr/local/lib/python3.14/site-packages/urllib3/util/connection.py", line 73, in create_connection
    sock.connect(sa)
    ~~~~~~~~~~~~^^^^
ConnectionRefusedError: [Errno 111] Connection refused

The above exception was the direct cause of the following exception:

Traceback (most recent call last):
  File "/usr/local/lib/python3.14/site-packages/urllib3/connectionpool.py", line 787, in urlopen
    response = self._make_request(
        conn,
    ...<10 lines>...
        **response_kw,
    )
  File "/usr/local/lib/python3.14/site-packages/urllib3/connectionpool.py", line 493, in _make_request
    conn.request(
    ~~~~~~~~~~~~^
        method,
        ^^^^^^^
    ...<6 lines>...
        enforce_content_length=enforce_content_length,
        ^^^^^^^^^^^^^^^^^^^^^^^^^^^^^^^^^^^^^^^^^^^^^^
    )
    ^
  File "/usr/local/lib/python3.14/site-packages/urllib3/connection.py", line 500, in request
    self.endheaders()
    ~~~~~~~~~~~~~~~^^
  File "/usr/local/lib/python3.14/http/client.py", line 1353, in endheaders
    self._send_output(message_body, encode_chunked=encode_chunked)
    ~~~~~~~~~~~~~~~~~^^^^^^^^^^^^^^^^^^^^^^^^^^^^^^^^^^^^^^^^^^^^^
  File "/usr/local/lib/python3.14/http/client.py", line 1113, in _send_output
    self.send(msg)
    ~~~~~~~~~^^^^^
  File "/usr/local/lib/python3.14/http/client.py", line 1057, in send
    self.connect()
    ~~~~~~~~~~~~^^
  File "/usr/local/lib/python3.14/site-packages/urllib3/connection.py", line 331, in connect
    self.sock = self._new_conn()
                ~~~~~~~~~~~~~~^^
  File "/usr/local/lib/python3.14/site-packages/urllib3/connection.py", line 219, in _new_conn
    raise NewConnectionError(
        self, f"Failed to establish a new connection: {e}"
    ) from e
urllib3.exceptions.NewConnectionError: HTTPConnection(host='localhost', port=8082): Failed to establish a new connection: [Errno 111] Connection refused

The above exception was the direct cause of the following exception:

Traceback (most recent call last):
  File "/usr/local/lib/python3.14/site-packages/requests/adapters.py", line 644, in send
    resp = conn.urlopen(
        method=request.method,
    ...<9 lines>...
        chunked=chunked,
    )
  File "/usr/local/lib/python3.14/site-packages/urllib3/connectionpool.py", line 841, in urlopen
    retries = retries.increment(
        method, url, error=new_e, _pool=self, _stacktrace=sys.exc_info()[2]
    )
  File "/usr/local/lib/python3.14/site-packages/urllib3/util/retry.py", line 535, in increment
    raise MaxRetryError(_pool, url, reason) from reason  # type: ignore[arg-type]
    ^^^^^^^^^^^^^^^^^^^^^^^^^^^^^^^^^^^^^^^^^^^^^^^^^^^
urllib3.exceptions.MaxRetryError: HTTPConnectionPool(host='localhost', port=8082): Max retries exceeded with url: /v1/documents (Caused by NewConnectionError("HTTPConnection(host='localhost', port=8082): Failed to establish a new connection: [Errno 111] Connection refused"))

During handling of the above exception, another exception occurred:

Traceback (most recent call last):
  File "/u/bglq/projects/rag/rag-refactor/deploy/singularity/scripts/ingest_collections.py", line 446, in ingest_collection
    task_id = client.upload_batch(batch, result.collection_name, chunk_size, chunk_overlap)
  File "/u/bglq/projects/rag/rag-refactor/deploy/singularity/scripts/ingest_collections.py", line 282, in upload_batch
    resp = requests.post(url, files=files_form, timeout=300)
  File "/usr/local/lib/python3.14/site-packages/requests/api.py", line 115, in post
    return request("post", url, data=data, json=json, **kwargs)
  File "/usr/local/lib/python3.14/site-packages/requests/api.py", line 59, in request
    return session.request(method=method, url=url, **kwargs)
           ~~~~~~~~~~~~~~~^^^^^^^^^^^^^^^^^^^^^^^^^^^^^^^^^^
  File "/usr/local/lib/python3.14/site-packages/requests/sessions.py", line 589, in request
    resp = self.send(prep, **send_kwargs)
  File "/usr/local/lib/python3.14/site-packages/requests/sessions.py", line 703, in send
    r = adapter.send(request, **kwargs)
  File "/usr/local/lib/python3.14/site-packages/requests/adapters.py", line 677, in send
    raise ConnectionError(e, request=request)
requests.exceptions.ConnectionError: HTTPConnectionPool(host='localhost', port=8082): Max retries exceeded with url: /v1/documents (Caused by NewConnectionError("HTTPConnection(host='localhost', port=8082): Failed to establish a new connection: [Errno 111] Connection refused"))
2026-02-27 16:45:36 | INFO     | --- batch 15/47 (16 files) ---
2026-02-27 16:45:36 | DEBUG    |   Files: CWP-979_Oren_Shragge.pdf, CWP-980_Aragao_and_Sava.pdf, CWP-981_Konuk_Shragge.pdf, CWP-982_Almuteri_Sava_2021.pdf, CWP-983-Yang_Shragge_2021.pdf, CWP-984_Alzahrani_Shragge.pdf, CWP-985_Sethi_et_al.pdf, CWP-986_Konuk_Shragge_operator_learning.pdf, CWP-987_Can_Oren_PhD_Thesis_SP22.pdf, CWP-990_Cullen_Young_MSc_Thesis-_SP2022.pdf, CWP-991_Chambers_Shragge.pdf, CWP-993_Snieder.pdf, CWP-994_Snieder_Wakin.pdf, CWP-995_Oren_Shragge.pdf, CWP-996_Kiraz_Snieder.pdf, CWP-997_Sethi.pdf
2026-02-27 16:45:36 | ERROR    | ❌ batch 15/47 (16 files) failed: HTTPConnectionPool(host='localhost', port=8082): Max retries exceeded with url: /v1/documents (Caused by NewConnectionError("HTTPConnection(host='localhost', port=8082): Failed to establish a new connection: [Errno 111] Connection refused"))
Traceback (most recent call last):
  File "/usr/local/lib/python3.14/site-packages/urllib3/connection.py", line 204, in _new_conn
    sock = connection.create_connection(
        (self._dns_host, self.port),
    ...<2 lines>...
        socket_options=self.socket_options,
    )
  File "/usr/local/lib/python3.14/site-packages/urllib3/util/connection.py", line 85, in create_connection
    raise err
  File "/usr/local/lib/python3.14/site-packages/urllib3/util/connection.py", line 73, in create_connection
    sock.connect(sa)
    ~~~~~~~~~~~~^^^^
ConnectionRefusedError: [Errno 111] Connection refused

The above exception was the direct cause of the following exception:

Traceback (most recent call last):
  File "/usr/local/lib/python3.14/site-packages/urllib3/connectionpool.py", line 787, in urlopen
    response = self._make_request(
        conn,
    ...<10 lines>...
        **response_kw,
    )
  File "/usr/local/lib/python3.14/site-packages/urllib3/connectionpool.py", line 493, in _make_request
    conn.request(
    ~~~~~~~~~~~~^
        method,
        ^^^^^^^
    ...<6 lines>...
        enforce_content_length=enforce_content_length,
        ^^^^^^^^^^^^^^^^^^^^^^^^^^^^^^^^^^^^^^^^^^^^^^
    )
    ^
  File "/usr/local/lib/python3.14/site-packages/urllib3/connection.py", line 500, in request
    self.endheaders()
    ~~~~~~~~~~~~~~~^^
  File "/usr/local/lib/python3.14/http/client.py", line 1353, in endheaders
    self._send_output(message_body, encode_chunked=encode_chunked)
    ~~~~~~~~~~~~~~~~~^^^^^^^^^^^^^^^^^^^^^^^^^^^^^^^^^^^^^^^^^^^^^
  File "/usr/local/lib/python3.14/http/client.py", line 1113, in _send_output
    self.send(msg)
    ~~~~~~~~~^^^^^
  File "/usr/local/lib/python3.14/http/client.py", line 1057, in send
    self.connect()
    ~~~~~~~~~~~~^^
  File "/usr/local/lib/python3.14/site-packages/urllib3/connection.py", line 331, in connect
    self.sock = self._new_conn()
                ~~~~~~~~~~~~~~^^
  File "/usr/local/lib/python3.14/site-packages/urllib3/connection.py", line 219, in _new_conn
    raise NewConnectionError(
        self, f"Failed to establish a new connection: {e}"
    ) from e
urllib3.exceptions.NewConnectionError: HTTPConnection(host='localhost', port=8082): Failed to establish a new connection: [Errno 111] Connection refused

The above exception was the direct cause of the following exception:

Traceback (most recent call last):
  File "/usr/local/lib/python3.14/site-packages/requests/adapters.py", line 644, in send
    resp = conn.urlopen(
        method=request.method,
    ...<9 lines>...
        chunked=chunked,
    )
  File "/usr/local/lib/python3.14/site-packages/urllib3/connectionpool.py", line 841, in urlopen
    retries = retries.increment(
        method, url, error=new_e, _pool=self, _stacktrace=sys.exc_info()[2]
    )
  File "/usr/local/lib/python3.14/site-packages/urllib3/util/retry.py", line 535, in increment
    raise MaxRetryError(_pool, url, reason) from reason  # type: ignore[arg-type]
    ^^^^^^^^^^^^^^^^^^^^^^^^^^^^^^^^^^^^^^^^^^^^^^^^^^^
urllib3.exceptions.MaxRetryError: HTTPConnectionPool(host='localhost', port=8082): Max retries exceeded with url: /v1/documents (Caused by NewConnectionError("HTTPConnection(host='localhost', port=8082): Failed to establish a new connection: [Errno 111] Connection refused"))

During handling of the above exception, another exception occurred:

Traceback (most recent call last):
  File "/u/bglq/projects/rag/rag-refactor/deploy/singularity/scripts/ingest_collections.py", line 446, in ingest_collection
    task_id = client.upload_batch(batch, result.collection_name, chunk_size, chunk_overlap)
  File "/u/bglq/projects/rag/rag-refactor/deploy/singularity/scripts/ingest_collections.py", line 282, in upload_batch
    resp = requests.post(url, files=files_form, timeout=300)
  File "/usr/local/lib/python3.14/site-packages/requests/api.py", line 115, in post
    return request("post", url, data=data, json=json, **kwargs)
  File "/usr/local/lib/python3.14/site-packages/requests/api.py", line 59, in request
    return session.request(method=method, url=url, **kwargs)
           ~~~~~~~~~~~~~~~^^^^^^^^^^^^^^^^^^^^^^^^^^^^^^^^^^
  File "/usr/local/lib/python3.14/site-packages/requests/sessions.py", line 589, in request
    resp = self.send(prep, **send_kwargs)
  File "/usr/local/lib/python3.14/site-packages/requests/sessions.py", line 703, in send
    r = adapter.send(request, **kwargs)
  File "/usr/local/lib/python3.14/site-packages/requests/adapters.py", line 677, in send
    raise ConnectionError(e, request=request)
requests.exceptions.ConnectionError: HTTPConnectionPool(host='localhost', port=8082): Max retries exceeded with url: /v1/documents (Caused by NewConnectionError("HTTPConnection(host='localhost', port=8082): Failed to establish a new connection: [Errno 111] Connection refused"))
2026-02-27 16:45:36 | INFO     | --- batch 16/47 (16 files) ---
2026-02-27 16:45:36 | DEBUG    |   Files: CWP-998_Liu_etal.pdf, CWP-999_Jaimes_Snieder.pdf, CWP705-min.pdf, CWP706.pdf, CWP707-min.pdf, CWP708.pdf, CWP709.pdf, CWP710.pdf, CWP711.pdf, CWP712.pdf, CWP713.pdf, CWP714-min.pdf, CWP715.pdf, CWP716-min-12.pdf, CWP717.pdf, CWP718.pdf
2026-02-27 16:45:37 | ERROR    | ❌ batch 16/47 (16 files) failed: HTTPConnectionPool(host='localhost', port=8082): Max retries exceeded with url: /v1/documents (Caused by NewConnectionError("HTTPConnection(host='localhost', port=8082): Failed to establish a new connection: [Errno 111] Connection refused"))
Traceback (most recent call last):
  File "/usr/local/lib/python3.14/site-packages/urllib3/connection.py", line 204, in _new_conn
    sock = connection.create_connection(
        (self._dns_host, self.port),
    ...<2 lines>...
        socket_options=self.socket_options,
    )
  File "/usr/local/lib/python3.14/site-packages/urllib3/util/connection.py", line 85, in create_connection
    raise err
  File "/usr/local/lib/python3.14/site-packages/urllib3/util/connection.py", line 73, in create_connection
    sock.connect(sa)
    ~~~~~~~~~~~~^^^^
ConnectionRefusedError: [Errno 111] Connection refused

The above exception was the direct cause of the following exception:

Traceback (most recent call last):
  File "/usr/local/lib/python3.14/site-packages/urllib3/connectionpool.py", line 787, in urlopen
    response = self._make_request(
        conn,
    ...<10 lines>...
        **response_kw,
    )
  File "/usr/local/lib/python3.14/site-packages/urllib3/connectionpool.py", line 493, in _make_request
    conn.request(
    ~~~~~~~~~~~~^
        method,
        ^^^^^^^
    ...<6 lines>...
        enforce_content_length=enforce_content_length,
        ^^^^^^^^^^^^^^^^^^^^^^^^^^^^^^^^^^^^^^^^^^^^^^
    )
    ^
  File "/usr/local/lib/python3.14/site-packages/urllib3/connection.py", line 500, in request
    self.endheaders()
    ~~~~~~~~~~~~~~~^^
  File "/usr/local/lib/python3.14/http/client.py", line 1353, in endheaders
    self._send_output(message_body, encode_chunked=encode_chunked)
    ~~~~~~~~~~~~~~~~~^^^^^^^^^^^^^^^^^^^^^^^^^^^^^^^^^^^^^^^^^^^^^
  File "/usr/local/lib/python3.14/http/client.py", line 1113, in _send_output
    self.send(msg)
    ~~~~~~~~~^^^^^
  File "/usr/local/lib/python3.14/http/client.py", line 1057, in send
    self.connect()
    ~~~~~~~~~~~~^^
  File "/usr/local/lib/python3.14/site-packages/urllib3/connection.py", line 331, in connect
    self.sock = self._new_conn()
                ~~~~~~~~~~~~~~^^
  File "/usr/local/lib/python3.14/site-packages/urllib3/connection.py", line 219, in _new_conn
    raise NewConnectionError(
        self, f"Failed to establish a new connection: {e}"
    ) from e
urllib3.exceptions.NewConnectionError: HTTPConnection(host='localhost', port=8082): Failed to establish a new connection: [Errno 111] Connection refused

The above exception was the direct cause of the following exception:

Traceback (most recent call last):
  File "/usr/local/lib/python3.14/site-packages/requests/adapters.py", line 644, in send
    resp = conn.urlopen(
        method=request.method,
    ...<9 lines>...
        chunked=chunked,
    )
  File "/usr/local/lib/python3.14/site-packages/urllib3/connectionpool.py", line 841, in urlopen
    retries = retries.increment(
        method, url, error=new_e, _pool=self, _stacktrace=sys.exc_info()[2]
    )
  File "/usr/local/lib/python3.14/site-packages/urllib3/util/retry.py", line 535, in increment
    raise MaxRetryError(_pool, url, reason) from reason  # type: ignore[arg-type]
    ^^^^^^^^^^^^^^^^^^^^^^^^^^^^^^^^^^^^^^^^^^^^^^^^^^^
urllib3.exceptions.MaxRetryError: HTTPConnectionPool(host='localhost', port=8082): Max retries exceeded with url: /v1/documents (Caused by NewConnectionError("HTTPConnection(host='localhost', port=8082): Failed to establish a new connection: [Errno 111] Connection refused"))

During handling of the above exception, another exception occurred:

Traceback (most recent call last):
  File "/u/bglq/projects/rag/rag-refactor/deploy/singularity/scripts/ingest_collections.py", line 446, in ingest_collection
    task_id = client.upload_batch(batch, result.collection_name, chunk_size, chunk_overlap)
  File "/u/bglq/projects/rag/rag-refactor/deploy/singularity/scripts/ingest_collections.py", line 282, in upload_batch
    resp = requests.post(url, files=files_form, timeout=300)
  File "/usr/local/lib/python3.14/site-packages/requests/api.py", line 115, in post
    return request("post", url, data=data, json=json, **kwargs)
  File "/usr/local/lib/python3.14/site-packages/requests/api.py", line 59, in request
    return session.request(method=method, url=url, **kwargs)
           ~~~~~~~~~~~~~~~^^^^^^^^^^^^^^^^^^^^^^^^^^^^^^^^^^
  File "/usr/local/lib/python3.14/site-packages/requests/sessions.py", line 589, in request
    resp = self.send(prep, **send_kwargs)
  File "/usr/local/lib/python3.14/site-packages/requests/sessions.py", line 703, in send
    r = adapter.send(request, **kwargs)
  File "/usr/local/lib/python3.14/site-packages/requests/adapters.py", line 677, in send
    raise ConnectionError(e, request=request)
requests.exceptions.ConnectionError: HTTPConnectionPool(host='localhost', port=8082): Max retries exceeded with url: /v1/documents (Caused by NewConnectionError("HTTPConnection(host='localhost', port=8082): Failed to establish a new connection: [Errno 111] Connection refused"))
2026-02-27 16:45:37 | INFO     | --- batch 17/47 (16 files) ---
2026-02-27 16:45:37 | DEBUG    |   Files: CWP719.pdf, CWP720.pdf, CWP721-min.pdf, CWP722-min.pdf, CWP723-min.pdf, CWP724-min.pdf, CWP725-min.pdf, CWP726-min.pdf, CWP727.pdf, CWP728.pdf, CWP729-1-min.pdf, CWP730.pdf, CWP731.pdf, CWP732_NoriNakata.pdf, CWP733_NoriNakata.pdf, CWP734_NoriNakata.pdf
2026-02-27 16:45:37 | ERROR    | ❌ batch 17/47 (16 files) failed: HTTPConnectionPool(host='localhost', port=8082): Max retries exceeded with url: /v1/documents (Caused by NewConnectionError("HTTPConnection(host='localhost', port=8082): Failed to establish a new connection: [Errno 111] Connection refused"))
Traceback (most recent call last):
  File "/usr/local/lib/python3.14/site-packages/urllib3/connection.py", line 204, in _new_conn
    sock = connection.create_connection(
        (self._dns_host, self.port),
    ...<2 lines>...
        socket_options=self.socket_options,
    )
  File "/usr/local/lib/python3.14/site-packages/urllib3/util/connection.py", line 85, in create_connection
    raise err
  File "/usr/local/lib/python3.14/site-packages/urllib3/util/connection.py", line 73, in create_connection
    sock.connect(sa)
    ~~~~~~~~~~~~^^^^
ConnectionRefusedError: [Errno 111] Connection refused

The above exception was the direct cause of the following exception:

Traceback (most recent call last):
  File "/usr/local/lib/python3.14/site-packages/urllib3/connectionpool.py", line 787, in urlopen
    response = self._make_request(
        conn,
    ...<10 lines>...
        **response_kw,
    )
  File "/usr/local/lib/python3.14/site-packages/urllib3/connectionpool.py", line 493, in _make_request
    conn.request(
    ~~~~~~~~~~~~^
        method,
        ^^^^^^^
    ...<6 lines>...
        enforce_content_length=enforce_content_length,
        ^^^^^^^^^^^^^^^^^^^^^^^^^^^^^^^^^^^^^^^^^^^^^^
    )
    ^
  File "/usr/local/lib/python3.14/site-packages/urllib3/connection.py", line 500, in request
    self.endheaders()
    ~~~~~~~~~~~~~~~^^
  File "/usr/local/lib/python3.14/http/client.py", line 1353, in endheaders
    self._send_output(message_body, encode_chunked=encode_chunked)
    ~~~~~~~~~~~~~~~~~^^^^^^^^^^^^^^^^^^^^^^^^^^^^^^^^^^^^^^^^^^^^^
  File "/usr/local/lib/python3.14/http/client.py", line 1113, in _send_output
    self.send(msg)
    ~~~~~~~~~^^^^^
  File "/usr/local/lib/python3.14/http/client.py", line 1057, in send
    self.connect()
    ~~~~~~~~~~~~^^
  File "/usr/local/lib/python3.14/site-packages/urllib3/connection.py", line 331, in connect
    self.sock = self._new_conn()
                ~~~~~~~~~~~~~~^^
  File "/usr/local/lib/python3.14/site-packages/urllib3/connection.py", line 219, in _new_conn
    raise NewConnectionError(
        self, f"Failed to establish a new connection: {e}"
    ) from e
urllib3.exceptions.NewConnectionError: HTTPConnection(host='localhost', port=8082): Failed to establish a new connection: [Errno 111] Connection refused

The above exception was the direct cause of the following exception:

Traceback (most recent call last):
  File "/usr/local/lib/python3.14/site-packages/requests/adapters.py", line 644, in send
    resp = conn.urlopen(
        method=request.method,
    ...<9 lines>...
        chunked=chunked,
    )
  File "/usr/local/lib/python3.14/site-packages/urllib3/connectionpool.py", line 841, in urlopen
    retries = retries.increment(
        method, url, error=new_e, _pool=self, _stacktrace=sys.exc_info()[2]
    )
  File "/usr/local/lib/python3.14/site-packages/urllib3/util/retry.py", line 535, in increment
    raise MaxRetryError(_pool, url, reason) from reason  # type: ignore[arg-type]
    ^^^^^^^^^^^^^^^^^^^^^^^^^^^^^^^^^^^^^^^^^^^^^^^^^^^
urllib3.exceptions.MaxRetryError: HTTPConnectionPool(host='localhost', port=8082): Max retries exceeded with url: /v1/documents (Caused by NewConnectionError("HTTPConnection(host='localhost', port=8082): Failed to establish a new connection: [Errno 111] Connection refused"))

During handling of the above exception, another exception occurred:

Traceback (most recent call last):
  File "/u/bglq/projects/rag/rag-refactor/deploy/singularity/scripts/ingest_collections.py", line 446, in ingest_collection
    task_id = client.upload_batch(batch, result.collection_name, chunk_size, chunk_overlap)
  File "/u/bglq/projects/rag/rag-refactor/deploy/singularity/scripts/ingest_collections.py", line 282, in upload_batch
    resp = requests.post(url, files=files_form, timeout=300)
  File "/usr/local/lib/python3.14/site-packages/requests/api.py", line 115, in post
    return request("post", url, data=data, json=json, **kwargs)
  File "/usr/local/lib/python3.14/site-packages/requests/api.py", line 59, in request
    return session.request(method=method, url=url, **kwargs)
           ~~~~~~~~~~~~~~~^^^^^^^^^^^^^^^^^^^^^^^^^^^^^^^^^^
  File "/usr/local/lib/python3.14/site-packages/requests/sessions.py", line 589, in request
    resp = self.send(prep, **send_kwargs)
  File "/usr/local/lib/python3.14/site-packages/requests/sessions.py", line 703, in send
    r = adapter.send(request, **kwargs)
  File "/usr/local/lib/python3.14/site-packages/requests/adapters.py", line 677, in send
    raise ConnectionError(e, request=request)
requests.exceptions.ConnectionError: HTTPConnectionPool(host='localhost', port=8082): Max retries exceeded with url: /v1/documents (Caused by NewConnectionError("HTTPConnection(host='localhost', port=8082): Failed to establish a new connection: [Errno 111] Connection refused"))
2026-02-27 16:45:37 | INFO     | --- batch 18/47 (16 files) ---
2026-02-27 16:45:37 | DEBUG    |   Files: CWP735.pdf, CWP736.pdf, CWP737.pdf, CWP_052_Jorden_report.pdf, CWP_137_ProjectReview_1993.pdf, Image-Domain_Wavefield_Tomogra.pdf, Jarillo_Michel_Tsvankin_CWP_938_Report_2019.pdf, Jarillo_Michel_Tsvankin_CWP_944_Report_2019.pdf, Jia_Snieder_CWP_940_Report_2019.pdf, Jian_Snieder_CWP_-939_Report_2019.pdf, Kohnke_Sava_CWP_933_Report_2019.pdf, Konuk_Shragge_CWP_928_Report_2019.pdf, OdetteAragaoElasticTomography-v2.pdf, Oren_Shragge_CWP_929_Report_2019.pdf, PawelecThesis-12.pdf, Pawelec_Sava_CWP_930_Report_2019.pdf
2026-02-27 16:45:38 | ERROR    | ❌ batch 18/47 (16 files) failed: HTTPConnectionPool(host='localhost', port=8082): Max retries exceeded with url: /v1/documents (Caused by NewConnectionError("HTTPConnection(host='localhost', port=8082): Failed to establish a new connection: [Errno 111] Connection refused"))
Traceback (most recent call last):
  File "/usr/local/lib/python3.14/site-packages/urllib3/connection.py", line 204, in _new_conn
    sock = connection.create_connection(
        (self._dns_host, self.port),
    ...<2 lines>...
        socket_options=self.socket_options,
    )
  File "/usr/local/lib/python3.14/site-packages/urllib3/util/connection.py", line 85, in create_connection
    raise err
  File "/usr/local/lib/python3.14/site-packages/urllib3/util/connection.py", line 73, in create_connection
    sock.connect(sa)
    ~~~~~~~~~~~~^^^^
ConnectionRefusedError: [Errno 111] Connection refused

The above exception was the direct cause of the following exception:

Traceback (most recent call last):
  File "/usr/local/lib/python3.14/site-packages/urllib3/connectionpool.py", line 787, in urlopen
    response = self._make_request(
        conn,
    ...<10 lines>...
        **response_kw,
    )
  File "/usr/local/lib/python3.14/site-packages/urllib3/connectionpool.py", line 493, in _make_request
    conn.request(
    ~~~~~~~~~~~~^
        method,
        ^^^^^^^
    ...<6 lines>...
        enforce_content_length=enforce_content_length,
        ^^^^^^^^^^^^^^^^^^^^^^^^^^^^^^^^^^^^^^^^^^^^^^
    )
    ^
  File "/usr/local/lib/python3.14/site-packages/urllib3/connection.py", line 500, in request
    self.endheaders()
    ~~~~~~~~~~~~~~~^^
  File "/usr/local/lib/python3.14/http/client.py", line 1353, in endheaders
    self._send_output(message_body, encode_chunked=encode_chunked)
    ~~~~~~~~~~~~~~~~~^^^^^^^^^^^^^^^^^^^^^^^^^^^^^^^^^^^^^^^^^^^^^
  File "/usr/local/lib/python3.14/http/client.py", line 1113, in _send_output
    self.send(msg)
    ~~~~~~~~~^^^^^
  File "/usr/local/lib/python3.14/http/client.py", line 1057, in send
    self.connect()
    ~~~~~~~~~~~~^^
  File "/usr/local/lib/python3.14/site-packages/urllib3/connection.py", line 331, in connect
    self.sock = self._new_conn()
                ~~~~~~~~~~~~~~^^
  File "/usr/local/lib/python3.14/site-packages/urllib3/connection.py", line 219, in _new_conn
    raise NewConnectionError(
        self, f"Failed to establish a new connection: {e}"
    ) from e
urllib3.exceptions.NewConnectionError: HTTPConnection(host='localhost', port=8082): Failed to establish a new connection: [Errno 111] Connection refused

The above exception was the direct cause of the following exception:

Traceback (most recent call last):
  File "/usr/local/lib/python3.14/site-packages/requests/adapters.py", line 644, in send
    resp = conn.urlopen(
        method=request.method,
    ...<9 lines>...
        chunked=chunked,
    )
  File "/usr/local/lib/python3.14/site-packages/urllib3/connectionpool.py", line 841, in urlopen
    retries = retries.increment(
        method, url, error=new_e, _pool=self, _stacktrace=sys.exc_info()[2]
    )
  File "/usr/local/lib/python3.14/site-packages/urllib3/util/retry.py", line 535, in increment
    raise MaxRetryError(_pool, url, reason) from reason  # type: ignore[arg-type]
    ^^^^^^^^^^^^^^^^^^^^^^^^^^^^^^^^^^^^^^^^^^^^^^^^^^^
urllib3.exceptions.MaxRetryError: HTTPConnectionPool(host='localhost', port=8082): Max retries exceeded with url: /v1/documents (Caused by NewConnectionError("HTTPConnection(host='localhost', port=8082): Failed to establish a new connection: [Errno 111] Connection refused"))

During handling of the above exception, another exception occurred:

Traceback (most recent call last):
  File "/u/bglq/projects/rag/rag-refactor/deploy/singularity/scripts/ingest_collections.py", line 446, in ingest_collection
    task_id = client.upload_batch(batch, result.collection_name, chunk_size, chunk_overlap)
  File "/u/bglq/projects/rag/rag-refactor/deploy/singularity/scripts/ingest_collections.py", line 282, in upload_batch
    resp = requests.post(url, files=files_form, timeout=300)
  File "/usr/local/lib/python3.14/site-packages/requests/api.py", line 115, in post
    return request("post", url, data=data, json=json, **kwargs)
  File "/usr/local/lib/python3.14/site-packages/requests/api.py", line 59, in request
    return session.request(method=method, url=url, **kwargs)
           ~~~~~~~~~~~~~~~^^^^^^^^^^^^^^^^^^^^^^^^^^^^^^^^^^
  File "/usr/local/lib/python3.14/site-packages/requests/sessions.py", line 589, in request
    resp = self.send(prep, **send_kwargs)
  File "/usr/local/lib/python3.14/site-packages/requests/sessions.py", line 703, in send
    r = adapter.send(request, **kwargs)
  File "/usr/local/lib/python3.14/site-packages/requests/adapters.py", line 677, in send
    raise ConnectionError(e, request=request)
requests.exceptions.ConnectionError: HTTPConnectionPool(host='localhost', port=8082): Max retries exceeded with url: /v1/documents (Caused by NewConnectionError("HTTPConnection(host='localhost', port=8082): Failed to establish a new connection: [Errno 111] Connection refused"))
2026-02-27 16:45:38 | INFO     | --- batch 19/47 (16 files) ---
2026-02-27 16:45:38 | DEBUG    |   Files: Prunty_Snieder_CWP_931_Report_2019.pdf, RochaThesis-min-12.pdf, Saengduean_Snieder_CWP_942_Report_2019.pdf, Sens-Schonfelder_Snieder_CWP_941_Report_2019.pdf, Sethi_Shragge_Tsvankin_CWP_932_Report_2019.pdf, Singh_Tsvankin_CWP_934_Report_2019.pdf, Vol32-3_art4.pdf, Yang_Shragge_CWP_935_Report_2019.pdf, compressed_CWP-900-Li-X-MS-thesis-min.pdf, cwp-031.pdf, cwp-032.pdf, cwp-038.pdf, cwp-049.pdf, cwp-074.pdf, cwp-081.pdf, cwp-090.pdf
2026-02-27 16:45:38 | ERROR    | ❌ batch 19/47 (16 files) failed: HTTPConnectionPool(host='localhost', port=8082): Max retries exceeded with url: /v1/documents (Caused by NewConnectionError("HTTPConnection(host='localhost', port=8082): Failed to establish a new connection: [Errno 111] Connection refused"))
Traceback (most recent call last):
  File "/usr/local/lib/python3.14/site-packages/urllib3/connection.py", line 204, in _new_conn
    sock = connection.create_connection(
        (self._dns_host, self.port),
    ...<2 lines>...
        socket_options=self.socket_options,
    )
  File "/usr/local/lib/python3.14/site-packages/urllib3/util/connection.py", line 85, in create_connection
    raise err
  File "/usr/local/lib/python3.14/site-packages/urllib3/util/connection.py", line 73, in create_connection
    sock.connect(sa)
    ~~~~~~~~~~~~^^^^
ConnectionRefusedError: [Errno 111] Connection refused

The above exception was the direct cause of the following exception:

Traceback (most recent call last):
  File "/usr/local/lib/python3.14/site-packages/urllib3/connectionpool.py", line 787, in urlopen
    response = self._make_request(
        conn,
    ...<10 lines>...
        **response_kw,
    )
  File "/usr/local/lib/python3.14/site-packages/urllib3/connectionpool.py", line 493, in _make_request
    conn.request(
    ~~~~~~~~~~~~^
        method,
        ^^^^^^^
    ...<6 lines>...
        enforce_content_length=enforce_content_length,
        ^^^^^^^^^^^^^^^^^^^^^^^^^^^^^^^^^^^^^^^^^^^^^^
    )
    ^
  File "/usr/local/lib/python3.14/site-packages/urllib3/connection.py", line 500, in request
    self.endheaders()
    ~~~~~~~~~~~~~~~^^
  File "/usr/local/lib/python3.14/http/client.py", line 1353, in endheaders
    self._send_output(message_body, encode_chunked=encode_chunked)
    ~~~~~~~~~~~~~~~~~^^^^^^^^^^^^^^^^^^^^^^^^^^^^^^^^^^^^^^^^^^^^^
  File "/usr/local/lib/python3.14/http/client.py", line 1113, in _send_output
    self.send(msg)
    ~~~~~~~~~^^^^^
  File "/usr/local/lib/python3.14/http/client.py", line 1057, in send
    self.connect()
    ~~~~~~~~~~~~^^
  File "/usr/local/lib/python3.14/site-packages/urllib3/connection.py", line 331, in connect
    self.sock = self._new_conn()
                ~~~~~~~~~~~~~~^^
  File "/usr/local/lib/python3.14/site-packages/urllib3/connection.py", line 219, in _new_conn
    raise NewConnectionError(
        self, f"Failed to establish a new connection: {e}"
    ) from e
urllib3.exceptions.NewConnectionError: HTTPConnection(host='localhost', port=8082): Failed to establish a new connection: [Errno 111] Connection refused

The above exception was the direct cause of the following exception:

Traceback (most recent call last):
  File "/usr/local/lib/python3.14/site-packages/requests/adapters.py", line 644, in send
    resp = conn.urlopen(
        method=request.method,
    ...<9 lines>...
        chunked=chunked,
    )
  File "/usr/local/lib/python3.14/site-packages/urllib3/connectionpool.py", line 841, in urlopen
    retries = retries.increment(
        method, url, error=new_e, _pool=self, _stacktrace=sys.exc_info()[2]
    )
  File "/usr/local/lib/python3.14/site-packages/urllib3/util/retry.py", line 535, in increment
    raise MaxRetryError(_pool, url, reason) from reason  # type: ignore[arg-type]
    ^^^^^^^^^^^^^^^^^^^^^^^^^^^^^^^^^^^^^^^^^^^^^^^^^^^
urllib3.exceptions.MaxRetryError: HTTPConnectionPool(host='localhost', port=8082): Max retries exceeded with url: /v1/documents (Caused by NewConnectionError("HTTPConnection(host='localhost', port=8082): Failed to establish a new connection: [Errno 111] Connection refused"))

During handling of the above exception, another exception occurred:

Traceback (most recent call last):
  File "/u/bglq/projects/rag/rag-refactor/deploy/singularity/scripts/ingest_collections.py", line 446, in ingest_collection
    task_id = client.upload_batch(batch, result.collection_name, chunk_size, chunk_overlap)
  File "/u/bglq/projects/rag/rag-refactor/deploy/singularity/scripts/ingest_collections.py", line 282, in upload_batch
    resp = requests.post(url, files=files_form, timeout=300)
  File "/usr/local/lib/python3.14/site-packages/requests/api.py", line 115, in post
    return request("post", url, data=data, json=json, **kwargs)
  File "/usr/local/lib/python3.14/site-packages/requests/api.py", line 59, in request
    return session.request(method=method, url=url, **kwargs)
           ~~~~~~~~~~~~~~~^^^^^^^^^^^^^^^^^^^^^^^^^^^^^^^^^^
  File "/usr/local/lib/python3.14/site-packages/requests/sessions.py", line 589, in request
    resp = self.send(prep, **send_kwargs)
  File "/usr/local/lib/python3.14/site-packages/requests/sessions.py", line 703, in send
    r = adapter.send(request, **kwargs)
  File "/usr/local/lib/python3.14/site-packages/requests/adapters.py", line 677, in send
    raise ConnectionError(e, request=request)
requests.exceptions.ConnectionError: HTTPConnectionPool(host='localhost', port=8082): Max retries exceeded with url: /v1/documents (Caused by NewConnectionError("HTTPConnection(host='localhost', port=8082): Failed to establish a new connection: [Errno 111] Connection refused"))
2026-02-27 16:45:38 | INFO     | --- batch 20/47 (16 files) ---
2026-02-27 16:45:38 | DEBUG    |   Files: cwp-095.pdf, cwp-096.pdf, cwp-098.pdf, cwp-099.pdf, cwp-103PI.pdf, cwp-103PII.pdf, cwp-104R.pdf, cwp-105.pdf, cwp-107A.pdf, cwp-107B.pdf, cwp-108.pdf, cwp-109.pdf, cwp-113.pdf, cwp-115R.pdf, cwp-118R.pdf, cwp-119R.pdf
2026-02-27 16:45:39 | ERROR    | ❌ batch 20/47 (16 files) failed: HTTPConnectionPool(host='localhost', port=8082): Max retries exceeded with url: /v1/documents (Caused by NewConnectionError("HTTPConnection(host='localhost', port=8082): Failed to establish a new connection: [Errno 111] Connection refused"))
Traceback (most recent call last):
  File "/usr/local/lib/python3.14/site-packages/urllib3/connection.py", line 204, in _new_conn
    sock = connection.create_connection(
        (self._dns_host, self.port),
    ...<2 lines>...
        socket_options=self.socket_options,
    )
  File "/usr/local/lib/python3.14/site-packages/urllib3/util/connection.py", line 85, in create_connection
    raise err
  File "/usr/local/lib/python3.14/site-packages/urllib3/util/connection.py", line 73, in create_connection
    sock.connect(sa)
    ~~~~~~~~~~~~^^^^
ConnectionRefusedError: [Errno 111] Connection refused

The above exception was the direct cause of the following exception:

Traceback (most recent call last):
  File "/usr/local/lib/python3.14/site-packages/urllib3/connectionpool.py", line 787, in urlopen
    response = self._make_request(
        conn,
    ...<10 lines>...
        **response_kw,
    )
  File "/usr/local/lib/python3.14/site-packages/urllib3/connectionpool.py", line 493, in _make_request
    conn.request(
    ~~~~~~~~~~~~^
        method,
        ^^^^^^^
    ...<6 lines>...
        enforce_content_length=enforce_content_length,
        ^^^^^^^^^^^^^^^^^^^^^^^^^^^^^^^^^^^^^^^^^^^^^^
    )
    ^
  File "/usr/local/lib/python3.14/site-packages/urllib3/connection.py", line 500, in request
    self.endheaders()
    ~~~~~~~~~~~~~~~^^
  File "/usr/local/lib/python3.14/http/client.py", line 1353, in endheaders
    self._send_output(message_body, encode_chunked=encode_chunked)
    ~~~~~~~~~~~~~~~~~^^^^^^^^^^^^^^^^^^^^^^^^^^^^^^^^^^^^^^^^^^^^^
  File "/usr/local/lib/python3.14/http/client.py", line 1113, in _send_output
    self.send(msg)
    ~~~~~~~~~^^^^^
  File "/usr/local/lib/python3.14/http/client.py", line 1057, in send
    self.connect()
    ~~~~~~~~~~~~^^
  File "/usr/local/lib/python3.14/site-packages/urllib3/connection.py", line 331, in connect
    self.sock = self._new_conn()
                ~~~~~~~~~~~~~~^^
  File "/usr/local/lib/python3.14/site-packages/urllib3/connection.py", line 219, in _new_conn
    raise NewConnectionError(
        self, f"Failed to establish a new connection: {e}"
    ) from e
urllib3.exceptions.NewConnectionError: HTTPConnection(host='localhost', port=8082): Failed to establish a new connection: [Errno 111] Connection refused

The above exception was the direct cause of the following exception:

Traceback (most recent call last):
  File "/usr/local/lib/python3.14/site-packages/requests/adapters.py", line 644, in send
    resp = conn.urlopen(
        method=request.method,
    ...<9 lines>...
        chunked=chunked,
    )
  File "/usr/local/lib/python3.14/site-packages/urllib3/connectionpool.py", line 841, in urlopen
    retries = retries.increment(
        method, url, error=new_e, _pool=self, _stacktrace=sys.exc_info()[2]
    )
  File "/usr/local/lib/python3.14/site-packages/urllib3/util/retry.py", line 535, in increment
    raise MaxRetryError(_pool, url, reason) from reason  # type: ignore[arg-type]
    ^^^^^^^^^^^^^^^^^^^^^^^^^^^^^^^^^^^^^^^^^^^^^^^^^^^
urllib3.exceptions.MaxRetryError: HTTPConnectionPool(host='localhost', port=8082): Max retries exceeded with url: /v1/documents (Caused by NewConnectionError("HTTPConnection(host='localhost', port=8082): Failed to establish a new connection: [Errno 111] Connection refused"))

During handling of the above exception, another exception occurred:

Traceback (most recent call last):
  File "/u/bglq/projects/rag/rag-refactor/deploy/singularity/scripts/ingest_collections.py", line 446, in ingest_collection
    task_id = client.upload_batch(batch, result.collection_name, chunk_size, chunk_overlap)
  File "/u/bglq/projects/rag/rag-refactor/deploy/singularity/scripts/ingest_collections.py", line 282, in upload_batch
    resp = requests.post(url, files=files_form, timeout=300)
  File "/usr/local/lib/python3.14/site-packages/requests/api.py", line 115, in post
    return request("post", url, data=data, json=json, **kwargs)
  File "/usr/local/lib/python3.14/site-packages/requests/api.py", line 59, in request
    return session.request(method=method, url=url, **kwargs)
           ~~~~~~~~~~~~~~~^^^^^^^^^^^^^^^^^^^^^^^^^^^^^^^^^^
  File "/usr/local/lib/python3.14/site-packages/requests/sessions.py", line 589, in request
    resp = self.send(prep, **send_kwargs)
  File "/usr/local/lib/python3.14/site-packages/requests/sessions.py", line 703, in send
    r = adapter.send(request, **kwargs)
  File "/usr/local/lib/python3.14/site-packages/requests/adapters.py", line 677, in send
    raise ConnectionError(e, request=request)
requests.exceptions.ConnectionError: HTTPConnectionPool(host='localhost', port=8082): Max retries exceeded with url: /v1/documents (Caused by NewConnectionError("HTTPConnection(host='localhost', port=8082): Failed to establish a new connection: [Errno 111] Connection refused"))
2026-02-27 16:45:39 | INFO     | --- batch 21/47 (16 files) ---
2026-02-27 16:45:39 | DEBUG    |   Files: cwp-122P.pdf, cwp-124P2.pdf, cwp-125.pdf, cwp-126.pdf, cwp-127.pdf, cwp-128.pdf, cwp-129.pdf, cwp-130.pdf, cwp-133P.pdf, cwp-134R.pdf, cwp-135.pdf, cwp-136.pdf, cwp-141P.pdf, cwp-142P.pdf, cwp-143P.pdf, cwp-144.pdf
2026-02-27 16:45:39 | ERROR    | ❌ batch 21/47 (16 files) failed: HTTPConnectionPool(host='localhost', port=8082): Max retries exceeded with url: /v1/documents (Caused by NewConnectionError("HTTPConnection(host='localhost', port=8082): Failed to establish a new connection: [Errno 111] Connection refused"))
Traceback (most recent call last):
  File "/usr/local/lib/python3.14/site-packages/urllib3/connection.py", line 204, in _new_conn
    sock = connection.create_connection(
        (self._dns_host, self.port),
    ...<2 lines>...
        socket_options=self.socket_options,
    )
  File "/usr/local/lib/python3.14/site-packages/urllib3/util/connection.py", line 85, in create_connection
    raise err
  File "/usr/local/lib/python3.14/site-packages/urllib3/util/connection.py", line 73, in create_connection
    sock.connect(sa)
    ~~~~~~~~~~~~^^^^
ConnectionRefusedError: [Errno 111] Connection refused

The above exception was the direct cause of the following exception:

Traceback (most recent call last):
  File "/usr/local/lib/python3.14/site-packages/urllib3/connectionpool.py", line 787, in urlopen
    response = self._make_request(
        conn,
    ...<10 lines>...
        **response_kw,
    )
  File "/usr/local/lib/python3.14/site-packages/urllib3/connectionpool.py", line 493, in _make_request
    conn.request(
    ~~~~~~~~~~~~^
        method,
        ^^^^^^^
    ...<6 lines>...
        enforce_content_length=enforce_content_length,
        ^^^^^^^^^^^^^^^^^^^^^^^^^^^^^^^^^^^^^^^^^^^^^^
    )
    ^
  File "/usr/local/lib/python3.14/site-packages/urllib3/connection.py", line 500, in request
    self.endheaders()
    ~~~~~~~~~~~~~~~^^
  File "/usr/local/lib/python3.14/http/client.py", line 1353, in endheaders
    self._send_output(message_body, encode_chunked=encode_chunked)
    ~~~~~~~~~~~~~~~~~^^^^^^^^^^^^^^^^^^^^^^^^^^^^^^^^^^^^^^^^^^^^^
  File "/usr/local/lib/python3.14/http/client.py", line 1113, in _send_output
    self.send(msg)
    ~~~~~~~~~^^^^^
  File "/usr/local/lib/python3.14/http/client.py", line 1057, in send
    self.connect()
    ~~~~~~~~~~~~^^
  File "/usr/local/lib/python3.14/site-packages/urllib3/connection.py", line 331, in connect
    self.sock = self._new_conn()
                ~~~~~~~~~~~~~~^^
  File "/usr/local/lib/python3.14/site-packages/urllib3/connection.py", line 219, in _new_conn
    raise NewConnectionError(
        self, f"Failed to establish a new connection: {e}"
    ) from e
urllib3.exceptions.NewConnectionError: HTTPConnection(host='localhost', port=8082): Failed to establish a new connection: [Errno 111] Connection refused

The above exception was the direct cause of the following exception:

Traceback (most recent call last):
  File "/usr/local/lib/python3.14/site-packages/requests/adapters.py", line 644, in send
    resp = conn.urlopen(
        method=request.method,
    ...<9 lines>...
        chunked=chunked,
    )
  File "/usr/local/lib/python3.14/site-packages/urllib3/connectionpool.py", line 841, in urlopen
    retries = retries.increment(
        method, url, error=new_e, _pool=self, _stacktrace=sys.exc_info()[2]
    )
  File "/usr/local/lib/python3.14/site-packages/urllib3/util/retry.py", line 535, in increment
    raise MaxRetryError(_pool, url, reason) from reason  # type: ignore[arg-type]
    ^^^^^^^^^^^^^^^^^^^^^^^^^^^^^^^^^^^^^^^^^^^^^^^^^^^
urllib3.exceptions.MaxRetryError: HTTPConnectionPool(host='localhost', port=8082): Max retries exceeded with url: /v1/documents (Caused by NewConnectionError("HTTPConnection(host='localhost', port=8082): Failed to establish a new connection: [Errno 111] Connection refused"))

During handling of the above exception, another exception occurred:

Traceback (most recent call last):
  File "/u/bglq/projects/rag/rag-refactor/deploy/singularity/scripts/ingest_collections.py", line 446, in ingest_collection
    task_id = client.upload_batch(batch, result.collection_name, chunk_size, chunk_overlap)
  File "/u/bglq/projects/rag/rag-refactor/deploy/singularity/scripts/ingest_collections.py", line 282, in upload_batch
    resp = requests.post(url, files=files_form, timeout=300)
  File "/usr/local/lib/python3.14/site-packages/requests/api.py", line 115, in post
    return request("post", url, data=data, json=json, **kwargs)
  File "/usr/local/lib/python3.14/site-packages/requests/api.py", line 59, in request
    return session.request(method=method, url=url, **kwargs)
           ~~~~~~~~~~~~~~~^^^^^^^^^^^^^^^^^^^^^^^^^^^^^^^^^^
  File "/usr/local/lib/python3.14/site-packages/requests/sessions.py", line 589, in request
    resp = self.send(prep, **send_kwargs)
  File "/usr/local/lib/python3.14/site-packages/requests/sessions.py", line 703, in send
    r = adapter.send(request, **kwargs)
  File "/usr/local/lib/python3.14/site-packages/requests/adapters.py", line 677, in send
    raise ConnectionError(e, request=request)
requests.exceptions.ConnectionError: HTTPConnectionPool(host='localhost', port=8082): Max retries exceeded with url: /v1/documents (Caused by NewConnectionError("HTTPConnection(host='localhost', port=8082): Failed to establish a new connection: [Errno 111] Connection refused"))
2026-02-27 16:45:39 | INFO     | --- batch 22/47 (16 files) ---
2026-02-27 16:45:39 | DEBUG    |   Files: cwp-145.pdf, cwp-146.pdf, cwp-147.pdf, cwp-148.pdf, cwp-149.pdf, cwp-150.pdf, cwp-151.pdf, cwp-152.pdf, cwp-154.pdf, cwp-155P.pdf, cwp-156.pdf, cwp-162.pdf, cwp-164.pdf, cwp-170.pdf, cwp-171.pdf, cwp-177.pdf
2026-02-27 16:45:39 | ERROR    | ❌ batch 22/47 (16 files) failed: HTTPConnectionPool(host='localhost', port=8082): Max retries exceeded with url: /v1/documents (Caused by NewConnectionError("HTTPConnection(host='localhost', port=8082): Failed to establish a new connection: [Errno 111] Connection refused"))
Traceback (most recent call last):
  File "/usr/local/lib/python3.14/site-packages/urllib3/connection.py", line 204, in _new_conn
    sock = connection.create_connection(
        (self._dns_host, self.port),
    ...<2 lines>...
        socket_options=self.socket_options,
    )
  File "/usr/local/lib/python3.14/site-packages/urllib3/util/connection.py", line 85, in create_connection
    raise err
  File "/usr/local/lib/python3.14/site-packages/urllib3/util/connection.py", line 73, in create_connection
    sock.connect(sa)
    ~~~~~~~~~~~~^^^^
ConnectionRefusedError: [Errno 111] Connection refused

The above exception was the direct cause of the following exception:

Traceback (most recent call last):
  File "/usr/local/lib/python3.14/site-packages/urllib3/connectionpool.py", line 787, in urlopen
    response = self._make_request(
        conn,
    ...<10 lines>...
        **response_kw,
    )
  File "/usr/local/lib/python3.14/site-packages/urllib3/connectionpool.py", line 493, in _make_request
    conn.request(
    ~~~~~~~~~~~~^
        method,
        ^^^^^^^
    ...<6 lines>...
        enforce_content_length=enforce_content_length,
        ^^^^^^^^^^^^^^^^^^^^^^^^^^^^^^^^^^^^^^^^^^^^^^
    )
    ^
  File "/usr/local/lib/python3.14/site-packages/urllib3/connection.py", line 500, in request
    self.endheaders()
    ~~~~~~~~~~~~~~~^^
  File "/usr/local/lib/python3.14/http/client.py", line 1353, in endheaders
    self._send_output(message_body, encode_chunked=encode_chunked)
    ~~~~~~~~~~~~~~~~~^^^^^^^^^^^^^^^^^^^^^^^^^^^^^^^^^^^^^^^^^^^^^
  File "/usr/local/lib/python3.14/http/client.py", line 1113, in _send_output
    self.send(msg)
    ~~~~~~~~~^^^^^
  File "/usr/local/lib/python3.14/http/client.py", line 1057, in send
    self.connect()
    ~~~~~~~~~~~~^^
  File "/usr/local/lib/python3.14/site-packages/urllib3/connection.py", line 331, in connect
    self.sock = self._new_conn()
                ~~~~~~~~~~~~~~^^
  File "/usr/local/lib/python3.14/site-packages/urllib3/connection.py", line 219, in _new_conn
    raise NewConnectionError(
        self, f"Failed to establish a new connection: {e}"
    ) from e
urllib3.exceptions.NewConnectionError: HTTPConnection(host='localhost', port=8082): Failed to establish a new connection: [Errno 111] Connection refused

The above exception was the direct cause of the following exception:

Traceback (most recent call last):
  File "/usr/local/lib/python3.14/site-packages/requests/adapters.py", line 644, in send
    resp = conn.urlopen(
        method=request.method,
    ...<9 lines>...
        chunked=chunked,
    )
  File "/usr/local/lib/python3.14/site-packages/urllib3/connectionpool.py", line 841, in urlopen
    retries = retries.increment(
        method, url, error=new_e, _pool=self, _stacktrace=sys.exc_info()[2]
    )
  File "/usr/local/lib/python3.14/site-packages/urllib3/util/retry.py", line 535, in increment
    raise MaxRetryError(_pool, url, reason) from reason  # type: ignore[arg-type]
    ^^^^^^^^^^^^^^^^^^^^^^^^^^^^^^^^^^^^^^^^^^^^^^^^^^^
urllib3.exceptions.MaxRetryError: HTTPConnectionPool(host='localhost', port=8082): Max retries exceeded with url: /v1/documents (Caused by NewConnectionError("HTTPConnection(host='localhost', port=8082): Failed to establish a new connection: [Errno 111] Connection refused"))

During handling of the above exception, another exception occurred:

Traceback (most recent call last):
  File "/u/bglq/projects/rag/rag-refactor/deploy/singularity/scripts/ingest_collections.py", line 446, in ingest_collection
    task_id = client.upload_batch(batch, result.collection_name, chunk_size, chunk_overlap)
  File "/u/bglq/projects/rag/rag-refactor/deploy/singularity/scripts/ingest_collections.py", line 282, in upload_batch
    resp = requests.post(url, files=files_form, timeout=300)
  File "/usr/local/lib/python3.14/site-packages/requests/api.py", line 115, in post
    return request("post", url, data=data, json=json, **kwargs)
  File "/usr/local/lib/python3.14/site-packages/requests/api.py", line 59, in request
    return session.request(method=method, url=url, **kwargs)
           ~~~~~~~~~~~~~~~^^^^^^^^^^^^^^^^^^^^^^^^^^^^^^^^^^
  File "/usr/local/lib/python3.14/site-packages/requests/sessions.py", line 589, in request
    resp = self.send(prep, **send_kwargs)
  File "/usr/local/lib/python3.14/site-packages/requests/sessions.py", line 703, in send
    r = adapter.send(request, **kwargs)
  File "/usr/local/lib/python3.14/site-packages/requests/adapters.py", line 677, in send
    raise ConnectionError(e, request=request)
requests.exceptions.ConnectionError: HTTPConnectionPool(host='localhost', port=8082): Max retries exceeded with url: /v1/documents (Caused by NewConnectionError("HTTPConnection(host='localhost', port=8082): Failed to establish a new connection: [Errno 111] Connection refused"))
2026-02-27 16:45:39 | INFO     | --- batch 23/47 (16 files) ---
2026-02-27 16:45:39 | DEBUG    |   Files: cwp-178.pdf, cwp-179.pdf, cwp-180.pdf, cwp-187.pdf, cwp-188.pdf, cwp-190P.pdf, cwp-197.pdf, cwp-198P.pdf, cwp-199.pdf, cwp-200.pdf, cwp-205P.pdf, cwp-206P.pdf, cwp-207.pdf, cwp-208.pdf, cwp-209.pdf, cwp-210.pdf
2026-02-27 16:45:39 | ERROR    | ❌ batch 23/47 (16 files) failed: HTTPConnectionPool(host='localhost', port=8082): Max retries exceeded with url: /v1/documents (Caused by NewConnectionError("HTTPConnection(host='localhost', port=8082): Failed to establish a new connection: [Errno 111] Connection refused"))
Traceback (most recent call last):
  File "/usr/local/lib/python3.14/site-packages/urllib3/connection.py", line 204, in _new_conn
    sock = connection.create_connection(
        (self._dns_host, self.port),
    ...<2 lines>...
        socket_options=self.socket_options,
    )
  File "/usr/local/lib/python3.14/site-packages/urllib3/util/connection.py", line 85, in create_connection
    raise err
  File "/usr/local/lib/python3.14/site-packages/urllib3/util/connection.py", line 73, in create_connection
    sock.connect(sa)
    ~~~~~~~~~~~~^^^^
ConnectionRefusedError: [Errno 111] Connection refused

The above exception was the direct cause of the following exception:

Traceback (most recent call last):
  File "/usr/local/lib/python3.14/site-packages/urllib3/connectionpool.py", line 787, in urlopen
    response = self._make_request(
        conn,
    ...<10 lines>...
        **response_kw,
    )
  File "/usr/local/lib/python3.14/site-packages/urllib3/connectionpool.py", line 493, in _make_request
    conn.request(
    ~~~~~~~~~~~~^
        method,
        ^^^^^^^
    ...<6 lines>...
        enforce_content_length=enforce_content_length,
        ^^^^^^^^^^^^^^^^^^^^^^^^^^^^^^^^^^^^^^^^^^^^^^
    )
    ^
  File "/usr/local/lib/python3.14/site-packages/urllib3/connection.py", line 500, in request
    self.endheaders()
    ~~~~~~~~~~~~~~~^^
  File "/usr/local/lib/python3.14/http/client.py", line 1353, in endheaders
    self._send_output(message_body, encode_chunked=encode_chunked)
    ~~~~~~~~~~~~~~~~~^^^^^^^^^^^^^^^^^^^^^^^^^^^^^^^^^^^^^^^^^^^^^
  File "/usr/local/lib/python3.14/http/client.py", line 1113, in _send_output
    self.send(msg)
    ~~~~~~~~~^^^^^
  File "/usr/local/lib/python3.14/http/client.py", line 1057, in send
    self.connect()
    ~~~~~~~~~~~~^^
  File "/usr/local/lib/python3.14/site-packages/urllib3/connection.py", line 331, in connect
    self.sock = self._new_conn()
                ~~~~~~~~~~~~~~^^
  File "/usr/local/lib/python3.14/site-packages/urllib3/connection.py", line 219, in _new_conn
    raise NewConnectionError(
        self, f"Failed to establish a new connection: {e}"
    ) from e
urllib3.exceptions.NewConnectionError: HTTPConnection(host='localhost', port=8082): Failed to establish a new connection: [Errno 111] Connection refused

The above exception was the direct cause of the following exception:

Traceback (most recent call last):
  File "/usr/local/lib/python3.14/site-packages/requests/adapters.py", line 644, in send
    resp = conn.urlopen(
        method=request.method,
    ...<9 lines>...
        chunked=chunked,
    )
  File "/usr/local/lib/python3.14/site-packages/urllib3/connectionpool.py", line 841, in urlopen
    retries = retries.increment(
        method, url, error=new_e, _pool=self, _stacktrace=sys.exc_info()[2]
    )
  File "/usr/local/lib/python3.14/site-packages/urllib3/util/retry.py", line 535, in increment
    raise MaxRetryError(_pool, url, reason) from reason  # type: ignore[arg-type]
    ^^^^^^^^^^^^^^^^^^^^^^^^^^^^^^^^^^^^^^^^^^^^^^^^^^^
urllib3.exceptions.MaxRetryError: HTTPConnectionPool(host='localhost', port=8082): Max retries exceeded with url: /v1/documents (Caused by NewConnectionError("HTTPConnection(host='localhost', port=8082): Failed to establish a new connection: [Errno 111] Connection refused"))

During handling of the above exception, another exception occurred:

Traceback (most recent call last):
  File "/u/bglq/projects/rag/rag-refactor/deploy/singularity/scripts/ingest_collections.py", line 446, in ingest_collection
    task_id = client.upload_batch(batch, result.collection_name, chunk_size, chunk_overlap)
  File "/u/bglq/projects/rag/rag-refactor/deploy/singularity/scripts/ingest_collections.py", line 282, in upload_batch
    resp = requests.post(url, files=files_form, timeout=300)
  File "/usr/local/lib/python3.14/site-packages/requests/api.py", line 115, in post
    return request("post", url, data=data, json=json, **kwargs)
  File "/usr/local/lib/python3.14/site-packages/requests/api.py", line 59, in request
    return session.request(method=method, url=url, **kwargs)
           ~~~~~~~~~~~~~~~^^^^^^^^^^^^^^^^^^^^^^^^^^^^^^^^^^
  File "/usr/local/lib/python3.14/site-packages/requests/sessions.py", line 589, in request
    resp = self.send(prep, **send_kwargs)
  File "/usr/local/lib/python3.14/site-packages/requests/sessions.py", line 703, in send
    r = adapter.send(request, **kwargs)
  File "/usr/local/lib/python3.14/site-packages/requests/adapters.py", line 677, in send
    raise ConnectionError(e, request=request)
requests.exceptions.ConnectionError: HTTPConnectionPool(host='localhost', port=8082): Max retries exceeded with url: /v1/documents (Caused by NewConnectionError("HTTPConnection(host='localhost', port=8082): Failed to establish a new connection: [Errno 111] Connection refused"))
2026-02-27 16:45:39 | INFO     | --- batch 24/47 (16 files) ---
2026-02-27 16:45:39 | DEBUG    |   Files: cwp-211P.pdf, cwp-212.pdf, cwp-213.pdf, cwp-214.pdf, cwp-215.pdf, cwp-216P.pdf, cwp-217.pdf, cwp-218.pdf, cwp-219P.pdf, cwp-220.pdf, cwp-222.pdf, cwp-225.pdf, cwp-226.pdf, cwp-227.pdf, cwp-228.pdf, cwp-231.pdf
2026-02-27 16:45:39 | ERROR    | ❌ batch 24/47 (16 files) failed: HTTPConnectionPool(host='localhost', port=8082): Max retries exceeded with url: /v1/documents (Caused by NewConnectionError("HTTPConnection(host='localhost', port=8082): Failed to establish a new connection: [Errno 111] Connection refused"))
Traceback (most recent call last):
  File "/usr/local/lib/python3.14/site-packages/urllib3/connection.py", line 204, in _new_conn
    sock = connection.create_connection(
        (self._dns_host, self.port),
    ...<2 lines>...
        socket_options=self.socket_options,
    )
  File "/usr/local/lib/python3.14/site-packages/urllib3/util/connection.py", line 85, in create_connection
    raise err
  File "/usr/local/lib/python3.14/site-packages/urllib3/util/connection.py", line 73, in create_connection
    sock.connect(sa)
    ~~~~~~~~~~~~^^^^
ConnectionRefusedError: [Errno 111] Connection refused

The above exception was the direct cause of the following exception:

Traceback (most recent call last):
  File "/usr/local/lib/python3.14/site-packages/urllib3/connectionpool.py", line 787, in urlopen
    response = self._make_request(
        conn,
    ...<10 lines>...
        **response_kw,
    )
  File "/usr/local/lib/python3.14/site-packages/urllib3/connectionpool.py", line 493, in _make_request
    conn.request(
    ~~~~~~~~~~~~^
        method,
        ^^^^^^^
    ...<6 lines>...
        enforce_content_length=enforce_content_length,
        ^^^^^^^^^^^^^^^^^^^^^^^^^^^^^^^^^^^^^^^^^^^^^^
    )
    ^
  File "/usr/local/lib/python3.14/site-packages/urllib3/connection.py", line 500, in request
    self.endheaders()
    ~~~~~~~~~~~~~~~^^
  File "/usr/local/lib/python3.14/http/client.py", line 1353, in endheaders
    self._send_output(message_body, encode_chunked=encode_chunked)
    ~~~~~~~~~~~~~~~~~^^^^^^^^^^^^^^^^^^^^^^^^^^^^^^^^^^^^^^^^^^^^^
  File "/usr/local/lib/python3.14/http/client.py", line 1113, in _send_output
    self.send(msg)
    ~~~~~~~~~^^^^^
  File "/usr/local/lib/python3.14/http/client.py", line 1057, in send
    self.connect()
    ~~~~~~~~~~~~^^
  File "/usr/local/lib/python3.14/site-packages/urllib3/connection.py", line 331, in connect
    self.sock = self._new_conn()
                ~~~~~~~~~~~~~~^^
  File "/usr/local/lib/python3.14/site-packages/urllib3/connection.py", line 219, in _new_conn
    raise NewConnectionError(
        self, f"Failed to establish a new connection: {e}"
    ) from e
urllib3.exceptions.NewConnectionError: HTTPConnection(host='localhost', port=8082): Failed to establish a new connection: [Errno 111] Connection refused

The above exception was the direct cause of the following exception:

Traceback (most recent call last):
  File "/usr/local/lib/python3.14/site-packages/requests/adapters.py", line 644, in send
    resp = conn.urlopen(
        method=request.method,
    ...<9 lines>...
        chunked=chunked,
    )
  File "/usr/local/lib/python3.14/site-packages/urllib3/connectionpool.py", line 841, in urlopen
    retries = retries.increment(
        method, url, error=new_e, _pool=self, _stacktrace=sys.exc_info()[2]
    )
  File "/usr/local/lib/python3.14/site-packages/urllib3/util/retry.py", line 535, in increment
    raise MaxRetryError(_pool, url, reason) from reason  # type: ignore[arg-type]
    ^^^^^^^^^^^^^^^^^^^^^^^^^^^^^^^^^^^^^^^^^^^^^^^^^^^
urllib3.exceptions.MaxRetryError: HTTPConnectionPool(host='localhost', port=8082): Max retries exceeded with url: /v1/documents (Caused by NewConnectionError("HTTPConnection(host='localhost', port=8082): Failed to establish a new connection: [Errno 111] Connection refused"))

During handling of the above exception, another exception occurred:

Traceback (most recent call last):
  File "/u/bglq/projects/rag/rag-refactor/deploy/singularity/scripts/ingest_collections.py", line 446, in ingest_collection
    task_id = client.upload_batch(batch, result.collection_name, chunk_size, chunk_overlap)
  File "/u/bglq/projects/rag/rag-refactor/deploy/singularity/scripts/ingest_collections.py", line 282, in upload_batch
    resp = requests.post(url, files=files_form, timeout=300)
  File "/usr/local/lib/python3.14/site-packages/requests/api.py", line 115, in post
    return request("post", url, data=data, json=json, **kwargs)
  File "/usr/local/lib/python3.14/site-packages/requests/api.py", line 59, in request
    return session.request(method=method, url=url, **kwargs)
           ~~~~~~~~~~~~~~~^^^^^^^^^^^^^^^^^^^^^^^^^^^^^^^^^^
  File "/usr/local/lib/python3.14/site-packages/requests/sessions.py", line 589, in request
    resp = self.send(prep, **send_kwargs)
  File "/usr/local/lib/python3.14/site-packages/requests/sessions.py", line 703, in send
    r = adapter.send(request, **kwargs)
  File "/usr/local/lib/python3.14/site-packages/requests/adapters.py", line 677, in send
    raise ConnectionError(e, request=request)
requests.exceptions.ConnectionError: HTTPConnectionPool(host='localhost', port=8082): Max retries exceeded with url: /v1/documents (Caused by NewConnectionError("HTTPConnection(host='localhost', port=8082): Failed to establish a new connection: [Errno 111] Connection refused"))
2026-02-27 16:45:39 | INFO     | --- batch 25/47 (16 files) ---
2026-02-27 16:45:39 | DEBUG    |   Files: cwp-241P.pdf, cwp-242.pdf, cwp-243.pdf, cwp-244.pdf, cwp-245P.pdf, cwp-246P.pdf, cwp-248P.pdf, cwp-249.pdf, cwp-250.pdf, cwp-251.pdf, cwp-252.pdf, cwp-253P.pdf, cwp-254.pdf, cwp-255.pdf, cwp-256.pdf, cwp-257.pdf
2026-02-27 16:45:40 | ERROR    | ❌ batch 25/47 (16 files) failed: HTTPConnectionPool(host='localhost', port=8082): Max retries exceeded with url: /v1/documents (Caused by NewConnectionError("HTTPConnection(host='localhost', port=8082): Failed to establish a new connection: [Errno 111] Connection refused"))
Traceback (most recent call last):
  File "/usr/local/lib/python3.14/site-packages/urllib3/connection.py", line 204, in _new_conn
    sock = connection.create_connection(
        (self._dns_host, self.port),
    ...<2 lines>...
        socket_options=self.socket_options,
    )
  File "/usr/local/lib/python3.14/site-packages/urllib3/util/connection.py", line 85, in create_connection
    raise err
  File "/usr/local/lib/python3.14/site-packages/urllib3/util/connection.py", line 73, in create_connection
    sock.connect(sa)
    ~~~~~~~~~~~~^^^^
ConnectionRefusedError: [Errno 111] Connection refused

The above exception was the direct cause of the following exception:

Traceback (most recent call last):
  File "/usr/local/lib/python3.14/site-packages/urllib3/connectionpool.py", line 787, in urlopen
    response = self._make_request(
        conn,
    ...<10 lines>...
        **response_kw,
    )
  File "/usr/local/lib/python3.14/site-packages/urllib3/connectionpool.py", line 493, in _make_request
    conn.request(
    ~~~~~~~~~~~~^
        method,
        ^^^^^^^
    ...<6 lines>...
        enforce_content_length=enforce_content_length,
        ^^^^^^^^^^^^^^^^^^^^^^^^^^^^^^^^^^^^^^^^^^^^^^
    )
    ^
  File "/usr/local/lib/python3.14/site-packages/urllib3/connection.py", line 500, in request
    self.endheaders()
    ~~~~~~~~~~~~~~~^^
  File "/usr/local/lib/python3.14/http/client.py", line 1353, in endheaders
    self._send_output(message_body, encode_chunked=encode_chunked)
    ~~~~~~~~~~~~~~~~~^^^^^^^^^^^^^^^^^^^^^^^^^^^^^^^^^^^^^^^^^^^^^
  File "/usr/local/lib/python3.14/http/client.py", line 1113, in _send_output
    self.send(msg)
    ~~~~~~~~~^^^^^
  File "/usr/local/lib/python3.14/http/client.py", line 1057, in send
    self.connect()
    ~~~~~~~~~~~~^^
  File "/usr/local/lib/python3.14/site-packages/urllib3/connection.py", line 331, in connect
    self.sock = self._new_conn()
                ~~~~~~~~~~~~~~^^
  File "/usr/local/lib/python3.14/site-packages/urllib3/connection.py", line 219, in _new_conn
    raise NewConnectionError(
        self, f"Failed to establish a new connection: {e}"
    ) from e
urllib3.exceptions.NewConnectionError: HTTPConnection(host='localhost', port=8082): Failed to establish a new connection: [Errno 111] Connection refused

The above exception was the direct cause of the following exception:

Traceback (most recent call last):
  File "/usr/local/lib/python3.14/site-packages/requests/adapters.py", line 644, in send
    resp = conn.urlopen(
        method=request.method,
    ...<9 lines>...
        chunked=chunked,
    )
  File "/usr/local/lib/python3.14/site-packages/urllib3/connectionpool.py", line 841, in urlopen
    retries = retries.increment(
        method, url, error=new_e, _pool=self, _stacktrace=sys.exc_info()[2]
    )
  File "/usr/local/lib/python3.14/site-packages/urllib3/util/retry.py", line 535, in increment
    raise MaxRetryError(_pool, url, reason) from reason  # type: ignore[arg-type]
    ^^^^^^^^^^^^^^^^^^^^^^^^^^^^^^^^^^^^^^^^^^^^^^^^^^^
urllib3.exceptions.MaxRetryError: HTTPConnectionPool(host='localhost', port=8082): Max retries exceeded with url: /v1/documents (Caused by NewConnectionError("HTTPConnection(host='localhost', port=8082): Failed to establish a new connection: [Errno 111] Connection refused"))

During handling of the above exception, another exception occurred:

Traceback (most recent call last):
  File "/u/bglq/projects/rag/rag-refactor/deploy/singularity/scripts/ingest_collections.py", line 446, in ingest_collection
    task_id = client.upload_batch(batch, result.collection_name, chunk_size, chunk_overlap)
  File "/u/bglq/projects/rag/rag-refactor/deploy/singularity/scripts/ingest_collections.py", line 282, in upload_batch
    resp = requests.post(url, files=files_form, timeout=300)
  File "/usr/local/lib/python3.14/site-packages/requests/api.py", line 115, in post
    return request("post", url, data=data, json=json, **kwargs)
  File "/usr/local/lib/python3.14/site-packages/requests/api.py", line 59, in request
    return session.request(method=method, url=url, **kwargs)
           ~~~~~~~~~~~~~~~^^^^^^^^^^^^^^^^^^^^^^^^^^^^^^^^^^
  File "/usr/local/lib/python3.14/site-packages/requests/sessions.py", line 589, in request
    resp = self.send(prep, **send_kwargs)
  File "/usr/local/lib/python3.14/site-packages/requests/sessions.py", line 703, in send
    r = adapter.send(request, **kwargs)
  File "/usr/local/lib/python3.14/site-packages/requests/adapters.py", line 677, in send
    raise ConnectionError(e, request=request)
requests.exceptions.ConnectionError: HTTPConnectionPool(host='localhost', port=8082): Max retries exceeded with url: /v1/documents (Caused by NewConnectionError("HTTPConnection(host='localhost', port=8082): Failed to establish a new connection: [Errno 111] Connection refused"))
2026-02-27 16:45:40 | INFO     | --- batch 26/47 (16 files) ---
2026-02-27 16:45:40 | DEBUG    |   Files: cwp-258.pdf, cwp-260P.pdf, cwp-261P.pdf, cwp-262.pdf, cwp-263P.pdf, cwp-264P.pdf, cwp-265.pdf, cwp-266R.pdf, cwp-267P.pdf, cwp-268.pdf, cwp-269.pdf, cwp-270.pdf, cwp-271.pdf, cwp-272.pdf, cwp-273.pdf, cwp-274.pdf
2026-02-27 16:45:40 | ERROR    | ❌ batch 26/47 (16 files) failed: HTTPConnectionPool(host='localhost', port=8082): Max retries exceeded with url: /v1/documents (Caused by NewConnectionError("HTTPConnection(host='localhost', port=8082): Failed to establish a new connection: [Errno 111] Connection refused"))
Traceback (most recent call last):
  File "/usr/local/lib/python3.14/site-packages/urllib3/connection.py", line 204, in _new_conn
    sock = connection.create_connection(
        (self._dns_host, self.port),
    ...<2 lines>...
        socket_options=self.socket_options,
    )
  File "/usr/local/lib/python3.14/site-packages/urllib3/util/connection.py", line 85, in create_connection
    raise err
  File "/usr/local/lib/python3.14/site-packages/urllib3/util/connection.py", line 73, in create_connection
    sock.connect(sa)
    ~~~~~~~~~~~~^^^^
ConnectionRefusedError: [Errno 111] Connection refused

The above exception was the direct cause of the following exception:

Traceback (most recent call last):
  File "/usr/local/lib/python3.14/site-packages/urllib3/connectionpool.py", line 787, in urlopen
    response = self._make_request(
        conn,
    ...<10 lines>...
        **response_kw,
    )
  File "/usr/local/lib/python3.14/site-packages/urllib3/connectionpool.py", line 493, in _make_request
    conn.request(
    ~~~~~~~~~~~~^
        method,
        ^^^^^^^
    ...<6 lines>...
        enforce_content_length=enforce_content_length,
        ^^^^^^^^^^^^^^^^^^^^^^^^^^^^^^^^^^^^^^^^^^^^^^
    )
    ^
  File "/usr/local/lib/python3.14/site-packages/urllib3/connection.py", line 500, in request
    self.endheaders()
    ~~~~~~~~~~~~~~~^^
  File "/usr/local/lib/python3.14/http/client.py", line 1353, in endheaders
    self._send_output(message_body, encode_chunked=encode_chunked)
    ~~~~~~~~~~~~~~~~~^^^^^^^^^^^^^^^^^^^^^^^^^^^^^^^^^^^^^^^^^^^^^
  File "/usr/local/lib/python3.14/http/client.py", line 1113, in _send_output
    self.send(msg)
    ~~~~~~~~~^^^^^
  File "/usr/local/lib/python3.14/http/client.py", line 1057, in send
    self.connect()
    ~~~~~~~~~~~~^^
  File "/usr/local/lib/python3.14/site-packages/urllib3/connection.py", line 331, in connect
    self.sock = self._new_conn()
                ~~~~~~~~~~~~~~^^
  File "/usr/local/lib/python3.14/site-packages/urllib3/connection.py", line 219, in _new_conn
    raise NewConnectionError(
        self, f"Failed to establish a new connection: {e}"
    ) from e
urllib3.exceptions.NewConnectionError: HTTPConnection(host='localhost', port=8082): Failed to establish a new connection: [Errno 111] Connection refused

The above exception was the direct cause of the following exception:

Traceback (most recent call last):
  File "/usr/local/lib/python3.14/site-packages/requests/adapters.py", line 644, in send
    resp = conn.urlopen(
        method=request.method,
    ...<9 lines>...
        chunked=chunked,
    )
  File "/usr/local/lib/python3.14/site-packages/urllib3/connectionpool.py", line 841, in urlopen
    retries = retries.increment(
        method, url, error=new_e, _pool=self, _stacktrace=sys.exc_info()[2]
    )
  File "/usr/local/lib/python3.14/site-packages/urllib3/util/retry.py", line 535, in increment
    raise MaxRetryError(_pool, url, reason) from reason  # type: ignore[arg-type]
    ^^^^^^^^^^^^^^^^^^^^^^^^^^^^^^^^^^^^^^^^^^^^^^^^^^^
urllib3.exceptions.MaxRetryError: HTTPConnectionPool(host='localhost', port=8082): Max retries exceeded with url: /v1/documents (Caused by NewConnectionError("HTTPConnection(host='localhost', port=8082): Failed to establish a new connection: [Errno 111] Connection refused"))

During handling of the above exception, another exception occurred:

Traceback (most recent call last):
  File "/u/bglq/projects/rag/rag-refactor/deploy/singularity/scripts/ingest_collections.py", line 446, in ingest_collection
    task_id = client.upload_batch(batch, result.collection_name, chunk_size, chunk_overlap)
  File "/u/bglq/projects/rag/rag-refactor/deploy/singularity/scripts/ingest_collections.py", line 282, in upload_batch
    resp = requests.post(url, files=files_form, timeout=300)
  File "/usr/local/lib/python3.14/site-packages/requests/api.py", line 115, in post
    return request("post", url, data=data, json=json, **kwargs)
  File "/usr/local/lib/python3.14/site-packages/requests/api.py", line 59, in request
    return session.request(method=method, url=url, **kwargs)
           ~~~~~~~~~~~~~~~^^^^^^^^^^^^^^^^^^^^^^^^^^^^^^^^^^
  File "/usr/local/lib/python3.14/site-packages/requests/sessions.py", line 589, in request
    resp = self.send(prep, **send_kwargs)
  File "/usr/local/lib/python3.14/site-packages/requests/sessions.py", line 703, in send
    r = adapter.send(request, **kwargs)
  File "/usr/local/lib/python3.14/site-packages/requests/adapters.py", line 677, in send
    raise ConnectionError(e, request=request)
requests.exceptions.ConnectionError: HTTPConnectionPool(host='localhost', port=8082): Max retries exceeded with url: /v1/documents (Caused by NewConnectionError("HTTPConnection(host='localhost', port=8082): Failed to establish a new connection: [Errno 111] Connection refused"))
2026-02-27 16:45:40 | INFO     | --- batch 27/47 (16 files) ---
2026-02-27 16:45:40 | DEBUG    |   Files: cwp-275.pdf, cwp-277.pdf, cwp-278.pdf, cwp-279.pdf, cwp-280.pdf, cwp-281P.pdf, cwp-282P.pdf, cwp-287P.pdf, cwp-289.pdf, cwp-292P.pdf, cwp-294.pdf, cwp-295p.pdf, cwp-297P.pdf, cwp-300P.pdf, cwp-301P.pdf, cwp-302P.pdf
2026-02-27 16:45:40 | ERROR    | ❌ batch 27/47 (16 files) failed: HTTPConnectionPool(host='localhost', port=8082): Max retries exceeded with url: /v1/documents (Caused by NewConnectionError("HTTPConnection(host='localhost', port=8082): Failed to establish a new connection: [Errno 111] Connection refused"))
Traceback (most recent call last):
  File "/usr/local/lib/python3.14/site-packages/urllib3/connection.py", line 204, in _new_conn
    sock = connection.create_connection(
        (self._dns_host, self.port),
    ...<2 lines>...
        socket_options=self.socket_options,
    )
  File "/usr/local/lib/python3.14/site-packages/urllib3/util/connection.py", line 85, in create_connection
    raise err
  File "/usr/local/lib/python3.14/site-packages/urllib3/util/connection.py", line 73, in create_connection
    sock.connect(sa)
    ~~~~~~~~~~~~^^^^
ConnectionRefusedError: [Errno 111] Connection refused

The above exception was the direct cause of the following exception:

Traceback (most recent call last):
  File "/usr/local/lib/python3.14/site-packages/urllib3/connectionpool.py", line 787, in urlopen
    response = self._make_request(
        conn,
    ...<10 lines>...
        **response_kw,
    )
  File "/usr/local/lib/python3.14/site-packages/urllib3/connectionpool.py", line 493, in _make_request
    conn.request(
    ~~~~~~~~~~~~^
        method,
        ^^^^^^^
    ...<6 lines>...
        enforce_content_length=enforce_content_length,
        ^^^^^^^^^^^^^^^^^^^^^^^^^^^^^^^^^^^^^^^^^^^^^^
    )
    ^
  File "/usr/local/lib/python3.14/site-packages/urllib3/connection.py", line 500, in request
    self.endheaders()
    ~~~~~~~~~~~~~~~^^
  File "/usr/local/lib/python3.14/http/client.py", line 1353, in endheaders
    self._send_output(message_body, encode_chunked=encode_chunked)
    ~~~~~~~~~~~~~~~~~^^^^^^^^^^^^^^^^^^^^^^^^^^^^^^^^^^^^^^^^^^^^^
  File "/usr/local/lib/python3.14/http/client.py", line 1113, in _send_output
    self.send(msg)
    ~~~~~~~~~^^^^^
  File "/usr/local/lib/python3.14/http/client.py", line 1057, in send
    self.connect()
    ~~~~~~~~~~~~^^
  File "/usr/local/lib/python3.14/site-packages/urllib3/connection.py", line 331, in connect
    self.sock = self._new_conn()
                ~~~~~~~~~~~~~~^^
  File "/usr/local/lib/python3.14/site-packages/urllib3/connection.py", line 219, in _new_conn
    raise NewConnectionError(
        self, f"Failed to establish a new connection: {e}"
    ) from e
urllib3.exceptions.NewConnectionError: HTTPConnection(host='localhost', port=8082): Failed to establish a new connection: [Errno 111] Connection refused

The above exception was the direct cause of the following exception:

Traceback (most recent call last):
  File "/usr/local/lib/python3.14/site-packages/requests/adapters.py", line 644, in send
    resp = conn.urlopen(
        method=request.method,
    ...<9 lines>...
        chunked=chunked,
    )
  File "/usr/local/lib/python3.14/site-packages/urllib3/connectionpool.py", line 841, in urlopen
    retries = retries.increment(
        method, url, error=new_e, _pool=self, _stacktrace=sys.exc_info()[2]
    )
  File "/usr/local/lib/python3.14/site-packages/urllib3/util/retry.py", line 535, in increment
    raise MaxRetryError(_pool, url, reason) from reason  # type: ignore[arg-type]
    ^^^^^^^^^^^^^^^^^^^^^^^^^^^^^^^^^^^^^^^^^^^^^^^^^^^
urllib3.exceptions.MaxRetryError: HTTPConnectionPool(host='localhost', port=8082): Max retries exceeded with url: /v1/documents (Caused by NewConnectionError("HTTPConnection(host='localhost', port=8082): Failed to establish a new connection: [Errno 111] Connection refused"))

During handling of the above exception, another exception occurred:

Traceback (most recent call last):
  File "/u/bglq/projects/rag/rag-refactor/deploy/singularity/scripts/ingest_collections.py", line 446, in ingest_collection
    task_id = client.upload_batch(batch, result.collection_name, chunk_size, chunk_overlap)
  File "/u/bglq/projects/rag/rag-refactor/deploy/singularity/scripts/ingest_collections.py", line 282, in upload_batch
    resp = requests.post(url, files=files_form, timeout=300)
  File "/usr/local/lib/python3.14/site-packages/requests/api.py", line 115, in post
    return request("post", url, data=data, json=json, **kwargs)
  File "/usr/local/lib/python3.14/site-packages/requests/api.py", line 59, in request
    return session.request(method=method, url=url, **kwargs)
           ~~~~~~~~~~~~~~~^^^^^^^^^^^^^^^^^^^^^^^^^^^^^^^^^^
  File "/usr/local/lib/python3.14/site-packages/requests/sessions.py", line 589, in request
    resp = self.send(prep, **send_kwargs)
  File "/usr/local/lib/python3.14/site-packages/requests/sessions.py", line 703, in send
    r = adapter.send(request, **kwargs)
  File "/usr/local/lib/python3.14/site-packages/requests/adapters.py", line 677, in send
    raise ConnectionError(e, request=request)
requests.exceptions.ConnectionError: HTTPConnectionPool(host='localhost', port=8082): Max retries exceeded with url: /v1/documents (Caused by NewConnectionError("HTTPConnection(host='localhost', port=8082): Failed to establish a new connection: [Errno 111] Connection refused"))
2026-02-27 16:45:40 | INFO     | --- batch 28/47 (16 files) ---
2026-02-27 16:45:40 | DEBUG    |   Files: cwp-303.pdf, cwp-304.pdf, cwp-305.pdf, cwp-306.pdf, cwp-307.pdf, cwp-308.pdf, cwp-309.pdf, cwp-310.pdf, cwp-311.pdf, cwp-312.pdf, cwp-313.pdf, cwp-314.pdf, cwp-315.pdf, cwp-316.pdf, cwp-317.pdf, cwp-318.pdf
2026-02-27 16:45:40 | ERROR    | ❌ batch 28/47 (16 files) failed: HTTPConnectionPool(host='localhost', port=8082): Max retries exceeded with url: /v1/documents (Caused by NewConnectionError("HTTPConnection(host='localhost', port=8082): Failed to establish a new connection: [Errno 111] Connection refused"))
Traceback (most recent call last):
  File "/usr/local/lib/python3.14/site-packages/urllib3/connection.py", line 204, in _new_conn
    sock = connection.create_connection(
        (self._dns_host, self.port),
    ...<2 lines>...
        socket_options=self.socket_options,
    )
  File "/usr/local/lib/python3.14/site-packages/urllib3/util/connection.py", line 85, in create_connection
    raise err
  File "/usr/local/lib/python3.14/site-packages/urllib3/util/connection.py", line 73, in create_connection
    sock.connect(sa)
    ~~~~~~~~~~~~^^^^
ConnectionRefusedError: [Errno 111] Connection refused

The above exception was the direct cause of the following exception:

Traceback (most recent call last):
  File "/usr/local/lib/python3.14/site-packages/urllib3/connectionpool.py", line 787, in urlopen
    response = self._make_request(
        conn,
    ...<10 lines>...
        **response_kw,
    )
  File "/usr/local/lib/python3.14/site-packages/urllib3/connectionpool.py", line 493, in _make_request
    conn.request(
    ~~~~~~~~~~~~^
        method,
        ^^^^^^^
    ...<6 lines>...
        enforce_content_length=enforce_content_length,
        ^^^^^^^^^^^^^^^^^^^^^^^^^^^^^^^^^^^^^^^^^^^^^^
    )
    ^
  File "/usr/local/lib/python3.14/site-packages/urllib3/connection.py", line 500, in request
    self.endheaders()
    ~~~~~~~~~~~~~~~^^
  File "/usr/local/lib/python3.14/http/client.py", line 1353, in endheaders
    self._send_output(message_body, encode_chunked=encode_chunked)
    ~~~~~~~~~~~~~~~~~^^^^^^^^^^^^^^^^^^^^^^^^^^^^^^^^^^^^^^^^^^^^^
  File "/usr/local/lib/python3.14/http/client.py", line 1113, in _send_output
    self.send(msg)
    ~~~~~~~~~^^^^^
  File "/usr/local/lib/python3.14/http/client.py", line 1057, in send
    self.connect()
    ~~~~~~~~~~~~^^
  File "/usr/local/lib/python3.14/site-packages/urllib3/connection.py", line 331, in connect
    self.sock = self._new_conn()
                ~~~~~~~~~~~~~~^^
  File "/usr/local/lib/python3.14/site-packages/urllib3/connection.py", line 219, in _new_conn
    raise NewConnectionError(
        self, f"Failed to establish a new connection: {e}"
    ) from e
urllib3.exceptions.NewConnectionError: HTTPConnection(host='localhost', port=8082): Failed to establish a new connection: [Errno 111] Connection refused

The above exception was the direct cause of the following exception:

Traceback (most recent call last):
  File "/usr/local/lib/python3.14/site-packages/requests/adapters.py", line 644, in send
    resp = conn.urlopen(
        method=request.method,
    ...<9 lines>...
        chunked=chunked,
    )
  File "/usr/local/lib/python3.14/site-packages/urllib3/connectionpool.py", line 841, in urlopen
    retries = retries.increment(
        method, url, error=new_e, _pool=self, _stacktrace=sys.exc_info()[2]
    )
  File "/usr/local/lib/python3.14/site-packages/urllib3/util/retry.py", line 535, in increment
    raise MaxRetryError(_pool, url, reason) from reason  # type: ignore[arg-type]
    ^^^^^^^^^^^^^^^^^^^^^^^^^^^^^^^^^^^^^^^^^^^^^^^^^^^
urllib3.exceptions.MaxRetryError: HTTPConnectionPool(host='localhost', port=8082): Max retries exceeded with url: /v1/documents (Caused by NewConnectionError("HTTPConnection(host='localhost', port=8082): Failed to establish a new connection: [Errno 111] Connection refused"))

During handling of the above exception, another exception occurred:

Traceback (most recent call last):
  File "/u/bglq/projects/rag/rag-refactor/deploy/singularity/scripts/ingest_collections.py", line 446, in ingest_collection
    task_id = client.upload_batch(batch, result.collection_name, chunk_size, chunk_overlap)
  File "/u/bglq/projects/rag/rag-refactor/deploy/singularity/scripts/ingest_collections.py", line 282, in upload_batch
    resp = requests.post(url, files=files_form, timeout=300)
  File "/usr/local/lib/python3.14/site-packages/requests/api.py", line 115, in post
    return request("post", url, data=data, json=json, **kwargs)
  File "/usr/local/lib/python3.14/site-packages/requests/api.py", line 59, in request
    return session.request(method=method, url=url, **kwargs)
           ~~~~~~~~~~~~~~~^^^^^^^^^^^^^^^^^^^^^^^^^^^^^^^^^^
  File "/usr/local/lib/python3.14/site-packages/requests/sessions.py", line 589, in request
    resp = self.send(prep, **send_kwargs)
  File "/usr/local/lib/python3.14/site-packages/requests/sessions.py", line 703, in send
    r = adapter.send(request, **kwargs)
  File "/usr/local/lib/python3.14/site-packages/requests/adapters.py", line 677, in send
    raise ConnectionError(e, request=request)
requests.exceptions.ConnectionError: HTTPConnectionPool(host='localhost', port=8082): Max retries exceeded with url: /v1/documents (Caused by NewConnectionError("HTTPConnection(host='localhost', port=8082): Failed to establish a new connection: [Errno 111] Connection refused"))
2026-02-27 16:45:40 | INFO     | --- batch 29/47 (16 files) ---
2026-02-27 16:45:40 | DEBUG    |   Files: cwp-319.pdf, cwp-321P.pdf, cwp-322.pdf, cwp-323P.pdf, cwp-324P.pdf, cwp-325.pdf, cwp-326.pdf, cwp-356.pdf, cwp-357.pdf, cwp-358.pdf, cwp-359.pdf, cwp-360p.pdf, cwp-364p.pdf, cwp-373P.pdf, cwp-393.pdf, cwp-432.pdf
2026-02-27 16:45:40 | ERROR    | ❌ batch 29/47 (16 files) failed: HTTPConnectionPool(host='localhost', port=8082): Max retries exceeded with url: /v1/documents (Caused by NewConnectionError("HTTPConnection(host='localhost', port=8082): Failed to establish a new connection: [Errno 111] Connection refused"))
Traceback (most recent call last):
  File "/usr/local/lib/python3.14/site-packages/urllib3/connection.py", line 204, in _new_conn
    sock = connection.create_connection(
        (self._dns_host, self.port),
    ...<2 lines>...
        socket_options=self.socket_options,
    )
  File "/usr/local/lib/python3.14/site-packages/urllib3/util/connection.py", line 85, in create_connection
    raise err
  File "/usr/local/lib/python3.14/site-packages/urllib3/util/connection.py", line 73, in create_connection
    sock.connect(sa)
    ~~~~~~~~~~~~^^^^
ConnectionRefusedError: [Errno 111] Connection refused

The above exception was the direct cause of the following exception:

Traceback (most recent call last):
  File "/usr/local/lib/python3.14/site-packages/urllib3/connectionpool.py", line 787, in urlopen
    response = self._make_request(
        conn,
    ...<10 lines>...
        **response_kw,
    )
  File "/usr/local/lib/python3.14/site-packages/urllib3/connectionpool.py", line 493, in _make_request
    conn.request(
    ~~~~~~~~~~~~^
        method,
        ^^^^^^^
    ...<6 lines>...
        enforce_content_length=enforce_content_length,
        ^^^^^^^^^^^^^^^^^^^^^^^^^^^^^^^^^^^^^^^^^^^^^^
    )
    ^
  File "/usr/local/lib/python3.14/site-packages/urllib3/connection.py", line 500, in request
    self.endheaders()
    ~~~~~~~~~~~~~~~^^
  File "/usr/local/lib/python3.14/http/client.py", line 1353, in endheaders
    self._send_output(message_body, encode_chunked=encode_chunked)
    ~~~~~~~~~~~~~~~~~^^^^^^^^^^^^^^^^^^^^^^^^^^^^^^^^^^^^^^^^^^^^^
  File "/usr/local/lib/python3.14/http/client.py", line 1113, in _send_output
    self.send(msg)
    ~~~~~~~~~^^^^^
  File "/usr/local/lib/python3.14/http/client.py", line 1057, in send
    self.connect()
    ~~~~~~~~~~~~^^
  File "/usr/local/lib/python3.14/site-packages/urllib3/connection.py", line 331, in connect
    self.sock = self._new_conn()
                ~~~~~~~~~~~~~~^^
  File "/usr/local/lib/python3.14/site-packages/urllib3/connection.py", line 219, in _new_conn
    raise NewConnectionError(
        self, f"Failed to establish a new connection: {e}"
    ) from e
urllib3.exceptions.NewConnectionError: HTTPConnection(host='localhost', port=8082): Failed to establish a new connection: [Errno 111] Connection refused

The above exception was the direct cause of the following exception:

Traceback (most recent call last):
  File "/usr/local/lib/python3.14/site-packages/requests/adapters.py", line 644, in send
    resp = conn.urlopen(
        method=request.method,
    ...<9 lines>...
        chunked=chunked,
    )
  File "/usr/local/lib/python3.14/site-packages/urllib3/connectionpool.py", line 841, in urlopen
    retries = retries.increment(
        method, url, error=new_e, _pool=self, _stacktrace=sys.exc_info()[2]
    )
  File "/usr/local/lib/python3.14/site-packages/urllib3/util/retry.py", line 535, in increment
    raise MaxRetryError(_pool, url, reason) from reason  # type: ignore[arg-type]
    ^^^^^^^^^^^^^^^^^^^^^^^^^^^^^^^^^^^^^^^^^^^^^^^^^^^
urllib3.exceptions.MaxRetryError: HTTPConnectionPool(host='localhost', port=8082): Max retries exceeded with url: /v1/documents (Caused by NewConnectionError("HTTPConnection(host='localhost', port=8082): Failed to establish a new connection: [Errno 111] Connection refused"))

During handling of the above exception, another exception occurred:

Traceback (most recent call last):
  File "/u/bglq/projects/rag/rag-refactor/deploy/singularity/scripts/ingest_collections.py", line 446, in ingest_collection
    task_id = client.upload_batch(batch, result.collection_name, chunk_size, chunk_overlap)
  File "/u/bglq/projects/rag/rag-refactor/deploy/singularity/scripts/ingest_collections.py", line 282, in upload_batch
    resp = requests.post(url, files=files_form, timeout=300)
  File "/usr/local/lib/python3.14/site-packages/requests/api.py", line 115, in post
    return request("post", url, data=data, json=json, **kwargs)
  File "/usr/local/lib/python3.14/site-packages/requests/api.py", line 59, in request
    return session.request(method=method, url=url, **kwargs)
           ~~~~~~~~~~~~~~~^^^^^^^^^^^^^^^^^^^^^^^^^^^^^^^^^^
  File "/usr/local/lib/python3.14/site-packages/requests/sessions.py", line 589, in request
    resp = self.send(prep, **send_kwargs)
  File "/usr/local/lib/python3.14/site-packages/requests/sessions.py", line 703, in send
    r = adapter.send(request, **kwargs)
  File "/usr/local/lib/python3.14/site-packages/requests/adapters.py", line 677, in send
    raise ConnectionError(e, request=request)
requests.exceptions.ConnectionError: HTTPConnectionPool(host='localhost', port=8082): Max retries exceeded with url: /v1/documents (Caused by NewConnectionError("HTTPConnection(host='localhost', port=8082): Failed to establish a new connection: [Errno 111] Connection refused"))
2026-02-27 16:45:40 | INFO     | --- batch 30/47 (16 files) ---
2026-02-27 16:45:40 | DEBUG    |   Files: cwp-493.pdf, cwp-615.pdf, cwp-616.pdf, cwp-619.pdf, cwp-620.pdf, cwp-621.pdf, cwp-622.pdf, cwp-623.pdf, cwp-624.pdf, cwp-625.pdf, cwp-626.pdf, cwp-627.pdf, cwp-628.pdf, cwp-629.pdf, cwp-630.pdf, cwp-631.pdf
2026-02-27 16:45:41 | ERROR    | ❌ batch 30/47 (16 files) failed: HTTPConnectionPool(host='localhost', port=8082): Max retries exceeded with url: /v1/documents (Caused by NewConnectionError("HTTPConnection(host='localhost', port=8082): Failed to establish a new connection: [Errno 111] Connection refused"))
Traceback (most recent call last):
  File "/usr/local/lib/python3.14/site-packages/urllib3/connection.py", line 204, in _new_conn
    sock = connection.create_connection(
        (self._dns_host, self.port),
    ...<2 lines>...
        socket_options=self.socket_options,
    )
  File "/usr/local/lib/python3.14/site-packages/urllib3/util/connection.py", line 85, in create_connection
    raise err
  File "/usr/local/lib/python3.14/site-packages/urllib3/util/connection.py", line 73, in create_connection
    sock.connect(sa)
    ~~~~~~~~~~~~^^^^
ConnectionRefusedError: [Errno 111] Connection refused

The above exception was the direct cause of the following exception:

Traceback (most recent call last):
  File "/usr/local/lib/python3.14/site-packages/urllib3/connectionpool.py", line 787, in urlopen
    response = self._make_request(
        conn,
    ...<10 lines>...
        **response_kw,
    )
  File "/usr/local/lib/python3.14/site-packages/urllib3/connectionpool.py", line 493, in _make_request
    conn.request(
    ~~~~~~~~~~~~^
        method,
        ^^^^^^^
    ...<6 lines>...
        enforce_content_length=enforce_content_length,
        ^^^^^^^^^^^^^^^^^^^^^^^^^^^^^^^^^^^^^^^^^^^^^^
    )
    ^
  File "/usr/local/lib/python3.14/site-packages/urllib3/connection.py", line 500, in request
    self.endheaders()
    ~~~~~~~~~~~~~~~^^
  File "/usr/local/lib/python3.14/http/client.py", line 1353, in endheaders
    self._send_output(message_body, encode_chunked=encode_chunked)
    ~~~~~~~~~~~~~~~~~^^^^^^^^^^^^^^^^^^^^^^^^^^^^^^^^^^^^^^^^^^^^^
  File "/usr/local/lib/python3.14/http/client.py", line 1113, in _send_output
    self.send(msg)
    ~~~~~~~~~^^^^^
  File "/usr/local/lib/python3.14/http/client.py", line 1057, in send
    self.connect()
    ~~~~~~~~~~~~^^
  File "/usr/local/lib/python3.14/site-packages/urllib3/connection.py", line 331, in connect
    self.sock = self._new_conn()
                ~~~~~~~~~~~~~~^^
  File "/usr/local/lib/python3.14/site-packages/urllib3/connection.py", line 219, in _new_conn
    raise NewConnectionError(
        self, f"Failed to establish a new connection: {e}"
    ) from e
urllib3.exceptions.NewConnectionError: HTTPConnection(host='localhost', port=8082): Failed to establish a new connection: [Errno 111] Connection refused

The above exception was the direct cause of the following exception:

Traceback (most recent call last):
  File "/usr/local/lib/python3.14/site-packages/requests/adapters.py", line 644, in send
    resp = conn.urlopen(
        method=request.method,
    ...<9 lines>...
        chunked=chunked,
    )
  File "/usr/local/lib/python3.14/site-packages/urllib3/connectionpool.py", line 841, in urlopen
    retries = retries.increment(
        method, url, error=new_e, _pool=self, _stacktrace=sys.exc_info()[2]
    )
  File "/usr/local/lib/python3.14/site-packages/urllib3/util/retry.py", line 535, in increment
    raise MaxRetryError(_pool, url, reason) from reason  # type: ignore[arg-type]
    ^^^^^^^^^^^^^^^^^^^^^^^^^^^^^^^^^^^^^^^^^^^^^^^^^^^
urllib3.exceptions.MaxRetryError: HTTPConnectionPool(host='localhost', port=8082): Max retries exceeded with url: /v1/documents (Caused by NewConnectionError("HTTPConnection(host='localhost', port=8082): Failed to establish a new connection: [Errno 111] Connection refused"))

During handling of the above exception, another exception occurred:

Traceback (most recent call last):
  File "/u/bglq/projects/rag/rag-refactor/deploy/singularity/scripts/ingest_collections.py", line 446, in ingest_collection
    task_id = client.upload_batch(batch, result.collection_name, chunk_size, chunk_overlap)
  File "/u/bglq/projects/rag/rag-refactor/deploy/singularity/scripts/ingest_collections.py", line 282, in upload_batch
    resp = requests.post(url, files=files_form, timeout=300)
  File "/usr/local/lib/python3.14/site-packages/requests/api.py", line 115, in post
    return request("post", url, data=data, json=json, **kwargs)
  File "/usr/local/lib/python3.14/site-packages/requests/api.py", line 59, in request
    return session.request(method=method, url=url, **kwargs)
           ~~~~~~~~~~~~~~~^^^^^^^^^^^^^^^^^^^^^^^^^^^^^^^^^^
  File "/usr/local/lib/python3.14/site-packages/requests/sessions.py", line 589, in request
    resp = self.send(prep, **send_kwargs)
  File "/usr/local/lib/python3.14/site-packages/requests/sessions.py", line 703, in send
    r = adapter.send(request, **kwargs)
  File "/usr/local/lib/python3.14/site-packages/requests/adapters.py", line 677, in send
    raise ConnectionError(e, request=request)
requests.exceptions.ConnectionError: HTTPConnectionPool(host='localhost', port=8082): Max retries exceeded with url: /v1/documents (Caused by NewConnectionError("HTTPConnection(host='localhost', port=8082): Failed to establish a new connection: [Errno 111] Connection refused"))
2026-02-27 16:45:41 | INFO     | --- batch 31/47 (16 files) ---
2026-02-27 16:45:41 | DEBUG    |   Files: cwp-632.pdf, cwp-633.pdf, cwp-634-min.pdf, cwp-635-1.pdf, cwp-642P.pdf, cwp-644.pdf, cwp-645-min.pdf, cwp-646.pdf, cwp-647.pdf, cwp-649.pdf, cwp-650.pdf, cwp-651.pdf, cwp-652.pdf, cwp-653-min.pdf, cwp-654.pdf, cwp-655.pdf
2026-02-27 16:45:41 | ERROR    | ❌ batch 31/47 (16 files) failed: HTTPConnectionPool(host='localhost', port=8082): Max retries exceeded with url: /v1/documents (Caused by NewConnectionError("HTTPConnection(host='localhost', port=8082): Failed to establish a new connection: [Errno 111] Connection refused"))
Traceback (most recent call last):
  File "/usr/local/lib/python3.14/site-packages/urllib3/connection.py", line 204, in _new_conn
    sock = connection.create_connection(
        (self._dns_host, self.port),
    ...<2 lines>...
        socket_options=self.socket_options,
    )
  File "/usr/local/lib/python3.14/site-packages/urllib3/util/connection.py", line 85, in create_connection
    raise err
  File "/usr/local/lib/python3.14/site-packages/urllib3/util/connection.py", line 73, in create_connection
    sock.connect(sa)
    ~~~~~~~~~~~~^^^^
ConnectionRefusedError: [Errno 111] Connection refused

The above exception was the direct cause of the following exception:

Traceback (most recent call last):
  File "/usr/local/lib/python3.14/site-packages/urllib3/connectionpool.py", line 787, in urlopen
    response = self._make_request(
        conn,
    ...<10 lines>...
        **response_kw,
    )
  File "/usr/local/lib/python3.14/site-packages/urllib3/connectionpool.py", line 493, in _make_request
    conn.request(
    ~~~~~~~~~~~~^
        method,
        ^^^^^^^
    ...<6 lines>...
        enforce_content_length=enforce_content_length,
        ^^^^^^^^^^^^^^^^^^^^^^^^^^^^^^^^^^^^^^^^^^^^^^
    )
    ^
  File "/usr/local/lib/python3.14/site-packages/urllib3/connection.py", line 500, in request
    self.endheaders()
    ~~~~~~~~~~~~~~~^^
  File "/usr/local/lib/python3.14/http/client.py", line 1353, in endheaders
    self._send_output(message_body, encode_chunked=encode_chunked)
    ~~~~~~~~~~~~~~~~~^^^^^^^^^^^^^^^^^^^^^^^^^^^^^^^^^^^^^^^^^^^^^
  File "/usr/local/lib/python3.14/http/client.py", line 1113, in _send_output
    self.send(msg)
    ~~~~~~~~~^^^^^
  File "/usr/local/lib/python3.14/http/client.py", line 1057, in send
    self.connect()
    ~~~~~~~~~~~~^^
  File "/usr/local/lib/python3.14/site-packages/urllib3/connection.py", line 331, in connect
    self.sock = self._new_conn()
                ~~~~~~~~~~~~~~^^
  File "/usr/local/lib/python3.14/site-packages/urllib3/connection.py", line 219, in _new_conn
    raise NewConnectionError(
        self, f"Failed to establish a new connection: {e}"
    ) from e
urllib3.exceptions.NewConnectionError: HTTPConnection(host='localhost', port=8082): Failed to establish a new connection: [Errno 111] Connection refused

The above exception was the direct cause of the following exception:

Traceback (most recent call last):
  File "/usr/local/lib/python3.14/site-packages/requests/adapters.py", line 644, in send
    resp = conn.urlopen(
        method=request.method,
    ...<9 lines>...
        chunked=chunked,
    )
  File "/usr/local/lib/python3.14/site-packages/urllib3/connectionpool.py", line 841, in urlopen
    retries = retries.increment(
        method, url, error=new_e, _pool=self, _stacktrace=sys.exc_info()[2]
    )
  File "/usr/local/lib/python3.14/site-packages/urllib3/util/retry.py", line 535, in increment
    raise MaxRetryError(_pool, url, reason) from reason  # type: ignore[arg-type]
    ^^^^^^^^^^^^^^^^^^^^^^^^^^^^^^^^^^^^^^^^^^^^^^^^^^^
urllib3.exceptions.MaxRetryError: HTTPConnectionPool(host='localhost', port=8082): Max retries exceeded with url: /v1/documents (Caused by NewConnectionError("HTTPConnection(host='localhost', port=8082): Failed to establish a new connection: [Errno 111] Connection refused"))

During handling of the above exception, another exception occurred:

Traceback (most recent call last):
  File "/u/bglq/projects/rag/rag-refactor/deploy/singularity/scripts/ingest_collections.py", line 446, in ingest_collection
    task_id = client.upload_batch(batch, result.collection_name, chunk_size, chunk_overlap)
  File "/u/bglq/projects/rag/rag-refactor/deploy/singularity/scripts/ingest_collections.py", line 282, in upload_batch
    resp = requests.post(url, files=files_form, timeout=300)
  File "/usr/local/lib/python3.14/site-packages/requests/api.py", line 115, in post
    return request("post", url, data=data, json=json, **kwargs)
  File "/usr/local/lib/python3.14/site-packages/requests/api.py", line 59, in request
    return session.request(method=method, url=url, **kwargs)
           ~~~~~~~~~~~~~~~^^^^^^^^^^^^^^^^^^^^^^^^^^^^^^^^^^
  File "/usr/local/lib/python3.14/site-packages/requests/sessions.py", line 589, in request
    resp = self.send(prep, **send_kwargs)
  File "/usr/local/lib/python3.14/site-packages/requests/sessions.py", line 703, in send
    r = adapter.send(request, **kwargs)
  File "/usr/local/lib/python3.14/site-packages/requests/adapters.py", line 677, in send
    raise ConnectionError(e, request=request)
requests.exceptions.ConnectionError: HTTPConnectionPool(host='localhost', port=8082): Max retries exceeded with url: /v1/documents (Caused by NewConnectionError("HTTPConnection(host='localhost', port=8082): Failed to establish a new connection: [Errno 111] Connection refused"))
2026-02-27 16:45:41 | INFO     | --- batch 32/47 (16 files) ---
2026-02-27 16:45:41 | DEBUG    |   Files: cwp-656-min.pdf, cwp-659.pdf, cwp-660.pdf, cwp-661-min.pdf, cwp-662.pdf, cwp-663.pdf, cwp-664.pdf, cwp-665.pdf, cwp-666.pdf, cwp-667.pdf, cwp-668-min.pdf, cwp-669.pdf, cwp-670-min.pdf, cwp-842.pdf, cwp-843.pdf, cwp327.pdf
2026-02-27 16:45:41 | ERROR    | ❌ batch 32/47 (16 files) failed: HTTPConnectionPool(host='localhost', port=8082): Max retries exceeded with url: /v1/documents (Caused by NewConnectionError("HTTPConnection(host='localhost', port=8082): Failed to establish a new connection: [Errno 111] Connection refused"))
Traceback (most recent call last):
  File "/usr/local/lib/python3.14/site-packages/urllib3/connection.py", line 204, in _new_conn
    sock = connection.create_connection(
        (self._dns_host, self.port),
    ...<2 lines>...
        socket_options=self.socket_options,
    )
  File "/usr/local/lib/python3.14/site-packages/urllib3/util/connection.py", line 85, in create_connection
    raise err
  File "/usr/local/lib/python3.14/site-packages/urllib3/util/connection.py", line 73, in create_connection
    sock.connect(sa)
    ~~~~~~~~~~~~^^^^
ConnectionRefusedError: [Errno 111] Connection refused

The above exception was the direct cause of the following exception:

Traceback (most recent call last):
  File "/usr/local/lib/python3.14/site-packages/urllib3/connectionpool.py", line 787, in urlopen
    response = self._make_request(
        conn,
    ...<10 lines>...
        **response_kw,
    )
  File "/usr/local/lib/python3.14/site-packages/urllib3/connectionpool.py", line 493, in _make_request
    conn.request(
    ~~~~~~~~~~~~^
        method,
        ^^^^^^^
    ...<6 lines>...
        enforce_content_length=enforce_content_length,
        ^^^^^^^^^^^^^^^^^^^^^^^^^^^^^^^^^^^^^^^^^^^^^^
    )
    ^
  File "/usr/local/lib/python3.14/site-packages/urllib3/connection.py", line 500, in request
    self.endheaders()
    ~~~~~~~~~~~~~~~^^
  File "/usr/local/lib/python3.14/http/client.py", line 1353, in endheaders
    self._send_output(message_body, encode_chunked=encode_chunked)
    ~~~~~~~~~~~~~~~~~^^^^^^^^^^^^^^^^^^^^^^^^^^^^^^^^^^^^^^^^^^^^^
  File "/usr/local/lib/python3.14/http/client.py", line 1113, in _send_output
    self.send(msg)
    ~~~~~~~~~^^^^^
  File "/usr/local/lib/python3.14/http/client.py", line 1057, in send
    self.connect()
    ~~~~~~~~~~~~^^
  File "/usr/local/lib/python3.14/site-packages/urllib3/connection.py", line 331, in connect
    self.sock = self._new_conn()
                ~~~~~~~~~~~~~~^^
  File "/usr/local/lib/python3.14/site-packages/urllib3/connection.py", line 219, in _new_conn
    raise NewConnectionError(
        self, f"Failed to establish a new connection: {e}"
    ) from e
urllib3.exceptions.NewConnectionError: HTTPConnection(host='localhost', port=8082): Failed to establish a new connection: [Errno 111] Connection refused

The above exception was the direct cause of the following exception:

Traceback (most recent call last):
  File "/usr/local/lib/python3.14/site-packages/requests/adapters.py", line 644, in send
    resp = conn.urlopen(
        method=request.method,
    ...<9 lines>...
        chunked=chunked,
    )
  File "/usr/local/lib/python3.14/site-packages/urllib3/connectionpool.py", line 841, in urlopen
    retries = retries.increment(
        method, url, error=new_e, _pool=self, _stacktrace=sys.exc_info()[2]
    )
  File "/usr/local/lib/python3.14/site-packages/urllib3/util/retry.py", line 535, in increment
    raise MaxRetryError(_pool, url, reason) from reason  # type: ignore[arg-type]
    ^^^^^^^^^^^^^^^^^^^^^^^^^^^^^^^^^^^^^^^^^^^^^^^^^^^
urllib3.exceptions.MaxRetryError: HTTPConnectionPool(host='localhost', port=8082): Max retries exceeded with url: /v1/documents (Caused by NewConnectionError("HTTPConnection(host='localhost', port=8082): Failed to establish a new connection: [Errno 111] Connection refused"))

During handling of the above exception, another exception occurred:

Traceback (most recent call last):
  File "/u/bglq/projects/rag/rag-refactor/deploy/singularity/scripts/ingest_collections.py", line 446, in ingest_collection
    task_id = client.upload_batch(batch, result.collection_name, chunk_size, chunk_overlap)
  File "/u/bglq/projects/rag/rag-refactor/deploy/singularity/scripts/ingest_collections.py", line 282, in upload_batch
    resp = requests.post(url, files=files_form, timeout=300)
  File "/usr/local/lib/python3.14/site-packages/requests/api.py", line 115, in post
    return request("post", url, data=data, json=json, **kwargs)
  File "/usr/local/lib/python3.14/site-packages/requests/api.py", line 59, in request
    return session.request(method=method, url=url, **kwargs)
           ~~~~~~~~~~~~~~~^^^^^^^^^^^^^^^^^^^^^^^^^^^^^^^^^^
  File "/usr/local/lib/python3.14/site-packages/requests/sessions.py", line 589, in request
    resp = self.send(prep, **send_kwargs)
  File "/usr/local/lib/python3.14/site-packages/requests/sessions.py", line 703, in send
    r = adapter.send(request, **kwargs)
  File "/usr/local/lib/python3.14/site-packages/requests/adapters.py", line 677, in send
    raise ConnectionError(e, request=request)
requests.exceptions.ConnectionError: HTTPConnectionPool(host='localhost', port=8082): Max retries exceeded with url: /v1/documents (Caused by NewConnectionError("HTTPConnection(host='localhost', port=8082): Failed to establish a new connection: [Errno 111] Connection refused"))
2026-02-27 16:45:41 | INFO     | --- batch 33/47 (16 files) ---
2026-02-27 16:45:41 | DEBUG    |   Files: cwp328.pdf, cwp329.pdf, cwp330.pdf, cwp331.pdf, cwp332.pdf, cwp333.pdf, cwp334.pdf, cwp335.pdf, cwp336.pdf, cwp337.pdf, cwp338.pdf, cwp339.pdf, cwp340.pdf, cwp341.pdf, cwp342.pdf, cwp343.pdf
2026-02-27 16:45:41 | ERROR    | ❌ batch 33/47 (16 files) failed: HTTPConnectionPool(host='localhost', port=8082): Max retries exceeded with url: /v1/documents (Caused by NewConnectionError("HTTPConnection(host='localhost', port=8082): Failed to establish a new connection: [Errno 111] Connection refused"))
Traceback (most recent call last):
  File "/usr/local/lib/python3.14/site-packages/urllib3/connection.py", line 204, in _new_conn
    sock = connection.create_connection(
        (self._dns_host, self.port),
    ...<2 lines>...
        socket_options=self.socket_options,
    )
  File "/usr/local/lib/python3.14/site-packages/urllib3/util/connection.py", line 85, in create_connection
    raise err
  File "/usr/local/lib/python3.14/site-packages/urllib3/util/connection.py", line 73, in create_connection
    sock.connect(sa)
    ~~~~~~~~~~~~^^^^
ConnectionRefusedError: [Errno 111] Connection refused

The above exception was the direct cause of the following exception:

Traceback (most recent call last):
  File "/usr/local/lib/python3.14/site-packages/urllib3/connectionpool.py", line 787, in urlopen
    response = self._make_request(
        conn,
    ...<10 lines>...
        **response_kw,
    )
  File "/usr/local/lib/python3.14/site-packages/urllib3/connectionpool.py", line 493, in _make_request
    conn.request(
    ~~~~~~~~~~~~^
        method,
        ^^^^^^^
    ...<6 lines>...
        enforce_content_length=enforce_content_length,
        ^^^^^^^^^^^^^^^^^^^^^^^^^^^^^^^^^^^^^^^^^^^^^^
    )
    ^
  File "/usr/local/lib/python3.14/site-packages/urllib3/connection.py", line 500, in request
    self.endheaders()
    ~~~~~~~~~~~~~~~^^
  File "/usr/local/lib/python3.14/http/client.py", line 1353, in endheaders
    self._send_output(message_body, encode_chunked=encode_chunked)
    ~~~~~~~~~~~~~~~~~^^^^^^^^^^^^^^^^^^^^^^^^^^^^^^^^^^^^^^^^^^^^^
  File "/usr/local/lib/python3.14/http/client.py", line 1113, in _send_output
    self.send(msg)
    ~~~~~~~~~^^^^^
  File "/usr/local/lib/python3.14/http/client.py", line 1057, in send
    self.connect()
    ~~~~~~~~~~~~^^
  File "/usr/local/lib/python3.14/site-packages/urllib3/connection.py", line 331, in connect
    self.sock = self._new_conn()
                ~~~~~~~~~~~~~~^^
  File "/usr/local/lib/python3.14/site-packages/urllib3/connection.py", line 219, in _new_conn
    raise NewConnectionError(
        self, f"Failed to establish a new connection: {e}"
    ) from e
urllib3.exceptions.NewConnectionError: HTTPConnection(host='localhost', port=8082): Failed to establish a new connection: [Errno 111] Connection refused

The above exception was the direct cause of the following exception:

Traceback (most recent call last):
  File "/usr/local/lib/python3.14/site-packages/requests/adapters.py", line 644, in send
    resp = conn.urlopen(
        method=request.method,
    ...<9 lines>...
        chunked=chunked,
    )
  File "/usr/local/lib/python3.14/site-packages/urllib3/connectionpool.py", line 841, in urlopen
    retries = retries.increment(
        method, url, error=new_e, _pool=self, _stacktrace=sys.exc_info()[2]
    )
  File "/usr/local/lib/python3.14/site-packages/urllib3/util/retry.py", line 535, in increment
    raise MaxRetryError(_pool, url, reason) from reason  # type: ignore[arg-type]
    ^^^^^^^^^^^^^^^^^^^^^^^^^^^^^^^^^^^^^^^^^^^^^^^^^^^
urllib3.exceptions.MaxRetryError: HTTPConnectionPool(host='localhost', port=8082): Max retries exceeded with url: /v1/documents (Caused by NewConnectionError("HTTPConnection(host='localhost', port=8082): Failed to establish a new connection: [Errno 111] Connection refused"))

During handling of the above exception, another exception occurred:

Traceback (most recent call last):
  File "/u/bglq/projects/rag/rag-refactor/deploy/singularity/scripts/ingest_collections.py", line 446, in ingest_collection
    task_id = client.upload_batch(batch, result.collection_name, chunk_size, chunk_overlap)
  File "/u/bglq/projects/rag/rag-refactor/deploy/singularity/scripts/ingest_collections.py", line 282, in upload_batch
    resp = requests.post(url, files=files_form, timeout=300)
  File "/usr/local/lib/python3.14/site-packages/requests/api.py", line 115, in post
    return request("post", url, data=data, json=json, **kwargs)
  File "/usr/local/lib/python3.14/site-packages/requests/api.py", line 59, in request
    return session.request(method=method, url=url, **kwargs)
           ~~~~~~~~~~~~~~~^^^^^^^^^^^^^^^^^^^^^^^^^^^^^^^^^^
  File "/usr/local/lib/python3.14/site-packages/requests/sessions.py", line 589, in request
    resp = self.send(prep, **send_kwargs)
  File "/usr/local/lib/python3.14/site-packages/requests/sessions.py", line 703, in send
    r = adapter.send(request, **kwargs)
  File "/usr/local/lib/python3.14/site-packages/requests/adapters.py", line 677, in send
    raise ConnectionError(e, request=request)
requests.exceptions.ConnectionError: HTTPConnectionPool(host='localhost', port=8082): Max retries exceeded with url: /v1/documents (Caused by NewConnectionError("HTTPConnection(host='localhost', port=8082): Failed to establish a new connection: [Errno 111] Connection refused"))
2026-02-27 16:45:41 | INFO     | --- batch 34/47 (16 files) ---
2026-02-27 16:45:41 | DEBUG    |   Files: cwp344R.pdf, cwp362p.pdf, cwp367.pdf, cwp385p.pdf, cwp398p.pdf, cwp401p.pdf, cwp402p.pdf, cwp405.pdf, cwp406.pdf, cwp407.pdf, cwp408.pdf, cwp409.pdf, cwp410.pdf, cwp411.pdf, cwp412.pdf, cwp413.pdf
2026-02-27 16:45:42 | ERROR    | ❌ batch 34/47 (16 files) failed: HTTPConnectionPool(host='localhost', port=8082): Max retries exceeded with url: /v1/documents (Caused by NewConnectionError("HTTPConnection(host='localhost', port=8082): Failed to establish a new connection: [Errno 111] Connection refused"))
Traceback (most recent call last):
  File "/usr/local/lib/python3.14/site-packages/urllib3/connection.py", line 204, in _new_conn
    sock = connection.create_connection(
        (self._dns_host, self.port),
    ...<2 lines>...
        socket_options=self.socket_options,
    )
  File "/usr/local/lib/python3.14/site-packages/urllib3/util/connection.py", line 85, in create_connection
    raise err
  File "/usr/local/lib/python3.14/site-packages/urllib3/util/connection.py", line 73, in create_connection
    sock.connect(sa)
    ~~~~~~~~~~~~^^^^
ConnectionRefusedError: [Errno 111] Connection refused

The above exception was the direct cause of the following exception:

Traceback (most recent call last):
  File "/usr/local/lib/python3.14/site-packages/urllib3/connectionpool.py", line 787, in urlopen
    response = self._make_request(
        conn,
    ...<10 lines>...
        **response_kw,
    )
  File "/usr/local/lib/python3.14/site-packages/urllib3/connectionpool.py", line 493, in _make_request
    conn.request(
    ~~~~~~~~~~~~^
        method,
        ^^^^^^^
    ...<6 lines>...
        enforce_content_length=enforce_content_length,
        ^^^^^^^^^^^^^^^^^^^^^^^^^^^^^^^^^^^^^^^^^^^^^^
    )
    ^
  File "/usr/local/lib/python3.14/site-packages/urllib3/connection.py", line 500, in request
    self.endheaders()
    ~~~~~~~~~~~~~~~^^
  File "/usr/local/lib/python3.14/http/client.py", line 1353, in endheaders
    self._send_output(message_body, encode_chunked=encode_chunked)
    ~~~~~~~~~~~~~~~~~^^^^^^^^^^^^^^^^^^^^^^^^^^^^^^^^^^^^^^^^^^^^^
  File "/usr/local/lib/python3.14/http/client.py", line 1113, in _send_output
    self.send(msg)
    ~~~~~~~~~^^^^^
  File "/usr/local/lib/python3.14/http/client.py", line 1057, in send
    self.connect()
    ~~~~~~~~~~~~^^
  File "/usr/local/lib/python3.14/site-packages/urllib3/connection.py", line 331, in connect
    self.sock = self._new_conn()
                ~~~~~~~~~~~~~~^^
  File "/usr/local/lib/python3.14/site-packages/urllib3/connection.py", line 219, in _new_conn
    raise NewConnectionError(
        self, f"Failed to establish a new connection: {e}"
    ) from e
urllib3.exceptions.NewConnectionError: HTTPConnection(host='localhost', port=8082): Failed to establish a new connection: [Errno 111] Connection refused

The above exception was the direct cause of the following exception:

Traceback (most recent call last):
  File "/usr/local/lib/python3.14/site-packages/requests/adapters.py", line 644, in send
    resp = conn.urlopen(
        method=request.method,
    ...<9 lines>...
        chunked=chunked,
    )
  File "/usr/local/lib/python3.14/site-packages/urllib3/connectionpool.py", line 841, in urlopen
    retries = retries.increment(
        method, url, error=new_e, _pool=self, _stacktrace=sys.exc_info()[2]
    )
  File "/usr/local/lib/python3.14/site-packages/urllib3/util/retry.py", line 535, in increment
    raise MaxRetryError(_pool, url, reason) from reason  # type: ignore[arg-type]
    ^^^^^^^^^^^^^^^^^^^^^^^^^^^^^^^^^^^^^^^^^^^^^^^^^^^
urllib3.exceptions.MaxRetryError: HTTPConnectionPool(host='localhost', port=8082): Max retries exceeded with url: /v1/documents (Caused by NewConnectionError("HTTPConnection(host='localhost', port=8082): Failed to establish a new connection: [Errno 111] Connection refused"))

During handling of the above exception, another exception occurred:

Traceback (most recent call last):
  File "/u/bglq/projects/rag/rag-refactor/deploy/singularity/scripts/ingest_collections.py", line 446, in ingest_collection
    task_id = client.upload_batch(batch, result.collection_name, chunk_size, chunk_overlap)
  File "/u/bglq/projects/rag/rag-refactor/deploy/singularity/scripts/ingest_collections.py", line 282, in upload_batch
    resp = requests.post(url, files=files_form, timeout=300)
  File "/usr/local/lib/python3.14/site-packages/requests/api.py", line 115, in post
    return request("post", url, data=data, json=json, **kwargs)
  File "/usr/local/lib/python3.14/site-packages/requests/api.py", line 59, in request
    return session.request(method=method, url=url, **kwargs)
           ~~~~~~~~~~~~~~~^^^^^^^^^^^^^^^^^^^^^^^^^^^^^^^^^^
  File "/usr/local/lib/python3.14/site-packages/requests/sessions.py", line 589, in request
    resp = self.send(prep, **send_kwargs)
  File "/usr/local/lib/python3.14/site-packages/requests/sessions.py", line 703, in send
    r = adapter.send(request, **kwargs)
  File "/usr/local/lib/python3.14/site-packages/requests/adapters.py", line 677, in send
    raise ConnectionError(e, request=request)
requests.exceptions.ConnectionError: HTTPConnectionPool(host='localhost', port=8082): Max retries exceeded with url: /v1/documents (Caused by NewConnectionError("HTTPConnection(host='localhost', port=8082): Failed to establish a new connection: [Errno 111] Connection refused"))
2026-02-27 16:45:42 | INFO     | --- batch 35/47 (16 files) ---
2026-02-27 16:45:42 | DEBUG    |   Files: cwp414.pdf, cwp415.pdf, cwp416.pdf, cwp417.pdf, cwp418.pdf, cwp419.pdf, cwp420.pdf, cwp421.pdf, cwp422.pdf, cwp424.pdf, cwp431.pdf, cwp436P.pdf, cwp438P.pdf, cwp439P.pdf, cwp440P.pdf, cwp441P.pdf
2026-02-27 16:45:42 | ERROR    | ❌ batch 35/47 (16 files) failed: HTTPConnectionPool(host='localhost', port=8082): Max retries exceeded with url: /v1/documents (Caused by NewConnectionError("HTTPConnection(host='localhost', port=8082): Failed to establish a new connection: [Errno 111] Connection refused"))
Traceback (most recent call last):
  File "/usr/local/lib/python3.14/site-packages/urllib3/connection.py", line 204, in _new_conn
    sock = connection.create_connection(
        (self._dns_host, self.port),
    ...<2 lines>...
        socket_options=self.socket_options,
    )
  File "/usr/local/lib/python3.14/site-packages/urllib3/util/connection.py", line 85, in create_connection
    raise err
  File "/usr/local/lib/python3.14/site-packages/urllib3/util/connection.py", line 73, in create_connection
    sock.connect(sa)
    ~~~~~~~~~~~~^^^^
ConnectionRefusedError: [Errno 111] Connection refused

The above exception was the direct cause of the following exception:

Traceback (most recent call last):
  File "/usr/local/lib/python3.14/site-packages/urllib3/connectionpool.py", line 787, in urlopen
    response = self._make_request(
        conn,
    ...<10 lines>...
        **response_kw,
    )
  File "/usr/local/lib/python3.14/site-packages/urllib3/connectionpool.py", line 493, in _make_request
    conn.request(
    ~~~~~~~~~~~~^
        method,
        ^^^^^^^
    ...<6 lines>...
        enforce_content_length=enforce_content_length,
        ^^^^^^^^^^^^^^^^^^^^^^^^^^^^^^^^^^^^^^^^^^^^^^
    )
    ^
  File "/usr/local/lib/python3.14/site-packages/urllib3/connection.py", line 500, in request
    self.endheaders()
    ~~~~~~~~~~~~~~~^^
  File "/usr/local/lib/python3.14/http/client.py", line 1353, in endheaders
    self._send_output(message_body, encode_chunked=encode_chunked)
    ~~~~~~~~~~~~~~~~~^^^^^^^^^^^^^^^^^^^^^^^^^^^^^^^^^^^^^^^^^^^^^
  File "/usr/local/lib/python3.14/http/client.py", line 1113, in _send_output
    self.send(msg)
    ~~~~~~~~~^^^^^
  File "/usr/local/lib/python3.14/http/client.py", line 1057, in send
    self.connect()
    ~~~~~~~~~~~~^^
  File "/usr/local/lib/python3.14/site-packages/urllib3/connection.py", line 331, in connect
    self.sock = self._new_conn()
                ~~~~~~~~~~~~~~^^
  File "/usr/local/lib/python3.14/site-packages/urllib3/connection.py", line 219, in _new_conn
    raise NewConnectionError(
        self, f"Failed to establish a new connection: {e}"
    ) from e
urllib3.exceptions.NewConnectionError: HTTPConnection(host='localhost', port=8082): Failed to establish a new connection: [Errno 111] Connection refused

The above exception was the direct cause of the following exception:

Traceback (most recent call last):
  File "/usr/local/lib/python3.14/site-packages/requests/adapters.py", line 644, in send
    resp = conn.urlopen(
        method=request.method,
    ...<9 lines>...
        chunked=chunked,
    )
  File "/usr/local/lib/python3.14/site-packages/urllib3/connectionpool.py", line 841, in urlopen
    retries = retries.increment(
        method, url, error=new_e, _pool=self, _stacktrace=sys.exc_info()[2]
    )
  File "/usr/local/lib/python3.14/site-packages/urllib3/util/retry.py", line 535, in increment
    raise MaxRetryError(_pool, url, reason) from reason  # type: ignore[arg-type]
    ^^^^^^^^^^^^^^^^^^^^^^^^^^^^^^^^^^^^^^^^^^^^^^^^^^^
urllib3.exceptions.MaxRetryError: HTTPConnectionPool(host='localhost', port=8082): Max retries exceeded with url: /v1/documents (Caused by NewConnectionError("HTTPConnection(host='localhost', port=8082): Failed to establish a new connection: [Errno 111] Connection refused"))

During handling of the above exception, another exception occurred:

Traceback (most recent call last):
  File "/u/bglq/projects/rag/rag-refactor/deploy/singularity/scripts/ingest_collections.py", line 446, in ingest_collection
    task_id = client.upload_batch(batch, result.collection_name, chunk_size, chunk_overlap)
  File "/u/bglq/projects/rag/rag-refactor/deploy/singularity/scripts/ingest_collections.py", line 282, in upload_batch
    resp = requests.post(url, files=files_form, timeout=300)
  File "/usr/local/lib/python3.14/site-packages/requests/api.py", line 115, in post
    return request("post", url, data=data, json=json, **kwargs)
  File "/usr/local/lib/python3.14/site-packages/requests/api.py", line 59, in request
    return session.request(method=method, url=url, **kwargs)
           ~~~~~~~~~~~~~~~^^^^^^^^^^^^^^^^^^^^^^^^^^^^^^^^^^
  File "/usr/local/lib/python3.14/site-packages/requests/sessions.py", line 589, in request
    resp = self.send(prep, **send_kwargs)
  File "/usr/local/lib/python3.14/site-packages/requests/sessions.py", line 703, in send
    r = adapter.send(request, **kwargs)
  File "/usr/local/lib/python3.14/site-packages/requests/adapters.py", line 677, in send
    raise ConnectionError(e, request=request)
requests.exceptions.ConnectionError: HTTPConnectionPool(host='localhost', port=8082): Max retries exceeded with url: /v1/documents (Caused by NewConnectionError("HTTPConnection(host='localhost', port=8082): Failed to establish a new connection: [Errno 111] Connection refused"))
2026-02-27 16:45:42 | INFO     | --- batch 36/47 (16 files) ---
2026-02-27 16:45:42 | DEBUG    |   Files: cwp443P.pdf, cwp444.pdf, cwp445.pdf, cwp446.pdf, cwp447.pdf, cwp448.pdf, cwp449.pdf, cwp450.pdf, cwp451.pdf, cwp452.pdf, cwp453.pdf, cwp454.pdf, cwp455.pdf, cwp456.pdf, cwp457.pdf, cwp458.pdf
2026-02-27 16:45:42 | ERROR    | ❌ batch 36/47 (16 files) failed: HTTPConnectionPool(host='localhost', port=8082): Max retries exceeded with url: /v1/documents (Caused by NewConnectionError("HTTPConnection(host='localhost', port=8082): Failed to establish a new connection: [Errno 111] Connection refused"))
Traceback (most recent call last):
  File "/usr/local/lib/python3.14/site-packages/urllib3/connection.py", line 204, in _new_conn
    sock = connection.create_connection(
        (self._dns_host, self.port),
    ...<2 lines>...
        socket_options=self.socket_options,
    )
  File "/usr/local/lib/python3.14/site-packages/urllib3/util/connection.py", line 85, in create_connection
    raise err
  File "/usr/local/lib/python3.14/site-packages/urllib3/util/connection.py", line 73, in create_connection
    sock.connect(sa)
    ~~~~~~~~~~~~^^^^
ConnectionRefusedError: [Errno 111] Connection refused

The above exception was the direct cause of the following exception:

Traceback (most recent call last):
  File "/usr/local/lib/python3.14/site-packages/urllib3/connectionpool.py", line 787, in urlopen
    response = self._make_request(
        conn,
    ...<10 lines>...
        **response_kw,
    )
  File "/usr/local/lib/python3.14/site-packages/urllib3/connectionpool.py", line 493, in _make_request
    conn.request(
    ~~~~~~~~~~~~^
        method,
        ^^^^^^^
    ...<6 lines>...
        enforce_content_length=enforce_content_length,
        ^^^^^^^^^^^^^^^^^^^^^^^^^^^^^^^^^^^^^^^^^^^^^^
    )
    ^
  File "/usr/local/lib/python3.14/site-packages/urllib3/connection.py", line 500, in request
    self.endheaders()
    ~~~~~~~~~~~~~~~^^
  File "/usr/local/lib/python3.14/http/client.py", line 1353, in endheaders
    self._send_output(message_body, encode_chunked=encode_chunked)
    ~~~~~~~~~~~~~~~~~^^^^^^^^^^^^^^^^^^^^^^^^^^^^^^^^^^^^^^^^^^^^^
  File "/usr/local/lib/python3.14/http/client.py", line 1113, in _send_output
    self.send(msg)
    ~~~~~~~~~^^^^^
  File "/usr/local/lib/python3.14/http/client.py", line 1057, in send
    self.connect()
    ~~~~~~~~~~~~^^
  File "/usr/local/lib/python3.14/site-packages/urllib3/connection.py", line 331, in connect
    self.sock = self._new_conn()
                ~~~~~~~~~~~~~~^^
  File "/usr/local/lib/python3.14/site-packages/urllib3/connection.py", line 219, in _new_conn
    raise NewConnectionError(
        self, f"Failed to establish a new connection: {e}"
    ) from e
urllib3.exceptions.NewConnectionError: HTTPConnection(host='localhost', port=8082): Failed to establish a new connection: [Errno 111] Connection refused

The above exception was the direct cause of the following exception:

Traceback (most recent call last):
  File "/usr/local/lib/python3.14/site-packages/requests/adapters.py", line 644, in send
    resp = conn.urlopen(
        method=request.method,
    ...<9 lines>...
        chunked=chunked,
    )
  File "/usr/local/lib/python3.14/site-packages/urllib3/connectionpool.py", line 841, in urlopen
    retries = retries.increment(
        method, url, error=new_e, _pool=self, _stacktrace=sys.exc_info()[2]
    )
  File "/usr/local/lib/python3.14/site-packages/urllib3/util/retry.py", line 535, in increment
    raise MaxRetryError(_pool, url, reason) from reason  # type: ignore[arg-type]
    ^^^^^^^^^^^^^^^^^^^^^^^^^^^^^^^^^^^^^^^^^^^^^^^^^^^
urllib3.exceptions.MaxRetryError: HTTPConnectionPool(host='localhost', port=8082): Max retries exceeded with url: /v1/documents (Caused by NewConnectionError("HTTPConnection(host='localhost', port=8082): Failed to establish a new connection: [Errno 111] Connection refused"))

During handling of the above exception, another exception occurred:

Traceback (most recent call last):
  File "/u/bglq/projects/rag/rag-refactor/deploy/singularity/scripts/ingest_collections.py", line 446, in ingest_collection
    task_id = client.upload_batch(batch, result.collection_name, chunk_size, chunk_overlap)
  File "/u/bglq/projects/rag/rag-refactor/deploy/singularity/scripts/ingest_collections.py", line 282, in upload_batch
    resp = requests.post(url, files=files_form, timeout=300)
  File "/usr/local/lib/python3.14/site-packages/requests/api.py", line 115, in post
    return request("post", url, data=data, json=json, **kwargs)
  File "/usr/local/lib/python3.14/site-packages/requests/api.py", line 59, in request
    return session.request(method=method, url=url, **kwargs)
           ~~~~~~~~~~~~~~~^^^^^^^^^^^^^^^^^^^^^^^^^^^^^^^^^^
  File "/usr/local/lib/python3.14/site-packages/requests/sessions.py", line 589, in request
    resp = self.send(prep, **send_kwargs)
  File "/usr/local/lib/python3.14/site-packages/requests/sessions.py", line 703, in send
    r = adapter.send(request, **kwargs)
  File "/usr/local/lib/python3.14/site-packages/requests/adapters.py", line 677, in send
    raise ConnectionError(e, request=request)
requests.exceptions.ConnectionError: HTTPConnectionPool(host='localhost', port=8082): Max retries exceeded with url: /v1/documents (Caused by NewConnectionError("HTTPConnection(host='localhost', port=8082): Failed to establish a new connection: [Errno 111] Connection refused"))
2026-02-27 16:45:42 | INFO     | --- batch 37/47 (16 files) ---
2026-02-27 16:45:42 | DEBUG    |   Files: cwp459.pdf, cwp467.pdf, cwp471.pdf, cwp472.pdf, cwp473.pdf, cwp474-1.pdf, cwp475.pdf, cwp477.pdf, cwp478.pdf, cwp479.pdf, cwp480.pdf, cwp481.pdf, cwp482.pdf, cwp483.pdf, cwp484.pdf, cwp485.pdf
2026-02-27 16:45:42 | ERROR    | ❌ batch 37/47 (16 files) failed: HTTPConnectionPool(host='localhost', port=8082): Max retries exceeded with url: /v1/documents (Caused by NewConnectionError("HTTPConnection(host='localhost', port=8082): Failed to establish a new connection: [Errno 111] Connection refused"))
Traceback (most recent call last):
  File "/usr/local/lib/python3.14/site-packages/urllib3/connection.py", line 204, in _new_conn
    sock = connection.create_connection(
        (self._dns_host, self.port),
    ...<2 lines>...
        socket_options=self.socket_options,
    )
  File "/usr/local/lib/python3.14/site-packages/urllib3/util/connection.py", line 85, in create_connection
    raise err
  File "/usr/local/lib/python3.14/site-packages/urllib3/util/connection.py", line 73, in create_connection
    sock.connect(sa)
    ~~~~~~~~~~~~^^^^
ConnectionRefusedError: [Errno 111] Connection refused

The above exception was the direct cause of the following exception:

Traceback (most recent call last):
  File "/usr/local/lib/python3.14/site-packages/urllib3/connectionpool.py", line 787, in urlopen
    response = self._make_request(
        conn,
    ...<10 lines>...
        **response_kw,
    )
  File "/usr/local/lib/python3.14/site-packages/urllib3/connectionpool.py", line 493, in _make_request
    conn.request(
    ~~~~~~~~~~~~^
        method,
        ^^^^^^^
    ...<6 lines>...
        enforce_content_length=enforce_content_length,
        ^^^^^^^^^^^^^^^^^^^^^^^^^^^^^^^^^^^^^^^^^^^^^^
    )
    ^
  File "/usr/local/lib/python3.14/site-packages/urllib3/connection.py", line 500, in request
    self.endheaders()
    ~~~~~~~~~~~~~~~^^
  File "/usr/local/lib/python3.14/http/client.py", line 1353, in endheaders
    self._send_output(message_body, encode_chunked=encode_chunked)
    ~~~~~~~~~~~~~~~~~^^^^^^^^^^^^^^^^^^^^^^^^^^^^^^^^^^^^^^^^^^^^^
  File "/usr/local/lib/python3.14/http/client.py", line 1113, in _send_output
    self.send(msg)
    ~~~~~~~~~^^^^^
  File "/usr/local/lib/python3.14/http/client.py", line 1057, in send
    self.connect()
    ~~~~~~~~~~~~^^
  File "/usr/local/lib/python3.14/site-packages/urllib3/connection.py", line 331, in connect
    self.sock = self._new_conn()
                ~~~~~~~~~~~~~~^^
  File "/usr/local/lib/python3.14/site-packages/urllib3/connection.py", line 219, in _new_conn
    raise NewConnectionError(
        self, f"Failed to establish a new connection: {e}"
    ) from e
urllib3.exceptions.NewConnectionError: HTTPConnection(host='localhost', port=8082): Failed to establish a new connection: [Errno 111] Connection refused

The above exception was the direct cause of the following exception:

Traceback (most recent call last):
  File "/usr/local/lib/python3.14/site-packages/requests/adapters.py", line 644, in send
    resp = conn.urlopen(
        method=request.method,
    ...<9 lines>...
        chunked=chunked,
    )
  File "/usr/local/lib/python3.14/site-packages/urllib3/connectionpool.py", line 841, in urlopen
    retries = retries.increment(
        method, url, error=new_e, _pool=self, _stacktrace=sys.exc_info()[2]
    )
  File "/usr/local/lib/python3.14/site-packages/urllib3/util/retry.py", line 535, in increment
    raise MaxRetryError(_pool, url, reason) from reason  # type: ignore[arg-type]
    ^^^^^^^^^^^^^^^^^^^^^^^^^^^^^^^^^^^^^^^^^^^^^^^^^^^
urllib3.exceptions.MaxRetryError: HTTPConnectionPool(host='localhost', port=8082): Max retries exceeded with url: /v1/documents (Caused by NewConnectionError("HTTPConnection(host='localhost', port=8082): Failed to establish a new connection: [Errno 111] Connection refused"))

During handling of the above exception, another exception occurred:

Traceback (most recent call last):
  File "/u/bglq/projects/rag/rag-refactor/deploy/singularity/scripts/ingest_collections.py", line 446, in ingest_collection
    task_id = client.upload_batch(batch, result.collection_name, chunk_size, chunk_overlap)
  File "/u/bglq/projects/rag/rag-refactor/deploy/singularity/scripts/ingest_collections.py", line 282, in upload_batch
    resp = requests.post(url, files=files_form, timeout=300)
  File "/usr/local/lib/python3.14/site-packages/requests/api.py", line 115, in post
    return request("post", url, data=data, json=json, **kwargs)
  File "/usr/local/lib/python3.14/site-packages/requests/api.py", line 59, in request
    return session.request(method=method, url=url, **kwargs)
           ~~~~~~~~~~~~~~~^^^^^^^^^^^^^^^^^^^^^^^^^^^^^^^^^^
  File "/usr/local/lib/python3.14/site-packages/requests/sessions.py", line 589, in request
    resp = self.send(prep, **send_kwargs)
  File "/usr/local/lib/python3.14/site-packages/requests/sessions.py", line 703, in send
    r = adapter.send(request, **kwargs)
  File "/usr/local/lib/python3.14/site-packages/requests/adapters.py", line 677, in send
    raise ConnectionError(e, request=request)
requests.exceptions.ConnectionError: HTTPConnectionPool(host='localhost', port=8082): Max retries exceeded with url: /v1/documents (Caused by NewConnectionError("HTTPConnection(host='localhost', port=8082): Failed to establish a new connection: [Errno 111] Connection refused"))
2026-02-27 16:45:42 | INFO     | --- batch 38/47 (16 files) ---
2026-02-27 16:45:42 | DEBUG    |   Files: cwp486-1.pdf, cwp486.pdf, cwp496P.pdf, cwp498.pdf, cwp499.pdf, cwp500.pdf, cwp501.pdf, cwp502.pdf, cwp503.pdf, cwp504.pdf, cwp505.pdf, cwp506.pdf, cwp507.pdf, cwp508.pdf, cwp509.pdf, cwp510.pdf
2026-02-27 16:45:42 | ERROR    | ❌ batch 38/47 (16 files) failed: HTTPConnectionPool(host='localhost', port=8082): Max retries exceeded with url: /v1/documents (Caused by NewConnectionError("HTTPConnection(host='localhost', port=8082): Failed to establish a new connection: [Errno 111] Connection refused"))
Traceback (most recent call last):
  File "/usr/local/lib/python3.14/site-packages/urllib3/connection.py", line 204, in _new_conn
    sock = connection.create_connection(
        (self._dns_host, self.port),
    ...<2 lines>...
        socket_options=self.socket_options,
    )
  File "/usr/local/lib/python3.14/site-packages/urllib3/util/connection.py", line 85, in create_connection
    raise err
  File "/usr/local/lib/python3.14/site-packages/urllib3/util/connection.py", line 73, in create_connection
    sock.connect(sa)
    ~~~~~~~~~~~~^^^^
ConnectionRefusedError: [Errno 111] Connection refused

The above exception was the direct cause of the following exception:

Traceback (most recent call last):
  File "/usr/local/lib/python3.14/site-packages/urllib3/connectionpool.py", line 787, in urlopen
    response = self._make_request(
        conn,
    ...<10 lines>...
        **response_kw,
    )
  File "/usr/local/lib/python3.14/site-packages/urllib3/connectionpool.py", line 493, in _make_request
    conn.request(
    ~~~~~~~~~~~~^
        method,
        ^^^^^^^
    ...<6 lines>...
        enforce_content_length=enforce_content_length,
        ^^^^^^^^^^^^^^^^^^^^^^^^^^^^^^^^^^^^^^^^^^^^^^
    )
    ^
  File "/usr/local/lib/python3.14/site-packages/urllib3/connection.py", line 500, in request
    self.endheaders()
    ~~~~~~~~~~~~~~~^^
  File "/usr/local/lib/python3.14/http/client.py", line 1353, in endheaders
    self._send_output(message_body, encode_chunked=encode_chunked)
    ~~~~~~~~~~~~~~~~~^^^^^^^^^^^^^^^^^^^^^^^^^^^^^^^^^^^^^^^^^^^^^
  File "/usr/local/lib/python3.14/http/client.py", line 1113, in _send_output
    self.send(msg)
    ~~~~~~~~~^^^^^
  File "/usr/local/lib/python3.14/http/client.py", line 1057, in send
    self.connect()
    ~~~~~~~~~~~~^^
  File "/usr/local/lib/python3.14/site-packages/urllib3/connection.py", line 331, in connect
    self.sock = self._new_conn()
                ~~~~~~~~~~~~~~^^
  File "/usr/local/lib/python3.14/site-packages/urllib3/connection.py", line 219, in _new_conn
    raise NewConnectionError(
        self, f"Failed to establish a new connection: {e}"
    ) from e
urllib3.exceptions.NewConnectionError: HTTPConnection(host='localhost', port=8082): Failed to establish a new connection: [Errno 111] Connection refused

The above exception was the direct cause of the following exception:

Traceback (most recent call last):
  File "/usr/local/lib/python3.14/site-packages/requests/adapters.py", line 644, in send
    resp = conn.urlopen(
        method=request.method,
    ...<9 lines>...
        chunked=chunked,
    )
  File "/usr/local/lib/python3.14/site-packages/urllib3/connectionpool.py", line 841, in urlopen
    retries = retries.increment(
        method, url, error=new_e, _pool=self, _stacktrace=sys.exc_info()[2]
    )
  File "/usr/local/lib/python3.14/site-packages/urllib3/util/retry.py", line 535, in increment
    raise MaxRetryError(_pool, url, reason) from reason  # type: ignore[arg-type]
    ^^^^^^^^^^^^^^^^^^^^^^^^^^^^^^^^^^^^^^^^^^^^^^^^^^^
urllib3.exceptions.MaxRetryError: HTTPConnectionPool(host='localhost', port=8082): Max retries exceeded with url: /v1/documents (Caused by NewConnectionError("HTTPConnection(host='localhost', port=8082): Failed to establish a new connection: [Errno 111] Connection refused"))

During handling of the above exception, another exception occurred:

Traceback (most recent call last):
  File "/u/bglq/projects/rag/rag-refactor/deploy/singularity/scripts/ingest_collections.py", line 446, in ingest_collection
    task_id = client.upload_batch(batch, result.collection_name, chunk_size, chunk_overlap)
  File "/u/bglq/projects/rag/rag-refactor/deploy/singularity/scripts/ingest_collections.py", line 282, in upload_batch
    resp = requests.post(url, files=files_form, timeout=300)
  File "/usr/local/lib/python3.14/site-packages/requests/api.py", line 115, in post
    return request("post", url, data=data, json=json, **kwargs)
  File "/usr/local/lib/python3.14/site-packages/requests/api.py", line 59, in request
    return session.request(method=method, url=url, **kwargs)
           ~~~~~~~~~~~~~~~^^^^^^^^^^^^^^^^^^^^^^^^^^^^^^^^^^
  File "/usr/local/lib/python3.14/site-packages/requests/sessions.py", line 589, in request
    resp = self.send(prep, **send_kwargs)
  File "/usr/local/lib/python3.14/site-packages/requests/sessions.py", line 703, in send
    r = adapter.send(request, **kwargs)
  File "/usr/local/lib/python3.14/site-packages/requests/adapters.py", line 677, in send
    raise ConnectionError(e, request=request)
requests.exceptions.ConnectionError: HTTPConnectionPool(host='localhost', port=8082): Max retries exceeded with url: /v1/documents (Caused by NewConnectionError("HTTPConnection(host='localhost', port=8082): Failed to establish a new connection: [Errno 111] Connection refused"))
2026-02-27 16:45:42 | INFO     | --- batch 39/47 (16 files) ---
2026-02-27 16:45:42 | DEBUG    |   Files: cwp511.pdf, cwp512.pdf, cwp513.pdf, cwp514.pdf, cwp515.pdf, cwp524.pdf, cwp525.pdf, cwp526.pdf, cwp527.pdf, cwp528.pdf, cwp529.pdf, cwp530.pdf, cwp531.pdf, cwp532.pdf, cwp533-min.pdf, cwp534.pdf
2026-02-27 16:45:42 | ERROR    | ❌ batch 39/47 (16 files) failed: HTTPConnectionPool(host='localhost', port=8082): Max retries exceeded with url: /v1/documents (Caused by NewConnectionError("HTTPConnection(host='localhost', port=8082): Failed to establish a new connection: [Errno 111] Connection refused"))
Traceback (most recent call last):
  File "/usr/local/lib/python3.14/site-packages/urllib3/connection.py", line 204, in _new_conn
    sock = connection.create_connection(
        (self._dns_host, self.port),
    ...<2 lines>...
        socket_options=self.socket_options,
    )
  File "/usr/local/lib/python3.14/site-packages/urllib3/util/connection.py", line 85, in create_connection
    raise err
  File "/usr/local/lib/python3.14/site-packages/urllib3/util/connection.py", line 73, in create_connection
    sock.connect(sa)
    ~~~~~~~~~~~~^^^^
ConnectionRefusedError: [Errno 111] Connection refused

The above exception was the direct cause of the following exception:

Traceback (most recent call last):
  File "/usr/local/lib/python3.14/site-packages/urllib3/connectionpool.py", line 787, in urlopen
    response = self._make_request(
        conn,
    ...<10 lines>...
        **response_kw,
    )
  File "/usr/local/lib/python3.14/site-packages/urllib3/connectionpool.py", line 493, in _make_request
    conn.request(
    ~~~~~~~~~~~~^
        method,
        ^^^^^^^
    ...<6 lines>...
        enforce_content_length=enforce_content_length,
        ^^^^^^^^^^^^^^^^^^^^^^^^^^^^^^^^^^^^^^^^^^^^^^
    )
    ^
  File "/usr/local/lib/python3.14/site-packages/urllib3/connection.py", line 500, in request
    self.endheaders()
    ~~~~~~~~~~~~~~~^^
  File "/usr/local/lib/python3.14/http/client.py", line 1353, in endheaders
    self._send_output(message_body, encode_chunked=encode_chunked)
    ~~~~~~~~~~~~~~~~~^^^^^^^^^^^^^^^^^^^^^^^^^^^^^^^^^^^^^^^^^^^^^
  File "/usr/local/lib/python3.14/http/client.py", line 1113, in _send_output
    self.send(msg)
    ~~~~~~~~~^^^^^
  File "/usr/local/lib/python3.14/http/client.py", line 1057, in send
    self.connect()
    ~~~~~~~~~~~~^^
  File "/usr/local/lib/python3.14/site-packages/urllib3/connection.py", line 331, in connect
    self.sock = self._new_conn()
                ~~~~~~~~~~~~~~^^
  File "/usr/local/lib/python3.14/site-packages/urllib3/connection.py", line 219, in _new_conn
    raise NewConnectionError(
        self, f"Failed to establish a new connection: {e}"
    ) from e
urllib3.exceptions.NewConnectionError: HTTPConnection(host='localhost', port=8082): Failed to establish a new connection: [Errno 111] Connection refused

The above exception was the direct cause of the following exception:

Traceback (most recent call last):
  File "/usr/local/lib/python3.14/site-packages/requests/adapters.py", line 644, in send
    resp = conn.urlopen(
        method=request.method,
    ...<9 lines>...
        chunked=chunked,
    )
  File "/usr/local/lib/python3.14/site-packages/urllib3/connectionpool.py", line 841, in urlopen
    retries = retries.increment(
        method, url, error=new_e, _pool=self, _stacktrace=sys.exc_info()[2]
    )
  File "/usr/local/lib/python3.14/site-packages/urllib3/util/retry.py", line 535, in increment
    raise MaxRetryError(_pool, url, reason) from reason  # type: ignore[arg-type]
    ^^^^^^^^^^^^^^^^^^^^^^^^^^^^^^^^^^^^^^^^^^^^^^^^^^^
urllib3.exceptions.MaxRetryError: HTTPConnectionPool(host='localhost', port=8082): Max retries exceeded with url: /v1/documents (Caused by NewConnectionError("HTTPConnection(host='localhost', port=8082): Failed to establish a new connection: [Errno 111] Connection refused"))

During handling of the above exception, another exception occurred:

Traceback (most recent call last):
  File "/u/bglq/projects/rag/rag-refactor/deploy/singularity/scripts/ingest_collections.py", line 446, in ingest_collection
    task_id = client.upload_batch(batch, result.collection_name, chunk_size, chunk_overlap)
  File "/u/bglq/projects/rag/rag-refactor/deploy/singularity/scripts/ingest_collections.py", line 282, in upload_batch
    resp = requests.post(url, files=files_form, timeout=300)
  File "/usr/local/lib/python3.14/site-packages/requests/api.py", line 115, in post
    return request("post", url, data=data, json=json, **kwargs)
  File "/usr/local/lib/python3.14/site-packages/requests/api.py", line 59, in request
    return session.request(method=method, url=url, **kwargs)
           ~~~~~~~~~~~~~~~^^^^^^^^^^^^^^^^^^^^^^^^^^^^^^^^^^
  File "/usr/local/lib/python3.14/site-packages/requests/sessions.py", line 589, in request
    resp = self.send(prep, **send_kwargs)
  File "/usr/local/lib/python3.14/site-packages/requests/sessions.py", line 703, in send
    r = adapter.send(request, **kwargs)
  File "/usr/local/lib/python3.14/site-packages/requests/adapters.py", line 677, in send
    raise ConnectionError(e, request=request)
requests.exceptions.ConnectionError: HTTPConnectionPool(host='localhost', port=8082): Max retries exceeded with url: /v1/documents (Caused by NewConnectionError("HTTPConnection(host='localhost', port=8082): Failed to establish a new connection: [Errno 111] Connection refused"))
2026-02-27 16:45:42 | INFO     | --- batch 40/47 (16 files) ---
2026-02-27 16:45:42 | DEBUG    |   Files: cwp535.pdf, cwp536.pdf, cwp537.pdf, cwp538.pdf, cwp539.pdf, cwp540.pdf, cwp541.pdf, cwp542.pdf, cwp543.pdf, cwp544.pdf, cwp545-min.pdf, cwp546.pdf, cwp547.pdf, cwp555.pdf, cwp556.pdf, cwp559.pdf
2026-02-27 16:45:42 | ERROR    | ❌ batch 40/47 (16 files) failed: HTTPConnectionPool(host='localhost', port=8082): Max retries exceeded with url: /v1/documents (Caused by NewConnectionError("HTTPConnection(host='localhost', port=8082): Failed to establish a new connection: [Errno 111] Connection refused"))
Traceback (most recent call last):
  File "/usr/local/lib/python3.14/site-packages/urllib3/connection.py", line 204, in _new_conn
    sock = connection.create_connection(
        (self._dns_host, self.port),
    ...<2 lines>...
        socket_options=self.socket_options,
    )
  File "/usr/local/lib/python3.14/site-packages/urllib3/util/connection.py", line 85, in create_connection
    raise err
  File "/usr/local/lib/python3.14/site-packages/urllib3/util/connection.py", line 73, in create_connection
    sock.connect(sa)
    ~~~~~~~~~~~~^^^^
ConnectionRefusedError: [Errno 111] Connection refused

The above exception was the direct cause of the following exception:

Traceback (most recent call last):
  File "/usr/local/lib/python3.14/site-packages/urllib3/connectionpool.py", line 787, in urlopen
    response = self._make_request(
        conn,
    ...<10 lines>...
        **response_kw,
    )
  File "/usr/local/lib/python3.14/site-packages/urllib3/connectionpool.py", line 493, in _make_request
    conn.request(
    ~~~~~~~~~~~~^
        method,
        ^^^^^^^
    ...<6 lines>...
        enforce_content_length=enforce_content_length,
        ^^^^^^^^^^^^^^^^^^^^^^^^^^^^^^^^^^^^^^^^^^^^^^
    )
    ^
  File "/usr/local/lib/python3.14/site-packages/urllib3/connection.py", line 500, in request
    self.endheaders()
    ~~~~~~~~~~~~~~~^^
  File "/usr/local/lib/python3.14/http/client.py", line 1353, in endheaders
    self._send_output(message_body, encode_chunked=encode_chunked)
    ~~~~~~~~~~~~~~~~~^^^^^^^^^^^^^^^^^^^^^^^^^^^^^^^^^^^^^^^^^^^^^
  File "/usr/local/lib/python3.14/http/client.py", line 1113, in _send_output
    self.send(msg)
    ~~~~~~~~~^^^^^
  File "/usr/local/lib/python3.14/http/client.py", line 1057, in send
    self.connect()
    ~~~~~~~~~~~~^^
  File "/usr/local/lib/python3.14/site-packages/urllib3/connection.py", line 331, in connect
    self.sock = self._new_conn()
                ~~~~~~~~~~~~~~^^
  File "/usr/local/lib/python3.14/site-packages/urllib3/connection.py", line 219, in _new_conn
    raise NewConnectionError(
        self, f"Failed to establish a new connection: {e}"
    ) from e
urllib3.exceptions.NewConnectionError: HTTPConnection(host='localhost', port=8082): Failed to establish a new connection: [Errno 111] Connection refused

The above exception was the direct cause of the following exception:

Traceback (most recent call last):
  File "/usr/local/lib/python3.14/site-packages/requests/adapters.py", line 644, in send
    resp = conn.urlopen(
        method=request.method,
    ...<9 lines>...
        chunked=chunked,
    )
  File "/usr/local/lib/python3.14/site-packages/urllib3/connectionpool.py", line 841, in urlopen
    retries = retries.increment(
        method, url, error=new_e, _pool=self, _stacktrace=sys.exc_info()[2]
    )
  File "/usr/local/lib/python3.14/site-packages/urllib3/util/retry.py", line 535, in increment
    raise MaxRetryError(_pool, url, reason) from reason  # type: ignore[arg-type]
    ^^^^^^^^^^^^^^^^^^^^^^^^^^^^^^^^^^^^^^^^^^^^^^^^^^^
urllib3.exceptions.MaxRetryError: HTTPConnectionPool(host='localhost', port=8082): Max retries exceeded with url: /v1/documents (Caused by NewConnectionError("HTTPConnection(host='localhost', port=8082): Failed to establish a new connection: [Errno 111] Connection refused"))

During handling of the above exception, another exception occurred:

Traceback (most recent call last):
  File "/u/bglq/projects/rag/rag-refactor/deploy/singularity/scripts/ingest_collections.py", line 446, in ingest_collection
    task_id = client.upload_batch(batch, result.collection_name, chunk_size, chunk_overlap)
  File "/u/bglq/projects/rag/rag-refactor/deploy/singularity/scripts/ingest_collections.py", line 282, in upload_batch
    resp = requests.post(url, files=files_form, timeout=300)
  File "/usr/local/lib/python3.14/site-packages/requests/api.py", line 115, in post
    return request("post", url, data=data, json=json, **kwargs)
  File "/usr/local/lib/python3.14/site-packages/requests/api.py", line 59, in request
    return session.request(method=method, url=url, **kwargs)
           ~~~~~~~~~~~~~~~^^^^^^^^^^^^^^^^^^^^^^^^^^^^^^^^^^
  File "/usr/local/lib/python3.14/site-packages/requests/sessions.py", line 589, in request
    resp = self.send(prep, **send_kwargs)
  File "/usr/local/lib/python3.14/site-packages/requests/sessions.py", line 703, in send
    r = adapter.send(request, **kwargs)
  File "/usr/local/lib/python3.14/site-packages/requests/adapters.py", line 677, in send
    raise ConnectionError(e, request=request)
requests.exceptions.ConnectionError: HTTPConnectionPool(host='localhost', port=8082): Max retries exceeded with url: /v1/documents (Caused by NewConnectionError("HTTPConnection(host='localhost', port=8082): Failed to establish a new connection: [Errno 111] Connection refused"))
2026-02-27 16:45:42 | INFO     | --- batch 41/47 (16 files) ---
2026-02-27 16:45:42 | DEBUG    |   Files: cwp561.pdf, cwp562.pdf, cwp563.pdf, cwp564.pdf, cwp566.pdf, cwp567.pdf, cwp568.pdf, cwp569.pdf, cwp570.pdf, cwp571.pdf, cwp573.pdf, cwp574.pdf, cwp575.pdf, cwp576.pdf, cwp577.pdf, cwp578.pdf
2026-02-27 16:45:43 | ERROR    | ❌ batch 41/47 (16 files) failed: HTTPConnectionPool(host='localhost', port=8082): Max retries exceeded with url: /v1/documents (Caused by NewConnectionError("HTTPConnection(host='localhost', port=8082): Failed to establish a new connection: [Errno 111] Connection refused"))
Traceback (most recent call last):
  File "/usr/local/lib/python3.14/site-packages/urllib3/connection.py", line 204, in _new_conn
    sock = connection.create_connection(
        (self._dns_host, self.port),
    ...<2 lines>...
        socket_options=self.socket_options,
    )
  File "/usr/local/lib/python3.14/site-packages/urllib3/util/connection.py", line 85, in create_connection
    raise err
  File "/usr/local/lib/python3.14/site-packages/urllib3/util/connection.py", line 73, in create_connection
    sock.connect(sa)
    ~~~~~~~~~~~~^^^^
ConnectionRefusedError: [Errno 111] Connection refused

The above exception was the direct cause of the following exception:

Traceback (most recent call last):
  File "/usr/local/lib/python3.14/site-packages/urllib3/connectionpool.py", line 787, in urlopen
    response = self._make_request(
        conn,
    ...<10 lines>...
        **response_kw,
    )
  File "/usr/local/lib/python3.14/site-packages/urllib3/connectionpool.py", line 493, in _make_request
    conn.request(
    ~~~~~~~~~~~~^
        method,
        ^^^^^^^
    ...<6 lines>...
        enforce_content_length=enforce_content_length,
        ^^^^^^^^^^^^^^^^^^^^^^^^^^^^^^^^^^^^^^^^^^^^^^
    )
    ^
  File "/usr/local/lib/python3.14/site-packages/urllib3/connection.py", line 500, in request
    self.endheaders()
    ~~~~~~~~~~~~~~~^^
  File "/usr/local/lib/python3.14/http/client.py", line 1353, in endheaders
    self._send_output(message_body, encode_chunked=encode_chunked)
    ~~~~~~~~~~~~~~~~~^^^^^^^^^^^^^^^^^^^^^^^^^^^^^^^^^^^^^^^^^^^^^
  File "/usr/local/lib/python3.14/http/client.py", line 1113, in _send_output
    self.send(msg)
    ~~~~~~~~~^^^^^
  File "/usr/local/lib/python3.14/http/client.py", line 1057, in send
    self.connect()
    ~~~~~~~~~~~~^^
  File "/usr/local/lib/python3.14/site-packages/urllib3/connection.py", line 331, in connect
    self.sock = self._new_conn()
                ~~~~~~~~~~~~~~^^
  File "/usr/local/lib/python3.14/site-packages/urllib3/connection.py", line 219, in _new_conn
    raise NewConnectionError(
        self, f"Failed to establish a new connection: {e}"
    ) from e
urllib3.exceptions.NewConnectionError: HTTPConnection(host='localhost', port=8082): Failed to establish a new connection: [Errno 111] Connection refused

The above exception was the direct cause of the following exception:

Traceback (most recent call last):
  File "/usr/local/lib/python3.14/site-packages/requests/adapters.py", line 644, in send
    resp = conn.urlopen(
        method=request.method,
    ...<9 lines>...
        chunked=chunked,
    )
  File "/usr/local/lib/python3.14/site-packages/urllib3/connectionpool.py", line 841, in urlopen
    retries = retries.increment(
        method, url, error=new_e, _pool=self, _stacktrace=sys.exc_info()[2]
    )
  File "/usr/local/lib/python3.14/site-packages/urllib3/util/retry.py", line 535, in increment
    raise MaxRetryError(_pool, url, reason) from reason  # type: ignore[arg-type]
    ^^^^^^^^^^^^^^^^^^^^^^^^^^^^^^^^^^^^^^^^^^^^^^^^^^^
urllib3.exceptions.MaxRetryError: HTTPConnectionPool(host='localhost', port=8082): Max retries exceeded with url: /v1/documents (Caused by NewConnectionError("HTTPConnection(host='localhost', port=8082): Failed to establish a new connection: [Errno 111] Connection refused"))

During handling of the above exception, another exception occurred:

Traceback (most recent call last):
  File "/u/bglq/projects/rag/rag-refactor/deploy/singularity/scripts/ingest_collections.py", line 446, in ingest_collection
    task_id = client.upload_batch(batch, result.collection_name, chunk_size, chunk_overlap)
  File "/u/bglq/projects/rag/rag-refactor/deploy/singularity/scripts/ingest_collections.py", line 282, in upload_batch
    resp = requests.post(url, files=files_form, timeout=300)
  File "/usr/local/lib/python3.14/site-packages/requests/api.py", line 115, in post
    return request("post", url, data=data, json=json, **kwargs)
  File "/usr/local/lib/python3.14/site-packages/requests/api.py", line 59, in request
    return session.request(method=method, url=url, **kwargs)
           ~~~~~~~~~~~~~~~^^^^^^^^^^^^^^^^^^^^^^^^^^^^^^^^^^
  File "/usr/local/lib/python3.14/site-packages/requests/sessions.py", line 589, in request
    resp = self.send(prep, **send_kwargs)
  File "/usr/local/lib/python3.14/site-packages/requests/sessions.py", line 703, in send
    r = adapter.send(request, **kwargs)
  File "/usr/local/lib/python3.14/site-packages/requests/adapters.py", line 677, in send
    raise ConnectionError(e, request=request)
requests.exceptions.ConnectionError: HTTPConnectionPool(host='localhost', port=8082): Max retries exceeded with url: /v1/documents (Caused by NewConnectionError("HTTPConnection(host='localhost', port=8082): Failed to establish a new connection: [Errno 111] Connection refused"))
2026-02-27 16:45:43 | INFO     | --- batch 42/47 (16 files) ---
2026-02-27 16:45:43 | DEBUG    |   Files: cwp584.pdf, cwp587.pdf, cwp588.pdf, cwp589.pdf, cwp590.pdf, cwp591.pdf, cwp592.pdf, cwp593.pdf, cwp594.pdf, cwp595.pdf, cwp596.pdf, cwp597.pdf, cwp598.pdf, cwp599.pdf, cwp600.pdf, cwp601.pdf
2026-02-27 16:45:43 | ERROR    | ❌ batch 42/47 (16 files) failed: HTTPConnectionPool(host='localhost', port=8082): Max retries exceeded with url: /v1/documents (Caused by NewConnectionError("HTTPConnection(host='localhost', port=8082): Failed to establish a new connection: [Errno 111] Connection refused"))
Traceback (most recent call last):
  File "/usr/local/lib/python3.14/site-packages/urllib3/connection.py", line 204, in _new_conn
    sock = connection.create_connection(
        (self._dns_host, self.port),
    ...<2 lines>...
        socket_options=self.socket_options,
    )
  File "/usr/local/lib/python3.14/site-packages/urllib3/util/connection.py", line 85, in create_connection
    raise err
  File "/usr/local/lib/python3.14/site-packages/urllib3/util/connection.py", line 73, in create_connection
    sock.connect(sa)
    ~~~~~~~~~~~~^^^^
ConnectionRefusedError: [Errno 111] Connection refused

The above exception was the direct cause of the following exception:

Traceback (most recent call last):
  File "/usr/local/lib/python3.14/site-packages/urllib3/connectionpool.py", line 787, in urlopen
    response = self._make_request(
        conn,
    ...<10 lines>...
        **response_kw,
    )
  File "/usr/local/lib/python3.14/site-packages/urllib3/connectionpool.py", line 493, in _make_request
    conn.request(
    ~~~~~~~~~~~~^
        method,
        ^^^^^^^
    ...<6 lines>...
        enforce_content_length=enforce_content_length,
        ^^^^^^^^^^^^^^^^^^^^^^^^^^^^^^^^^^^^^^^^^^^^^^
    )
    ^
  File "/usr/local/lib/python3.14/site-packages/urllib3/connection.py", line 500, in request
    self.endheaders()
    ~~~~~~~~~~~~~~~^^
  File "/usr/local/lib/python3.14/http/client.py", line 1353, in endheaders
    self._send_output(message_body, encode_chunked=encode_chunked)
    ~~~~~~~~~~~~~~~~~^^^^^^^^^^^^^^^^^^^^^^^^^^^^^^^^^^^^^^^^^^^^^
  File "/usr/local/lib/python3.14/http/client.py", line 1113, in _send_output
    self.send(msg)
    ~~~~~~~~~^^^^^
  File "/usr/local/lib/python3.14/http/client.py", line 1057, in send
    self.connect()
    ~~~~~~~~~~~~^^
  File "/usr/local/lib/python3.14/site-packages/urllib3/connection.py", line 331, in connect
    self.sock = self._new_conn()
                ~~~~~~~~~~~~~~^^
  File "/usr/local/lib/python3.14/site-packages/urllib3/connection.py", line 219, in _new_conn
    raise NewConnectionError(
        self, f"Failed to establish a new connection: {e}"
    ) from e
urllib3.exceptions.NewConnectionError: HTTPConnection(host='localhost', port=8082): Failed to establish a new connection: [Errno 111] Connection refused

The above exception was the direct cause of the following exception:

Traceback (most recent call last):
  File "/usr/local/lib/python3.14/site-packages/requests/adapters.py", line 644, in send
    resp = conn.urlopen(
        method=request.method,
    ...<9 lines>...
        chunked=chunked,
    )
  File "/usr/local/lib/python3.14/site-packages/urllib3/connectionpool.py", line 841, in urlopen
    retries = retries.increment(
        method, url, error=new_e, _pool=self, _stacktrace=sys.exc_info()[2]
    )
  File "/usr/local/lib/python3.14/site-packages/urllib3/util/retry.py", line 535, in increment
    raise MaxRetryError(_pool, url, reason) from reason  # type: ignore[arg-type]
    ^^^^^^^^^^^^^^^^^^^^^^^^^^^^^^^^^^^^^^^^^^^^^^^^^^^
urllib3.exceptions.MaxRetryError: HTTPConnectionPool(host='localhost', port=8082): Max retries exceeded with url: /v1/documents (Caused by NewConnectionError("HTTPConnection(host='localhost', port=8082): Failed to establish a new connection: [Errno 111] Connection refused"))

During handling of the above exception, another exception occurred:

Traceback (most recent call last):
  File "/u/bglq/projects/rag/rag-refactor/deploy/singularity/scripts/ingest_collections.py", line 446, in ingest_collection
    task_id = client.upload_batch(batch, result.collection_name, chunk_size, chunk_overlap)
  File "/u/bglq/projects/rag/rag-refactor/deploy/singularity/scripts/ingest_collections.py", line 282, in upload_batch
    resp = requests.post(url, files=files_form, timeout=300)
  File "/usr/local/lib/python3.14/site-packages/requests/api.py", line 115, in post
    return request("post", url, data=data, json=json, **kwargs)
  File "/usr/local/lib/python3.14/site-packages/requests/api.py", line 59, in request
    return session.request(method=method, url=url, **kwargs)
           ~~~~~~~~~~~~~~~^^^^^^^^^^^^^^^^^^^^^^^^^^^^^^^^^^
  File "/usr/local/lib/python3.14/site-packages/requests/sessions.py", line 589, in request
    resp = self.send(prep, **send_kwargs)
  File "/usr/local/lib/python3.14/site-packages/requests/sessions.py", line 703, in send
    r = adapter.send(request, **kwargs)
  File "/usr/local/lib/python3.14/site-packages/requests/adapters.py", line 677, in send
    raise ConnectionError(e, request=request)
requests.exceptions.ConnectionError: HTTPConnectionPool(host='localhost', port=8082): Max retries exceeded with url: /v1/documents (Caused by NewConnectionError("HTTPConnection(host='localhost', port=8082): Failed to establish a new connection: [Errno 111] Connection refused"))
2026-02-27 16:45:43 | INFO     | --- batch 43/47 (16 files) ---
2026-02-27 16:45:43 | DEBUG    |   Files: cwp602.pdf, cwp603.pdf, cwp604.pdf, cwp605.pdf, cwp606.pdf, cwp607.pdf, cwp608.pdf, cwp688.pdf, cwp689.pdf, cwp690-min.pdf, cwp691.pdf, cwp692.pdf, cwp693.pdf, cwp694-min.pdf, cwp695-min.pdf, cwp696-min.pdf
2026-02-27 16:45:44 | ERROR    | ❌ batch 43/47 (16 files) failed: HTTPConnectionPool(host='localhost', port=8082): Max retries exceeded with url: /v1/documents (Caused by NewConnectionError("HTTPConnection(host='localhost', port=8082): Failed to establish a new connection: [Errno 111] Connection refused"))
Traceback (most recent call last):
  File "/usr/local/lib/python3.14/site-packages/urllib3/connection.py", line 204, in _new_conn
    sock = connection.create_connection(
        (self._dns_host, self.port),
    ...<2 lines>...
        socket_options=self.socket_options,
    )
  File "/usr/local/lib/python3.14/site-packages/urllib3/util/connection.py", line 85, in create_connection
    raise err
  File "/usr/local/lib/python3.14/site-packages/urllib3/util/connection.py", line 73, in create_connection
    sock.connect(sa)
    ~~~~~~~~~~~~^^^^
ConnectionRefusedError: [Errno 111] Connection refused

The above exception was the direct cause of the following exception:

Traceback (most recent call last):
  File "/usr/local/lib/python3.14/site-packages/urllib3/connectionpool.py", line 787, in urlopen
    response = self._make_request(
        conn,
    ...<10 lines>...
        **response_kw,
    )
  File "/usr/local/lib/python3.14/site-packages/urllib3/connectionpool.py", line 493, in _make_request
    conn.request(
    ~~~~~~~~~~~~^
        method,
        ^^^^^^^
    ...<6 lines>...
        enforce_content_length=enforce_content_length,
        ^^^^^^^^^^^^^^^^^^^^^^^^^^^^^^^^^^^^^^^^^^^^^^
    )
    ^
  File "/usr/local/lib/python3.14/site-packages/urllib3/connection.py", line 500, in request
    self.endheaders()
    ~~~~~~~~~~~~~~~^^
  File "/usr/local/lib/python3.14/http/client.py", line 1353, in endheaders
    self._send_output(message_body, encode_chunked=encode_chunked)
    ~~~~~~~~~~~~~~~~~^^^^^^^^^^^^^^^^^^^^^^^^^^^^^^^^^^^^^^^^^^^^^
  File "/usr/local/lib/python3.14/http/client.py", line 1113, in _send_output
    self.send(msg)
    ~~~~~~~~~^^^^^
  File "/usr/local/lib/python3.14/http/client.py", line 1057, in send
    self.connect()
    ~~~~~~~~~~~~^^
  File "/usr/local/lib/python3.14/site-packages/urllib3/connection.py", line 331, in connect
    self.sock = self._new_conn()
                ~~~~~~~~~~~~~~^^
  File "/usr/local/lib/python3.14/site-packages/urllib3/connection.py", line 219, in _new_conn
    raise NewConnectionError(
        self, f"Failed to establish a new connection: {e}"
    ) from e
urllib3.exceptions.NewConnectionError: HTTPConnection(host='localhost', port=8082): Failed to establish a new connection: [Errno 111] Connection refused

The above exception was the direct cause of the following exception:

Traceback (most recent call last):
  File "/usr/local/lib/python3.14/site-packages/requests/adapters.py", line 644, in send
    resp = conn.urlopen(
        method=request.method,
    ...<9 lines>...
        chunked=chunked,
    )
  File "/usr/local/lib/python3.14/site-packages/urllib3/connectionpool.py", line 841, in urlopen
    retries = retries.increment(
        method, url, error=new_e, _pool=self, _stacktrace=sys.exc_info()[2]
    )
  File "/usr/local/lib/python3.14/site-packages/urllib3/util/retry.py", line 535, in increment
    raise MaxRetryError(_pool, url, reason) from reason  # type: ignore[arg-type]
    ^^^^^^^^^^^^^^^^^^^^^^^^^^^^^^^^^^^^^^^^^^^^^^^^^^^
urllib3.exceptions.MaxRetryError: HTTPConnectionPool(host='localhost', port=8082): Max retries exceeded with url: /v1/documents (Caused by NewConnectionError("HTTPConnection(host='localhost', port=8082): Failed to establish a new connection: [Errno 111] Connection refused"))

During handling of the above exception, another exception occurred:

Traceback (most recent call last):
  File "/u/bglq/projects/rag/rag-refactor/deploy/singularity/scripts/ingest_collections.py", line 446, in ingest_collection
    task_id = client.upload_batch(batch, result.collection_name, chunk_size, chunk_overlap)
  File "/u/bglq/projects/rag/rag-refactor/deploy/singularity/scripts/ingest_collections.py", line 282, in upload_batch
    resp = requests.post(url, files=files_form, timeout=300)
  File "/usr/local/lib/python3.14/site-packages/requests/api.py", line 115, in post
    return request("post", url, data=data, json=json, **kwargs)
  File "/usr/local/lib/python3.14/site-packages/requests/api.py", line 59, in request
    return session.request(method=method, url=url, **kwargs)
           ~~~~~~~~~~~~~~~^^^^^^^^^^^^^^^^^^^^^^^^^^^^^^^^^^
  File "/usr/local/lib/python3.14/site-packages/requests/sessions.py", line 589, in request
    resp = self.send(prep, **send_kwargs)
  File "/usr/local/lib/python3.14/site-packages/requests/sessions.py", line 703, in send
    r = adapter.send(request, **kwargs)
  File "/usr/local/lib/python3.14/site-packages/requests/adapters.py", line 677, in send
    raise ConnectionError(e, request=request)
requests.exceptions.ConnectionError: HTTPConnectionPool(host='localhost', port=8082): Max retries exceeded with url: /v1/documents (Caused by NewConnectionError("HTTPConnection(host='localhost', port=8082): Failed to establish a new connection: [Errno 111] Connection refused"))
2026-02-27 16:45:44 | INFO     | --- batch 44/47 (16 files) ---
2026-02-27 16:45:44 | DEBUG    |   Files: cwp697.pdf, cwp698-min.pdf, cwp699.pdf, cwp700.pdf, cwp740.pdf, cwp743.compressed.pdf, cwp744.pdf, cwp745.pdf, cwp746-1.pdf, cwp747.compressed1.pdf, cwp780-min.pdf, cwp783.pdf, cwp784.pdf, cwp785.pdf, cwp786-min.pdf, cwp787.pdf
2026-02-27 16:45:44 | ERROR    | ❌ batch 44/47 (16 files) failed: HTTPConnectionPool(host='localhost', port=8082): Max retries exceeded with url: /v1/documents (Caused by NewConnectionError("HTTPConnection(host='localhost', port=8082): Failed to establish a new connection: [Errno 111] Connection refused"))
Traceback (most recent call last):
  File "/usr/local/lib/python3.14/site-packages/urllib3/connection.py", line 204, in _new_conn
    sock = connection.create_connection(
        (self._dns_host, self.port),
    ...<2 lines>...
        socket_options=self.socket_options,
    )
  File "/usr/local/lib/python3.14/site-packages/urllib3/util/connection.py", line 85, in create_connection
    raise err
  File "/usr/local/lib/python3.14/site-packages/urllib3/util/connection.py", line 73, in create_connection
    sock.connect(sa)
    ~~~~~~~~~~~~^^^^
ConnectionRefusedError: [Errno 111] Connection refused

The above exception was the direct cause of the following exception:

Traceback (most recent call last):
  File "/usr/local/lib/python3.14/site-packages/urllib3/connectionpool.py", line 787, in urlopen
    response = self._make_request(
        conn,
    ...<10 lines>...
        **response_kw,
    )
  File "/usr/local/lib/python3.14/site-packages/urllib3/connectionpool.py", line 493, in _make_request
    conn.request(
    ~~~~~~~~~~~~^
        method,
        ^^^^^^^
    ...<6 lines>...
        enforce_content_length=enforce_content_length,
        ^^^^^^^^^^^^^^^^^^^^^^^^^^^^^^^^^^^^^^^^^^^^^^
    )
    ^
  File "/usr/local/lib/python3.14/site-packages/urllib3/connection.py", line 500, in request
    self.endheaders()
    ~~~~~~~~~~~~~~~^^
  File "/usr/local/lib/python3.14/http/client.py", line 1353, in endheaders
    self._send_output(message_body, encode_chunked=encode_chunked)
    ~~~~~~~~~~~~~~~~~^^^^^^^^^^^^^^^^^^^^^^^^^^^^^^^^^^^^^^^^^^^^^
  File "/usr/local/lib/python3.14/http/client.py", line 1113, in _send_output
    self.send(msg)
    ~~~~~~~~~^^^^^
  File "/usr/local/lib/python3.14/http/client.py", line 1057, in send
    self.connect()
    ~~~~~~~~~~~~^^
  File "/usr/local/lib/python3.14/site-packages/urllib3/connection.py", line 331, in connect
    self.sock = self._new_conn()
                ~~~~~~~~~~~~~~^^
  File "/usr/local/lib/python3.14/site-packages/urllib3/connection.py", line 219, in _new_conn
    raise NewConnectionError(
        self, f"Failed to establish a new connection: {e}"
    ) from e
urllib3.exceptions.NewConnectionError: HTTPConnection(host='localhost', port=8082): Failed to establish a new connection: [Errno 111] Connection refused

The above exception was the direct cause of the following exception:

Traceback (most recent call last):
  File "/usr/local/lib/python3.14/site-packages/requests/adapters.py", line 644, in send
    resp = conn.urlopen(
        method=request.method,
    ...<9 lines>...
        chunked=chunked,
    )
  File "/usr/local/lib/python3.14/site-packages/urllib3/connectionpool.py", line 841, in urlopen
    retries = retries.increment(
        method, url, error=new_e, _pool=self, _stacktrace=sys.exc_info()[2]
    )
  File "/usr/local/lib/python3.14/site-packages/urllib3/util/retry.py", line 535, in increment
    raise MaxRetryError(_pool, url, reason) from reason  # type: ignore[arg-type]
    ^^^^^^^^^^^^^^^^^^^^^^^^^^^^^^^^^^^^^^^^^^^^^^^^^^^
urllib3.exceptions.MaxRetryError: HTTPConnectionPool(host='localhost', port=8082): Max retries exceeded with url: /v1/documents (Caused by NewConnectionError("HTTPConnection(host='localhost', port=8082): Failed to establish a new connection: [Errno 111] Connection refused"))

During handling of the above exception, another exception occurred:

Traceback (most recent call last):
  File "/u/bglq/projects/rag/rag-refactor/deploy/singularity/scripts/ingest_collections.py", line 446, in ingest_collection
    task_id = client.upload_batch(batch, result.collection_name, chunk_size, chunk_overlap)
  File "/u/bglq/projects/rag/rag-refactor/deploy/singularity/scripts/ingest_collections.py", line 282, in upload_batch
    resp = requests.post(url, files=files_form, timeout=300)
  File "/usr/local/lib/python3.14/site-packages/requests/api.py", line 115, in post
    return request("post", url, data=data, json=json, **kwargs)
  File "/usr/local/lib/python3.14/site-packages/requests/api.py", line 59, in request
    return session.request(method=method, url=url, **kwargs)
           ~~~~~~~~~~~~~~~^^^^^^^^^^^^^^^^^^^^^^^^^^^^^^^^^^
  File "/usr/local/lib/python3.14/site-packages/requests/sessions.py", line 589, in request
    resp = self.send(prep, **send_kwargs)
  File "/usr/local/lib/python3.14/site-packages/requests/sessions.py", line 703, in send
    r = adapter.send(request, **kwargs)
  File "/usr/local/lib/python3.14/site-packages/requests/adapters.py", line 677, in send
    raise ConnectionError(e, request=request)
requests.exceptions.ConnectionError: HTTPConnectionPool(host='localhost', port=8082): Max retries exceeded with url: /v1/documents (Caused by NewConnectionError("HTTPConnection(host='localhost', port=8082): Failed to establish a new connection: [Errno 111] Connection refused"))
2026-02-27 16:45:44 | INFO     | --- batch 45/47 (16 files) ---
2026-02-27 16:45:44 | DEBUG    |   Files: cwp788.pdf, cwp789.pdf, cwp790R.pdf, cwp791-min.pdf, cwp792-min.pdf, cwp793.pdf, cwp794.pdf, cwp795.pdf, cwp796.pdf, cwp797.pdf, cwp798-min.pdf, cwp799-min.pdf, cwp800.pdf, cwp801-min.pdf, cwp802.pdf, cwp803.pdf
2026-02-27 16:45:45 | ERROR    | ❌ batch 45/47 (16 files) failed: HTTPConnectionPool(host='localhost', port=8082): Max retries exceeded with url: /v1/documents (Caused by NewConnectionError("HTTPConnection(host='localhost', port=8082): Failed to establish a new connection: [Errno 111] Connection refused"))
Traceback (most recent call last):
  File "/usr/local/lib/python3.14/site-packages/urllib3/connection.py", line 204, in _new_conn
    sock = connection.create_connection(
        (self._dns_host, self.port),
    ...<2 lines>...
        socket_options=self.socket_options,
    )
  File "/usr/local/lib/python3.14/site-packages/urllib3/util/connection.py", line 85, in create_connection
    raise err
  File "/usr/local/lib/python3.14/site-packages/urllib3/util/connection.py", line 73, in create_connection
    sock.connect(sa)
    ~~~~~~~~~~~~^^^^
ConnectionRefusedError: [Errno 111] Connection refused

The above exception was the direct cause of the following exception:

Traceback (most recent call last):
  File "/usr/local/lib/python3.14/site-packages/urllib3/connectionpool.py", line 787, in urlopen
    response = self._make_request(
        conn,
    ...<10 lines>...
        **response_kw,
    )
  File "/usr/local/lib/python3.14/site-packages/urllib3/connectionpool.py", line 493, in _make_request
    conn.request(
    ~~~~~~~~~~~~^
        method,
        ^^^^^^^
    ...<6 lines>...
        enforce_content_length=enforce_content_length,
        ^^^^^^^^^^^^^^^^^^^^^^^^^^^^^^^^^^^^^^^^^^^^^^
    )
    ^
  File "/usr/local/lib/python3.14/site-packages/urllib3/connection.py", line 500, in request
    self.endheaders()
    ~~~~~~~~~~~~~~~^^
  File "/usr/local/lib/python3.14/http/client.py", line 1353, in endheaders
    self._send_output(message_body, encode_chunked=encode_chunked)
    ~~~~~~~~~~~~~~~~~^^^^^^^^^^^^^^^^^^^^^^^^^^^^^^^^^^^^^^^^^^^^^
  File "/usr/local/lib/python3.14/http/client.py", line 1113, in _send_output
    self.send(msg)
    ~~~~~~~~~^^^^^
  File "/usr/local/lib/python3.14/http/client.py", line 1057, in send
    self.connect()
    ~~~~~~~~~~~~^^
  File "/usr/local/lib/python3.14/site-packages/urllib3/connection.py", line 331, in connect
    self.sock = self._new_conn()
                ~~~~~~~~~~~~~~^^
  File "/usr/local/lib/python3.14/site-packages/urllib3/connection.py", line 219, in _new_conn
    raise NewConnectionError(
        self, f"Failed to establish a new connection: {e}"
    ) from e
urllib3.exceptions.NewConnectionError: HTTPConnection(host='localhost', port=8082): Failed to establish a new connection: [Errno 111] Connection refused

The above exception was the direct cause of the following exception:

Traceback (most recent call last):
  File "/usr/local/lib/python3.14/site-packages/requests/adapters.py", line 644, in send
    resp = conn.urlopen(
        method=request.method,
    ...<9 lines>...
        chunked=chunked,
    )
  File "/usr/local/lib/python3.14/site-packages/urllib3/connectionpool.py", line 841, in urlopen
    retries = retries.increment(
        method, url, error=new_e, _pool=self, _stacktrace=sys.exc_info()[2]
    )
  File "/usr/local/lib/python3.14/site-packages/urllib3/util/retry.py", line 535, in increment
    raise MaxRetryError(_pool, url, reason) from reason  # type: ignore[arg-type]
    ^^^^^^^^^^^^^^^^^^^^^^^^^^^^^^^^^^^^^^^^^^^^^^^^^^^
urllib3.exceptions.MaxRetryError: HTTPConnectionPool(host='localhost', port=8082): Max retries exceeded with url: /v1/documents (Caused by NewConnectionError("HTTPConnection(host='localhost', port=8082): Failed to establish a new connection: [Errno 111] Connection refused"))

During handling of the above exception, another exception occurred:

Traceback (most recent call last):
  File "/u/bglq/projects/rag/rag-refactor/deploy/singularity/scripts/ingest_collections.py", line 446, in ingest_collection
    task_id = client.upload_batch(batch, result.collection_name, chunk_size, chunk_overlap)
  File "/u/bglq/projects/rag/rag-refactor/deploy/singularity/scripts/ingest_collections.py", line 282, in upload_batch
    resp = requests.post(url, files=files_form, timeout=300)
  File "/usr/local/lib/python3.14/site-packages/requests/api.py", line 115, in post
    return request("post", url, data=data, json=json, **kwargs)
  File "/usr/local/lib/python3.14/site-packages/requests/api.py", line 59, in request
    return session.request(method=method, url=url, **kwargs)
           ~~~~~~~~~~~~~~~^^^^^^^^^^^^^^^^^^^^^^^^^^^^^^^^^^
  File "/usr/local/lib/python3.14/site-packages/requests/sessions.py", line 589, in request
    resp = self.send(prep, **send_kwargs)
  File "/usr/local/lib/python3.14/site-packages/requests/sessions.py", line 703, in send
    r = adapter.send(request, **kwargs)
  File "/usr/local/lib/python3.14/site-packages/requests/adapters.py", line 677, in send
    raise ConnectionError(e, request=request)
requests.exceptions.ConnectionError: HTTPConnectionPool(host='localhost', port=8082): Max retries exceeded with url: /v1/documents (Caused by NewConnectionError("HTTPConnection(host='localhost', port=8082): Failed to establish a new connection: [Errno 111] Connection refused"))
2026-02-27 16:45:45 | INFO     | --- batch 46/47 (16 files) ---
2026-02-27 16:45:45 | DEBUG    |   Files: cwp804.pdf, cwp805.pdf, cwp806.pdf, cwp807.pdf, cwp808-min.pdf, cwp809.pdf, cwp810.pdf, cwp811-min.pdf, cwp812-min.pdf, cwp813-min.pdf, cwp814.pdf, cwp815.pdf, cwp816-2.pdf, cwp817.pdf, cwp818.pdf, cwp820-ilovepdf-compressed2.pdf
2026-02-27 16:45:45 | ERROR    | ❌ batch 46/47 (16 files) failed: HTTPConnectionPool(host='localhost', port=8082): Max retries exceeded with url: /v1/documents (Caused by NewConnectionError("HTTPConnection(host='localhost', port=8082): Failed to establish a new connection: [Errno 111] Connection refused"))
Traceback (most recent call last):
  File "/usr/local/lib/python3.14/site-packages/urllib3/connection.py", line 204, in _new_conn
    sock = connection.create_connection(
        (self._dns_host, self.port),
    ...<2 lines>...
        socket_options=self.socket_options,
    )
  File "/usr/local/lib/python3.14/site-packages/urllib3/util/connection.py", line 85, in create_connection
    raise err
  File "/usr/local/lib/python3.14/site-packages/urllib3/util/connection.py", line 73, in create_connection
    sock.connect(sa)
    ~~~~~~~~~~~~^^^^
ConnectionRefusedError: [Errno 111] Connection refused

The above exception was the direct cause of the following exception:

Traceback (most recent call last):
  File "/usr/local/lib/python3.14/site-packages/urllib3/connectionpool.py", line 787, in urlopen
    response = self._make_request(
        conn,
    ...<10 lines>...
        **response_kw,
    )
  File "/usr/local/lib/python3.14/site-packages/urllib3/connectionpool.py", line 493, in _make_request
    conn.request(
    ~~~~~~~~~~~~^
        method,
        ^^^^^^^
    ...<6 lines>...
        enforce_content_length=enforce_content_length,
        ^^^^^^^^^^^^^^^^^^^^^^^^^^^^^^^^^^^^^^^^^^^^^^
    )
    ^
  File "/usr/local/lib/python3.14/site-packages/urllib3/connection.py", line 500, in request
    self.endheaders()
    ~~~~~~~~~~~~~~~^^
  File "/usr/local/lib/python3.14/http/client.py", line 1353, in endheaders
    self._send_output(message_body, encode_chunked=encode_chunked)
    ~~~~~~~~~~~~~~~~~^^^^^^^^^^^^^^^^^^^^^^^^^^^^^^^^^^^^^^^^^^^^^
  File "/usr/local/lib/python3.14/http/client.py", line 1113, in _send_output
    self.send(msg)
    ~~~~~~~~~^^^^^
  File "/usr/local/lib/python3.14/http/client.py", line 1057, in send
    self.connect()
    ~~~~~~~~~~~~^^
  File "/usr/local/lib/python3.14/site-packages/urllib3/connection.py", line 331, in connect
    self.sock = self._new_conn()
                ~~~~~~~~~~~~~~^^
  File "/usr/local/lib/python3.14/site-packages/urllib3/connection.py", line 219, in _new_conn
    raise NewConnectionError(
        self, f"Failed to establish a new connection: {e}"
    ) from e
urllib3.exceptions.NewConnectionError: HTTPConnection(host='localhost', port=8082): Failed to establish a new connection: [Errno 111] Connection refused

The above exception was the direct cause of the following exception:

Traceback (most recent call last):
  File "/usr/local/lib/python3.14/site-packages/requests/adapters.py", line 644, in send
    resp = conn.urlopen(
        method=request.method,
    ...<9 lines>...
        chunked=chunked,
    )
  File "/usr/local/lib/python3.14/site-packages/urllib3/connectionpool.py", line 841, in urlopen
    retries = retries.increment(
        method, url, error=new_e, _pool=self, _stacktrace=sys.exc_info()[2]
    )
  File "/usr/local/lib/python3.14/site-packages/urllib3/util/retry.py", line 535, in increment
    raise MaxRetryError(_pool, url, reason) from reason  # type: ignore[arg-type]
    ^^^^^^^^^^^^^^^^^^^^^^^^^^^^^^^^^^^^^^^^^^^^^^^^^^^
urllib3.exceptions.MaxRetryError: HTTPConnectionPool(host='localhost', port=8082): Max retries exceeded with url: /v1/documents (Caused by NewConnectionError("HTTPConnection(host='localhost', port=8082): Failed to establish a new connection: [Errno 111] Connection refused"))

During handling of the above exception, another exception occurred:

Traceback (most recent call last):
  File "/u/bglq/projects/rag/rag-refactor/deploy/singularity/scripts/ingest_collections.py", line 446, in ingest_collection
    task_id = client.upload_batch(batch, result.collection_name, chunk_size, chunk_overlap)
  File "/u/bglq/projects/rag/rag-refactor/deploy/singularity/scripts/ingest_collections.py", line 282, in upload_batch
    resp = requests.post(url, files=files_form, timeout=300)
  File "/usr/local/lib/python3.14/site-packages/requests/api.py", line 115, in post
    return request("post", url, data=data, json=json, **kwargs)
  File "/usr/local/lib/python3.14/site-packages/requests/api.py", line 59, in request
    return session.request(method=method, url=url, **kwargs)
           ~~~~~~~~~~~~~~~^^^^^^^^^^^^^^^^^^^^^^^^^^^^^^^^^^
  File "/usr/local/lib/python3.14/site-packages/requests/sessions.py", line 589, in request
    resp = self.send(prep, **send_kwargs)
  File "/usr/local/lib/python3.14/site-packages/requests/sessions.py", line 703, in send
    r = adapter.send(request, **kwargs)
  File "/usr/local/lib/python3.14/site-packages/requests/adapters.py", line 677, in send
    raise ConnectionError(e, request=request)
requests.exceptions.ConnectionError: HTTPConnectionPool(host='localhost', port=8082): Max retries exceeded with url: /v1/documents (Caused by NewConnectionError("HTTPConnection(host='localhost', port=8082): Failed to establish a new connection: [Errno 111] Connection refused"))
2026-02-27 16:45:45 | INFO     | --- batch 47/47 (14 files) ---
2026-02-27 16:45:45 | DEBUG    |   Files: cwp821-ilovepdf-compressed-1.pdf, cwp822-min.pdf, cwp824.pdf, cwp825.pdf, cwp826.compressed.pdf, cwp827.pdf, cwp828.pdf, cwp829.pdf, cwp830.pdf, cwp831.pdf, cwp832.pdf, cwp833.pdf, cwp834.pdf, cwp836.pdf
2026-02-27 16:45:45 | ERROR    | ❌ batch 47/47 (14 files) failed: HTTPConnectionPool(host='localhost', port=8082): Max retries exceeded with url: /v1/documents (Caused by NewConnectionError("HTTPConnection(host='localhost', port=8082): Failed to establish a new connection: [Errno 111] Connection refused"))
Traceback (most recent call last):
  File "/usr/local/lib/python3.14/site-packages/urllib3/connection.py", line 204, in _new_conn
    sock = connection.create_connection(
        (self._dns_host, self.port),
    ...<2 lines>...
        socket_options=self.socket_options,
    )
  File "/usr/local/lib/python3.14/site-packages/urllib3/util/connection.py", line 85, in create_connection
    raise err
  File "/usr/local/lib/python3.14/site-packages/urllib3/util/connection.py", line 73, in create_connection
    sock.connect(sa)
    ~~~~~~~~~~~~^^^^
ConnectionRefusedError: [Errno 111] Connection refused

The above exception was the direct cause of the following exception:

Traceback (most recent call last):
  File "/usr/local/lib/python3.14/site-packages/urllib3/connectionpool.py", line 787, in urlopen
    response = self._make_request(
        conn,
    ...<10 lines>...
        **response_kw,
    )
  File "/usr/local/lib/python3.14/site-packages/urllib3/connectionpool.py", line 493, in _make_request
    conn.request(
    ~~~~~~~~~~~~^
        method,
        ^^^^^^^
    ...<6 lines>...
        enforce_content_length=enforce_content_length,
        ^^^^^^^^^^^^^^^^^^^^^^^^^^^^^^^^^^^^^^^^^^^^^^
    )
    ^
  File "/usr/local/lib/python3.14/site-packages/urllib3/connection.py", line 500, in request
    self.endheaders()
    ~~~~~~~~~~~~~~~^^
  File "/usr/local/lib/python3.14/http/client.py", line 1353, in endheaders
    self._send_output(message_body, encode_chunked=encode_chunked)
    ~~~~~~~~~~~~~~~~~^^^^^^^^^^^^^^^^^^^^^^^^^^^^^^^^^^^^^^^^^^^^^
  File "/usr/local/lib/python3.14/http/client.py", line 1113, in _send_output
    self.send(msg)
    ~~~~~~~~~^^^^^
  File "/usr/local/lib/python3.14/http/client.py", line 1057, in send
    self.connect()
    ~~~~~~~~~~~~^^
  File "/usr/local/lib/python3.14/site-packages/urllib3/connection.py", line 331, in connect
    self.sock = self._new_conn()
                ~~~~~~~~~~~~~~^^
  File "/usr/local/lib/python3.14/site-packages/urllib3/connection.py", line 219, in _new_conn
    raise NewConnectionError(
        self, f"Failed to establish a new connection: {e}"
    ) from e
urllib3.exceptions.NewConnectionError: HTTPConnection(host='localhost', port=8082): Failed to establish a new connection: [Errno 111] Connection refused

The above exception was the direct cause of the following exception:

Traceback (most recent call last):
  File "/usr/local/lib/python3.14/site-packages/requests/adapters.py", line 644, in send
    resp = conn.urlopen(
        method=request.method,
    ...<9 lines>...
        chunked=chunked,
    )
  File "/usr/local/lib/python3.14/site-packages/urllib3/connectionpool.py", line 841, in urlopen
    retries = retries.increment(
        method, url, error=new_e, _pool=self, _stacktrace=sys.exc_info()[2]
    )
  File "/usr/local/lib/python3.14/site-packages/urllib3/util/retry.py", line 535, in increment
    raise MaxRetryError(_pool, url, reason) from reason  # type: ignore[arg-type]
    ^^^^^^^^^^^^^^^^^^^^^^^^^^^^^^^^^^^^^^^^^^^^^^^^^^^
urllib3.exceptions.MaxRetryError: HTTPConnectionPool(host='localhost', port=8082): Max retries exceeded with url: /v1/documents (Caused by NewConnectionError("HTTPConnection(host='localhost', port=8082): Failed to establish a new connection: [Errno 111] Connection refused"))

During handling of the above exception, another exception occurred:

Traceback (most recent call last):
  File "/u/bglq/projects/rag/rag-refactor/deploy/singularity/scripts/ingest_collections.py", line 446, in ingest_collection
    task_id = client.upload_batch(batch, result.collection_name, chunk_size, chunk_overlap)
  File "/u/bglq/projects/rag/rag-refactor/deploy/singularity/scripts/ingest_collections.py", line 282, in upload_batch
    resp = requests.post(url, files=files_form, timeout=300)
  File "/usr/local/lib/python3.14/site-packages/requests/api.py", line 115, in post
    return request("post", url, data=data, json=json, **kwargs)
  File "/usr/local/lib/python3.14/site-packages/requests/api.py", line 59, in request
    return session.request(method=method, url=url, **kwargs)
           ~~~~~~~~~~~~~~~^^^^^^^^^^^^^^^^^^^^^^^^^^^^^^^^^^
  File "/usr/local/lib/python3.14/site-packages/requests/sessions.py", line 589, in request
    resp = self.send(prep, **send_kwargs)
  File "/usr/local/lib/python3.14/site-packages/requests/sessions.py", line 703, in send
    r = adapter.send(request, **kwargs)
  File "/usr/local/lib/python3.14/site-packages/requests/adapters.py", line 677, in send
    raise ConnectionError(e, request=request)
requests.exceptions.ConnectionError: HTTPConnectionPool(host='localhost', port=8082): Max retries exceeded with url: /v1/documents (Caused by NewConnectionError("HTTPConnection(host='localhost', port=8082): Failed to establish a new connection: [Errno 111] Connection refused"))
2026-02-27 16:45:45 | ERROR    | === TOTAL FAILURE  failed=750  skipped=0 ===
