2026-02-27 16:45:25 | INFO     | === START  dir='/gaia/b04s/CONSORCIOS/DEEPWAVE'  collection='DEEPWAVE' ===
2026-02-27 16:45:25 | INFO     | Discovered 241 supported file(s)
2026-02-27 16:45:25 | WARNING  | create_collection error (may already exist): HTTPConnectionPool(host='localhost', port=8082): Max retries exceeded with url: /v1/collection (Caused by NewConnectionError("HTTPConnection(host='localhost', port=8082): Failed to establish a new connection: [Errno 111] Connection refused"))
2026-02-27 16:45:25 | WARNING  | list_documents failed — treating all files as new: HTTPConnectionPool(host='localhost', port=8082): Max retries exceeded with url: /v1/documents?collection_name=DEEPWAVE (Caused by NewConnectionError("HTTPConnection(host='localhost', port=8082): Failed to establish a new connection: [Errno 111] Connection refused"))
2026-02-27 16:45:25 | INFO     | Classification: 241 new, 0 already present
2026-02-27 16:45:25 | INFO     | Uploading 16 batch(es) of up to 16 file(s) each
2026-02-27 16:45:25 | INFO     | --- batch 1/16 (16 files) ---
2026-02-27 16:45:25 | DEBUG    |   Files: Business Meeting Minutes.pdf, DeepWave Consortium - 1st Meeting Agenda.pdf, 1.1 Enabling full-waveform inversion to recover salt bodies in challenging conditions.pdf, 1.2 Prior probability regularized FWI using generative diffusion models.pdf, 1.3 RockAVO Data-driven Direct Petrophysical Inversion of Pre-Stack Seismic Data.pdf, 1.4 Joint Microseismic Event Detection and Location Based on a Detection Transformer.pdf, 2.1 Self-supervised blind-spot networks for random and coherent noise suppression.pdf, 2.2 SSDeblend - integrating self-supervised denoising in inversion based seismic deblending.pdf, 2.3 Deep Learning-based regularization of seismic inversion.pdf, 2.4 End-to-end seismic processing with deep learning - StorSeismic.pdf, 2.5 Efficient Seismic Facies Classification Using Transformer-based Masked Autoencoders.pdf, 3.1 A flexible seismic tomography framework using machine learning.pdf, 3.2 Simultaneous local slope estimation and interpolation with PINNs.pdf, 3.3 Microseismic source imaging using PINNs with hard constraints - an application to field data.pdf, 3.4 D-SWE Data-driven discovery of a seismic wave equation.pdf, 4.1 Regularized Probabilistic Seismic Inversion with CNN-based Plug-and-Play Framework.pdf
2026-02-27 16:45:26 | ERROR    | ❌ batch 1/16 (16 files) failed: HTTPConnectionPool(host='localhost', port=8082): Max retries exceeded with url: /v1/documents (Caused by NewConnectionError("HTTPConnection(host='localhost', port=8082): Failed to establish a new connection: [Errno 111] Connection refused"))
Traceback (most recent call last):
  File "/usr/local/lib/python3.14/site-packages/urllib3/connection.py", line 204, in _new_conn
    sock = connection.create_connection(
        (self._dns_host, self.port),
    ...<2 lines>...
        socket_options=self.socket_options,
    )
  File "/usr/local/lib/python3.14/site-packages/urllib3/util/connection.py", line 85, in create_connection
    raise err
  File "/usr/local/lib/python3.14/site-packages/urllib3/util/connection.py", line 73, in create_connection
    sock.connect(sa)
    ~~~~~~~~~~~~^^^^
ConnectionRefusedError: [Errno 111] Connection refused

The above exception was the direct cause of the following exception:

Traceback (most recent call last):
  File "/usr/local/lib/python3.14/site-packages/urllib3/connectionpool.py", line 787, in urlopen
    response = self._make_request(
        conn,
    ...<10 lines>...
        **response_kw,
    )
  File "/usr/local/lib/python3.14/site-packages/urllib3/connectionpool.py", line 493, in _make_request
    conn.request(
    ~~~~~~~~~~~~^
        method,
        ^^^^^^^
    ...<6 lines>...
        enforce_content_length=enforce_content_length,
        ^^^^^^^^^^^^^^^^^^^^^^^^^^^^^^^^^^^^^^^^^^^^^^
    )
    ^
  File "/usr/local/lib/python3.14/site-packages/urllib3/connection.py", line 500, in request
    self.endheaders()
    ~~~~~~~~~~~~~~~^^
  File "/usr/local/lib/python3.14/http/client.py", line 1353, in endheaders
    self._send_output(message_body, encode_chunked=encode_chunked)
    ~~~~~~~~~~~~~~~~~^^^^^^^^^^^^^^^^^^^^^^^^^^^^^^^^^^^^^^^^^^^^^
  File "/usr/local/lib/python3.14/http/client.py", line 1113, in _send_output
    self.send(msg)
    ~~~~~~~~~^^^^^
  File "/usr/local/lib/python3.14/http/client.py", line 1057, in send
    self.connect()
    ~~~~~~~~~~~~^^
  File "/usr/local/lib/python3.14/site-packages/urllib3/connection.py", line 331, in connect
    self.sock = self._new_conn()
                ~~~~~~~~~~~~~~^^
  File "/usr/local/lib/python3.14/site-packages/urllib3/connection.py", line 219, in _new_conn
    raise NewConnectionError(
        self, f"Failed to establish a new connection: {e}"
    ) from e
urllib3.exceptions.NewConnectionError: HTTPConnection(host='localhost', port=8082): Failed to establish a new connection: [Errno 111] Connection refused

The above exception was the direct cause of the following exception:

Traceback (most recent call last):
  File "/usr/local/lib/python3.14/site-packages/requests/adapters.py", line 644, in send
    resp = conn.urlopen(
        method=request.method,
    ...<9 lines>...
        chunked=chunked,
    )
  File "/usr/local/lib/python3.14/site-packages/urllib3/connectionpool.py", line 841, in urlopen
    retries = retries.increment(
        method, url, error=new_e, _pool=self, _stacktrace=sys.exc_info()[2]
    )
  File "/usr/local/lib/python3.14/site-packages/urllib3/util/retry.py", line 535, in increment
    raise MaxRetryError(_pool, url, reason) from reason  # type: ignore[arg-type]
    ^^^^^^^^^^^^^^^^^^^^^^^^^^^^^^^^^^^^^^^^^^^^^^^^^^^
urllib3.exceptions.MaxRetryError: HTTPConnectionPool(host='localhost', port=8082): Max retries exceeded with url: /v1/documents (Caused by NewConnectionError("HTTPConnection(host='localhost', port=8082): Failed to establish a new connection: [Errno 111] Connection refused"))

During handling of the above exception, another exception occurred:

Traceback (most recent call last):
  File "/u/bglq/projects/rag/rag-refactor/deploy/singularity/scripts/ingest_collections.py", line 446, in ingest_collection
    task_id = client.upload_batch(batch, result.collection_name, chunk_size, chunk_overlap)
  File "/u/bglq/projects/rag/rag-refactor/deploy/singularity/scripts/ingest_collections.py", line 282, in upload_batch
    resp = requests.post(url, files=files_form, timeout=300)
  File "/usr/local/lib/python3.14/site-packages/requests/api.py", line 115, in post
    return request("post", url, data=data, json=json, **kwargs)
  File "/usr/local/lib/python3.14/site-packages/requests/api.py", line 59, in request
    return session.request(method=method, url=url, **kwargs)
           ~~~~~~~~~~~~~~~^^^^^^^^^^^^^^^^^^^^^^^^^^^^^^^^^^
  File "/usr/local/lib/python3.14/site-packages/requests/sessions.py", line 589, in request
    resp = self.send(prep, **send_kwargs)
  File "/usr/local/lib/python3.14/site-packages/requests/sessions.py", line 703, in send
    r = adapter.send(request, **kwargs)
  File "/usr/local/lib/python3.14/site-packages/requests/adapters.py", line 677, in send
    raise ConnectionError(e, request=request)
requests.exceptions.ConnectionError: HTTPConnectionPool(host='localhost', port=8082): Max retries exceeded with url: /v1/documents (Caused by NewConnectionError("HTTPConnection(host='localhost', port=8082): Failed to establish a new connection: [Errno 111] Connection refused"))
2026-02-27 16:45:26 | INFO     | --- batch 2/16 (16 files) ---
2026-02-27 16:45:26 | DEBUG    |   Files: 4.2 GPU Programming at the fingertip - the NVIDIA-KAUST Hackathon.pdf, 4.3 DeepWave_GitHub.pdf, DW0001_PnP_SVGD.pdf, DW0003_NeuralNetworkBasedEikonalTomo.pdf, DW0004_PINN_slope.pdf, DW0005_PINNImagingForMicroseismic.pdf, DW0006_DiffusionFWI.pdf, DW0009_UnetFWISalt.pdf, DW0010_Joint_MEDL_with_DETR.pdf, DeepWave Consortium - Annual Meeting Houston Agenda.pdf, 1.1 PINNslope - seismic data interpolation and local slope estimation with physics informed neural networks.pdf, 1.2 Gabor-based learnable sparse representation for self-supervised denoising.pdf, 1.3 Transformer-ing the old paradigm of seismic processing - An end-to-end deep learning-based approach.pdf, 2.1 Meta-Processing - A robust framework for multi-tasks seismic processing.pdf, 2.2 Probabilistic seismic interpolation with the implicit prior of a deep denoiser.pdf, 2.3 A Deep learning-based approach for NMO velocity prediction.pdf
2026-02-27 16:45:27 | ERROR    | ❌ batch 2/16 (16 files) failed: HTTPConnectionPool(host='localhost', port=8082): Max retries exceeded with url: /v1/documents (Caused by NewConnectionError("HTTPConnection(host='localhost', port=8082): Failed to establish a new connection: [Errno 111] Connection refused"))
Traceback (most recent call last):
  File "/usr/local/lib/python3.14/site-packages/urllib3/connection.py", line 204, in _new_conn
    sock = connection.create_connection(
        (self._dns_host, self.port),
    ...<2 lines>...
        socket_options=self.socket_options,
    )
  File "/usr/local/lib/python3.14/site-packages/urllib3/util/connection.py", line 85, in create_connection
    raise err
  File "/usr/local/lib/python3.14/site-packages/urllib3/util/connection.py", line 73, in create_connection
    sock.connect(sa)
    ~~~~~~~~~~~~^^^^
ConnectionRefusedError: [Errno 111] Connection refused

The above exception was the direct cause of the following exception:

Traceback (most recent call last):
  File "/usr/local/lib/python3.14/site-packages/urllib3/connectionpool.py", line 787, in urlopen
    response = self._make_request(
        conn,
    ...<10 lines>...
        **response_kw,
    )
  File "/usr/local/lib/python3.14/site-packages/urllib3/connectionpool.py", line 493, in _make_request
    conn.request(
    ~~~~~~~~~~~~^
        method,
        ^^^^^^^
    ...<6 lines>...
        enforce_content_length=enforce_content_length,
        ^^^^^^^^^^^^^^^^^^^^^^^^^^^^^^^^^^^^^^^^^^^^^^
    )
    ^
  File "/usr/local/lib/python3.14/site-packages/urllib3/connection.py", line 500, in request
    self.endheaders()
    ~~~~~~~~~~~~~~~^^
  File "/usr/local/lib/python3.14/http/client.py", line 1353, in endheaders
    self._send_output(message_body, encode_chunked=encode_chunked)
    ~~~~~~~~~~~~~~~~~^^^^^^^^^^^^^^^^^^^^^^^^^^^^^^^^^^^^^^^^^^^^^
  File "/usr/local/lib/python3.14/http/client.py", line 1113, in _send_output
    self.send(msg)
    ~~~~~~~~~^^^^^
  File "/usr/local/lib/python3.14/http/client.py", line 1057, in send
    self.connect()
    ~~~~~~~~~~~~^^
  File "/usr/local/lib/python3.14/site-packages/urllib3/connection.py", line 331, in connect
    self.sock = self._new_conn()
                ~~~~~~~~~~~~~~^^
  File "/usr/local/lib/python3.14/site-packages/urllib3/connection.py", line 219, in _new_conn
    raise NewConnectionError(
        self, f"Failed to establish a new connection: {e}"
    ) from e
urllib3.exceptions.NewConnectionError: HTTPConnection(host='localhost', port=8082): Failed to establish a new connection: [Errno 111] Connection refused

The above exception was the direct cause of the following exception:

Traceback (most recent call last):
  File "/usr/local/lib/python3.14/site-packages/requests/adapters.py", line 644, in send
    resp = conn.urlopen(
        method=request.method,
    ...<9 lines>...
        chunked=chunked,
    )
  File "/usr/local/lib/python3.14/site-packages/urllib3/connectionpool.py", line 841, in urlopen
    retries = retries.increment(
        method, url, error=new_e, _pool=self, _stacktrace=sys.exc_info()[2]
    )
  File "/usr/local/lib/python3.14/site-packages/urllib3/util/retry.py", line 535, in increment
    raise MaxRetryError(_pool, url, reason) from reason  # type: ignore[arg-type]
    ^^^^^^^^^^^^^^^^^^^^^^^^^^^^^^^^^^^^^^^^^^^^^^^^^^^
urllib3.exceptions.MaxRetryError: HTTPConnectionPool(host='localhost', port=8082): Max retries exceeded with url: /v1/documents (Caused by NewConnectionError("HTTPConnection(host='localhost', port=8082): Failed to establish a new connection: [Errno 111] Connection refused"))

During handling of the above exception, another exception occurred:

Traceback (most recent call last):
  File "/u/bglq/projects/rag/rag-refactor/deploy/singularity/scripts/ingest_collections.py", line 446, in ingest_collection
    task_id = client.upload_batch(batch, result.collection_name, chunk_size, chunk_overlap)
  File "/u/bglq/projects/rag/rag-refactor/deploy/singularity/scripts/ingest_collections.py", line 282, in upload_batch
    resp = requests.post(url, files=files_form, timeout=300)
  File "/usr/local/lib/python3.14/site-packages/requests/api.py", line 115, in post
    return request("post", url, data=data, json=json, **kwargs)
  File "/usr/local/lib/python3.14/site-packages/requests/api.py", line 59, in request
    return session.request(method=method, url=url, **kwargs)
           ~~~~~~~~~~~~~~~^^^^^^^^^^^^^^^^^^^^^^^^^^^^^^^^^^
  File "/usr/local/lib/python3.14/site-packages/requests/sessions.py", line 589, in request
    resp = self.send(prep, **send_kwargs)
  File "/usr/local/lib/python3.14/site-packages/requests/sessions.py", line 703, in send
    r = adapter.send(request, **kwargs)
  File "/usr/local/lib/python3.14/site-packages/requests/adapters.py", line 677, in send
    raise ConnectionError(e, request=request)
requests.exceptions.ConnectionError: HTTPConnectionPool(host='localhost', port=8082): Max retries exceeded with url: /v1/documents (Caused by NewConnectionError("HTTPConnection(host='localhost', port=8082): Failed to establish a new connection: [Errno 111] Connection refused"))
2026-02-27 16:45:27 | INFO     | --- batch 3/16 (16 files) ---
2026-02-27 16:45:27 | DEBUG    |   Files: 3.1 Efficient physics-informed neural networks training via incorporating the Gabor basis functions into network design.pdf, 3.2 Focusing function prediction based on U-Net to accelerate Marchenko imaging.pdf, 3.3 A flexible seismic tomography (and modelling) using PINN.pdf, 3.4 Joint microseismic event detection and location using a detection transformer - applications to field data.pdf, 4.1 KeyNote - Physics-guided Machine Learning - from Supervised Deep Networks to Unsupervised Lightweight Models.pdf, 4.2 Prior regularized 2D and 3D full waveform inversion using 2D generative diffusion model.pdf, 4.3 Deep learning-based inverse Hessian for full-waveform inversion.pdf, 4.4 The model wavenumber Uncertainty in full waveform inversion.pdf, 5.1 IntraSeismic – Using Coordinate-based Learning for Seismic Inversion.pdf, 5.2 Plug-and-Play regularized 3D seismic inversion with  2D pre-trained denoisers.pdf, 5.3 A Field Data Application of Seis2Rock - Data-driven Direct Petrophysical Inversion of Pre-stack Seismic Data.pdf, 5.4 Probabilistic seismic inversion applications with Neural-network assisted Stein Variation Gradient Descent.pdf, DeepWave_Annual_Report-2023.pdf, DW0001_EAGE2023_PnP_SVGD.pdf, DW0002_EAGE2023_DeepSeisInv.pdf, DW0003_EAGE2023_DataAndModelHardConstraintsPINNsNearSurfaceTomography.pdf
2026-02-27 16:45:29 | ERROR    | ❌ batch 3/16 (16 files) failed: HTTPConnectionPool(host='localhost', port=8082): Max retries exceeded with url: /v1/documents (Caused by NewConnectionError("HTTPConnection(host='localhost', port=8082): Failed to establish a new connection: [Errno 111] Connection refused"))
Traceback (most recent call last):
  File "/usr/local/lib/python3.14/site-packages/urllib3/connection.py", line 204, in _new_conn
    sock = connection.create_connection(
        (self._dns_host, self.port),
    ...<2 lines>...
        socket_options=self.socket_options,
    )
  File "/usr/local/lib/python3.14/site-packages/urllib3/util/connection.py", line 85, in create_connection
    raise err
  File "/usr/local/lib/python3.14/site-packages/urllib3/util/connection.py", line 73, in create_connection
    sock.connect(sa)
    ~~~~~~~~~~~~^^^^
ConnectionRefusedError: [Errno 111] Connection refused

The above exception was the direct cause of the following exception:

Traceback (most recent call last):
  File "/usr/local/lib/python3.14/site-packages/urllib3/connectionpool.py", line 787, in urlopen
    response = self._make_request(
        conn,
    ...<10 lines>...
        **response_kw,
    )
  File "/usr/local/lib/python3.14/site-packages/urllib3/connectionpool.py", line 493, in _make_request
    conn.request(
    ~~~~~~~~~~~~^
        method,
        ^^^^^^^
    ...<6 lines>...
        enforce_content_length=enforce_content_length,
        ^^^^^^^^^^^^^^^^^^^^^^^^^^^^^^^^^^^^^^^^^^^^^^
    )
    ^
  File "/usr/local/lib/python3.14/site-packages/urllib3/connection.py", line 500, in request
    self.endheaders()
    ~~~~~~~~~~~~~~~^^
  File "/usr/local/lib/python3.14/http/client.py", line 1353, in endheaders
    self._send_output(message_body, encode_chunked=encode_chunked)
    ~~~~~~~~~~~~~~~~~^^^^^^^^^^^^^^^^^^^^^^^^^^^^^^^^^^^^^^^^^^^^^
  File "/usr/local/lib/python3.14/http/client.py", line 1113, in _send_output
    self.send(msg)
    ~~~~~~~~~^^^^^
  File "/usr/local/lib/python3.14/http/client.py", line 1057, in send
    self.connect()
    ~~~~~~~~~~~~^^
  File "/usr/local/lib/python3.14/site-packages/urllib3/connection.py", line 331, in connect
    self.sock = self._new_conn()
                ~~~~~~~~~~~~~~^^
  File "/usr/local/lib/python3.14/site-packages/urllib3/connection.py", line 219, in _new_conn
    raise NewConnectionError(
        self, f"Failed to establish a new connection: {e}"
    ) from e
urllib3.exceptions.NewConnectionError: HTTPConnection(host='localhost', port=8082): Failed to establish a new connection: [Errno 111] Connection refused

The above exception was the direct cause of the following exception:

Traceback (most recent call last):
  File "/usr/local/lib/python3.14/site-packages/requests/adapters.py", line 644, in send
    resp = conn.urlopen(
        method=request.method,
    ...<9 lines>...
        chunked=chunked,
    )
  File "/usr/local/lib/python3.14/site-packages/urllib3/connectionpool.py", line 841, in urlopen
    retries = retries.increment(
        method, url, error=new_e, _pool=self, _stacktrace=sys.exc_info()[2]
    )
  File "/usr/local/lib/python3.14/site-packages/urllib3/util/retry.py", line 535, in increment
    raise MaxRetryError(_pool, url, reason) from reason  # type: ignore[arg-type]
    ^^^^^^^^^^^^^^^^^^^^^^^^^^^^^^^^^^^^^^^^^^^^^^^^^^^
urllib3.exceptions.MaxRetryError: HTTPConnectionPool(host='localhost', port=8082): Max retries exceeded with url: /v1/documents (Caused by NewConnectionError("HTTPConnection(host='localhost', port=8082): Failed to establish a new connection: [Errno 111] Connection refused"))

During handling of the above exception, another exception occurred:

Traceback (most recent call last):
  File "/u/bglq/projects/rag/rag-refactor/deploy/singularity/scripts/ingest_collections.py", line 446, in ingest_collection
    task_id = client.upload_batch(batch, result.collection_name, chunk_size, chunk_overlap)
  File "/u/bglq/projects/rag/rag-refactor/deploy/singularity/scripts/ingest_collections.py", line 282, in upload_batch
    resp = requests.post(url, files=files_form, timeout=300)
  File "/usr/local/lib/python3.14/site-packages/requests/api.py", line 115, in post
    return request("post", url, data=data, json=json, **kwargs)
  File "/usr/local/lib/python3.14/site-packages/requests/api.py", line 59, in request
    return session.request(method=method, url=url, **kwargs)
           ~~~~~~~~~~~~~~~^^^^^^^^^^^^^^^^^^^^^^^^^^^^^^^^^^
  File "/usr/local/lib/python3.14/site-packages/requests/sessions.py", line 589, in request
    resp = self.send(prep, **send_kwargs)
  File "/usr/local/lib/python3.14/site-packages/requests/sessions.py", line 703, in send
    r = adapter.send(request, **kwargs)
  File "/usr/local/lib/python3.14/site-packages/requests/adapters.py", line 677, in send
    raise ConnectionError(e, request=request)
requests.exceptions.ConnectionError: HTTPConnectionPool(host='localhost', port=8082): Max retries exceeded with url: /v1/documents (Caused by NewConnectionError("HTTPConnection(host='localhost', port=8082): Failed to establish a new connection: [Errno 111] Connection refused"))
2026-02-27 16:45:29 | INFO     | --- batch 4/16 (16 files) ---
2026-02-27 16:45:29 | DEBUG    |   Files: DW0003_EAGE2023_Tomo_PINN.pdf, DW0004_EAGE2023_PINN_slope.pdf, DW0005_EAGE2023_Microseismic_PINN.pdf, DW0006_EAGE2023_DiffusionFWI.pdf, DW0007_EAGE2023_FaciesClassMAE.pdf, DW0008_EAGE2023_StorSeismic.pdf, DW0009_EAGE2023_GOM_Full_Inversion.pdf, DW0010_EAGE2023_JointMicroseismicEvent_DetectTransf.pdf, DW0011_EAGE2023_DataDrivenDisc_SeismicWaveEq.pdf, DW0013_EAGE2023_GaborPINN.pdf, DW0014_EAGE2023_FrugalUncertaintyAnalysisForFWI.pdf, DW0015_EAGE2023_ModifiedTransformerBasedNetworkForSeismicProcessingTasks.pdf, DW0016_EAGE2023_LearnableGaborKernelsCNNs.pdf, DW0004_SEG2023_PINN_slope.pdf, DW0018_SEG2023_RockAVO.pdf, DW0021_SEG2023_DeepFWIHessian.pdf
2026-02-27 16:45:30 | ERROR    | ❌ batch 4/16 (16 files) failed: HTTPConnectionPool(host='localhost', port=8082): Max retries exceeded with url: /v1/documents (Caused by NewConnectionError("HTTPConnection(host='localhost', port=8082): Failed to establish a new connection: [Errno 111] Connection refused"))
Traceback (most recent call last):
  File "/usr/local/lib/python3.14/site-packages/urllib3/connection.py", line 204, in _new_conn
    sock = connection.create_connection(
        (self._dns_host, self.port),
    ...<2 lines>...
        socket_options=self.socket_options,
    )
  File "/usr/local/lib/python3.14/site-packages/urllib3/util/connection.py", line 85, in create_connection
    raise err
  File "/usr/local/lib/python3.14/site-packages/urllib3/util/connection.py", line 73, in create_connection
    sock.connect(sa)
    ~~~~~~~~~~~~^^^^
ConnectionRefusedError: [Errno 111] Connection refused

The above exception was the direct cause of the following exception:

Traceback (most recent call last):
  File "/usr/local/lib/python3.14/site-packages/urllib3/connectionpool.py", line 787, in urlopen
    response = self._make_request(
        conn,
    ...<10 lines>...
        **response_kw,
    )
  File "/usr/local/lib/python3.14/site-packages/urllib3/connectionpool.py", line 493, in _make_request
    conn.request(
    ~~~~~~~~~~~~^
        method,
        ^^^^^^^
    ...<6 lines>...
        enforce_content_length=enforce_content_length,
        ^^^^^^^^^^^^^^^^^^^^^^^^^^^^^^^^^^^^^^^^^^^^^^
    )
    ^
  File "/usr/local/lib/python3.14/site-packages/urllib3/connection.py", line 500, in request
    self.endheaders()
    ~~~~~~~~~~~~~~~^^
  File "/usr/local/lib/python3.14/http/client.py", line 1353, in endheaders
    self._send_output(message_body, encode_chunked=encode_chunked)
    ~~~~~~~~~~~~~~~~~^^^^^^^^^^^^^^^^^^^^^^^^^^^^^^^^^^^^^^^^^^^^^
  File "/usr/local/lib/python3.14/http/client.py", line 1113, in _send_output
    self.send(msg)
    ~~~~~~~~~^^^^^
  File "/usr/local/lib/python3.14/http/client.py", line 1057, in send
    self.connect()
    ~~~~~~~~~~~~^^
  File "/usr/local/lib/python3.14/site-packages/urllib3/connection.py", line 331, in connect
    self.sock = self._new_conn()
                ~~~~~~~~~~~~~~^^
  File "/usr/local/lib/python3.14/site-packages/urllib3/connection.py", line 219, in _new_conn
    raise NewConnectionError(
        self, f"Failed to establish a new connection: {e}"
    ) from e
urllib3.exceptions.NewConnectionError: HTTPConnection(host='localhost', port=8082): Failed to establish a new connection: [Errno 111] Connection refused

The above exception was the direct cause of the following exception:

Traceback (most recent call last):
  File "/usr/local/lib/python3.14/site-packages/requests/adapters.py", line 644, in send
    resp = conn.urlopen(
        method=request.method,
    ...<9 lines>...
        chunked=chunked,
    )
  File "/usr/local/lib/python3.14/site-packages/urllib3/connectionpool.py", line 841, in urlopen
    retries = retries.increment(
        method, url, error=new_e, _pool=self, _stacktrace=sys.exc_info()[2]
    )
  File "/usr/local/lib/python3.14/site-packages/urllib3/util/retry.py", line 535, in increment
    raise MaxRetryError(_pool, url, reason) from reason  # type: ignore[arg-type]
    ^^^^^^^^^^^^^^^^^^^^^^^^^^^^^^^^^^^^^^^^^^^^^^^^^^^
urllib3.exceptions.MaxRetryError: HTTPConnectionPool(host='localhost', port=8082): Max retries exceeded with url: /v1/documents (Caused by NewConnectionError("HTTPConnection(host='localhost', port=8082): Failed to establish a new connection: [Errno 111] Connection refused"))

During handling of the above exception, another exception occurred:

Traceback (most recent call last):
  File "/u/bglq/projects/rag/rag-refactor/deploy/singularity/scripts/ingest_collections.py", line 446, in ingest_collection
    task_id = client.upload_batch(batch, result.collection_name, chunk_size, chunk_overlap)
  File "/u/bglq/projects/rag/rag-refactor/deploy/singularity/scripts/ingest_collections.py", line 282, in upload_batch
    resp = requests.post(url, files=files_form, timeout=300)
  File "/usr/local/lib/python3.14/site-packages/requests/api.py", line 115, in post
    return request("post", url, data=data, json=json, **kwargs)
  File "/usr/local/lib/python3.14/site-packages/requests/api.py", line 59, in request
    return session.request(method=method, url=url, **kwargs)
           ~~~~~~~~~~~~~~~^^^^^^^^^^^^^^^^^^^^^^^^^^^^^^^^^^
  File "/usr/local/lib/python3.14/site-packages/requests/sessions.py", line 589, in request
    resp = self.send(prep, **send_kwargs)
  File "/usr/local/lib/python3.14/site-packages/requests/sessions.py", line 703, in send
    r = adapter.send(request, **kwargs)
  File "/usr/local/lib/python3.14/site-packages/requests/adapters.py", line 677, in send
    raise ConnectionError(e, request=request)
requests.exceptions.ConnectionError: HTTPConnectionPool(host='localhost', port=8082): Max retries exceeded with url: /v1/documents (Caused by NewConnectionError("HTTPConnection(host='localhost', port=8082): Failed to establish a new connection: [Errno 111] Connection refused"))
2026-02-27 16:45:30 | INFO     | --- batch 5/16 (16 files) ---
2026-02-27 16:45:30 | DEBUG    |   Files: DW0022_SEG2023_DeepVAEs.pdf, DW0023_SEG2023_StochIP.pdf, DW0013_GaborPINN.pdf, DW0014_PhysicsReliableFrugalUncertaintyAnalysisforFWI.pdf, DW0015_StorSeismic.pdf, DW0016_LearnableGaborCNNforInterpretation.pdf, DW0017_MetaProcessing.pdf, DW0018_RockAVO.pdf, DW0019_SaltFWISVGD.pdf, DW0020_Gabor_SSLDenoising.pdf, DW0021_DeepFWIHessian.pdf, DW0024_PnPRegularized3DSeismicInversionWith2DPre-trained Denoisers.pdf, DW0025_ConditionDiffusion.pdf, DW0026_IntraSeismic.pdf, DW0027_SSL-LowFrequencyExtrapolation.pdf, DW0028_LearnedRegularizationsElasticFWIUsingDiffusion.pdf
2026-02-27 16:45:31 | ERROR    | ❌ batch 5/16 (16 files) failed: HTTPConnectionPool(host='localhost', port=8082): Max retries exceeded with url: /v1/documents (Caused by NewConnectionError("HTTPConnection(host='localhost', port=8082): Failed to establish a new connection: [Errno 111] Connection refused"))
Traceback (most recent call last):
  File "/usr/local/lib/python3.14/site-packages/urllib3/connection.py", line 204, in _new_conn
    sock = connection.create_connection(
        (self._dns_host, self.port),
    ...<2 lines>...
        socket_options=self.socket_options,
    )
  File "/usr/local/lib/python3.14/site-packages/urllib3/util/connection.py", line 85, in create_connection
    raise err
  File "/usr/local/lib/python3.14/site-packages/urllib3/util/connection.py", line 73, in create_connection
    sock.connect(sa)
    ~~~~~~~~~~~~^^^^
ConnectionRefusedError: [Errno 111] Connection refused

The above exception was the direct cause of the following exception:

Traceback (most recent call last):
  File "/usr/local/lib/python3.14/site-packages/urllib3/connectionpool.py", line 787, in urlopen
    response = self._make_request(
        conn,
    ...<10 lines>...
        **response_kw,
    )
  File "/usr/local/lib/python3.14/site-packages/urllib3/connectionpool.py", line 493, in _make_request
    conn.request(
    ~~~~~~~~~~~~^
        method,
        ^^^^^^^
    ...<6 lines>...
        enforce_content_length=enforce_content_length,
        ^^^^^^^^^^^^^^^^^^^^^^^^^^^^^^^^^^^^^^^^^^^^^^
    )
    ^
  File "/usr/local/lib/python3.14/site-packages/urllib3/connection.py", line 500, in request
    self.endheaders()
    ~~~~~~~~~~~~~~~^^
  File "/usr/local/lib/python3.14/http/client.py", line 1353, in endheaders
    self._send_output(message_body, encode_chunked=encode_chunked)
    ~~~~~~~~~~~~~~~~~^^^^^^^^^^^^^^^^^^^^^^^^^^^^^^^^^^^^^^^^^^^^^
  File "/usr/local/lib/python3.14/http/client.py", line 1113, in _send_output
    self.send(msg)
    ~~~~~~~~~^^^^^
  File "/usr/local/lib/python3.14/http/client.py", line 1057, in send
    self.connect()
    ~~~~~~~~~~~~^^
  File "/usr/local/lib/python3.14/site-packages/urllib3/connection.py", line 331, in connect
    self.sock = self._new_conn()
                ~~~~~~~~~~~~~~^^
  File "/usr/local/lib/python3.14/site-packages/urllib3/connection.py", line 219, in _new_conn
    raise NewConnectionError(
        self, f"Failed to establish a new connection: {e}"
    ) from e
urllib3.exceptions.NewConnectionError: HTTPConnection(host='localhost', port=8082): Failed to establish a new connection: [Errno 111] Connection refused

The above exception was the direct cause of the following exception:

Traceback (most recent call last):
  File "/usr/local/lib/python3.14/site-packages/requests/adapters.py", line 644, in send
    resp = conn.urlopen(
        method=request.method,
    ...<9 lines>...
        chunked=chunked,
    )
  File "/usr/local/lib/python3.14/site-packages/urllib3/connectionpool.py", line 841, in urlopen
    retries = retries.increment(
        method, url, error=new_e, _pool=self, _stacktrace=sys.exc_info()[2]
    )
  File "/usr/local/lib/python3.14/site-packages/urllib3/util/retry.py", line 535, in increment
    raise MaxRetryError(_pool, url, reason) from reason  # type: ignore[arg-type]
    ^^^^^^^^^^^^^^^^^^^^^^^^^^^^^^^^^^^^^^^^^^^^^^^^^^^
urllib3.exceptions.MaxRetryError: HTTPConnectionPool(host='localhost', port=8082): Max retries exceeded with url: /v1/documents (Caused by NewConnectionError("HTTPConnection(host='localhost', port=8082): Failed to establish a new connection: [Errno 111] Connection refused"))

During handling of the above exception, another exception occurred:

Traceback (most recent call last):
  File "/u/bglq/projects/rag/rag-refactor/deploy/singularity/scripts/ingest_collections.py", line 446, in ingest_collection
    task_id = client.upload_batch(batch, result.collection_name, chunk_size, chunk_overlap)
  File "/u/bglq/projects/rag/rag-refactor/deploy/singularity/scripts/ingest_collections.py", line 282, in upload_batch
    resp = requests.post(url, files=files_form, timeout=300)
  File "/usr/local/lib/python3.14/site-packages/requests/api.py", line 115, in post
    return request("post", url, data=data, json=json, **kwargs)
  File "/usr/local/lib/python3.14/site-packages/requests/api.py", line 59, in request
    return session.request(method=method, url=url, **kwargs)
           ~~~~~~~~~~~~~~~^^^^^^^^^^^^^^^^^^^^^^^^^^^^^^^^^^
  File "/usr/local/lib/python3.14/site-packages/requests/sessions.py", line 589, in request
    resp = self.send(prep, **send_kwargs)
  File "/usr/local/lib/python3.14/site-packages/requests/sessions.py", line 703, in send
    r = adapter.send(request, **kwargs)
  File "/usr/local/lib/python3.14/site-packages/requests/adapters.py", line 677, in send
    raise ConnectionError(e, request=request)
requests.exceptions.ConnectionError: HTTPConnectionPool(host='localhost', port=8082): Max retries exceeded with url: /v1/documents (Caused by NewConnectionError("HTTPConnection(host='localhost', port=8082): Failed to establish a new connection: [Errno 111] Connection refused"))
2026-02-27 16:45:31 | INFO     | --- batch 6/16 (16 files) ---
2026-02-27 16:45:31 | DEBUG    |   Files: DW0030_StorSeismicAttentionIsAllWhatSeismicDatasetNeeds.pdf, DW0033_DASDenoising.pdf, DeepWave Consortium - Annual Meeting Houston Agenda [Links].pdf, DeepWave Consortium - Annual Meeting Houston Agenda.pdf, 1.1 FreqSiameseFWI - A Novel Deep Learning Framework for Multi-Source Full Wave Inversion.pdf, 1.2 Multi prior assisted full waveform inversion using controllable diffusion models.pdf, 1.3 Full Waveform Inversion with a deep learning-based time shift objective function.pdf, 1.4 Diffusion model for multiparameter full waveform inversion.pdf, 1.5 VelocityGPT - Leveraging a pre-trained generative transformer network to propagate priors.pdf, 2.1 DeepWave_Separation-PINN_MasterSlide_XINRU.pdf, 2.2 Latent representation learning in physics-informed neural networks for subsurface prospecting.pdf, 2.3 Enhanced neural operator based full waveform inversion via physics-informed regularization.pdf, 3.1 Deep Learning Applications in Image Enhancement and Seismic Data Denoising.pdf, 3.2 DeepWave_SHIJUN-final.pdf, 3.3 Attention is all you need in seismic data processing.pdf, 4.1 CO2 monitoring using Diffusion Models informed by Physics.pdf
2026-02-27 16:45:32 | ERROR    | ❌ batch 6/16 (16 files) failed: HTTPConnectionPool(host='localhost', port=8082): Max retries exceeded with url: /v1/documents (Caused by NewConnectionError("HTTPConnection(host='localhost', port=8082): Failed to establish a new connection: [Errno 111] Connection refused"))
Traceback (most recent call last):
  File "/usr/local/lib/python3.14/site-packages/urllib3/connection.py", line 204, in _new_conn
    sock = connection.create_connection(
        (self._dns_host, self.port),
    ...<2 lines>...
        socket_options=self.socket_options,
    )
  File "/usr/local/lib/python3.14/site-packages/urllib3/util/connection.py", line 85, in create_connection
    raise err
  File "/usr/local/lib/python3.14/site-packages/urllib3/util/connection.py", line 73, in create_connection
    sock.connect(sa)
    ~~~~~~~~~~~~^^^^
ConnectionRefusedError: [Errno 111] Connection refused

The above exception was the direct cause of the following exception:

Traceback (most recent call last):
  File "/usr/local/lib/python3.14/site-packages/urllib3/connectionpool.py", line 787, in urlopen
    response = self._make_request(
        conn,
    ...<10 lines>...
        **response_kw,
    )
  File "/usr/local/lib/python3.14/site-packages/urllib3/connectionpool.py", line 493, in _make_request
    conn.request(
    ~~~~~~~~~~~~^
        method,
        ^^^^^^^
    ...<6 lines>...
        enforce_content_length=enforce_content_length,
        ^^^^^^^^^^^^^^^^^^^^^^^^^^^^^^^^^^^^^^^^^^^^^^
    )
    ^
  File "/usr/local/lib/python3.14/site-packages/urllib3/connection.py", line 500, in request
    self.endheaders()
    ~~~~~~~~~~~~~~~^^
  File "/usr/local/lib/python3.14/http/client.py", line 1353, in endheaders
    self._send_output(message_body, encode_chunked=encode_chunked)
    ~~~~~~~~~~~~~~~~~^^^^^^^^^^^^^^^^^^^^^^^^^^^^^^^^^^^^^^^^^^^^^
  File "/usr/local/lib/python3.14/http/client.py", line 1113, in _send_output
    self.send(msg)
    ~~~~~~~~~^^^^^
  File "/usr/local/lib/python3.14/http/client.py", line 1057, in send
    self.connect()
    ~~~~~~~~~~~~^^
  File "/usr/local/lib/python3.14/site-packages/urllib3/connection.py", line 331, in connect
    self.sock = self._new_conn()
                ~~~~~~~~~~~~~~^^
  File "/usr/local/lib/python3.14/site-packages/urllib3/connection.py", line 219, in _new_conn
    raise NewConnectionError(
        self, f"Failed to establish a new connection: {e}"
    ) from e
urllib3.exceptions.NewConnectionError: HTTPConnection(host='localhost', port=8082): Failed to establish a new connection: [Errno 111] Connection refused

The above exception was the direct cause of the following exception:

Traceback (most recent call last):
  File "/usr/local/lib/python3.14/site-packages/requests/adapters.py", line 644, in send
    resp = conn.urlopen(
        method=request.method,
    ...<9 lines>...
        chunked=chunked,
    )
  File "/usr/local/lib/python3.14/site-packages/urllib3/connectionpool.py", line 841, in urlopen
    retries = retries.increment(
        method, url, error=new_e, _pool=self, _stacktrace=sys.exc_info()[2]
    )
  File "/usr/local/lib/python3.14/site-packages/urllib3/util/retry.py", line 535, in increment
    raise MaxRetryError(_pool, url, reason) from reason  # type: ignore[arg-type]
    ^^^^^^^^^^^^^^^^^^^^^^^^^^^^^^^^^^^^^^^^^^^^^^^^^^^
urllib3.exceptions.MaxRetryError: HTTPConnectionPool(host='localhost', port=8082): Max retries exceeded with url: /v1/documents (Caused by NewConnectionError("HTTPConnection(host='localhost', port=8082): Failed to establish a new connection: [Errno 111] Connection refused"))

During handling of the above exception, another exception occurred:

Traceback (most recent call last):
  File "/u/bglq/projects/rag/rag-refactor/deploy/singularity/scripts/ingest_collections.py", line 446, in ingest_collection
    task_id = client.upload_batch(batch, result.collection_name, chunk_size, chunk_overlap)
  File "/u/bglq/projects/rag/rag-refactor/deploy/singularity/scripts/ingest_collections.py", line 282, in upload_batch
    resp = requests.post(url, files=files_form, timeout=300)
  File "/usr/local/lib/python3.14/site-packages/requests/api.py", line 115, in post
    return request("post", url, data=data, json=json, **kwargs)
  File "/usr/local/lib/python3.14/site-packages/requests/api.py", line 59, in request
    return session.request(method=method, url=url, **kwargs)
           ~~~~~~~~~~~~~~~^^^^^^^^^^^^^^^^^^^^^^^^^^^^^^^^^^
  File "/usr/local/lib/python3.14/site-packages/requests/sessions.py", line 589, in request
    resp = self.send(prep, **send_kwargs)
  File "/usr/local/lib/python3.14/site-packages/requests/sessions.py", line 703, in send
    r = adapter.send(request, **kwargs)
  File "/usr/local/lib/python3.14/site-packages/requests/adapters.py", line 677, in send
    raise ConnectionError(e, request=request)
requests.exceptions.ConnectionError: HTTPConnectionPool(host='localhost', port=8082): Max retries exceeded with url: /v1/documents (Caused by NewConnectionError("HTTPConnection(host='localhost', port=8082): Failed to establish a new connection: [Errno 111] Connection refused"))
2026-02-27 16:45:32 | INFO     | --- batch 7/16 (16 files) ---
2026-02-27 16:45:32 | DEBUG    |   Files: 4.2 IntraSeismic on FWI.pdf, 4.3 From my microseismic experience to Deepwave - what is next.pdf, 4.4 DL-based 3D Microseismic Event Direct Location Using Simultaneous Surface and Borehole Data.pdf, 4.5 Near-surface seismic scattering noise suppression with sparsity-structured Gabor-based unsupervised network.pdf, 4.6 Slope assisted seismic signal separation with PINNs.pdf, 4.7 Enhanced U-Net Framework for Complex Salt Body Building in Full-Waveform Inversion.pdf, 4.8 FWI for micro-seismic problems - Moment tensor determination with uncertainty quantification.pdf, 5.1 Flexible subsurface multiphysics inversion and probabilistic forecasting using video diffusion models.pdf, 5.2 Bayesian Seismic Inversion with Implicit Neural Representations.pdf, 5.3 Annealed Stein Variational Gradient Descent for Improved FWI Uncertainty Estimation.pdf, 5.4 Parametric and non-parametric UQ for Deep Learning based microseismic source localization.pdf, 5.5 Conditional Image Prior for Uncertainty Quantification in Full Waveform Inversion.pdf, DeepWave_Annual_Report_2024.pdf, DW0020_EAGE2024_Gabor-basedLearnableSparseRepresentation.pdf, DW0024_EAGE2024_MACE.pdf, DW0029_EAGE2024_Neuroseismic.pdf
2026-02-27 16:45:33 | ERROR    | ❌ batch 7/16 (16 files) failed: HTTPConnectionPool(host='localhost', port=8082): Max retries exceeded with url: /v1/documents (Caused by NewConnectionError("HTTPConnection(host='localhost', port=8082): Failed to establish a new connection: [Errno 111] Connection refused"))
Traceback (most recent call last):
  File "/usr/local/lib/python3.14/site-packages/urllib3/connection.py", line 204, in _new_conn
    sock = connection.create_connection(
        (self._dns_host, self.port),
    ...<2 lines>...
        socket_options=self.socket_options,
    )
  File "/usr/local/lib/python3.14/site-packages/urllib3/util/connection.py", line 85, in create_connection
    raise err
  File "/usr/local/lib/python3.14/site-packages/urllib3/util/connection.py", line 73, in create_connection
    sock.connect(sa)
    ~~~~~~~~~~~~^^^^
ConnectionRefusedError: [Errno 111] Connection refused

The above exception was the direct cause of the following exception:

Traceback (most recent call last):
  File "/usr/local/lib/python3.14/site-packages/urllib3/connectionpool.py", line 787, in urlopen
    response = self._make_request(
        conn,
    ...<10 lines>...
        **response_kw,
    )
  File "/usr/local/lib/python3.14/site-packages/urllib3/connectionpool.py", line 493, in _make_request
    conn.request(
    ~~~~~~~~~~~~^
        method,
        ^^^^^^^
    ...<6 lines>...
        enforce_content_length=enforce_content_length,
        ^^^^^^^^^^^^^^^^^^^^^^^^^^^^^^^^^^^^^^^^^^^^^^
    )
    ^
  File "/usr/local/lib/python3.14/site-packages/urllib3/connection.py", line 500, in request
    self.endheaders()
    ~~~~~~~~~~~~~~~^^
  File "/usr/local/lib/python3.14/http/client.py", line 1353, in endheaders
    self._send_output(message_body, encode_chunked=encode_chunked)
    ~~~~~~~~~~~~~~~~~^^^^^^^^^^^^^^^^^^^^^^^^^^^^^^^^^^^^^^^^^^^^^
  File "/usr/local/lib/python3.14/http/client.py", line 1113, in _send_output
    self.send(msg)
    ~~~~~~~~~^^^^^
  File "/usr/local/lib/python3.14/http/client.py", line 1057, in send
    self.connect()
    ~~~~~~~~~~~~^^
  File "/usr/local/lib/python3.14/site-packages/urllib3/connection.py", line 331, in connect
    self.sock = self._new_conn()
                ~~~~~~~~~~~~~~^^
  File "/usr/local/lib/python3.14/site-packages/urllib3/connection.py", line 219, in _new_conn
    raise NewConnectionError(
        self, f"Failed to establish a new connection: {e}"
    ) from e
urllib3.exceptions.NewConnectionError: HTTPConnection(host='localhost', port=8082): Failed to establish a new connection: [Errno 111] Connection refused

The above exception was the direct cause of the following exception:

Traceback (most recent call last):
  File "/usr/local/lib/python3.14/site-packages/requests/adapters.py", line 644, in send
    resp = conn.urlopen(
        method=request.method,
    ...<9 lines>...
        chunked=chunked,
    )
  File "/usr/local/lib/python3.14/site-packages/urllib3/connectionpool.py", line 841, in urlopen
    retries = retries.increment(
        method, url, error=new_e, _pool=self, _stacktrace=sys.exc_info()[2]
    )
  File "/usr/local/lib/python3.14/site-packages/urllib3/util/retry.py", line 535, in increment
    raise MaxRetryError(_pool, url, reason) from reason  # type: ignore[arg-type]
    ^^^^^^^^^^^^^^^^^^^^^^^^^^^^^^^^^^^^^^^^^^^^^^^^^^^
urllib3.exceptions.MaxRetryError: HTTPConnectionPool(host='localhost', port=8082): Max retries exceeded with url: /v1/documents (Caused by NewConnectionError("HTTPConnection(host='localhost', port=8082): Failed to establish a new connection: [Errno 111] Connection refused"))

During handling of the above exception, another exception occurred:

Traceback (most recent call last):
  File "/u/bglq/projects/rag/rag-refactor/deploy/singularity/scripts/ingest_collections.py", line 446, in ingest_collection
    task_id = client.upload_batch(batch, result.collection_name, chunk_size, chunk_overlap)
  File "/u/bglq/projects/rag/rag-refactor/deploy/singularity/scripts/ingest_collections.py", line 282, in upload_batch
    resp = requests.post(url, files=files_form, timeout=300)
  File "/usr/local/lib/python3.14/site-packages/requests/api.py", line 115, in post
    return request("post", url, data=data, json=json, **kwargs)
  File "/usr/local/lib/python3.14/site-packages/requests/api.py", line 59, in request
    return session.request(method=method, url=url, **kwargs)
           ~~~~~~~~~~~~~~~^^^^^^^^^^^^^^^^^^^^^^^^^^^^^^^^^^
  File "/usr/local/lib/python3.14/site-packages/requests/sessions.py", line 589, in request
    resp = self.send(prep, **send_kwargs)
  File "/usr/local/lib/python3.14/site-packages/requests/sessions.py", line 703, in send
    r = adapter.send(request, **kwargs)
  File "/usr/local/lib/python3.14/site-packages/requests/adapters.py", line 677, in send
    raise ConnectionError(e, request=request)
requests.exceptions.ConnectionError: HTTPConnectionPool(host='localhost', port=8082): Max retries exceeded with url: /v1/documents (Caused by NewConnectionError("HTTPConnection(host='localhost', port=8082): Failed to establish a new connection: [Errno 111] Connection refused"))
2026-02-27 16:45:33 | INFO     | --- batch 8/16 (16 files) ---
2026-02-27 16:45:33 | DEBUG    |   Files: DW0031_EAGE2024_Transformer-basedNetworkLandSeismicGroundRollSuppression.pdf, DW0032_EAGE2024_3DMicroseismicEventDirectLocation3C.pdf, DW0034_EAGE2024_SSDeblend3D.pdf, DW0035_EAGE2024_LocalSlopeGuidedSeismicSignalSeparation.pdf, DW0036_EAGE2024_RegularizedSeis2Rock.pdf, DW0037_EAGE2024_LatentPINN.pdf, DW0038_EAGE2024_4DIntraSeismic.pdf, DW0039_EAGE2024_UQMicroseismicLocation.pdf, DW0040_EAGE2024_EfficientTransformerSeismicImageEnhancement.pdf, DW0041_EAGE2024_VelocityGPT.pdf, DW0042_EAGE2024_SiameseFWI.pdf, DW0043_EAGE2024_SSL_MetaProcessing.pdf, DW0044_EAGE2024_ConditionalDiffusionFWI.pdf, DW0045_EAGE2024_DiffusionbasedSubsurfaceMultiphysicsMonitoringForecasting.pdf, DW0009_IMAGE2024_IntegratingUNetintoFWIforSaltBodyBuilding.pdf, DW0021_IMAGE2024_EnhancingFWIwithDLApproxInverseHessian.pdf
2026-02-27 16:45:34 | ERROR    | ❌ batch 8/16 (16 files) failed: HTTPConnectionPool(host='localhost', port=8082): Max retries exceeded with url: /v1/documents (Caused by NewConnectionError("HTTPConnection(host='localhost', port=8082): Failed to establish a new connection: [Errno 111] Connection refused"))
Traceback (most recent call last):
  File "/usr/local/lib/python3.14/site-packages/urllib3/connection.py", line 204, in _new_conn
    sock = connection.create_connection(
        (self._dns_host, self.port),
    ...<2 lines>...
        socket_options=self.socket_options,
    )
  File "/usr/local/lib/python3.14/site-packages/urllib3/util/connection.py", line 85, in create_connection
    raise err
  File "/usr/local/lib/python3.14/site-packages/urllib3/util/connection.py", line 73, in create_connection
    sock.connect(sa)
    ~~~~~~~~~~~~^^^^
ConnectionRefusedError: [Errno 111] Connection refused

The above exception was the direct cause of the following exception:

Traceback (most recent call last):
  File "/usr/local/lib/python3.14/site-packages/urllib3/connectionpool.py", line 787, in urlopen
    response = self._make_request(
        conn,
    ...<10 lines>...
        **response_kw,
    )
  File "/usr/local/lib/python3.14/site-packages/urllib3/connectionpool.py", line 493, in _make_request
    conn.request(
    ~~~~~~~~~~~~^
        method,
        ^^^^^^^
    ...<6 lines>...
        enforce_content_length=enforce_content_length,
        ^^^^^^^^^^^^^^^^^^^^^^^^^^^^^^^^^^^^^^^^^^^^^^
    )
    ^
  File "/usr/local/lib/python3.14/site-packages/urllib3/connection.py", line 500, in request
    self.endheaders()
    ~~~~~~~~~~~~~~~^^
  File "/usr/local/lib/python3.14/http/client.py", line 1353, in endheaders
    self._send_output(message_body, encode_chunked=encode_chunked)
    ~~~~~~~~~~~~~~~~~^^^^^^^^^^^^^^^^^^^^^^^^^^^^^^^^^^^^^^^^^^^^^
  File "/usr/local/lib/python3.14/http/client.py", line 1113, in _send_output
    self.send(msg)
    ~~~~~~~~~^^^^^
  File "/usr/local/lib/python3.14/http/client.py", line 1057, in send
    self.connect()
    ~~~~~~~~~~~~^^
  File "/usr/local/lib/python3.14/site-packages/urllib3/connection.py", line 331, in connect
    self.sock = self._new_conn()
                ~~~~~~~~~~~~~~^^
  File "/usr/local/lib/python3.14/site-packages/urllib3/connection.py", line 219, in _new_conn
    raise NewConnectionError(
        self, f"Failed to establish a new connection: {e}"
    ) from e
urllib3.exceptions.NewConnectionError: HTTPConnection(host='localhost', port=8082): Failed to establish a new connection: [Errno 111] Connection refused

The above exception was the direct cause of the following exception:

Traceback (most recent call last):
  File "/usr/local/lib/python3.14/site-packages/requests/adapters.py", line 644, in send
    resp = conn.urlopen(
        method=request.method,
    ...<9 lines>...
        chunked=chunked,
    )
  File "/usr/local/lib/python3.14/site-packages/urllib3/connectionpool.py", line 841, in urlopen
    retries = retries.increment(
        method, url, error=new_e, _pool=self, _stacktrace=sys.exc_info()[2]
    )
  File "/usr/local/lib/python3.14/site-packages/urllib3/util/retry.py", line 535, in increment
    raise MaxRetryError(_pool, url, reason) from reason  # type: ignore[arg-type]
    ^^^^^^^^^^^^^^^^^^^^^^^^^^^^^^^^^^^^^^^^^^^^^^^^^^^
urllib3.exceptions.MaxRetryError: HTTPConnectionPool(host='localhost', port=8082): Max retries exceeded with url: /v1/documents (Caused by NewConnectionError("HTTPConnection(host='localhost', port=8082): Failed to establish a new connection: [Errno 111] Connection refused"))

During handling of the above exception, another exception occurred:

Traceback (most recent call last):
  File "/u/bglq/projects/rag/rag-refactor/deploy/singularity/scripts/ingest_collections.py", line 446, in ingest_collection
    task_id = client.upload_batch(batch, result.collection_name, chunk_size, chunk_overlap)
  File "/u/bglq/projects/rag/rag-refactor/deploy/singularity/scripts/ingest_collections.py", line 282, in upload_batch
    resp = requests.post(url, files=files_form, timeout=300)
  File "/usr/local/lib/python3.14/site-packages/requests/api.py", line 115, in post
    return request("post", url, data=data, json=json, **kwargs)
  File "/usr/local/lib/python3.14/site-packages/requests/api.py", line 59, in request
    return session.request(method=method, url=url, **kwargs)
           ~~~~~~~~~~~~~~~^^^^^^^^^^^^^^^^^^^^^^^^^^^^^^^^^^
  File "/usr/local/lib/python3.14/site-packages/requests/sessions.py", line 589, in request
    resp = self.send(prep, **send_kwargs)
  File "/usr/local/lib/python3.14/site-packages/requests/sessions.py", line 703, in send
    r = adapter.send(request, **kwargs)
  File "/usr/local/lib/python3.14/site-packages/requests/adapters.py", line 677, in send
    raise ConnectionError(e, request=request)
requests.exceptions.ConnectionError: HTTPConnectionPool(host='localhost', port=8082): Max retries exceeded with url: /v1/documents (Caused by NewConnectionError("HTTPConnection(host='localhost', port=8082): Failed to establish a new connection: [Errno 111] Connection refused"))
2026-02-27 16:45:34 | INFO     | --- batch 9/16 (16 files) ---
2026-02-27 16:45:34 | DEBUG    |   Files: DW0026_IMAGE2024_SeismicInversionwithImplicitNeuralRepresentations.pdf, DW0028_IMAGE2024_DiffusionRegularizationMultiParameterNearSurfaceElasticFWI.pdf, DW0029_IMAGE2024_PhysicsInformedFWIUsingLearnedWavefieldSolutions.pdf, DW0031_IMAGE2024_TransformerbasedNetworkEfficientGroundRollSuppression.pdf, DW0032_IMAGE2024_DeepLearningBased3DMicroseismicEventDirectLocationUsingSimultaneousSurfaceAndBoreholeDataUtahFORGE.pdf, DW0036_IMAGE2024_Seis2RockRegularization.pdf, DW0041_IMAGE2024_MulticonditionalSeismicVelocitySynthesisUsingAutoregressiveTransformerNetwork.pdf, DW0042_IMAGE2024_SiameseNetworkBasedFWIRealData.pdf, DW0046_IMAGE2024_UnsupervisedMultiStageDLNetworkSeismicDataDenoising.pdf, DW0047_IMAGE2024_LeastSquaresRTMattenuatingTTImedia.pdf, DW0048_IMAGE2024_UnitConstrainedDataDrivenDiscoveryWaveEquation.pdf, DW0049_IMAGE2024_SeismicResolutionEnhancementSelfSupervisedLearning.pdf, DW0050_IMAGE2024_WavenumberAwareDiffusionSamplingRegularizeMultiParameterElasticFWI.pdf, DW0051_IMAGE2024_ConditionalImagePriorforUncertaintyQuantificationinFWI.pdf, DW0052_IMAGE2024_APriorRegularized3DFWIUsing2DGenerativeDiffusionModels.pdf, DeepWave Consortium - 2024 Mid-year Meeting Agenda.pdf
2026-02-27 16:45:34 | ERROR    | ❌ batch 9/16 (16 files) failed: HTTPConnectionPool(host='localhost', port=8082): Max retries exceeded with url: /v1/documents (Caused by NewConnectionError("HTTPConnection(host='localhost', port=8082): Failed to establish a new connection: [Errno 111] Connection refused"))
Traceback (most recent call last):
  File "/usr/local/lib/python3.14/site-packages/urllib3/connection.py", line 204, in _new_conn
    sock = connection.create_connection(
        (self._dns_host, self.port),
    ...<2 lines>...
        socket_options=self.socket_options,
    )
  File "/usr/local/lib/python3.14/site-packages/urllib3/util/connection.py", line 85, in create_connection
    raise err
  File "/usr/local/lib/python3.14/site-packages/urllib3/util/connection.py", line 73, in create_connection
    sock.connect(sa)
    ~~~~~~~~~~~~^^^^
ConnectionRefusedError: [Errno 111] Connection refused

The above exception was the direct cause of the following exception:

Traceback (most recent call last):
  File "/usr/local/lib/python3.14/site-packages/urllib3/connectionpool.py", line 787, in urlopen
    response = self._make_request(
        conn,
    ...<10 lines>...
        **response_kw,
    )
  File "/usr/local/lib/python3.14/site-packages/urllib3/connectionpool.py", line 493, in _make_request
    conn.request(
    ~~~~~~~~~~~~^
        method,
        ^^^^^^^
    ...<6 lines>...
        enforce_content_length=enforce_content_length,
        ^^^^^^^^^^^^^^^^^^^^^^^^^^^^^^^^^^^^^^^^^^^^^^
    )
    ^
  File "/usr/local/lib/python3.14/site-packages/urllib3/connection.py", line 500, in request
    self.endheaders()
    ~~~~~~~~~~~~~~~^^
  File "/usr/local/lib/python3.14/http/client.py", line 1353, in endheaders
    self._send_output(message_body, encode_chunked=encode_chunked)
    ~~~~~~~~~~~~~~~~~^^^^^^^^^^^^^^^^^^^^^^^^^^^^^^^^^^^^^^^^^^^^^
  File "/usr/local/lib/python3.14/http/client.py", line 1113, in _send_output
    self.send(msg)
    ~~~~~~~~~^^^^^
  File "/usr/local/lib/python3.14/http/client.py", line 1057, in send
    self.connect()
    ~~~~~~~~~~~~^^
  File "/usr/local/lib/python3.14/site-packages/urllib3/connection.py", line 331, in connect
    self.sock = self._new_conn()
                ~~~~~~~~~~~~~~^^
  File "/usr/local/lib/python3.14/site-packages/urllib3/connection.py", line 219, in _new_conn
    raise NewConnectionError(
        self, f"Failed to establish a new connection: {e}"
    ) from e
urllib3.exceptions.NewConnectionError: HTTPConnection(host='localhost', port=8082): Failed to establish a new connection: [Errno 111] Connection refused

The above exception was the direct cause of the following exception:

Traceback (most recent call last):
  File "/usr/local/lib/python3.14/site-packages/requests/adapters.py", line 644, in send
    resp = conn.urlopen(
        method=request.method,
    ...<9 lines>...
        chunked=chunked,
    )
  File "/usr/local/lib/python3.14/site-packages/urllib3/connectionpool.py", line 841, in urlopen
    retries = retries.increment(
        method, url, error=new_e, _pool=self, _stacktrace=sys.exc_info()[2]
    )
  File "/usr/local/lib/python3.14/site-packages/urllib3/util/retry.py", line 535, in increment
    raise MaxRetryError(_pool, url, reason) from reason  # type: ignore[arg-type]
    ^^^^^^^^^^^^^^^^^^^^^^^^^^^^^^^^^^^^^^^^^^^^^^^^^^^
urllib3.exceptions.MaxRetryError: HTTPConnectionPool(host='localhost', port=8082): Max retries exceeded with url: /v1/documents (Caused by NewConnectionError("HTTPConnection(host='localhost', port=8082): Failed to establish a new connection: [Errno 111] Connection refused"))

During handling of the above exception, another exception occurred:

Traceback (most recent call last):
  File "/u/bglq/projects/rag/rag-refactor/deploy/singularity/scripts/ingest_collections.py", line 446, in ingest_collection
    task_id = client.upload_batch(batch, result.collection_name, chunk_size, chunk_overlap)
  File "/u/bglq/projects/rag/rag-refactor/deploy/singularity/scripts/ingest_collections.py", line 282, in upload_batch
    resp = requests.post(url, files=files_form, timeout=300)
  File "/usr/local/lib/python3.14/site-packages/requests/api.py", line 115, in post
    return request("post", url, data=data, json=json, **kwargs)
  File "/usr/local/lib/python3.14/site-packages/requests/api.py", line 59, in request
    return session.request(method=method, url=url, **kwargs)
           ~~~~~~~~~~~~~~~^^^^^^^^^^^^^^^^^^^^^^^^^^^^^^^^^^
  File "/usr/local/lib/python3.14/site-packages/requests/sessions.py", line 589, in request
    resp = self.send(prep, **send_kwargs)
  File "/usr/local/lib/python3.14/site-packages/requests/sessions.py", line 703, in send
    r = adapter.send(request, **kwargs)
  File "/usr/local/lib/python3.14/site-packages/requests/adapters.py", line 677, in send
    raise ConnectionError(e, request=request)
requests.exceptions.ConnectionError: HTTPConnectionPool(host='localhost', port=8082): Max retries exceeded with url: /v1/documents (Caused by NewConnectionError("HTTPConnection(host='localhost', port=8082): Failed to establish a new connection: [Errno 111] Connection refused"))
2026-02-27 16:45:34 | INFO     | --- batch 10/16 (16 files) ---
2026-02-27 16:45:34 | DEBUG    |   Files: 1.1. 3D Microseismic Event Direct Location with 3-Component Surface and Borehole Data.pdf, 1.2 An efficient approach to uncertainty quantification for deep learning based microseismic source location.pdf, 1.3 DL for Moment tensor determination from surface arrays.pdf, 2.1 Harnessing Transformers for various seismic applications - land data processing and velocity model building.pdf, 2.2 Local slope guided seismic signal separation with Physics Informed Neural Networks.pdf, 2.3 Distributed Acoustic Sensing Data Denoising Using a Guided Unsupervised Deep Learning Network.pdf, 3.1 Learned frequency-domain scattered wavefield solutions using neural operator and physics-informed waveform inversion.pdf, 3.2 SDeblend3D - Leveraging self-supervised, blind-spot deep denoisers for 3D seismic deblending.pdf, 3.3 SSL Meta-Processin - A self-supervised learning framework for multi-tasks seismic processing.pdf, 4.1 Integrating new regularization strategies in Seis2Rock-based petrophysical inversion.pdf, 4.2 4D-IntraSeismic - Simultaneous 4D seismic inversion with coordinate-based learning.pdf, 5.1 Learned regularizations for multi-parameter elastic full waveform inversion using diffusion models.pdf, 5.2 DeepWave_ConditionalDiffusionFWI_FuWang.pdf, 5.3 A deep learning-based inverse Hessian for Full Waveform Inversion - Application to the Volve data.pdf, 5.4 Integrating U-Nets Into a Multiscale Full-Waveform Inversion for Salt Body Building - A Challenging Case.pdf, DW0021_DeepFWIHessianOnVolveData.pdf
2026-02-27 16:45:35 | ERROR    | ❌ batch 10/16 (16 files) failed: HTTPConnectionPool(host='localhost', port=8082): Max retries exceeded with url: /v1/documents (Caused by NewConnectionError("HTTPConnection(host='localhost', port=8082): Failed to establish a new connection: [Errno 111] Connection refused"))
Traceback (most recent call last):
  File "/usr/local/lib/python3.14/site-packages/urllib3/connection.py", line 204, in _new_conn
    sock = connection.create_connection(
        (self._dns_host, self.port),
    ...<2 lines>...
        socket_options=self.socket_options,
    )
  File "/usr/local/lib/python3.14/site-packages/urllib3/util/connection.py", line 85, in create_connection
    raise err
  File "/usr/local/lib/python3.14/site-packages/urllib3/util/connection.py", line 73, in create_connection
    sock.connect(sa)
    ~~~~~~~~~~~~^^^^
ConnectionRefusedError: [Errno 111] Connection refused

The above exception was the direct cause of the following exception:

Traceback (most recent call last):
  File "/usr/local/lib/python3.14/site-packages/urllib3/connectionpool.py", line 787, in urlopen
    response = self._make_request(
        conn,
    ...<10 lines>...
        **response_kw,
    )
  File "/usr/local/lib/python3.14/site-packages/urllib3/connectionpool.py", line 493, in _make_request
    conn.request(
    ~~~~~~~~~~~~^
        method,
        ^^^^^^^
    ...<6 lines>...
        enforce_content_length=enforce_content_length,
        ^^^^^^^^^^^^^^^^^^^^^^^^^^^^^^^^^^^^^^^^^^^^^^
    )
    ^
  File "/usr/local/lib/python3.14/site-packages/urllib3/connection.py", line 500, in request
    self.endheaders()
    ~~~~~~~~~~~~~~~^^
  File "/usr/local/lib/python3.14/http/client.py", line 1353, in endheaders
    self._send_output(message_body, encode_chunked=encode_chunked)
    ~~~~~~~~~~~~~~~~~^^^^^^^^^^^^^^^^^^^^^^^^^^^^^^^^^^^^^^^^^^^^^
  File "/usr/local/lib/python3.14/http/client.py", line 1113, in _send_output
    self.send(msg)
    ~~~~~~~~~^^^^^
  File "/usr/local/lib/python3.14/http/client.py", line 1057, in send
    self.connect()
    ~~~~~~~~~~~~^^
  File "/usr/local/lib/python3.14/site-packages/urllib3/connection.py", line 331, in connect
    self.sock = self._new_conn()
                ~~~~~~~~~~~~~~^^
  File "/usr/local/lib/python3.14/site-packages/urllib3/connection.py", line 219, in _new_conn
    raise NewConnectionError(
        self, f"Failed to establish a new connection: {e}"
    ) from e
urllib3.exceptions.NewConnectionError: HTTPConnection(host='localhost', port=8082): Failed to establish a new connection: [Errno 111] Connection refused

The above exception was the direct cause of the following exception:

Traceback (most recent call last):
  File "/usr/local/lib/python3.14/site-packages/requests/adapters.py", line 644, in send
    resp = conn.urlopen(
        method=request.method,
    ...<9 lines>...
        chunked=chunked,
    )
  File "/usr/local/lib/python3.14/site-packages/urllib3/connectionpool.py", line 841, in urlopen
    retries = retries.increment(
        method, url, error=new_e, _pool=self, _stacktrace=sys.exc_info()[2]
    )
  File "/usr/local/lib/python3.14/site-packages/urllib3/util/retry.py", line 535, in increment
    raise MaxRetryError(_pool, url, reason) from reason  # type: ignore[arg-type]
    ^^^^^^^^^^^^^^^^^^^^^^^^^^^^^^^^^^^^^^^^^^^^^^^^^^^
urllib3.exceptions.MaxRetryError: HTTPConnectionPool(host='localhost', port=8082): Max retries exceeded with url: /v1/documents (Caused by NewConnectionError("HTTPConnection(host='localhost', port=8082): Failed to establish a new connection: [Errno 111] Connection refused"))

During handling of the above exception, another exception occurred:

Traceback (most recent call last):
  File "/u/bglq/projects/rag/rag-refactor/deploy/singularity/scripts/ingest_collections.py", line 446, in ingest_collection
    task_id = client.upload_batch(batch, result.collection_name, chunk_size, chunk_overlap)
  File "/u/bglq/projects/rag/rag-refactor/deploy/singularity/scripts/ingest_collections.py", line 282, in upload_batch
    resp = requests.post(url, files=files_form, timeout=300)
  File "/usr/local/lib/python3.14/site-packages/requests/api.py", line 115, in post
    return request("post", url, data=data, json=json, **kwargs)
  File "/usr/local/lib/python3.14/site-packages/requests/api.py", line 59, in request
    return session.request(method=method, url=url, **kwargs)
           ~~~~~~~~~~~~~~~^^^^^^^^^^^^^^^^^^^^^^^^^^^^^^^^^^
  File "/usr/local/lib/python3.14/site-packages/requests/sessions.py", line 589, in request
    resp = self.send(prep, **send_kwargs)
  File "/usr/local/lib/python3.14/site-packages/requests/sessions.py", line 703, in send
    r = adapter.send(request, **kwargs)
  File "/usr/local/lib/python3.14/site-packages/requests/adapters.py", line 677, in send
    raise ConnectionError(e, request=request)
requests.exceptions.ConnectionError: HTTPConnectionPool(host='localhost', port=8082): Max retries exceeded with url: /v1/documents (Caused by NewConnectionError("HTTPConnection(host='localhost', port=8082): Failed to establish a new connection: [Errno 111] Connection refused"))
2026-02-27 16:45:35 | INFO     | --- batch 11/16 (16 files) ---
2026-02-27 16:45:35 | DEBUG    |   Files: DW0029_NeuralFWI.pdf, DW0035_SlopeAssistedGroundRollRemovalAndSignalSeparationWithPINNs.pdf, DW0042_SiameseFWI.pdf, DW0046_SelfSupervisedMultiStageDLNetworkForSeismicDataDenoising.pdf, DW0047_GenerativeFoundationModelForAll-in-oneSeismicProcessingFramework.pdf, DW0055_B_IntraSeismic.pdf, DW0058_Annealed_SVGD_FWI.pdf, DW0059_LatentRepresentationLearningInPhysicsInformedNeuralNetworksForFWI.pdf, DW0060_FreqSiameseFWI.pdf, DW0061_DiffusionIP.pdf, Deepwave at AkerBP - Inversion.pptx, Deepwave at AkerBP - Processing.pptx, DW0047_EAGE2025_MultitaskSeismicProcessingUsingGenerativeDiffusionModels.pdf, DW0053_EAGE2025_DL-BasedTimeShiftEstimationForFWI.pdf, DW0063_EAGE2025_MultichannelWavefieldReconSlopeAssistedPINNs.pdf, DW0064_EAGE2025_GenerativeNeuralOperatorForSeismicWavefieldRepresentation.pdf
2026-02-27 16:45:37 | ERROR    | ❌ batch 11/16 (16 files) failed: HTTPConnectionPool(host='localhost', port=8082): Max retries exceeded with url: /v1/documents (Caused by NewConnectionError("HTTPConnection(host='localhost', port=8082): Failed to establish a new connection: [Errno 111] Connection refused"))
Traceback (most recent call last):
  File "/usr/local/lib/python3.14/site-packages/urllib3/connection.py", line 204, in _new_conn
    sock = connection.create_connection(
        (self._dns_host, self.port),
    ...<2 lines>...
        socket_options=self.socket_options,
    )
  File "/usr/local/lib/python3.14/site-packages/urllib3/util/connection.py", line 85, in create_connection
    raise err
  File "/usr/local/lib/python3.14/site-packages/urllib3/util/connection.py", line 73, in create_connection
    sock.connect(sa)
    ~~~~~~~~~~~~^^^^
ConnectionRefusedError: [Errno 111] Connection refused

The above exception was the direct cause of the following exception:

Traceback (most recent call last):
  File "/usr/local/lib/python3.14/site-packages/urllib3/connectionpool.py", line 787, in urlopen
    response = self._make_request(
        conn,
    ...<10 lines>...
        **response_kw,
    )
  File "/usr/local/lib/python3.14/site-packages/urllib3/connectionpool.py", line 493, in _make_request
    conn.request(
    ~~~~~~~~~~~~^
        method,
        ^^^^^^^
    ...<6 lines>...
        enforce_content_length=enforce_content_length,
        ^^^^^^^^^^^^^^^^^^^^^^^^^^^^^^^^^^^^^^^^^^^^^^
    )
    ^
  File "/usr/local/lib/python3.14/site-packages/urllib3/connection.py", line 500, in request
    self.endheaders()
    ~~~~~~~~~~~~~~~^^
  File "/usr/local/lib/python3.14/http/client.py", line 1353, in endheaders
    self._send_output(message_body, encode_chunked=encode_chunked)
    ~~~~~~~~~~~~~~~~~^^^^^^^^^^^^^^^^^^^^^^^^^^^^^^^^^^^^^^^^^^^^^
  File "/usr/local/lib/python3.14/http/client.py", line 1113, in _send_output
    self.send(msg)
    ~~~~~~~~~^^^^^
  File "/usr/local/lib/python3.14/http/client.py", line 1057, in send
    self.connect()
    ~~~~~~~~~~~~^^
  File "/usr/local/lib/python3.14/site-packages/urllib3/connection.py", line 331, in connect
    self.sock = self._new_conn()
                ~~~~~~~~~~~~~~^^
  File "/usr/local/lib/python3.14/site-packages/urllib3/connection.py", line 219, in _new_conn
    raise NewConnectionError(
        self, f"Failed to establish a new connection: {e}"
    ) from e
urllib3.exceptions.NewConnectionError: HTTPConnection(host='localhost', port=8082): Failed to establish a new connection: [Errno 111] Connection refused

The above exception was the direct cause of the following exception:

Traceback (most recent call last):
  File "/usr/local/lib/python3.14/site-packages/requests/adapters.py", line 644, in send
    resp = conn.urlopen(
        method=request.method,
    ...<9 lines>...
        chunked=chunked,
    )
  File "/usr/local/lib/python3.14/site-packages/urllib3/connectionpool.py", line 841, in urlopen
    retries = retries.increment(
        method, url, error=new_e, _pool=self, _stacktrace=sys.exc_info()[2]
    )
  File "/usr/local/lib/python3.14/site-packages/urllib3/util/retry.py", line 535, in increment
    raise MaxRetryError(_pool, url, reason) from reason  # type: ignore[arg-type]
    ^^^^^^^^^^^^^^^^^^^^^^^^^^^^^^^^^^^^^^^^^^^^^^^^^^^
urllib3.exceptions.MaxRetryError: HTTPConnectionPool(host='localhost', port=8082): Max retries exceeded with url: /v1/documents (Caused by NewConnectionError("HTTPConnection(host='localhost', port=8082): Failed to establish a new connection: [Errno 111] Connection refused"))

During handling of the above exception, another exception occurred:

Traceback (most recent call last):
  File "/u/bglq/projects/rag/rag-refactor/deploy/singularity/scripts/ingest_collections.py", line 446, in ingest_collection
    task_id = client.upload_batch(batch, result.collection_name, chunk_size, chunk_overlap)
  File "/u/bglq/projects/rag/rag-refactor/deploy/singularity/scripts/ingest_collections.py", line 282, in upload_batch
    resp = requests.post(url, files=files_form, timeout=300)
  File "/usr/local/lib/python3.14/site-packages/requests/api.py", line 115, in post
    return request("post", url, data=data, json=json, **kwargs)
  File "/usr/local/lib/python3.14/site-packages/requests/api.py", line 59, in request
    return session.request(method=method, url=url, **kwargs)
           ~~~~~~~~~~~~~~~^^^^^^^^^^^^^^^^^^^^^^^^^^^^^^^^^^
  File "/usr/local/lib/python3.14/site-packages/requests/sessions.py", line 589, in request
    resp = self.send(prep, **send_kwargs)
  File "/usr/local/lib/python3.14/site-packages/requests/sessions.py", line 703, in send
    r = adapter.send(request, **kwargs)
  File "/usr/local/lib/python3.14/site-packages/requests/adapters.py", line 677, in send
    raise ConnectionError(e, request=request)
requests.exceptions.ConnectionError: HTTPConnectionPool(host='localhost', port=8082): Max retries exceeded with url: /v1/documents (Caused by NewConnectionError("HTTPConnection(host='localhost', port=8082): Failed to establish a new connection: [Errno 111] Connection refused"))
2026-02-27 16:45:37 | INFO     | --- batch 12/16 (16 files) ---
2026-02-27 16:45:37 | DEBUG    |   Files: DW0065_EAGE2025_SiameseLSRTM.pdf, DW0066_EAGE2025_ImplicitFWIwithEnergyWeightedGradient.pdf, DW0067_EAGE2025_MultiresolutionHashEncodingForHighResImplicitFWI.pdf, DW0068_EAGE2025_LatentDiffusionModelBasedImagingConditionforMicroseismicEventLocation.pdf, DW0069_EAGE2025_JointInversionOfVelocityAndSourceParametersInMicroseismicFWI.pdf, DW0070_EAGE2025_MicroseismicEventLocalizationUsingConditionalDiffusionModel.pdf, DW0071_EAGE2025_AcceleratingMarchenkoImagingViaSelfsupervisedFocusingFunctionPrediction.pdf, DW0072_EAGE2025_ConditionalDiffusionModelForCO2MonitoringAndForecastingInHeterogeneousGeologicalFormations.pdf, DW0073_EAGE2025_SelfSupervisedNearSurfaceScatteringDenoisingWithGaborUNetAndImplicitSlopeRepresentation.pdf, DW0074_EAGE2025_ConditionalImagePriorWithSteinVariationalGradientDescentForUncertaintyQuantificationInFWI.pdf, DW0075_EAGE2025_SynthesizingRealisticScaleSeismicVelocityModelsUsingSpatiallyAwareGenerativeModel.pdf, DW0076_EAGE2025_ConditionallyGuidedDiffusionSamplingForEnhancedNorthVikingGrabenVelocityModelBuilding.pdf, DW0076_EAGE2025_Efficient3DVelocityModelBuildingUsingConditionalGenerativeDiffusionThroughReconstructionGuidance.pdf, DW0077_EAGE2025_FWIwithCNN-DrivenVelocityRefinement.pdf, DW0079_EAGE2025_TestingTheAbilityOfCrossWellImagingForMonitoringCO2Plumes.pdf, DW0080_EAGE2025_VelocityGPTxStorSeismic.pdf
2026-02-27 16:45:38 | ERROR    | ❌ batch 12/16 (16 files) failed: HTTPConnectionPool(host='localhost', port=8082): Max retries exceeded with url: /v1/documents (Caused by NewConnectionError("HTTPConnection(host='localhost', port=8082): Failed to establish a new connection: [Errno 111] Connection refused"))
Traceback (most recent call last):
  File "/usr/local/lib/python3.14/site-packages/urllib3/connection.py", line 204, in _new_conn
    sock = connection.create_connection(
        (self._dns_host, self.port),
    ...<2 lines>...
        socket_options=self.socket_options,
    )
  File "/usr/local/lib/python3.14/site-packages/urllib3/util/connection.py", line 85, in create_connection
    raise err
  File "/usr/local/lib/python3.14/site-packages/urllib3/util/connection.py", line 73, in create_connection
    sock.connect(sa)
    ~~~~~~~~~~~~^^^^
ConnectionRefusedError: [Errno 111] Connection refused

The above exception was the direct cause of the following exception:

Traceback (most recent call last):
  File "/usr/local/lib/python3.14/site-packages/urllib3/connectionpool.py", line 787, in urlopen
    response = self._make_request(
        conn,
    ...<10 lines>...
        **response_kw,
    )
  File "/usr/local/lib/python3.14/site-packages/urllib3/connectionpool.py", line 493, in _make_request
    conn.request(
    ~~~~~~~~~~~~^
        method,
        ^^^^^^^
    ...<6 lines>...
        enforce_content_length=enforce_content_length,
        ^^^^^^^^^^^^^^^^^^^^^^^^^^^^^^^^^^^^^^^^^^^^^^
    )
    ^
  File "/usr/local/lib/python3.14/site-packages/urllib3/connection.py", line 500, in request
    self.endheaders()
    ~~~~~~~~~~~~~~~^^
  File "/usr/local/lib/python3.14/http/client.py", line 1353, in endheaders
    self._send_output(message_body, encode_chunked=encode_chunked)
    ~~~~~~~~~~~~~~~~~^^^^^^^^^^^^^^^^^^^^^^^^^^^^^^^^^^^^^^^^^^^^^
  File "/usr/local/lib/python3.14/http/client.py", line 1113, in _send_output
    self.send(msg)
    ~~~~~~~~~^^^^^
  File "/usr/local/lib/python3.14/http/client.py", line 1057, in send
    self.connect()
    ~~~~~~~~~~~~^^
  File "/usr/local/lib/python3.14/site-packages/urllib3/connection.py", line 331, in connect
    self.sock = self._new_conn()
                ~~~~~~~~~~~~~~^^
  File "/usr/local/lib/python3.14/site-packages/urllib3/connection.py", line 219, in _new_conn
    raise NewConnectionError(
        self, f"Failed to establish a new connection: {e}"
    ) from e
urllib3.exceptions.NewConnectionError: HTTPConnection(host='localhost', port=8082): Failed to establish a new connection: [Errno 111] Connection refused

The above exception was the direct cause of the following exception:

Traceback (most recent call last):
  File "/usr/local/lib/python3.14/site-packages/requests/adapters.py", line 644, in send
    resp = conn.urlopen(
        method=request.method,
    ...<9 lines>...
        chunked=chunked,
    )
  File "/usr/local/lib/python3.14/site-packages/urllib3/connectionpool.py", line 841, in urlopen
    retries = retries.increment(
        method, url, error=new_e, _pool=self, _stacktrace=sys.exc_info()[2]
    )
  File "/usr/local/lib/python3.14/site-packages/urllib3/util/retry.py", line 535, in increment
    raise MaxRetryError(_pool, url, reason) from reason  # type: ignore[arg-type]
    ^^^^^^^^^^^^^^^^^^^^^^^^^^^^^^^^^^^^^^^^^^^^^^^^^^^
urllib3.exceptions.MaxRetryError: HTTPConnectionPool(host='localhost', port=8082): Max retries exceeded with url: /v1/documents (Caused by NewConnectionError("HTTPConnection(host='localhost', port=8082): Failed to establish a new connection: [Errno 111] Connection refused"))

During handling of the above exception, another exception occurred:

Traceback (most recent call last):
  File "/u/bglq/projects/rag/rag-refactor/deploy/singularity/scripts/ingest_collections.py", line 446, in ingest_collection
    task_id = client.upload_batch(batch, result.collection_name, chunk_size, chunk_overlap)
  File "/u/bglq/projects/rag/rag-refactor/deploy/singularity/scripts/ingest_collections.py", line 282, in upload_batch
    resp = requests.post(url, files=files_form, timeout=300)
  File "/usr/local/lib/python3.14/site-packages/requests/api.py", line 115, in post
    return request("post", url, data=data, json=json, **kwargs)
  File "/usr/local/lib/python3.14/site-packages/requests/api.py", line 59, in request
    return session.request(method=method, url=url, **kwargs)
           ~~~~~~~~~~~~~~~^^^^^^^^^^^^^^^^^^^^^^^^^^^^^^^^^^
  File "/usr/local/lib/python3.14/site-packages/requests/sessions.py", line 589, in request
    resp = self.send(prep, **send_kwargs)
  File "/usr/local/lib/python3.14/site-packages/requests/sessions.py", line 703, in send
    r = adapter.send(request, **kwargs)
  File "/usr/local/lib/python3.14/site-packages/requests/adapters.py", line 677, in send
    raise ConnectionError(e, request=request)
requests.exceptions.ConnectionError: HTTPConnectionPool(host='localhost', port=8082): Max retries exceeded with url: /v1/documents (Caused by NewConnectionError("HTTPConnection(host='localhost', port=8082): Failed to establish a new connection: [Errno 111] Connection refused"))
2026-02-27 16:45:38 | INFO     | --- batch 13/16 (16 files) ---
2026-02-27 16:45:38 | DEBUG    |   Files: DW0081_EAGE2025_MicroseismicSourceInversionBasedOnNeuralOperatorwithPhysicsConstrain.pdf, DW0082_EAGE2025_RobustFWI-ImagingByUsingDiffusionModelRegularization.pdf, DW0083_EAGE2025_MultichannelWavefieldReconstructionOfLandSeismicDataUsingStencilBasedSpatialGradients.pdf, DW0084_EAGE2025_SimultaneousLocalizationAndMomentTensorInversionOfMicroseismicEventsUsingCNN.pdf, DW0085_EAGE2025_SelfSupervisedFreeSurfaceMultipleSuppression.pdf, DW0063_IMAGE2025_ATransferLearningApproachToMultichannelWavefieldReconstructionWithPINNs.pdf, DW0068_IMAGE2025_Real-timeMicroseismicEventLocationUsingaLatentDiffusionModel.pdf, DW0072_IMAGE2025_TowardsGenerativeModelingofCO2GeologicalStorageWithLatentConditionalDiffusionModels.pdf, DW0075_IMAGE2025_VelocityModelBuildingWithUncertaintyQuantificationUsingaMulti-modalAGN.pdf, DW0077_IMAGE2025_FWIwithCNNBasedVelocityRepresentationExtensionFieldDataApplication.pdf, DW0078_IMAGE2025_ApplicationOfSiameseNeuralNetworkForMulti-parameterElasticFWI.pdf, DW0082_IMAGE2025_BalancingWavenumberContentinFWIImagingDiffusionRegularization.pdf, DW0086_IMAGE2025_AcceleratingSeismicWavefieldRepresentationViaLatentDiffusion-initializedPINNs.pdf, DW0087_IMAGE2025_Separation-PINNSeismicP-andS-wavesModeSeparationWithPINNs.pdf, DW0088_IMAGE2025_PhysicsInformedNeuralOperatorforLearningHelmholtzEquationInMicroseismicApplication.pdf, DW0089_IMAGE2025_AcceleratingUpside-downRayleigh-MarchenkoImagingUsingSelf-SupervisedLearning.pdf
2026-02-27 16:45:38 | ERROR    | ❌ batch 13/16 (16 files) failed: HTTPConnectionPool(host='localhost', port=8082): Max retries exceeded with url: /v1/documents (Caused by NewConnectionError("HTTPConnection(host='localhost', port=8082): Failed to establish a new connection: [Errno 111] Connection refused"))
Traceback (most recent call last):
  File "/usr/local/lib/python3.14/site-packages/urllib3/connection.py", line 204, in _new_conn
    sock = connection.create_connection(
        (self._dns_host, self.port),
    ...<2 lines>...
        socket_options=self.socket_options,
    )
  File "/usr/local/lib/python3.14/site-packages/urllib3/util/connection.py", line 85, in create_connection
    raise err
  File "/usr/local/lib/python3.14/site-packages/urllib3/util/connection.py", line 73, in create_connection
    sock.connect(sa)
    ~~~~~~~~~~~~^^^^
ConnectionRefusedError: [Errno 111] Connection refused

The above exception was the direct cause of the following exception:

Traceback (most recent call last):
  File "/usr/local/lib/python3.14/site-packages/urllib3/connectionpool.py", line 787, in urlopen
    response = self._make_request(
        conn,
    ...<10 lines>...
        **response_kw,
    )
  File "/usr/local/lib/python3.14/site-packages/urllib3/connectionpool.py", line 493, in _make_request
    conn.request(
    ~~~~~~~~~~~~^
        method,
        ^^^^^^^
    ...<6 lines>...
        enforce_content_length=enforce_content_length,
        ^^^^^^^^^^^^^^^^^^^^^^^^^^^^^^^^^^^^^^^^^^^^^^
    )
    ^
  File "/usr/local/lib/python3.14/site-packages/urllib3/connection.py", line 500, in request
    self.endheaders()
    ~~~~~~~~~~~~~~~^^
  File "/usr/local/lib/python3.14/http/client.py", line 1353, in endheaders
    self._send_output(message_body, encode_chunked=encode_chunked)
    ~~~~~~~~~~~~~~~~~^^^^^^^^^^^^^^^^^^^^^^^^^^^^^^^^^^^^^^^^^^^^^
  File "/usr/local/lib/python3.14/http/client.py", line 1113, in _send_output
    self.send(msg)
    ~~~~~~~~~^^^^^
  File "/usr/local/lib/python3.14/http/client.py", line 1057, in send
    self.connect()
    ~~~~~~~~~~~~^^
  File "/usr/local/lib/python3.14/site-packages/urllib3/connection.py", line 331, in connect
    self.sock = self._new_conn()
                ~~~~~~~~~~~~~~^^
  File "/usr/local/lib/python3.14/site-packages/urllib3/connection.py", line 219, in _new_conn
    raise NewConnectionError(
        self, f"Failed to establish a new connection: {e}"
    ) from e
urllib3.exceptions.NewConnectionError: HTTPConnection(host='localhost', port=8082): Failed to establish a new connection: [Errno 111] Connection refused

The above exception was the direct cause of the following exception:

Traceback (most recent call last):
  File "/usr/local/lib/python3.14/site-packages/requests/adapters.py", line 644, in send
    resp = conn.urlopen(
        method=request.method,
    ...<9 lines>...
        chunked=chunked,
    )
  File "/usr/local/lib/python3.14/site-packages/urllib3/connectionpool.py", line 841, in urlopen
    retries = retries.increment(
        method, url, error=new_e, _pool=self, _stacktrace=sys.exc_info()[2]
    )
  File "/usr/local/lib/python3.14/site-packages/urllib3/util/retry.py", line 535, in increment
    raise MaxRetryError(_pool, url, reason) from reason  # type: ignore[arg-type]
    ^^^^^^^^^^^^^^^^^^^^^^^^^^^^^^^^^^^^^^^^^^^^^^^^^^^
urllib3.exceptions.MaxRetryError: HTTPConnectionPool(host='localhost', port=8082): Max retries exceeded with url: /v1/documents (Caused by NewConnectionError("HTTPConnection(host='localhost', port=8082): Failed to establish a new connection: [Errno 111] Connection refused"))

During handling of the above exception, another exception occurred:

Traceback (most recent call last):
  File "/u/bglq/projects/rag/rag-refactor/deploy/singularity/scripts/ingest_collections.py", line 446, in ingest_collection
    task_id = client.upload_batch(batch, result.collection_name, chunk_size, chunk_overlap)
  File "/u/bglq/projects/rag/rag-refactor/deploy/singularity/scripts/ingest_collections.py", line 282, in upload_batch
    resp = requests.post(url, files=files_form, timeout=300)
  File "/usr/local/lib/python3.14/site-packages/requests/api.py", line 115, in post
    return request("post", url, data=data, json=json, **kwargs)
  File "/usr/local/lib/python3.14/site-packages/requests/api.py", line 59, in request
    return session.request(method=method, url=url, **kwargs)
           ~~~~~~~~~~~~~~~^^^^^^^^^^^^^^^^^^^^^^^^^^^^^^^^^^
  File "/usr/local/lib/python3.14/site-packages/requests/sessions.py", line 589, in request
    resp = self.send(prep, **send_kwargs)
  File "/usr/local/lib/python3.14/site-packages/requests/sessions.py", line 703, in send
    r = adapter.send(request, **kwargs)
  File "/usr/local/lib/python3.14/site-packages/requests/adapters.py", line 677, in send
    raise ConnectionError(e, request=request)
requests.exceptions.ConnectionError: HTTPConnectionPool(host='localhost', port=8082): Max retries exceeded with url: /v1/documents (Caused by NewConnectionError("HTTPConnection(host='localhost', port=8082): Failed to establish a new connection: [Errno 111] Connection refused"))
2026-02-27 16:45:38 | INFO     | --- batch 14/16 (16 files) ---
2026-02-27 16:45:38 | DEBUG    |   Files: DW0090_IMAGE2025_DeepLearningFrameworkForMitigatingCycleSkippingInFWI.pdf, DeepWave Consortium - 2025 Mid-year Meeting Agenda.pdf, 0.0 Meeting Opening remarks.pdf, 1.1 NING Accelerating Marchenko imaging via self-supervised focusing function prediction.pdf, 1.2 B-IntraSeismic - Uncertainty quantification in seismic inversion via implicit neural representations.pdf, 1.3 Multichannel wavefield reconstruction with slope assisted PINNs.pdf, 1.4 A generative foundation model for an all-in-one seismic processing framework.pdf, 2.1 Accelerating implicit neural representation-based FWI.pdf, 2.2 Deep learning-based time shift estimation for Full Waveform Inversion.pdf, 2.3 The Application of Siamese Neural Networks in Multi-Parameter Elastic Full Waveform Inversion.pdf, 2.4 Adaptive Full Waveform Inversion with Deep Learning.pdf, 2.5 IIntegration of CNN-Driven Velocity Refinement in FWI and Siamese Network-Based LSRTM.pdf, 3.0 TheGenerativeAIsponsorMeeting2025.pdf, 3.1 A Conditional Diffusion Model for CO2 Monitoring and Forecasting.pdf, 3.2 A Latent Diffusion Model-Based Imaging Condition for Microseismic Event Location.pdf, 3.3 Advancing Microseismic Monitoring with Deep Learning.pdf
2026-02-27 16:45:39 | ERROR    | ❌ batch 14/16 (16 files) failed: HTTPConnectionPool(host='localhost', port=8082): Max retries exceeded with url: /v1/documents (Caused by NewConnectionError("HTTPConnection(host='localhost', port=8082): Failed to establish a new connection: [Errno 111] Connection refused"))
Traceback (most recent call last):
  File "/usr/local/lib/python3.14/site-packages/urllib3/connection.py", line 204, in _new_conn
    sock = connection.create_connection(
        (self._dns_host, self.port),
    ...<2 lines>...
        socket_options=self.socket_options,
    )
  File "/usr/local/lib/python3.14/site-packages/urllib3/util/connection.py", line 85, in create_connection
    raise err
  File "/usr/local/lib/python3.14/site-packages/urllib3/util/connection.py", line 73, in create_connection
    sock.connect(sa)
    ~~~~~~~~~~~~^^^^
ConnectionRefusedError: [Errno 111] Connection refused

The above exception was the direct cause of the following exception:

Traceback (most recent call last):
  File "/usr/local/lib/python3.14/site-packages/urllib3/connectionpool.py", line 787, in urlopen
    response = self._make_request(
        conn,
    ...<10 lines>...
        **response_kw,
    )
  File "/usr/local/lib/python3.14/site-packages/urllib3/connectionpool.py", line 493, in _make_request
    conn.request(
    ~~~~~~~~~~~~^
        method,
        ^^^^^^^
    ...<6 lines>...
        enforce_content_length=enforce_content_length,
        ^^^^^^^^^^^^^^^^^^^^^^^^^^^^^^^^^^^^^^^^^^^^^^
    )
    ^
  File "/usr/local/lib/python3.14/site-packages/urllib3/connection.py", line 500, in request
    self.endheaders()
    ~~~~~~~~~~~~~~~^^
  File "/usr/local/lib/python3.14/http/client.py", line 1353, in endheaders
    self._send_output(message_body, encode_chunked=encode_chunked)
    ~~~~~~~~~~~~~~~~~^^^^^^^^^^^^^^^^^^^^^^^^^^^^^^^^^^^^^^^^^^^^^
  File "/usr/local/lib/python3.14/http/client.py", line 1113, in _send_output
    self.send(msg)
    ~~~~~~~~~^^^^^
  File "/usr/local/lib/python3.14/http/client.py", line 1057, in send
    self.connect()
    ~~~~~~~~~~~~^^
  File "/usr/local/lib/python3.14/site-packages/urllib3/connection.py", line 331, in connect
    self.sock = self._new_conn()
                ~~~~~~~~~~~~~~^^
  File "/usr/local/lib/python3.14/site-packages/urllib3/connection.py", line 219, in _new_conn
    raise NewConnectionError(
        self, f"Failed to establish a new connection: {e}"
    ) from e
urllib3.exceptions.NewConnectionError: HTTPConnection(host='localhost', port=8082): Failed to establish a new connection: [Errno 111] Connection refused

The above exception was the direct cause of the following exception:

Traceback (most recent call last):
  File "/usr/local/lib/python3.14/site-packages/requests/adapters.py", line 644, in send
    resp = conn.urlopen(
        method=request.method,
    ...<9 lines>...
        chunked=chunked,
    )
  File "/usr/local/lib/python3.14/site-packages/urllib3/connectionpool.py", line 841, in urlopen
    retries = retries.increment(
        method, url, error=new_e, _pool=self, _stacktrace=sys.exc_info()[2]
    )
  File "/usr/local/lib/python3.14/site-packages/urllib3/util/retry.py", line 535, in increment
    raise MaxRetryError(_pool, url, reason) from reason  # type: ignore[arg-type]
    ^^^^^^^^^^^^^^^^^^^^^^^^^^^^^^^^^^^^^^^^^^^^^^^^^^^
urllib3.exceptions.MaxRetryError: HTTPConnectionPool(host='localhost', port=8082): Max retries exceeded with url: /v1/documents (Caused by NewConnectionError("HTTPConnection(host='localhost', port=8082): Failed to establish a new connection: [Errno 111] Connection refused"))

During handling of the above exception, another exception occurred:

Traceback (most recent call last):
  File "/u/bglq/projects/rag/rag-refactor/deploy/singularity/scripts/ingest_collections.py", line 446, in ingest_collection
    task_id = client.upload_batch(batch, result.collection_name, chunk_size, chunk_overlap)
  File "/u/bglq/projects/rag/rag-refactor/deploy/singularity/scripts/ingest_collections.py", line 282, in upload_batch
    resp = requests.post(url, files=files_form, timeout=300)
  File "/usr/local/lib/python3.14/site-packages/requests/api.py", line 115, in post
    return request("post", url, data=data, json=json, **kwargs)
  File "/usr/local/lib/python3.14/site-packages/requests/api.py", line 59, in request
    return session.request(method=method, url=url, **kwargs)
           ~~~~~~~~~~~~~~~^^^^^^^^^^^^^^^^^^^^^^^^^^^^^^^^^^
  File "/usr/local/lib/python3.14/site-packages/requests/sessions.py", line 589, in request
    resp = self.send(prep, **send_kwargs)
  File "/usr/local/lib/python3.14/site-packages/requests/sessions.py", line 703, in send
    r = adapter.send(request, **kwargs)
  File "/usr/local/lib/python3.14/site-packages/requests/adapters.py", line 677, in send
    raise ConnectionError(e, request=request)
requests.exceptions.ConnectionError: HTTPConnectionPool(host='localhost', port=8082): Max retries exceeded with url: /v1/documents (Caused by NewConnectionError("HTTPConnection(host='localhost', port=8082): Failed to establish a new connection: [Errno 111] Connection refused"))
2026-02-27 16:45:39 | INFO     | --- batch 15/16 (16 files) ---
2026-02-27 16:45:39 | DEBUG    |   Files: 3.4 XIAO Source Parameters Determination in Microseismic FWI .pdf, 4.1 Guiding unconditional diffusion models through data reconstruction for high-fidelity velocity model building models.pdf, 4.2 Diffusion as an adaptive regularization during the FWI imaging process.pdf, 4.3 Revolutionizing Velocity Model Building with Autoregressive Generative AI.pdf, 4.4 Generative Models for Salt Body Building Using FWI.pdf, CONTENTS of REPORTS.pdf, DW0001_PnP_SVGD.pdf, DW0012_SSDeblend.pdf, DW0053_DL-BasedTimeShiftEstimationForFWI.pdf, DW0056_EnhancingSeismicDataQualityWithGabor-BasedUnsupervisedDenoisingNear-SurfaceScatteringNoise.pdf, DW0057_IMAGE24_IntegratingU-NetIntoFWInversionForSaltBodyBuilding.pdf, DW0061_DiffusionIP.pdf, DW0062_Meta-LRPINN.pdf, DW0064_Physics-guidedGenerativeNeuralOperatorForSeismicWavefieldSolutions.pdf, DW0071_AcceleratingMarchenkoImagingbySelf-SupervisedPredictionofFocusingFunctions.pdf, DW0078_EnhancingMulti-parameterEFWIwithSiameseNetwork.pdf
2026-02-27 16:45:40 | ERROR    | ❌ batch 15/16 (16 files) failed: HTTPConnectionPool(host='localhost', port=8082): Max retries exceeded with url: /v1/documents (Caused by NewConnectionError("HTTPConnection(host='localhost', port=8082): Failed to establish a new connection: [Errno 111] Connection refused"))
Traceback (most recent call last):
  File "/usr/local/lib/python3.14/site-packages/urllib3/connection.py", line 204, in _new_conn
    sock = connection.create_connection(
        (self._dns_host, self.port),
    ...<2 lines>...
        socket_options=self.socket_options,
    )
  File "/usr/local/lib/python3.14/site-packages/urllib3/util/connection.py", line 85, in create_connection
    raise err
  File "/usr/local/lib/python3.14/site-packages/urllib3/util/connection.py", line 73, in create_connection
    sock.connect(sa)
    ~~~~~~~~~~~~^^^^
ConnectionRefusedError: [Errno 111] Connection refused

The above exception was the direct cause of the following exception:

Traceback (most recent call last):
  File "/usr/local/lib/python3.14/site-packages/urllib3/connectionpool.py", line 787, in urlopen
    response = self._make_request(
        conn,
    ...<10 lines>...
        **response_kw,
    )
  File "/usr/local/lib/python3.14/site-packages/urllib3/connectionpool.py", line 493, in _make_request
    conn.request(
    ~~~~~~~~~~~~^
        method,
        ^^^^^^^
    ...<6 lines>...
        enforce_content_length=enforce_content_length,
        ^^^^^^^^^^^^^^^^^^^^^^^^^^^^^^^^^^^^^^^^^^^^^^
    )
    ^
  File "/usr/local/lib/python3.14/site-packages/urllib3/connection.py", line 500, in request
    self.endheaders()
    ~~~~~~~~~~~~~~~^^
  File "/usr/local/lib/python3.14/http/client.py", line 1353, in endheaders
    self._send_output(message_body, encode_chunked=encode_chunked)
    ~~~~~~~~~~~~~~~~~^^^^^^^^^^^^^^^^^^^^^^^^^^^^^^^^^^^^^^^^^^^^^
  File "/usr/local/lib/python3.14/http/client.py", line 1113, in _send_output
    self.send(msg)
    ~~~~~~~~~^^^^^
  File "/usr/local/lib/python3.14/http/client.py", line 1057, in send
    self.connect()
    ~~~~~~~~~~~~^^
  File "/usr/local/lib/python3.14/site-packages/urllib3/connection.py", line 331, in connect
    self.sock = self._new_conn()
                ~~~~~~~~~~~~~~^^
  File "/usr/local/lib/python3.14/site-packages/urllib3/connection.py", line 219, in _new_conn
    raise NewConnectionError(
        self, f"Failed to establish a new connection: {e}"
    ) from e
urllib3.exceptions.NewConnectionError: HTTPConnection(host='localhost', port=8082): Failed to establish a new connection: [Errno 111] Connection refused

The above exception was the direct cause of the following exception:

Traceback (most recent call last):
  File "/usr/local/lib/python3.14/site-packages/requests/adapters.py", line 644, in send
    resp = conn.urlopen(
        method=request.method,
    ...<9 lines>...
        chunked=chunked,
    )
  File "/usr/local/lib/python3.14/site-packages/urllib3/connectionpool.py", line 841, in urlopen
    retries = retries.increment(
        method, url, error=new_e, _pool=self, _stacktrace=sys.exc_info()[2]
    )
  File "/usr/local/lib/python3.14/site-packages/urllib3/util/retry.py", line 535, in increment
    raise MaxRetryError(_pool, url, reason) from reason  # type: ignore[arg-type]
    ^^^^^^^^^^^^^^^^^^^^^^^^^^^^^^^^^^^^^^^^^^^^^^^^^^^
urllib3.exceptions.MaxRetryError: HTTPConnectionPool(host='localhost', port=8082): Max retries exceeded with url: /v1/documents (Caused by NewConnectionError("HTTPConnection(host='localhost', port=8082): Failed to establish a new connection: [Errno 111] Connection refused"))

During handling of the above exception, another exception occurred:

Traceback (most recent call last):
  File "/u/bglq/projects/rag/rag-refactor/deploy/singularity/scripts/ingest_collections.py", line 446, in ingest_collection
    task_id = client.upload_batch(batch, result.collection_name, chunk_size, chunk_overlap)
  File "/u/bglq/projects/rag/rag-refactor/deploy/singularity/scripts/ingest_collections.py", line 282, in upload_batch
    resp = requests.post(url, files=files_form, timeout=300)
  File "/usr/local/lib/python3.14/site-packages/requests/api.py", line 115, in post
    return request("post", url, data=data, json=json, **kwargs)
  File "/usr/local/lib/python3.14/site-packages/requests/api.py", line 59, in request
    return session.request(method=method, url=url, **kwargs)
           ~~~~~~~~~~~~~~~^^^^^^^^^^^^^^^^^^^^^^^^^^^^^^^^^^
  File "/usr/local/lib/python3.14/site-packages/requests/sessions.py", line 589, in request
    resp = self.send(prep, **send_kwargs)
  File "/usr/local/lib/python3.14/site-packages/requests/sessions.py", line 703, in send
    r = adapter.send(request, **kwargs)
  File "/usr/local/lib/python3.14/site-packages/requests/adapters.py", line 677, in send
    raise ConnectionError(e, request=request)
requests.exceptions.ConnectionError: HTTPConnectionPool(host='localhost', port=8082): Max retries exceeded with url: /v1/documents (Caused by NewConnectionError("HTTPConnection(host='localhost', port=8082): Failed to establish a new connection: [Errno 111] Connection refused"))
2026-02-27 16:45:40 | INFO     | --- batch 16/16 (1 files) ---
2026-02-27 16:45:40 | DEBUG    |   Files: DW0087_SeparationPINNSeismicP-andS-wavesModeSeparationWithPINNs.pdf
2026-02-27 16:45:40 | ERROR    | ❌ batch 16/16 (1 files) failed: HTTPConnectionPool(host='localhost', port=8082): Max retries exceeded with url: /v1/documents (Caused by NewConnectionError("HTTPConnection(host='localhost', port=8082): Failed to establish a new connection: [Errno 111] Connection refused"))
Traceback (most recent call last):
  File "/usr/local/lib/python3.14/site-packages/urllib3/connection.py", line 204, in _new_conn
    sock = connection.create_connection(
        (self._dns_host, self.port),
    ...<2 lines>...
        socket_options=self.socket_options,
    )
  File "/usr/local/lib/python3.14/site-packages/urllib3/util/connection.py", line 85, in create_connection
    raise err
  File "/usr/local/lib/python3.14/site-packages/urllib3/util/connection.py", line 73, in create_connection
    sock.connect(sa)
    ~~~~~~~~~~~~^^^^
ConnectionRefusedError: [Errno 111] Connection refused

The above exception was the direct cause of the following exception:

Traceback (most recent call last):
  File "/usr/local/lib/python3.14/site-packages/urllib3/connectionpool.py", line 787, in urlopen
    response = self._make_request(
        conn,
    ...<10 lines>...
        **response_kw,
    )
  File "/usr/local/lib/python3.14/site-packages/urllib3/connectionpool.py", line 493, in _make_request
    conn.request(
    ~~~~~~~~~~~~^
        method,
        ^^^^^^^
    ...<6 lines>...
        enforce_content_length=enforce_content_length,
        ^^^^^^^^^^^^^^^^^^^^^^^^^^^^^^^^^^^^^^^^^^^^^^
    )
    ^
  File "/usr/local/lib/python3.14/site-packages/urllib3/connection.py", line 500, in request
    self.endheaders()
    ~~~~~~~~~~~~~~~^^
  File "/usr/local/lib/python3.14/http/client.py", line 1353, in endheaders
    self._send_output(message_body, encode_chunked=encode_chunked)
    ~~~~~~~~~~~~~~~~~^^^^^^^^^^^^^^^^^^^^^^^^^^^^^^^^^^^^^^^^^^^^^
  File "/usr/local/lib/python3.14/http/client.py", line 1113, in _send_output
    self.send(msg)
    ~~~~~~~~~^^^^^
  File "/usr/local/lib/python3.14/http/client.py", line 1057, in send
    self.connect()
    ~~~~~~~~~~~~^^
  File "/usr/local/lib/python3.14/site-packages/urllib3/connection.py", line 331, in connect
    self.sock = self._new_conn()
                ~~~~~~~~~~~~~~^^
  File "/usr/local/lib/python3.14/site-packages/urllib3/connection.py", line 219, in _new_conn
    raise NewConnectionError(
        self, f"Failed to establish a new connection: {e}"
    ) from e
urllib3.exceptions.NewConnectionError: HTTPConnection(host='localhost', port=8082): Failed to establish a new connection: [Errno 111] Connection refused

The above exception was the direct cause of the following exception:

Traceback (most recent call last):
  File "/usr/local/lib/python3.14/site-packages/requests/adapters.py", line 644, in send
    resp = conn.urlopen(
        method=request.method,
    ...<9 lines>...
        chunked=chunked,
    )
  File "/usr/local/lib/python3.14/site-packages/urllib3/connectionpool.py", line 841, in urlopen
    retries = retries.increment(
        method, url, error=new_e, _pool=self, _stacktrace=sys.exc_info()[2]
    )
  File "/usr/local/lib/python3.14/site-packages/urllib3/util/retry.py", line 535, in increment
    raise MaxRetryError(_pool, url, reason) from reason  # type: ignore[arg-type]
    ^^^^^^^^^^^^^^^^^^^^^^^^^^^^^^^^^^^^^^^^^^^^^^^^^^^
urllib3.exceptions.MaxRetryError: HTTPConnectionPool(host='localhost', port=8082): Max retries exceeded with url: /v1/documents (Caused by NewConnectionError("HTTPConnection(host='localhost', port=8082): Failed to establish a new connection: [Errno 111] Connection refused"))

During handling of the above exception, another exception occurred:

Traceback (most recent call last):
  File "/u/bglq/projects/rag/rag-refactor/deploy/singularity/scripts/ingest_collections.py", line 446, in ingest_collection
    task_id = client.upload_batch(batch, result.collection_name, chunk_size, chunk_overlap)
  File "/u/bglq/projects/rag/rag-refactor/deploy/singularity/scripts/ingest_collections.py", line 282, in upload_batch
    resp = requests.post(url, files=files_form, timeout=300)
  File "/usr/local/lib/python3.14/site-packages/requests/api.py", line 115, in post
    return request("post", url, data=data, json=json, **kwargs)
  File "/usr/local/lib/python3.14/site-packages/requests/api.py", line 59, in request
    return session.request(method=method, url=url, **kwargs)
           ~~~~~~~~~~~~~~~^^^^^^^^^^^^^^^^^^^^^^^^^^^^^^^^^^
  File "/usr/local/lib/python3.14/site-packages/requests/sessions.py", line 589, in request
    resp = self.send(prep, **send_kwargs)
  File "/usr/local/lib/python3.14/site-packages/requests/sessions.py", line 703, in send
    r = adapter.send(request, **kwargs)
  File "/usr/local/lib/python3.14/site-packages/requests/adapters.py", line 677, in send
    raise ConnectionError(e, request=request)
requests.exceptions.ConnectionError: HTTPConnectionPool(host='localhost', port=8082): Max retries exceeded with url: /v1/documents (Caused by NewConnectionError("HTTPConnection(host='localhost', port=8082): Failed to establish a new connection: [Errno 111] Connection refused"))
2026-02-27 16:45:40 | ERROR    | === TOTAL FAILURE  failed=241  skipped=0 ===
