2026-06-03 15:14:56 | INFO     | === START  dir='/gaia/b04s/CONSORCIOS/CREWES'  collection='CREWES' ===
2026-06-03 15:14:56 | INFO     | Discovered 2088 supported file(s)
2026-06-03 15:15:07 | INFO     | Collection 'CREWES' created: {"message":"Collection CREWES created successfully.","collection_name":"CREWES"}
2026-06-03 15:15:08 | INFO     | list_documents: 0 existing doc(s) in 'CREWES' (total reported: 0)
2026-06-03 15:15:08 | INFO     | Classification: 2088 new, 0 already present
2026-06-03 15:15:08 | INFO     | Uploading 131 batch(es) of up to 16 file(s) each
2026-06-03 15:15:08 | INFO     | --- batch 1/131 (16 files) ---
2026-06-03 15:15:08 | DEBUG    |   Files: 1989-01.pdf, 1989-02.pdf, 1989-03.pdf, 1989-04.pdf, 1989-05.pdf, 1989-06.pdf, 1989-07.pdf, 1989-08a.pdf, 1989-08b.pdf, 1989-09.pdf, 1989-10.pdf, 1989-11.pdf, 1989-12.pdf, 1989-13.pdf, 1989-14.pdf, 1989-15.pdf
2026-06-03 15:15:09 | INFO     | Upload accepted → task_id=d0d87409-2014-419b-a4fd-4347915a8dc8
2026-06-03 15:15:09 | DEBUG    | Task d0d87409-2014-419b-a4fd-4347915a8dc8 state=PENDING elapsed=0s — waiting …
2026-06-03 15:15:17 | DEBUG    | Task d0d87409-2014-419b-a4fd-4347915a8dc8 state=PENDING elapsed=7s — waiting …
2026-06-03 15:15:22 | DEBUG    | Task d0d87409-2014-419b-a4fd-4347915a8dc8 state=PENDING elapsed=13s — waiting …
2026-06-03 15:15:27 | DEBUG    | Task d0d87409-2014-419b-a4fd-4347915a8dc8 state=PENDING elapsed=18s — waiting …
2026-06-03 15:15:39 | DEBUG    | Task d0d87409-2014-419b-a4fd-4347915a8dc8 state=PENDING elapsed=30s — waiting …
2026-06-03 15:15:58 | DEBUG    | Task d0d87409-2014-419b-a4fd-4347915a8dc8 state=PENDING elapsed=49s — waiting …
2026-06-03 15:16:03 | DEBUG    | Task d0d87409-2014-419b-a4fd-4347915a8dc8 state=PENDING elapsed=54s — waiting …
2026-06-03 15:16:08 | DEBUG    | Task d0d87409-2014-419b-a4fd-4347915a8dc8 state=PENDING elapsed=59s — waiting …
2026-06-03 15:16:13 | DEBUG    | Task d0d87409-2014-419b-a4fd-4347915a8dc8 state=PENDING elapsed=64s — waiting …
2026-06-03 15:16:18 | DEBUG    | Task d0d87409-2014-419b-a4fd-4347915a8dc8 state=PENDING elapsed=69s — waiting …
2026-06-03 15:16:23 | DEBUG    | Task d0d87409-2014-419b-a4fd-4347915a8dc8 state=PENDING elapsed=74s — waiting …
2026-06-03 15:16:28 | DEBUG    | Task d0d87409-2014-419b-a4fd-4347915a8dc8 state=PENDING elapsed=79s — waiting …
2026-06-03 15:16:33 | DEBUG    | Task d0d87409-2014-419b-a4fd-4347915a8dc8 state=PENDING elapsed=84s — waiting …
2026-06-03 15:16:38 | DEBUG    | Task d0d87409-2014-419b-a4fd-4347915a8dc8 state=PENDING elapsed=89s — waiting …
2026-06-03 15:16:43 | DEBUG    | Task d0d87409-2014-419b-a4fd-4347915a8dc8 state=PENDING elapsed=94s — waiting …
2026-06-03 15:16:48 | DEBUG    | Task d0d87409-2014-419b-a4fd-4347915a8dc8 state=PENDING elapsed=99s — waiting …
2026-06-03 15:16:53 | DEBUG    | Task d0d87409-2014-419b-a4fd-4347915a8dc8 state=PENDING elapsed=104s — waiting …
2026-06-03 15:16:58 | DEBUG    | Task d0d87409-2014-419b-a4fd-4347915a8dc8 state=PENDING elapsed=109s — waiting …
2026-06-03 15:17:03 | DEBUG    | Task d0d87409-2014-419b-a4fd-4347915a8dc8 state=PENDING elapsed=114s — waiting …
2026-06-03 15:17:08 | DEBUG    | Task d0d87409-2014-419b-a4fd-4347915a8dc8 state=PENDING elapsed=119s — waiting …
2026-06-03 15:17:13 | DEBUG    | Task d0d87409-2014-419b-a4fd-4347915a8dc8 state=PENDING elapsed=124s — waiting …
2026-06-03 15:17:18 | DEBUG    | Task d0d87409-2014-419b-a4fd-4347915a8dc8 state=PENDING elapsed=129s — waiting …
2026-06-03 15:17:23 | DEBUG    | Task d0d87409-2014-419b-a4fd-4347915a8dc8 state=PENDING elapsed=134s — waiting …
2026-06-03 15:17:28 | DEBUG    | Task d0d87409-2014-419b-a4fd-4347915a8dc8 state=PENDING elapsed=139s — waiting …
2026-06-03 15:17:33 | DEBUG    | Task d0d87409-2014-419b-a4fd-4347915a8dc8 state=PENDING elapsed=144s — waiting …
2026-06-03 15:17:38 | DEBUG    | Task d0d87409-2014-419b-a4fd-4347915a8dc8 state=PENDING elapsed=149s — waiting …
2026-06-03 15:17:43 | INFO     | Task d0d87409-2014-419b-a4fd-4347915a8dc8 FINISHED in 154s
2026-06-03 15:17:43 | INFO     | ✅ batch 1/131 (16 files) complete
2026-06-03 15:17:43 | INFO     | --- batch 2/131 (16 files) ---
2026-06-03 15:17:43 | DEBUG    |   Files: 1989-16.pdf, 1989-17.pdf, 1989-18.pdf, 1989-19.pdf, 1989-20.pdf, 1989-21.pdf, 1989-22.pdf, 1989-23.pdf, 1990-01.pdf, 1990-02.pdf, 1990-03.pdf, 1990-04.pdf, 1990-05.pdf, 1990-06.pdf, 1990-07.pdf, 1990-08.pdf
2026-06-03 15:17:45 | INFO     | Upload accepted → task_id=103a0bf0-6b16-4634-a87c-ffbe56f2c0f2
2026-06-03 15:17:45 | DEBUG    | Task 103a0bf0-6b16-4634-a87c-ffbe56f2c0f2 state=PENDING elapsed=0s — waiting …
2026-06-03 15:17:50 | DEBUG    | Task 103a0bf0-6b16-4634-a87c-ffbe56f2c0f2 state=PENDING elapsed=5s — waiting …
2026-06-03 15:17:55 | DEBUG    | Task 103a0bf0-6b16-4634-a87c-ffbe56f2c0f2 state=PENDING elapsed=10s — waiting …
2026-06-03 15:18:00 | DEBUG    | Task 103a0bf0-6b16-4634-a87c-ffbe56f2c0f2 state=PENDING elapsed=15s — waiting …
2026-06-03 15:18:05 | DEBUG    | Task 103a0bf0-6b16-4634-a87c-ffbe56f2c0f2 state=PENDING elapsed=20s — waiting …
2026-06-03 15:18:10 | DEBUG    | Task 103a0bf0-6b16-4634-a87c-ffbe56f2c0f2 state=PENDING elapsed=25s — waiting …
2026-06-03 15:18:15 | DEBUG    | Task 103a0bf0-6b16-4634-a87c-ffbe56f2c0f2 state=PENDING elapsed=30s — waiting …
2026-06-03 15:18:20 | DEBUG    | Task 103a0bf0-6b16-4634-a87c-ffbe56f2c0f2 state=PENDING elapsed=35s — waiting …
2026-06-03 15:18:25 | DEBUG    | Task 103a0bf0-6b16-4634-a87c-ffbe56f2c0f2 state=PENDING elapsed=40s — waiting …
2026-06-03 15:18:30 | DEBUG    | Task 103a0bf0-6b16-4634-a87c-ffbe56f2c0f2 state=PENDING elapsed=45s — waiting …
2026-06-03 15:18:35 | DEBUG    | Task 103a0bf0-6b16-4634-a87c-ffbe56f2c0f2 state=PENDING elapsed=50s — waiting …
2026-06-03 15:18:40 | DEBUG    | Task 103a0bf0-6b16-4634-a87c-ffbe56f2c0f2 state=PENDING elapsed=55s — waiting …
2026-06-03 15:18:45 | DEBUG    | Task 103a0bf0-6b16-4634-a87c-ffbe56f2c0f2 state=PENDING elapsed=60s — waiting …
2026-06-03 15:18:50 | DEBUG    | Task 103a0bf0-6b16-4634-a87c-ffbe56f2c0f2 state=PENDING elapsed=65s — waiting …
2026-06-03 15:18:55 | DEBUG    | Task 103a0bf0-6b16-4634-a87c-ffbe56f2c0f2 state=PENDING elapsed=70s — waiting …
2026-06-03 15:19:00 | DEBUG    | Task 103a0bf0-6b16-4634-a87c-ffbe56f2c0f2 state=PENDING elapsed=75s — waiting …
2026-06-03 15:19:05 | DEBUG    | Task 103a0bf0-6b16-4634-a87c-ffbe56f2c0f2 state=PENDING elapsed=80s — waiting …
2026-06-03 15:19:10 | DEBUG    | Task 103a0bf0-6b16-4634-a87c-ffbe56f2c0f2 state=PENDING elapsed=85s — waiting …
2026-06-03 15:19:15 | DEBUG    | Task 103a0bf0-6b16-4634-a87c-ffbe56f2c0f2 state=PENDING elapsed=90s — waiting …
2026-06-03 15:19:20 | DEBUG    | Task 103a0bf0-6b16-4634-a87c-ffbe56f2c0f2 state=PENDING elapsed=95s — waiting …
2026-06-03 15:19:25 | DEBUG    | Task 103a0bf0-6b16-4634-a87c-ffbe56f2c0f2 state=PENDING elapsed=100s — waiting …
2026-06-03 15:19:30 | DEBUG    | Task 103a0bf0-6b16-4634-a87c-ffbe56f2c0f2 state=PENDING elapsed=105s — waiting …
2026-06-03 15:19:35 | DEBUG    | Task 103a0bf0-6b16-4634-a87c-ffbe56f2c0f2 state=PENDING elapsed=110s — waiting …
2026-06-03 15:19:40 | DEBUG    | Task 103a0bf0-6b16-4634-a87c-ffbe56f2c0f2 state=PENDING elapsed=115s — waiting …
2026-06-03 15:19:45 | DEBUG    | Task 103a0bf0-6b16-4634-a87c-ffbe56f2c0f2 state=PENDING elapsed=120s — waiting …
2026-06-03 15:19:50 | DEBUG    | Task 103a0bf0-6b16-4634-a87c-ffbe56f2c0f2 state=PENDING elapsed=125s — waiting …
2026-06-03 15:19:55 | DEBUG    | Task 103a0bf0-6b16-4634-a87c-ffbe56f2c0f2 state=PENDING elapsed=130s — waiting …
2026-06-03 15:20:00 | DEBUG    | Task 103a0bf0-6b16-4634-a87c-ffbe56f2c0f2 state=PENDING elapsed=135s — waiting …
2026-06-03 15:20:05 | DEBUG    | Task 103a0bf0-6b16-4634-a87c-ffbe56f2c0f2 state=PENDING elapsed=140s — waiting …
2026-06-03 15:20:10 | DEBUG    | Task 103a0bf0-6b16-4634-a87c-ffbe56f2c0f2 state=PENDING elapsed=145s — waiting …
2026-06-03 15:20:15 | DEBUG    | Task 103a0bf0-6b16-4634-a87c-ffbe56f2c0f2 state=PENDING elapsed=151s — waiting …
2026-06-03 15:20:20 | DEBUG    | Task 103a0bf0-6b16-4634-a87c-ffbe56f2c0f2 state=PENDING elapsed=156s — waiting …
2026-06-03 15:20:25 | DEBUG    | Task 103a0bf0-6b16-4634-a87c-ffbe56f2c0f2 state=PENDING elapsed=161s — waiting …
2026-06-03 15:20:30 | DEBUG    | Task 103a0bf0-6b16-4634-a87c-ffbe56f2c0f2 state=PENDING elapsed=166s — waiting …
2026-06-03 15:20:35 | DEBUG    | Task 103a0bf0-6b16-4634-a87c-ffbe56f2c0f2 state=PENDING elapsed=171s — waiting …
2026-06-03 15:20:40 | DEBUG    | Task 103a0bf0-6b16-4634-a87c-ffbe56f2c0f2 state=PENDING elapsed=176s — waiting …
2026-06-03 15:20:45 | DEBUG    | Task 103a0bf0-6b16-4634-a87c-ffbe56f2c0f2 state=PENDING elapsed=181s — waiting …
2026-06-03 15:20:50 | DEBUG    | Task 103a0bf0-6b16-4634-a87c-ffbe56f2c0f2 state=PENDING elapsed=186s — waiting …
2026-06-03 15:20:55 | DEBUG    | Task 103a0bf0-6b16-4634-a87c-ffbe56f2c0f2 state=PENDING elapsed=191s — waiting …
2026-06-03 15:21:00 | DEBUG    | Task 103a0bf0-6b16-4634-a87c-ffbe56f2c0f2 state=PENDING elapsed=196s — waiting …
2026-06-03 15:21:05 | DEBUG    | Task 103a0bf0-6b16-4634-a87c-ffbe56f2c0f2 state=PENDING elapsed=201s — waiting …
2026-06-03 15:21:10 | DEBUG    | Task 103a0bf0-6b16-4634-a87c-ffbe56f2c0f2 state=PENDING elapsed=206s — waiting …
2026-06-03 15:21:15 | DEBUG    | Task 103a0bf0-6b16-4634-a87c-ffbe56f2c0f2 state=PENDING elapsed=211s — waiting …
2026-06-03 15:21:20 | DEBUG    | Task 103a0bf0-6b16-4634-a87c-ffbe56f2c0f2 state=PENDING elapsed=216s — waiting …
2026-06-03 15:21:25 | DEBUG    | Task 103a0bf0-6b16-4634-a87c-ffbe56f2c0f2 state=PENDING elapsed=221s — waiting …
2026-06-03 15:21:30 | DEBUG    | Task 103a0bf0-6b16-4634-a87c-ffbe56f2c0f2 state=PENDING elapsed=226s — waiting …
2026-06-03 15:21:35 | DEBUG    | Task 103a0bf0-6b16-4634-a87c-ffbe56f2c0f2 state=PENDING elapsed=231s — waiting …
2026-06-03 15:21:40 | DEBUG    | Task 103a0bf0-6b16-4634-a87c-ffbe56f2c0f2 state=PENDING elapsed=236s — waiting …
2026-06-03 15:21:45 | DEBUG    | Task 103a0bf0-6b16-4634-a87c-ffbe56f2c0f2 state=PENDING elapsed=241s — waiting …
2026-06-03 15:21:50 | DEBUG    | Task 103a0bf0-6b16-4634-a87c-ffbe56f2c0f2 state=PENDING elapsed=246s — waiting …
2026-06-03 15:21:55 | DEBUG    | Task 103a0bf0-6b16-4634-a87c-ffbe56f2c0f2 state=PENDING elapsed=251s — waiting …
2026-06-03 15:22:00 | DEBUG    | Task 103a0bf0-6b16-4634-a87c-ffbe56f2c0f2 state=PENDING elapsed=256s — waiting …
2026-06-03 15:22:05 | DEBUG    | Task 103a0bf0-6b16-4634-a87c-ffbe56f2c0f2 state=PENDING elapsed=261s — waiting …
2026-06-03 15:22:10 | DEBUG    | Task 103a0bf0-6b16-4634-a87c-ffbe56f2c0f2 state=PENDING elapsed=266s — waiting …
2026-06-03 15:22:15 | DEBUG    | Task 103a0bf0-6b16-4634-a87c-ffbe56f2c0f2 state=PENDING elapsed=271s — waiting …
2026-06-03 15:22:20 | DEBUG    | Task 103a0bf0-6b16-4634-a87c-ffbe56f2c0f2 state=PENDING elapsed=276s — waiting …
2026-06-03 15:22:25 | DEBUG    | Task 103a0bf0-6b16-4634-a87c-ffbe56f2c0f2 state=PENDING elapsed=281s — waiting …
2026-06-03 15:22:30 | DEBUG    | Task 103a0bf0-6b16-4634-a87c-ffbe56f2c0f2 state=PENDING elapsed=286s — waiting …
2026-06-03 15:22:35 | DEBUG    | Task 103a0bf0-6b16-4634-a87c-ffbe56f2c0f2 state=PENDING elapsed=291s — waiting …
2026-06-03 15:22:41 | INFO     | Task 103a0bf0-6b16-4634-a87c-ffbe56f2c0f2 FINISHED in 296s
2026-06-03 15:22:41 | INFO     | ✅ batch 2/131 (16 files) complete
2026-06-03 15:22:41 | INFO     | --- batch 3/131 (16 files) ---
2026-06-03 15:22:41 | DEBUG    |   Files: 1990-09.pdf, 1990-09a.pdf, 1990-09b.pdf, 1990-10.pdf, 1990-11.pdf, 1990-12.pdf, 1990-13.pdf, 1990-14.pdf, 1990-15.pdf, 1990-16.pdf, 1990-17.pdf, 1990-18.pdf, 1990-19.pdf, 1990-20.pdf, 1990-21.pdf, 1990-22.pdf
2026-06-03 15:22:42 | INFO     | Upload accepted → task_id=5a623290-5b2d-47db-bf86-2d2563f306dd
2026-06-03 15:22:42 | DEBUG    | Task 5a623290-5b2d-47db-bf86-2d2563f306dd state=PENDING elapsed=0s — waiting …
2026-06-03 15:22:47 | DEBUG    | Task 5a623290-5b2d-47db-bf86-2d2563f306dd state=PENDING elapsed=5s — waiting …
2026-06-03 15:22:52 | DEBUG    | Task 5a623290-5b2d-47db-bf86-2d2563f306dd state=PENDING elapsed=10s — waiting …
2026-06-03 15:22:57 | DEBUG    | Task 5a623290-5b2d-47db-bf86-2d2563f306dd state=PENDING elapsed=15s — waiting …
2026-06-03 15:23:02 | DEBUG    | Task 5a623290-5b2d-47db-bf86-2d2563f306dd state=PENDING elapsed=20s — waiting …
2026-06-03 15:23:07 | DEBUG    | Task 5a623290-5b2d-47db-bf86-2d2563f306dd state=PENDING elapsed=25s — waiting …
2026-06-03 15:23:12 | DEBUG    | Task 5a623290-5b2d-47db-bf86-2d2563f306dd state=PENDING elapsed=30s — waiting …
2026-06-03 15:23:17 | DEBUG    | Task 5a623290-5b2d-47db-bf86-2d2563f306dd state=PENDING elapsed=35s — waiting …
2026-06-03 15:23:22 | DEBUG    | Task 5a623290-5b2d-47db-bf86-2d2563f306dd state=PENDING elapsed=40s — waiting …
2026-06-03 15:23:27 | DEBUG    | Task 5a623290-5b2d-47db-bf86-2d2563f306dd state=PENDING elapsed=45s — waiting …
2026-06-03 15:23:32 | DEBUG    | Task 5a623290-5b2d-47db-bf86-2d2563f306dd state=PENDING elapsed=50s — waiting …
2026-06-03 15:23:37 | DEBUG    | Task 5a623290-5b2d-47db-bf86-2d2563f306dd state=PENDING elapsed=55s — waiting …
2026-06-03 15:23:42 | DEBUG    | Task 5a623290-5b2d-47db-bf86-2d2563f306dd state=PENDING elapsed=60s — waiting …
2026-06-03 15:23:47 | DEBUG    | Task 5a623290-5b2d-47db-bf86-2d2563f306dd state=PENDING elapsed=65s — waiting …
2026-06-03 15:23:52 | DEBUG    | Task 5a623290-5b2d-47db-bf86-2d2563f306dd state=PENDING elapsed=70s — waiting …
2026-06-03 15:23:57 | DEBUG    | Task 5a623290-5b2d-47db-bf86-2d2563f306dd state=PENDING elapsed=75s — waiting …
2026-06-03 15:24:02 | DEBUG    | Task 5a623290-5b2d-47db-bf86-2d2563f306dd state=PENDING elapsed=80s — waiting …
2026-06-03 15:24:07 | DEBUG    | Task 5a623290-5b2d-47db-bf86-2d2563f306dd state=PENDING elapsed=85s — waiting …
2026-06-03 15:24:12 | DEBUG    | Task 5a623290-5b2d-47db-bf86-2d2563f306dd state=PENDING elapsed=90s — waiting …
2026-06-03 15:24:17 | DEBUG    | Task 5a623290-5b2d-47db-bf86-2d2563f306dd state=PENDING elapsed=95s — waiting …
2026-06-03 15:24:22 | DEBUG    | Task 5a623290-5b2d-47db-bf86-2d2563f306dd state=PENDING elapsed=100s — waiting …
2026-06-03 15:24:27 | DEBUG    | Task 5a623290-5b2d-47db-bf86-2d2563f306dd state=PENDING elapsed=105s — waiting …
2026-06-03 15:24:32 | DEBUG    | Task 5a623290-5b2d-47db-bf86-2d2563f306dd state=PENDING elapsed=110s — waiting …
2026-06-03 15:24:37 | DEBUG    | Task 5a623290-5b2d-47db-bf86-2d2563f306dd state=PENDING elapsed=115s — waiting …
2026-06-03 15:24:42 | DEBUG    | Task 5a623290-5b2d-47db-bf86-2d2563f306dd state=PENDING elapsed=120s — waiting …
2026-06-03 15:24:47 | DEBUG    | Task 5a623290-5b2d-47db-bf86-2d2563f306dd state=PENDING elapsed=125s — waiting …
2026-06-03 15:24:52 | DEBUG    | Task 5a623290-5b2d-47db-bf86-2d2563f306dd state=PENDING elapsed=130s — waiting …
2026-06-03 15:24:57 | DEBUG    | Task 5a623290-5b2d-47db-bf86-2d2563f306dd state=PENDING elapsed=135s — waiting …
2026-06-03 15:25:02 | DEBUG    | Task 5a623290-5b2d-47db-bf86-2d2563f306dd state=PENDING elapsed=140s — waiting …
2026-06-03 15:25:07 | DEBUG    | Task 5a623290-5b2d-47db-bf86-2d2563f306dd state=PENDING elapsed=145s — waiting …
2026-06-03 15:25:12 | DEBUG    | Task 5a623290-5b2d-47db-bf86-2d2563f306dd state=PENDING elapsed=150s — waiting …
2026-06-03 15:25:17 | DEBUG    | Task 5a623290-5b2d-47db-bf86-2d2563f306dd state=PENDING elapsed=155s — waiting …
2026-06-03 15:25:22 | DEBUG    | Task 5a623290-5b2d-47db-bf86-2d2563f306dd state=PENDING elapsed=160s — waiting …
2026-06-03 15:25:27 | DEBUG    | Task 5a623290-5b2d-47db-bf86-2d2563f306dd state=PENDING elapsed=165s — waiting …
2026-06-03 15:25:32 | DEBUG    | Task 5a623290-5b2d-47db-bf86-2d2563f306dd state=PENDING elapsed=170s — waiting …
2026-06-03 15:25:37 | DEBUG    | Task 5a623290-5b2d-47db-bf86-2d2563f306dd state=PENDING elapsed=175s — waiting …
2026-06-03 15:25:44 | DEBUG    | Task 5a623290-5b2d-47db-bf86-2d2563f306dd state=PENDING elapsed=182s — waiting …
2026-06-03 15:25:49 | DEBUG    | Task 5a623290-5b2d-47db-bf86-2d2563f306dd state=PENDING elapsed=187s — waiting …
2026-06-03 15:25:54 | DEBUG    | Task 5a623290-5b2d-47db-bf86-2d2563f306dd state=PENDING elapsed=192s — waiting …
2026-06-03 15:25:59 | DEBUG    | Task 5a623290-5b2d-47db-bf86-2d2563f306dd state=PENDING elapsed=197s — waiting …
2026-06-03 15:26:04 | DEBUG    | Task 5a623290-5b2d-47db-bf86-2d2563f306dd state=PENDING elapsed=202s — waiting …
2026-06-03 15:26:09 | DEBUG    | Task 5a623290-5b2d-47db-bf86-2d2563f306dd state=PENDING elapsed=207s — waiting …
2026-06-03 15:26:14 | DEBUG    | Task 5a623290-5b2d-47db-bf86-2d2563f306dd state=PENDING elapsed=212s — waiting …
2026-06-03 15:26:19 | DEBUG    | Task 5a623290-5b2d-47db-bf86-2d2563f306dd state=PENDING elapsed=217s — waiting …
2026-06-03 15:26:24 | DEBUG    | Task 5a623290-5b2d-47db-bf86-2d2563f306dd state=PENDING elapsed=222s — waiting …
2026-06-03 15:26:29 | DEBUG    | Task 5a623290-5b2d-47db-bf86-2d2563f306dd state=PENDING elapsed=227s — waiting …
2026-06-03 15:26:34 | DEBUG    | Task 5a623290-5b2d-47db-bf86-2d2563f306dd state=PENDING elapsed=232s — waiting …
2026-06-03 15:26:39 | DEBUG    | Task 5a623290-5b2d-47db-bf86-2d2563f306dd state=PENDING elapsed=237s — waiting …
2026-06-03 15:26:44 | DEBUG    | Task 5a623290-5b2d-47db-bf86-2d2563f306dd state=PENDING elapsed=242s — waiting …
2026-06-03 15:26:49 | DEBUG    | Task 5a623290-5b2d-47db-bf86-2d2563f306dd state=PENDING elapsed=247s — waiting …
2026-06-03 15:26:54 | INFO     | Task 5a623290-5b2d-47db-bf86-2d2563f306dd FINISHED in 252s
2026-06-03 15:26:54 | INFO     | ✅ batch 3/131 (16 files) complete
2026-06-03 15:26:54 | INFO     | --- batch 4/131 (16 files) ---
2026-06-03 15:26:54 | DEBUG    |   Files: 1990-23.pdf, 1990-24.pdf, 1990-25.pdf, 1990-26.pdf, 1990-27.pdf, 1991-01.pdf, 1991-02.pdf, 1991-03.pdf, 1991-04.pdf, 1991-05.pdf, 1991-06.pdf, 1991-07.pdf, 1991-08.pdf, 1991-09.pdf, 1991-10.pdf, 1991-11.pdf
2026-06-03 15:26:55 | INFO     | Upload accepted → task_id=c6cf9f82-daa9-462f-a23f-18eba9b5871c
2026-06-03 15:26:55 | DEBUG    | Task c6cf9f82-daa9-462f-a23f-18eba9b5871c state=PENDING elapsed=0s — waiting …
2026-06-03 15:27:00 | DEBUG    | Task c6cf9f82-daa9-462f-a23f-18eba9b5871c state=PENDING elapsed=5s — waiting …
2026-06-03 15:27:05 | DEBUG    | Task c6cf9f82-daa9-462f-a23f-18eba9b5871c state=PENDING elapsed=10s — waiting …
2026-06-03 15:27:10 | DEBUG    | Task c6cf9f82-daa9-462f-a23f-18eba9b5871c state=PENDING elapsed=15s — waiting …
2026-06-03 15:27:15 | DEBUG    | Task c6cf9f82-daa9-462f-a23f-18eba9b5871c state=PENDING elapsed=20s — waiting …
2026-06-03 15:27:20 | DEBUG    | Task c6cf9f82-daa9-462f-a23f-18eba9b5871c state=PENDING elapsed=25s — waiting …
2026-06-03 15:27:25 | DEBUG    | Task c6cf9f82-daa9-462f-a23f-18eba9b5871c state=PENDING elapsed=30s — waiting …
2026-06-03 15:27:30 | DEBUG    | Task c6cf9f82-daa9-462f-a23f-18eba9b5871c state=PENDING elapsed=35s — waiting …
2026-06-03 15:27:35 | DEBUG    | Task c6cf9f82-daa9-462f-a23f-18eba9b5871c state=PENDING elapsed=40s — waiting …
2026-06-03 15:27:40 | DEBUG    | Task c6cf9f82-daa9-462f-a23f-18eba9b5871c state=PENDING elapsed=45s — waiting …
2026-06-03 15:27:45 | DEBUG    | Task c6cf9f82-daa9-462f-a23f-18eba9b5871c state=PENDING elapsed=50s — waiting …
2026-06-03 15:27:50 | DEBUG    | Task c6cf9f82-daa9-462f-a23f-18eba9b5871c state=PENDING elapsed=55s — waiting …
2026-06-03 15:27:55 | DEBUG    | Task c6cf9f82-daa9-462f-a23f-18eba9b5871c state=PENDING elapsed=60s — waiting …
2026-06-03 15:28:00 | DEBUG    | Task c6cf9f82-daa9-462f-a23f-18eba9b5871c state=PENDING elapsed=65s — waiting …
2026-06-03 15:28:05 | DEBUG    | Task c6cf9f82-daa9-462f-a23f-18eba9b5871c state=PENDING elapsed=70s — waiting …
2026-06-03 15:28:10 | DEBUG    | Task c6cf9f82-daa9-462f-a23f-18eba9b5871c state=PENDING elapsed=75s — waiting …
2026-06-03 15:28:15 | DEBUG    | Task c6cf9f82-daa9-462f-a23f-18eba9b5871c state=PENDING elapsed=80s — waiting …
2026-06-03 15:28:20 | DEBUG    | Task c6cf9f82-daa9-462f-a23f-18eba9b5871c state=PENDING elapsed=85s — waiting …
2026-06-03 15:28:25 | DEBUG    | Task c6cf9f82-daa9-462f-a23f-18eba9b5871c state=PENDING elapsed=90s — waiting …
2026-06-03 15:28:30 | DEBUG    | Task c6cf9f82-daa9-462f-a23f-18eba9b5871c state=PENDING elapsed=95s — waiting …
2026-06-03 15:28:35 | DEBUG    | Task c6cf9f82-daa9-462f-a23f-18eba9b5871c state=PENDING elapsed=100s — waiting …
2026-06-03 15:28:40 | DEBUG    | Task c6cf9f82-daa9-462f-a23f-18eba9b5871c state=PENDING elapsed=105s — waiting …
2026-06-03 15:28:45 | DEBUG    | Task c6cf9f82-daa9-462f-a23f-18eba9b5871c state=PENDING elapsed=110s — waiting …
2026-06-03 15:28:50 | DEBUG    | Task c6cf9f82-daa9-462f-a23f-18eba9b5871c state=PENDING elapsed=115s — waiting …
2026-06-03 15:28:55 | DEBUG    | Task c6cf9f82-daa9-462f-a23f-18eba9b5871c state=PENDING elapsed=120s — waiting …
2026-06-03 15:29:00 | DEBUG    | Task c6cf9f82-daa9-462f-a23f-18eba9b5871c state=PENDING elapsed=125s — waiting …
2026-06-03 15:29:05 | DEBUG    | Task c6cf9f82-daa9-462f-a23f-18eba9b5871c state=PENDING elapsed=130s — waiting …
2026-06-03 15:29:10 | DEBUG    | Task c6cf9f82-daa9-462f-a23f-18eba9b5871c state=PENDING elapsed=135s — waiting …
2026-06-03 15:29:15 | DEBUG    | Task c6cf9f82-daa9-462f-a23f-18eba9b5871c state=PENDING elapsed=140s — waiting …
2026-06-03 15:29:20 | DEBUG    | Task c6cf9f82-daa9-462f-a23f-18eba9b5871c state=PENDING elapsed=145s — waiting …
2026-06-03 15:29:25 | DEBUG    | Task c6cf9f82-daa9-462f-a23f-18eba9b5871c state=PENDING elapsed=150s — waiting …
2026-06-03 15:29:30 | DEBUG    | Task c6cf9f82-daa9-462f-a23f-18eba9b5871c state=PENDING elapsed=155s — waiting …
2026-06-03 15:29:35 | DEBUG    | Task c6cf9f82-daa9-462f-a23f-18eba9b5871c state=PENDING elapsed=160s — waiting …
2026-06-03 15:29:40 | DEBUG    | Task c6cf9f82-daa9-462f-a23f-18eba9b5871c state=PENDING elapsed=165s — waiting …
2026-06-03 15:29:45 | DEBUG    | Task c6cf9f82-daa9-462f-a23f-18eba9b5871c state=PENDING elapsed=170s — waiting …
2026-06-03 15:29:50 | DEBUG    | Task c6cf9f82-daa9-462f-a23f-18eba9b5871c state=PENDING elapsed=175s — waiting …
2026-06-03 15:29:55 | DEBUG    | Task c6cf9f82-daa9-462f-a23f-18eba9b5871c state=PENDING elapsed=180s — waiting …
2026-06-03 15:30:00 | DEBUG    | Task c6cf9f82-daa9-462f-a23f-18eba9b5871c state=PENDING elapsed=185s — waiting …
2026-06-03 15:30:05 | DEBUG    | Task c6cf9f82-daa9-462f-a23f-18eba9b5871c state=PENDING elapsed=190s — waiting …
2026-06-03 15:30:10 | DEBUG    | Task c6cf9f82-daa9-462f-a23f-18eba9b5871c state=PENDING elapsed=195s — waiting …
2026-06-03 15:30:15 | DEBUG    | Task c6cf9f82-daa9-462f-a23f-18eba9b5871c state=PENDING elapsed=200s — waiting …
2026-06-03 15:30:20 | DEBUG    | Task c6cf9f82-daa9-462f-a23f-18eba9b5871c state=PENDING elapsed=205s — waiting …
2026-06-03 15:30:25 | DEBUG    | Task c6cf9f82-daa9-462f-a23f-18eba9b5871c state=PENDING elapsed=210s — waiting …
2026-06-03 15:30:30 | DEBUG    | Task c6cf9f82-daa9-462f-a23f-18eba9b5871c state=PENDING elapsed=215s — waiting …
2026-06-03 15:30:35 | DEBUG    | Task c6cf9f82-daa9-462f-a23f-18eba9b5871c state=PENDING elapsed=220s — waiting …
2026-06-03 15:30:40 | DEBUG    | Task c6cf9f82-daa9-462f-a23f-18eba9b5871c state=PENDING elapsed=225s — waiting …
2026-06-03 15:30:47 | DEBUG    | Task c6cf9f82-daa9-462f-a23f-18eba9b5871c state=PENDING elapsed=232s — waiting …
2026-06-03 15:30:52 | DEBUG    | Task c6cf9f82-daa9-462f-a23f-18eba9b5871c state=PENDING elapsed=237s — waiting …
2026-06-03 15:30:57 | DEBUG    | Task c6cf9f82-daa9-462f-a23f-18eba9b5871c state=PENDING elapsed=242s — waiting …
2026-06-03 15:31:02 | DEBUG    | Task c6cf9f82-daa9-462f-a23f-18eba9b5871c state=PENDING elapsed=247s — waiting …
2026-06-03 15:31:07 | DEBUG    | Task c6cf9f82-daa9-462f-a23f-18eba9b5871c state=PENDING elapsed=252s — waiting …
2026-06-03 15:31:12 | DEBUG    | Task c6cf9f82-daa9-462f-a23f-18eba9b5871c state=PENDING elapsed=257s — waiting …
2026-06-03 15:31:17 | DEBUG    | Task c6cf9f82-daa9-462f-a23f-18eba9b5871c state=PENDING elapsed=262s — waiting …
2026-06-03 15:31:22 | DEBUG    | Task c6cf9f82-daa9-462f-a23f-18eba9b5871c state=PENDING elapsed=267s — waiting …
2026-06-03 15:31:27 | DEBUG    | Task c6cf9f82-daa9-462f-a23f-18eba9b5871c state=PENDING elapsed=272s — waiting …
2026-06-03 15:31:32 | DEBUG    | Task c6cf9f82-daa9-462f-a23f-18eba9b5871c state=PENDING elapsed=277s — waiting …
2026-06-03 15:31:37 | DEBUG    | Task c6cf9f82-daa9-462f-a23f-18eba9b5871c state=PENDING elapsed=282s — waiting …
2026-06-03 15:31:42 | DEBUG    | Task c6cf9f82-daa9-462f-a23f-18eba9b5871c state=PENDING elapsed=287s — waiting …
2026-06-03 15:31:47 | DEBUG    | Task c6cf9f82-daa9-462f-a23f-18eba9b5871c state=PENDING elapsed=292s — waiting …
2026-06-03 15:31:52 | DEBUG    | Task c6cf9f82-daa9-462f-a23f-18eba9b5871c state=PENDING elapsed=297s — waiting …
2026-06-03 15:31:57 | DEBUG    | Task c6cf9f82-daa9-462f-a23f-18eba9b5871c state=PENDING elapsed=302s — waiting …
2026-06-03 15:32:02 | DEBUG    | Task c6cf9f82-daa9-462f-a23f-18eba9b5871c state=PENDING elapsed=307s — waiting …
2026-06-03 15:32:07 | DEBUG    | Task c6cf9f82-daa9-462f-a23f-18eba9b5871c state=PENDING elapsed=312s — waiting …
2026-06-03 15:32:12 | DEBUG    | Task c6cf9f82-daa9-462f-a23f-18eba9b5871c state=PENDING elapsed=317s — waiting …
2026-06-03 15:32:17 | DEBUG    | Task c6cf9f82-daa9-462f-a23f-18eba9b5871c state=PENDING elapsed=322s — waiting …
2026-06-03 15:32:22 | DEBUG    | Task c6cf9f82-daa9-462f-a23f-18eba9b5871c state=PENDING elapsed=327s — waiting …
2026-06-03 15:32:27 | DEBUG    | Task c6cf9f82-daa9-462f-a23f-18eba9b5871c state=PENDING elapsed=332s — waiting …
2026-06-03 15:32:32 | DEBUG    | Task c6cf9f82-daa9-462f-a23f-18eba9b5871c state=PENDING elapsed=337s — waiting …
2026-06-03 15:32:37 | DEBUG    | Task c6cf9f82-daa9-462f-a23f-18eba9b5871c state=PENDING elapsed=342s — waiting …
2026-06-03 15:32:42 | DEBUG    | Task c6cf9f82-daa9-462f-a23f-18eba9b5871c state=PENDING elapsed=347s — waiting …
2026-06-03 15:32:47 | DEBUG    | Task c6cf9f82-daa9-462f-a23f-18eba9b5871c state=PENDING elapsed=352s — waiting …
2026-06-03 15:32:52 | DEBUG    | Task c6cf9f82-daa9-462f-a23f-18eba9b5871c state=PENDING elapsed=357s — waiting …
2026-06-03 15:32:57 | DEBUG    | Task c6cf9f82-daa9-462f-a23f-18eba9b5871c state=PENDING elapsed=362s — waiting …
2026-06-03 15:33:02 | DEBUG    | Task c6cf9f82-daa9-462f-a23f-18eba9b5871c state=PENDING elapsed=367s — waiting …
2026-06-03 15:33:07 | DEBUG    | Task c6cf9f82-daa9-462f-a23f-18eba9b5871c state=PENDING elapsed=372s — waiting …
2026-06-03 15:33:12 | DEBUG    | Task c6cf9f82-daa9-462f-a23f-18eba9b5871c state=PENDING elapsed=377s — waiting …
2026-06-03 15:33:17 | DEBUG    | Task c6cf9f82-daa9-462f-a23f-18eba9b5871c state=PENDING elapsed=382s — waiting …
2026-06-03 15:33:22 | DEBUG    | Task c6cf9f82-daa9-462f-a23f-18eba9b5871c state=PENDING elapsed=387s — waiting …
2026-06-03 15:33:27 | DEBUG    | Task c6cf9f82-daa9-462f-a23f-18eba9b5871c state=PENDING elapsed=392s — waiting …
2026-06-03 15:33:32 | DEBUG    | Task c6cf9f82-daa9-462f-a23f-18eba9b5871c state=PENDING elapsed=397s — waiting …
2026-06-03 15:33:37 | DEBUG    | Task c6cf9f82-daa9-462f-a23f-18eba9b5871c state=PENDING elapsed=402s — waiting …
2026-06-03 15:33:42 | DEBUG    | Task c6cf9f82-daa9-462f-a23f-18eba9b5871c state=PENDING elapsed=407s — waiting …
2026-06-03 15:33:47 | DEBUG    | Task c6cf9f82-daa9-462f-a23f-18eba9b5871c state=PENDING elapsed=412s — waiting …
2026-06-03 15:33:52 | DEBUG    | Task c6cf9f82-daa9-462f-a23f-18eba9b5871c state=PENDING elapsed=417s — waiting …
2026-06-03 15:33:57 | DEBUG    | Task c6cf9f82-daa9-462f-a23f-18eba9b5871c state=PENDING elapsed=422s — waiting …
2026-06-03 15:34:02 | DEBUG    | Task c6cf9f82-daa9-462f-a23f-18eba9b5871c state=PENDING elapsed=427s — waiting …
2026-06-03 15:34:07 | DEBUG    | Task c6cf9f82-daa9-462f-a23f-18eba9b5871c state=PENDING elapsed=432s — waiting …
2026-06-03 15:34:12 | DEBUG    | Task c6cf9f82-daa9-462f-a23f-18eba9b5871c state=PENDING elapsed=437s — waiting …
2026-06-03 15:34:17 | DEBUG    | Task c6cf9f82-daa9-462f-a23f-18eba9b5871c state=PENDING elapsed=442s — waiting …
2026-06-03 15:34:22 | DEBUG    | Task c6cf9f82-daa9-462f-a23f-18eba9b5871c state=PENDING elapsed=447s — waiting …
2026-06-03 15:34:27 | DEBUG    | Task c6cf9f82-daa9-462f-a23f-18eba9b5871c state=PENDING elapsed=452s — waiting …
2026-06-03 15:34:32 | DEBUG    | Task c6cf9f82-daa9-462f-a23f-18eba9b5871c state=PENDING elapsed=457s — waiting …
2026-06-03 15:34:37 | DEBUG    | Task c6cf9f82-daa9-462f-a23f-18eba9b5871c state=PENDING elapsed=462s — waiting …
2026-06-03 15:34:42 | DEBUG    | Task c6cf9f82-daa9-462f-a23f-18eba9b5871c state=PENDING elapsed=467s — waiting …
2026-06-03 15:34:47 | DEBUG    | Task c6cf9f82-daa9-462f-a23f-18eba9b5871c state=PENDING elapsed=472s — waiting …
2026-06-03 15:34:52 | DEBUG    | Task c6cf9f82-daa9-462f-a23f-18eba9b5871c state=PENDING elapsed=477s — waiting …
2026-06-03 15:34:57 | DEBUG    | Task c6cf9f82-daa9-462f-a23f-18eba9b5871c state=PENDING elapsed=482s — waiting …
2026-06-03 15:35:02 | DEBUG    | Task c6cf9f82-daa9-462f-a23f-18eba9b5871c state=PENDING elapsed=487s — waiting …
2026-06-03 15:35:07 | DEBUG    | Task c6cf9f82-daa9-462f-a23f-18eba9b5871c state=PENDING elapsed=492s — waiting …
2026-06-03 15:35:12 | DEBUG    | Task c6cf9f82-daa9-462f-a23f-18eba9b5871c state=PENDING elapsed=497s — waiting …
2026-06-03 15:35:17 | DEBUG    | Task c6cf9f82-daa9-462f-a23f-18eba9b5871c state=PENDING elapsed=502s — waiting …
2026-06-03 15:35:22 | DEBUG    | Task c6cf9f82-daa9-462f-a23f-18eba9b5871c state=PENDING elapsed=507s — waiting …
2026-06-03 15:35:27 | DEBUG    | Task c6cf9f82-daa9-462f-a23f-18eba9b5871c state=PENDING elapsed=512s — waiting …
2026-06-03 15:35:45 | DEBUG    | Task c6cf9f82-daa9-462f-a23f-18eba9b5871c state=PENDING elapsed=530s — waiting …
2026-06-03 15:35:50 | DEBUG    | Task c6cf9f82-daa9-462f-a23f-18eba9b5871c state=PENDING elapsed=535s — waiting …
2026-06-03 15:35:55 | DEBUG    | Task c6cf9f82-daa9-462f-a23f-18eba9b5871c state=PENDING elapsed=540s — waiting …
2026-06-03 15:36:00 | DEBUG    | Task c6cf9f82-daa9-462f-a23f-18eba9b5871c state=PENDING elapsed=545s — waiting …
2026-06-03 15:36:05 | DEBUG    | Task c6cf9f82-daa9-462f-a23f-18eba9b5871c state=PENDING elapsed=550s — waiting …
2026-06-03 15:36:10 | DEBUG    | Task c6cf9f82-daa9-462f-a23f-18eba9b5871c state=PENDING elapsed=555s — waiting …
2026-06-03 15:36:15 | DEBUG    | Task c6cf9f82-daa9-462f-a23f-18eba9b5871c state=PENDING elapsed=560s — waiting …
2026-06-03 15:36:20 | DEBUG    | Task c6cf9f82-daa9-462f-a23f-18eba9b5871c state=PENDING elapsed=565s — waiting …
2026-06-03 15:36:25 | DEBUG    | Task c6cf9f82-daa9-462f-a23f-18eba9b5871c state=PENDING elapsed=570s — waiting …
2026-06-03 15:36:30 | DEBUG    | Task c6cf9f82-daa9-462f-a23f-18eba9b5871c state=PENDING elapsed=575s — waiting …
2026-06-03 15:36:35 | DEBUG    | Task c6cf9f82-daa9-462f-a23f-18eba9b5871c state=PENDING elapsed=580s — waiting …
2026-06-03 15:36:40 | DEBUG    | Task c6cf9f82-daa9-462f-a23f-18eba9b5871c state=PENDING elapsed=585s — waiting …
2026-06-03 15:36:45 | DEBUG    | Task c6cf9f82-daa9-462f-a23f-18eba9b5871c state=PENDING elapsed=590s — waiting …
2026-06-03 15:36:50 | DEBUG    | Task c6cf9f82-daa9-462f-a23f-18eba9b5871c state=PENDING elapsed=595s — waiting …
2026-06-03 15:36:55 | DEBUG    | Task c6cf9f82-daa9-462f-a23f-18eba9b5871c state=PENDING elapsed=600s — waiting …
2026-06-03 15:37:00 | DEBUG    | Task c6cf9f82-daa9-462f-a23f-18eba9b5871c state=PENDING elapsed=605s — waiting …
2026-06-03 15:37:05 | DEBUG    | Task c6cf9f82-daa9-462f-a23f-18eba9b5871c state=PENDING elapsed=610s — waiting …
2026-06-03 15:37:10 | DEBUG    | Task c6cf9f82-daa9-462f-a23f-18eba9b5871c state=PENDING elapsed=615s — waiting …
2026-06-03 15:37:15 | DEBUG    | Task c6cf9f82-daa9-462f-a23f-18eba9b5871c state=PENDING elapsed=620s — waiting …
2026-06-03 15:37:20 | DEBUG    | Task c6cf9f82-daa9-462f-a23f-18eba9b5871c state=PENDING elapsed=625s — waiting …
2026-06-03 15:37:25 | DEBUG    | Task c6cf9f82-daa9-462f-a23f-18eba9b5871c state=PENDING elapsed=630s — waiting …
2026-06-03 15:37:30 | DEBUG    | Task c6cf9f82-daa9-462f-a23f-18eba9b5871c state=PENDING elapsed=635s — waiting …
2026-06-03 15:37:35 | DEBUG    | Task c6cf9f82-daa9-462f-a23f-18eba9b5871c state=PENDING elapsed=640s — waiting …
2026-06-03 15:37:40 | DEBUG    | Task c6cf9f82-daa9-462f-a23f-18eba9b5871c state=PENDING elapsed=645s — waiting …
2026-06-03 15:37:45 | DEBUG    | Task c6cf9f82-daa9-462f-a23f-18eba9b5871c state=PENDING elapsed=650s — waiting …
2026-06-03 15:37:50 | DEBUG    | Task c6cf9f82-daa9-462f-a23f-18eba9b5871c state=PENDING elapsed=655s — waiting …
2026-06-03 15:37:55 | DEBUG    | Task c6cf9f82-daa9-462f-a23f-18eba9b5871c state=PENDING elapsed=660s — waiting …
2026-06-03 15:38:00 | DEBUG    | Task c6cf9f82-daa9-462f-a23f-18eba9b5871c state=PENDING elapsed=665s — waiting …
2026-06-03 15:38:05 | DEBUG    | Task c6cf9f82-daa9-462f-a23f-18eba9b5871c state=PENDING elapsed=670s — waiting …
2026-06-03 15:38:10 | DEBUG    | Task c6cf9f82-daa9-462f-a23f-18eba9b5871c state=PENDING elapsed=675s — waiting …
2026-06-03 15:38:15 | DEBUG    | Task c6cf9f82-daa9-462f-a23f-18eba9b5871c state=PENDING elapsed=680s — waiting …
2026-06-03 15:38:20 | DEBUG    | Task c6cf9f82-daa9-462f-a23f-18eba9b5871c state=PENDING elapsed=685s — waiting …
2026-06-03 15:38:25 | DEBUG    | Task c6cf9f82-daa9-462f-a23f-18eba9b5871c state=PENDING elapsed=690s — waiting …
2026-06-03 15:38:30 | DEBUG    | Task c6cf9f82-daa9-462f-a23f-18eba9b5871c state=PENDING elapsed=695s — waiting …
2026-06-03 15:38:35 | DEBUG    | Task c6cf9f82-daa9-462f-a23f-18eba9b5871c state=PENDING elapsed=700s — waiting …
2026-06-03 15:38:40 | INFO     | Task c6cf9f82-daa9-462f-a23f-18eba9b5871c FINISHED in 705s
2026-06-03 15:38:40 | INFO     | ✅ batch 4/131 (16 files) complete
2026-06-03 15:38:40 | INFO     | --- batch 5/131 (16 files) ---
2026-06-03 15:38:40 | DEBUG    |   Files: 1991-12.pdf, 1991-13.pdf, 1991-14.pdf, 1991-15.pdf, 1991-16.pdf, 1991-17.pdf, 1991-18.pdf, 1991-19.pdf, 1991-20.pdf, 1991-21.pdf, 1991-22.pdf, 1991-23.pdf, 1991-24.pdf, 1991-25.pdf, 1991-26.pdf, 1991-27.pdf
2026-06-03 15:38:41 | INFO     | Upload accepted → task_id=646d5bfe-1bd2-46e6-98c5-ccb6e5e641b1
2026-06-03 15:38:41 | DEBUG    | Task 646d5bfe-1bd2-46e6-98c5-ccb6e5e641b1 state=PENDING elapsed=0s — waiting …
2026-06-03 15:38:46 | DEBUG    | Task 646d5bfe-1bd2-46e6-98c5-ccb6e5e641b1 state=PENDING elapsed=5s — waiting …
2026-06-03 15:38:51 | DEBUG    | Task 646d5bfe-1bd2-46e6-98c5-ccb6e5e641b1 state=PENDING elapsed=10s — waiting …
2026-06-03 15:38:56 | DEBUG    | Task 646d5bfe-1bd2-46e6-98c5-ccb6e5e641b1 state=PENDING elapsed=15s — waiting …
2026-06-03 15:39:01 | DEBUG    | Task 646d5bfe-1bd2-46e6-98c5-ccb6e5e641b1 state=PENDING elapsed=20s — waiting …
2026-06-03 15:39:06 | DEBUG    | Task 646d5bfe-1bd2-46e6-98c5-ccb6e5e641b1 state=PENDING elapsed=25s — waiting …
2026-06-03 15:39:11 | DEBUG    | Task 646d5bfe-1bd2-46e6-98c5-ccb6e5e641b1 state=PENDING elapsed=30s — waiting …
2026-06-03 15:39:16 | DEBUG    | Task 646d5bfe-1bd2-46e6-98c5-ccb6e5e641b1 state=PENDING elapsed=35s — waiting …
2026-06-03 15:39:21 | DEBUG    | Task 646d5bfe-1bd2-46e6-98c5-ccb6e5e641b1 state=PENDING elapsed=40s — waiting …
2026-06-03 15:39:26 | DEBUG    | Task 646d5bfe-1bd2-46e6-98c5-ccb6e5e641b1 state=PENDING elapsed=45s — waiting …
2026-06-03 15:39:31 | DEBUG    | Task 646d5bfe-1bd2-46e6-98c5-ccb6e5e641b1 state=PENDING elapsed=50s — waiting …
2026-06-03 15:39:36 | DEBUG    | Task 646d5bfe-1bd2-46e6-98c5-ccb6e5e641b1 state=PENDING elapsed=55s — waiting …
2026-06-03 15:39:41 | DEBUG    | Task 646d5bfe-1bd2-46e6-98c5-ccb6e5e641b1 state=PENDING elapsed=60s — waiting …
2026-06-03 15:39:46 | DEBUG    | Task 646d5bfe-1bd2-46e6-98c5-ccb6e5e641b1 state=PENDING elapsed=65s — waiting …
2026-06-03 15:39:51 | DEBUG    | Task 646d5bfe-1bd2-46e6-98c5-ccb6e5e641b1 state=PENDING elapsed=70s — waiting …
2026-06-03 15:39:56 | DEBUG    | Task 646d5bfe-1bd2-46e6-98c5-ccb6e5e641b1 state=PENDING elapsed=75s — waiting …
2026-06-03 15:40:01 | DEBUG    | Task 646d5bfe-1bd2-46e6-98c5-ccb6e5e641b1 state=PENDING elapsed=80s — waiting …
2026-06-03 15:40:06 | DEBUG    | Task 646d5bfe-1bd2-46e6-98c5-ccb6e5e641b1 state=PENDING elapsed=85s — waiting …
2026-06-03 15:40:11 | DEBUG    | Task 646d5bfe-1bd2-46e6-98c5-ccb6e5e641b1 state=PENDING elapsed=90s — waiting …
2026-06-03 15:40:16 | DEBUG    | Task 646d5bfe-1bd2-46e6-98c5-ccb6e5e641b1 state=PENDING elapsed=95s — waiting …
2026-06-03 15:40:21 | DEBUG    | Task 646d5bfe-1bd2-46e6-98c5-ccb6e5e641b1 state=PENDING elapsed=100s — waiting …
2026-06-03 15:40:26 | DEBUG    | Task 646d5bfe-1bd2-46e6-98c5-ccb6e5e641b1 state=PENDING elapsed=105s — waiting …
2026-06-03 15:40:31 | DEBUG    | Task 646d5bfe-1bd2-46e6-98c5-ccb6e5e641b1 state=PENDING elapsed=110s — waiting …
2026-06-03 15:40:36 | DEBUG    | Task 646d5bfe-1bd2-46e6-98c5-ccb6e5e641b1 state=PENDING elapsed=115s — waiting …
2026-06-03 15:40:41 | DEBUG    | Task 646d5bfe-1bd2-46e6-98c5-ccb6e5e641b1 state=PENDING elapsed=120s — waiting …
2026-06-03 15:40:46 | DEBUG    | Task 646d5bfe-1bd2-46e6-98c5-ccb6e5e641b1 state=PENDING elapsed=125s — waiting …
2026-06-03 15:40:55 | DEBUG    | Task 646d5bfe-1bd2-46e6-98c5-ccb6e5e641b1 state=PENDING elapsed=134s — waiting …
2026-06-03 15:41:00 | DEBUG    | Task 646d5bfe-1bd2-46e6-98c5-ccb6e5e641b1 state=PENDING elapsed=139s — waiting …
2026-06-03 15:41:05 | DEBUG    | Task 646d5bfe-1bd2-46e6-98c5-ccb6e5e641b1 state=PENDING elapsed=144s — waiting …
2026-06-03 15:41:10 | DEBUG    | Task 646d5bfe-1bd2-46e6-98c5-ccb6e5e641b1 state=PENDING elapsed=149s — waiting …
2026-06-03 15:41:15 | DEBUG    | Task 646d5bfe-1bd2-46e6-98c5-ccb6e5e641b1 state=PENDING elapsed=154s — waiting …
2026-06-03 15:41:20 | DEBUG    | Task 646d5bfe-1bd2-46e6-98c5-ccb6e5e641b1 state=PENDING elapsed=159s — waiting …
2026-06-03 15:41:25 | DEBUG    | Task 646d5bfe-1bd2-46e6-98c5-ccb6e5e641b1 state=PENDING elapsed=164s — waiting …
2026-06-03 15:41:30 | DEBUG    | Task 646d5bfe-1bd2-46e6-98c5-ccb6e5e641b1 state=PENDING elapsed=169s — waiting …
2026-06-03 15:41:35 | DEBUG    | Task 646d5bfe-1bd2-46e6-98c5-ccb6e5e641b1 state=PENDING elapsed=174s — waiting …
2026-06-03 15:41:40 | DEBUG    | Task 646d5bfe-1bd2-46e6-98c5-ccb6e5e641b1 state=PENDING elapsed=179s — waiting …
2026-06-03 15:41:45 | DEBUG    | Task 646d5bfe-1bd2-46e6-98c5-ccb6e5e641b1 state=PENDING elapsed=184s — waiting …
2026-06-03 15:41:50 | DEBUG    | Task 646d5bfe-1bd2-46e6-98c5-ccb6e5e641b1 state=PENDING elapsed=189s — waiting …
2026-06-03 15:42:20 | DEBUG    | Task 646d5bfe-1bd2-46e6-98c5-ccb6e5e641b1 state=PENDING elapsed=219s — waiting …
2026-06-03 15:42:27 | DEBUG    | Task 646d5bfe-1bd2-46e6-98c5-ccb6e5e641b1 state=PENDING elapsed=226s — waiting …
2026-06-03 15:42:32 | DEBUG    | Task 646d5bfe-1bd2-46e6-98c5-ccb6e5e641b1 state=PENDING elapsed=231s — waiting …
2026-06-03 15:42:37 | DEBUG    | Task 646d5bfe-1bd2-46e6-98c5-ccb6e5e641b1 state=PENDING elapsed=236s — waiting …
2026-06-03 15:42:42 | DEBUG    | Task 646d5bfe-1bd2-46e6-98c5-ccb6e5e641b1 state=PENDING elapsed=241s — waiting …
2026-06-03 15:42:47 | DEBUG    | Task 646d5bfe-1bd2-46e6-98c5-ccb6e5e641b1 state=PENDING elapsed=246s — waiting …
2026-06-03 15:42:54 | DEBUG    | Task 646d5bfe-1bd2-46e6-98c5-ccb6e5e641b1 state=PENDING elapsed=253s — waiting …
2026-06-03 15:43:01 | INFO     | Task 646d5bfe-1bd2-46e6-98c5-ccb6e5e641b1 FINISHED in 260s
2026-06-03 15:43:01 | INFO     | ✅ batch 5/131 (16 files) complete
2026-06-03 15:43:01 | INFO     | --- batch 6/131 (16 files) ---
2026-06-03 15:43:01 | DEBUG    |   Files: 1991-28.pdf, 1991-29.pdf, 1991-30.pdf, 1991-31.pdf, 1991-32.pdf, 1991-33.pdf, 1991-34.pdf, 1991-35.pdf, 1992-02.pdf, 1992-03.pdf, 1992-04.pdf, 1992-05.pdf, 1992-06.pdf, 1992-07.pdf, 1992-11.pdf, 1992-15.pdf
2026-06-03 15:43:02 | INFO     | Upload accepted → task_id=d5af2057-f67a-4a89-80d2-652ebb3657be
2026-06-03 15:43:02 | DEBUG    | Task d5af2057-f67a-4a89-80d2-652ebb3657be state=PENDING elapsed=0s — waiting …
2026-06-03 15:43:08 | DEBUG    | Task d5af2057-f67a-4a89-80d2-652ebb3657be state=PENDING elapsed=5s — waiting …
2026-06-03 15:43:16 | DEBUG    | Task d5af2057-f67a-4a89-80d2-652ebb3657be state=PENDING elapsed=14s — waiting …
2026-06-03 15:43:21 | DEBUG    | Task d5af2057-f67a-4a89-80d2-652ebb3657be state=PENDING elapsed=19s — waiting …
2026-06-03 15:43:26 | DEBUG    | Task d5af2057-f67a-4a89-80d2-652ebb3657be state=PENDING elapsed=24s — waiting …
2026-06-03 15:43:31 | DEBUG    | Task d5af2057-f67a-4a89-80d2-652ebb3657be state=PENDING elapsed=29s — waiting …
2026-06-03 15:43:36 | DEBUG    | Task d5af2057-f67a-4a89-80d2-652ebb3657be state=PENDING elapsed=34s — waiting …
2026-06-03 15:43:41 | DEBUG    | Task d5af2057-f67a-4a89-80d2-652ebb3657be state=PENDING elapsed=39s — waiting …
2026-06-03 15:43:46 | DEBUG    | Task d5af2057-f67a-4a89-80d2-652ebb3657be state=PENDING elapsed=44s — waiting …
2026-06-03 15:43:51 | DEBUG    | Task d5af2057-f67a-4a89-80d2-652ebb3657be state=PENDING elapsed=49s — waiting …
2026-06-03 15:43:56 | DEBUG    | Task d5af2057-f67a-4a89-80d2-652ebb3657be state=PENDING elapsed=54s — waiting …
2026-06-03 15:44:01 | DEBUG    | Task d5af2057-f67a-4a89-80d2-652ebb3657be state=PENDING elapsed=59s — waiting …
2026-06-03 15:44:06 | DEBUG    | Task d5af2057-f67a-4a89-80d2-652ebb3657be state=PENDING elapsed=64s — waiting …
2026-06-03 15:44:11 | DEBUG    | Task d5af2057-f67a-4a89-80d2-652ebb3657be state=PENDING elapsed=69s — waiting …
2026-06-03 15:44:16 | DEBUG    | Task d5af2057-f67a-4a89-80d2-652ebb3657be state=PENDING elapsed=74s — waiting …
2026-06-03 15:44:21 | DEBUG    | Task d5af2057-f67a-4a89-80d2-652ebb3657be state=PENDING elapsed=79s — waiting …
2026-06-03 15:44:26 | DEBUG    | Task d5af2057-f67a-4a89-80d2-652ebb3657be state=PENDING elapsed=84s — waiting …
2026-06-03 15:44:31 | DEBUG    | Task d5af2057-f67a-4a89-80d2-652ebb3657be state=PENDING elapsed=89s — waiting …
2026-06-03 15:44:36 | DEBUG    | Task d5af2057-f67a-4a89-80d2-652ebb3657be state=PENDING elapsed=94s — waiting …
2026-06-03 15:44:41 | DEBUG    | Task d5af2057-f67a-4a89-80d2-652ebb3657be state=PENDING elapsed=99s — waiting …
2026-06-03 15:44:46 | DEBUG    | Task d5af2057-f67a-4a89-80d2-652ebb3657be state=PENDING elapsed=104s — waiting …
2026-06-03 15:44:51 | DEBUG    | Task d5af2057-f67a-4a89-80d2-652ebb3657be state=PENDING elapsed=109s — waiting …
2026-06-03 15:44:56 | DEBUG    | Task d5af2057-f67a-4a89-80d2-652ebb3657be state=PENDING elapsed=114s — waiting …
2026-06-03 15:45:01 | DEBUG    | Task d5af2057-f67a-4a89-80d2-652ebb3657be state=PENDING elapsed=119s — waiting …
2026-06-03 15:45:06 | DEBUG    | Task d5af2057-f67a-4a89-80d2-652ebb3657be state=PENDING elapsed=124s — waiting …
2026-06-03 15:45:11 | DEBUG    | Task d5af2057-f67a-4a89-80d2-652ebb3657be state=PENDING elapsed=129s — waiting …
2026-06-03 15:45:16 | DEBUG    | Task d5af2057-f67a-4a89-80d2-652ebb3657be state=PENDING elapsed=134s — waiting …
2026-06-03 15:45:21 | DEBUG    | Task d5af2057-f67a-4a89-80d2-652ebb3657be state=PENDING elapsed=139s — waiting …
2026-06-03 15:45:26 | DEBUG    | Task d5af2057-f67a-4a89-80d2-652ebb3657be state=PENDING elapsed=144s — waiting …
2026-06-03 15:45:31 | DEBUG    | Task d5af2057-f67a-4a89-80d2-652ebb3657be state=PENDING elapsed=149s — waiting …
2026-06-03 15:45:36 | DEBUG    | Task d5af2057-f67a-4a89-80d2-652ebb3657be state=PENDING elapsed=154s — waiting …
2026-06-03 15:45:41 | DEBUG    | Task d5af2057-f67a-4a89-80d2-652ebb3657be state=PENDING elapsed=159s — waiting …
2026-06-03 15:45:46 | DEBUG    | Task d5af2057-f67a-4a89-80d2-652ebb3657be state=PENDING elapsed=164s — waiting …
2026-06-03 15:45:51 | DEBUG    | Task d5af2057-f67a-4a89-80d2-652ebb3657be state=PENDING elapsed=169s — waiting …
2026-06-03 15:45:56 | DEBUG    | Task d5af2057-f67a-4a89-80d2-652ebb3657be state=PENDING elapsed=174s — waiting …
2026-06-03 15:46:01 | INFO     | Task d5af2057-f67a-4a89-80d2-652ebb3657be FINISHED in 179s
2026-06-03 15:46:01 | INFO     | ✅ batch 6/131 (16 files) complete
2026-06-03 15:46:01 | INFO     | --- batch 7/131 (16 files) ---
2026-06-03 15:46:01 | DEBUG    |   Files: 1992-17.pdf, 1992-18.pdf, 1992-19.pdf, 1992-24.pdf, 1992-25.pdf, 1992-26.pdf, 1992-27.pdf, 1993-01.pdf, 1993-02.pdf, 1993-03.pdf, 1993-04.pdf, 1993-05a.pdf, 1993-05b.pdf, 1993-06.pdf, 1993-07.pdf, 1993-08.pdf
2026-06-03 15:46:02 | INFO     | Upload accepted → task_id=0154168c-002e-4f66-adb2-54f421536700
2026-06-03 15:46:02 | DEBUG    | Task 0154168c-002e-4f66-adb2-54f421536700 state=PENDING elapsed=0s — waiting …
2026-06-03 15:46:07 | DEBUG    | Task 0154168c-002e-4f66-adb2-54f421536700 state=PENDING elapsed=5s — waiting …
2026-06-03 15:46:12 | DEBUG    | Task 0154168c-002e-4f66-adb2-54f421536700 state=PENDING elapsed=10s — waiting …
2026-06-03 15:46:17 | DEBUG    | Task 0154168c-002e-4f66-adb2-54f421536700 state=PENDING elapsed=15s — waiting …
2026-06-03 15:46:24 | DEBUG    | Task 0154168c-002e-4f66-adb2-54f421536700 state=PENDING elapsed=21s — waiting …
2026-06-03 15:46:29 | DEBUG    | Task 0154168c-002e-4f66-adb2-54f421536700 state=PENDING elapsed=26s — waiting …
2026-06-03 15:46:34 | DEBUG    | Task 0154168c-002e-4f66-adb2-54f421536700 state=PENDING elapsed=31s — waiting …
2026-06-03 15:46:39 | DEBUG    | Task 0154168c-002e-4f66-adb2-54f421536700 state=PENDING elapsed=36s — waiting …
2026-06-03 15:46:44 | DEBUG    | Task 0154168c-002e-4f66-adb2-54f421536700 state=PENDING elapsed=41s — waiting …
2026-06-03 15:46:49 | DEBUG    | Task 0154168c-002e-4f66-adb2-54f421536700 state=PENDING elapsed=46s — waiting …
2026-06-03 15:46:54 | DEBUG    | Task 0154168c-002e-4f66-adb2-54f421536700 state=PENDING elapsed=51s — waiting …
2026-06-03 15:46:59 | DEBUG    | Task 0154168c-002e-4f66-adb2-54f421536700 state=PENDING elapsed=56s — waiting …
2026-06-03 15:47:04 | DEBUG    | Task 0154168c-002e-4f66-adb2-54f421536700 state=PENDING elapsed=61s — waiting …
2026-06-03 15:47:09 | DEBUG    | Task 0154168c-002e-4f66-adb2-54f421536700 state=PENDING elapsed=66s — waiting …
2026-06-03 15:47:14 | DEBUG    | Task 0154168c-002e-4f66-adb2-54f421536700 state=PENDING elapsed=71s — waiting …
2026-06-03 15:47:19 | DEBUG    | Task 0154168c-002e-4f66-adb2-54f421536700 state=PENDING elapsed=76s — waiting …
2026-06-03 15:47:24 | DEBUG    | Task 0154168c-002e-4f66-adb2-54f421536700 state=PENDING elapsed=81s — waiting …
2026-06-03 15:47:29 | DEBUG    | Task 0154168c-002e-4f66-adb2-54f421536700 state=PENDING elapsed=86s — waiting …
2026-06-03 15:47:34 | DEBUG    | Task 0154168c-002e-4f66-adb2-54f421536700 state=PENDING elapsed=91s — waiting …
2026-06-03 15:47:39 | DEBUG    | Task 0154168c-002e-4f66-adb2-54f421536700 state=PENDING elapsed=96s — waiting …
2026-06-03 15:47:44 | DEBUG    | Task 0154168c-002e-4f66-adb2-54f421536700 state=PENDING elapsed=101s — waiting …
2026-06-03 15:47:49 | DEBUG    | Task 0154168c-002e-4f66-adb2-54f421536700 state=PENDING elapsed=106s — waiting …
2026-06-03 15:47:54 | DEBUG    | Task 0154168c-002e-4f66-adb2-54f421536700 state=PENDING elapsed=111s — waiting …
2026-06-03 15:47:59 | DEBUG    | Task 0154168c-002e-4f66-adb2-54f421536700 state=PENDING elapsed=116s — waiting …
2026-06-03 15:48:04 | DEBUG    | Task 0154168c-002e-4f66-adb2-54f421536700 state=PENDING elapsed=121s — waiting …
2026-06-03 15:48:09 | DEBUG    | Task 0154168c-002e-4f66-adb2-54f421536700 state=PENDING elapsed=126s — waiting …
2026-06-03 15:48:14 | DEBUG    | Task 0154168c-002e-4f66-adb2-54f421536700 state=PENDING elapsed=131s — waiting …
2026-06-03 15:48:19 | DEBUG    | Task 0154168c-002e-4f66-adb2-54f421536700 state=PENDING elapsed=136s — waiting …
2026-06-03 15:48:24 | DEBUG    | Task 0154168c-002e-4f66-adb2-54f421536700 state=PENDING elapsed=141s — waiting …
2026-06-03 15:48:29 | DEBUG    | Task 0154168c-002e-4f66-adb2-54f421536700 state=PENDING elapsed=146s — waiting …
2026-06-03 15:48:34 | DEBUG    | Task 0154168c-002e-4f66-adb2-54f421536700 state=PENDING elapsed=151s — waiting …
2026-06-03 15:48:39 | DEBUG    | Task 0154168c-002e-4f66-adb2-54f421536700 state=PENDING elapsed=156s — waiting …
2026-06-03 15:48:44 | DEBUG    | Task 0154168c-002e-4f66-adb2-54f421536700 state=PENDING elapsed=161s — waiting …
2026-06-03 15:48:49 | DEBUG    | Task 0154168c-002e-4f66-adb2-54f421536700 state=PENDING elapsed=166s — waiting …
2026-06-03 15:48:54 | DEBUG    | Task 0154168c-002e-4f66-adb2-54f421536700 state=PENDING elapsed=171s — waiting …
2026-06-03 15:48:59 | DEBUG    | Task 0154168c-002e-4f66-adb2-54f421536700 state=PENDING elapsed=176s — waiting …
2026-06-03 15:49:04 | DEBUG    | Task 0154168c-002e-4f66-adb2-54f421536700 state=PENDING elapsed=181s — waiting …
2026-06-03 15:49:09 | DEBUG    | Task 0154168c-002e-4f66-adb2-54f421536700 state=PENDING elapsed=186s — waiting …
2026-06-03 15:49:14 | DEBUG    | Task 0154168c-002e-4f66-adb2-54f421536700 state=PENDING elapsed=191s — waiting …
2026-06-03 15:49:19 | INFO     | Task 0154168c-002e-4f66-adb2-54f421536700 FINISHED in 196s
2026-06-03 15:49:19 | INFO     | ✅ batch 7/131 (16 files) complete
2026-06-03 15:49:19 | INFO     | --- batch 8/131 (16 files) ---
2026-06-03 15:49:19 | DEBUG    |   Files: 1993-09.pdf, 1993-10.pdf, 1993-11.pdf, 1993-12.pdf, 1993-13.pdf, 1993-14.pdf, 1993-15.pdf, 1993-16.pdf, 1993-17.pdf, 1993-18.pdf, 1993-19.pdf, 1993-20.pdf, 1993-21.pdf, 1993-22.pdf, 1993-23a.pdf, 1993-23b.pdf
2026-06-03 15:49:20 | INFO     | Upload accepted → task_id=c666d968-86a8-43c6-84aa-53b96144b8c1
2026-06-03 15:49:20 | DEBUG    | Task c666d968-86a8-43c6-84aa-53b96144b8c1 state=PENDING elapsed=0s — waiting …
2026-06-03 15:49:25 | DEBUG    | Task c666d968-86a8-43c6-84aa-53b96144b8c1 state=PENDING elapsed=5s — waiting …
2026-06-03 15:49:30 | DEBUG    | Task c666d968-86a8-43c6-84aa-53b96144b8c1 state=PENDING elapsed=10s — waiting …
2026-06-03 15:49:35 | DEBUG    | Task c666d968-86a8-43c6-84aa-53b96144b8c1 state=PENDING elapsed=15s — waiting …
2026-06-03 15:49:40 | DEBUG    | Task c666d968-86a8-43c6-84aa-53b96144b8c1 state=PENDING elapsed=20s — waiting …
2026-06-03 15:49:45 | DEBUG    | Task c666d968-86a8-43c6-84aa-53b96144b8c1 state=PENDING elapsed=25s — waiting …
2026-06-03 15:49:50 | DEBUG    | Task c666d968-86a8-43c6-84aa-53b96144b8c1 state=PENDING elapsed=30s — waiting …
2026-06-03 15:49:55 | DEBUG    | Task c666d968-86a8-43c6-84aa-53b96144b8c1 state=PENDING elapsed=35s — waiting …
2026-06-03 15:50:00 | DEBUG    | Task c666d968-86a8-43c6-84aa-53b96144b8c1 state=PENDING elapsed=40s — waiting …
2026-06-03 15:50:05 | DEBUG    | Task c666d968-86a8-43c6-84aa-53b96144b8c1 state=PENDING elapsed=45s — waiting …
2026-06-03 15:50:10 | DEBUG    | Task c666d968-86a8-43c6-84aa-53b96144b8c1 state=PENDING elapsed=50s — waiting …
2026-06-03 15:50:15 | DEBUG    | Task c666d968-86a8-43c6-84aa-53b96144b8c1 state=PENDING elapsed=55s — waiting …
2026-06-03 15:50:20 | DEBUG    | Task c666d968-86a8-43c6-84aa-53b96144b8c1 state=PENDING elapsed=60s — waiting …
2026-06-03 15:50:25 | DEBUG    | Task c666d968-86a8-43c6-84aa-53b96144b8c1 state=PENDING elapsed=65s — waiting …
2026-06-03 15:50:30 | DEBUG    | Task c666d968-86a8-43c6-84aa-53b96144b8c1 state=PENDING elapsed=70s — waiting …
2026-06-03 15:50:35 | DEBUG    | Task c666d968-86a8-43c6-84aa-53b96144b8c1 state=PENDING elapsed=75s — waiting …
2026-06-03 15:50:40 | DEBUG    | Task c666d968-86a8-43c6-84aa-53b96144b8c1 state=PENDING elapsed=80s — waiting …
2026-06-03 15:50:45 | DEBUG    | Task c666d968-86a8-43c6-84aa-53b96144b8c1 state=PENDING elapsed=85s — waiting …
2026-06-03 15:50:50 | DEBUG    | Task c666d968-86a8-43c6-84aa-53b96144b8c1 state=PENDING elapsed=90s — waiting …
2026-06-03 15:50:55 | DEBUG    | Task c666d968-86a8-43c6-84aa-53b96144b8c1 state=PENDING elapsed=95s — waiting …
2026-06-03 15:51:00 | DEBUG    | Task c666d968-86a8-43c6-84aa-53b96144b8c1 state=PENDING elapsed=100s — waiting …
2026-06-03 15:51:05 | DEBUG    | Task c666d968-86a8-43c6-84aa-53b96144b8c1 state=PENDING elapsed=105s — waiting …
2026-06-03 15:51:10 | DEBUG    | Task c666d968-86a8-43c6-84aa-53b96144b8c1 state=PENDING elapsed=110s — waiting …
2026-06-03 15:51:15 | DEBUG    | Task c666d968-86a8-43c6-84aa-53b96144b8c1 state=PENDING elapsed=115s — waiting …
2026-06-03 15:51:20 | DEBUG    | Task c666d968-86a8-43c6-84aa-53b96144b8c1 state=PENDING elapsed=120s — waiting …
2026-06-03 15:51:25 | DEBUG    | Task c666d968-86a8-43c6-84aa-53b96144b8c1 state=PENDING elapsed=125s — waiting …
2026-06-03 15:51:30 | DEBUG    | Task c666d968-86a8-43c6-84aa-53b96144b8c1 state=PENDING elapsed=130s — waiting …
2026-06-03 15:51:35 | DEBUG    | Task c666d968-86a8-43c6-84aa-53b96144b8c1 state=PENDING elapsed=135s — waiting …
2026-06-03 15:51:40 | DEBUG    | Task c666d968-86a8-43c6-84aa-53b96144b8c1 state=PENDING elapsed=140s — waiting …
2026-06-03 15:51:45 | DEBUG    | Task c666d968-86a8-43c6-84aa-53b96144b8c1 state=PENDING elapsed=145s — waiting …
2026-06-03 15:51:50 | DEBUG    | Task c666d968-86a8-43c6-84aa-53b96144b8c1 state=PENDING elapsed=150s — waiting …
2026-06-03 15:51:55 | DEBUG    | Task c666d968-86a8-43c6-84aa-53b96144b8c1 state=PENDING elapsed=155s — waiting …
2026-06-03 15:52:00 | DEBUG    | Task c666d968-86a8-43c6-84aa-53b96144b8c1 state=PENDING elapsed=160s — waiting …
2026-06-03 15:52:05 | DEBUG    | Task c666d968-86a8-43c6-84aa-53b96144b8c1 state=PENDING elapsed=165s — waiting …
2026-06-03 15:52:10 | DEBUG    | Task c666d968-86a8-43c6-84aa-53b96144b8c1 state=PENDING elapsed=170s — waiting …
2026-06-03 15:52:15 | DEBUG    | Task c666d968-86a8-43c6-84aa-53b96144b8c1 state=PENDING elapsed=175s — waiting …
2026-06-03 15:52:20 | DEBUG    | Task c666d968-86a8-43c6-84aa-53b96144b8c1 state=PENDING elapsed=180s — waiting …
2026-06-03 15:52:25 | DEBUG    | Task c666d968-86a8-43c6-84aa-53b96144b8c1 state=PENDING elapsed=185s — waiting …
2026-06-03 15:52:30 | DEBUG    | Task c666d968-86a8-43c6-84aa-53b96144b8c1 state=PENDING elapsed=190s — waiting …
2026-06-03 15:52:35 | DEBUG    | Task c666d968-86a8-43c6-84aa-53b96144b8c1 state=PENDING elapsed=195s — waiting …
2026-06-03 15:52:40 | DEBUG    | Task c666d968-86a8-43c6-84aa-53b96144b8c1 state=PENDING elapsed=200s — waiting …
2026-06-03 15:52:45 | DEBUG    | Task c666d968-86a8-43c6-84aa-53b96144b8c1 state=PENDING elapsed=205s — waiting …
2026-06-03 15:52:50 | DEBUG    | Task c666d968-86a8-43c6-84aa-53b96144b8c1 state=PENDING elapsed=210s — waiting …
2026-06-03 15:52:55 | DEBUG    | Task c666d968-86a8-43c6-84aa-53b96144b8c1 state=PENDING elapsed=215s — waiting …
2026-06-03 15:53:00 | DEBUG    | Task c666d968-86a8-43c6-84aa-53b96144b8c1 state=PENDING elapsed=220s — waiting …
2026-06-03 15:53:05 | DEBUG    | Task c666d968-86a8-43c6-84aa-53b96144b8c1 state=PENDING elapsed=225s — waiting …
2026-06-03 15:53:10 | DEBUG    | Task c666d968-86a8-43c6-84aa-53b96144b8c1 state=PENDING elapsed=230s — waiting …
2026-06-03 15:53:15 | DEBUG    | Task c666d968-86a8-43c6-84aa-53b96144b8c1 state=PENDING elapsed=235s — waiting …
2026-06-03 15:53:20 | DEBUG    | Task c666d968-86a8-43c6-84aa-53b96144b8c1 state=PENDING elapsed=240s — waiting …
2026-06-03 15:53:25 | DEBUG    | Task c666d968-86a8-43c6-84aa-53b96144b8c1 state=PENDING elapsed=245s — waiting …
2026-06-03 15:53:31 | DEBUG    | Task c666d968-86a8-43c6-84aa-53b96144b8c1 state=PENDING elapsed=251s — waiting …
2026-06-03 15:53:37 | DEBUG    | Task c666d968-86a8-43c6-84aa-53b96144b8c1 state=PENDING elapsed=257s — waiting …
2026-06-03 15:53:42 | DEBUG    | Task c666d968-86a8-43c6-84aa-53b96144b8c1 state=PENDING elapsed=262s — waiting …
2026-06-03 15:53:47 | DEBUG    | Task c666d968-86a8-43c6-84aa-53b96144b8c1 state=PENDING elapsed=267s — waiting …
2026-06-03 15:53:52 | DEBUG    | Task c666d968-86a8-43c6-84aa-53b96144b8c1 state=PENDING elapsed=272s — waiting …
2026-06-03 15:53:59 | DEBUG    | Task c666d968-86a8-43c6-84aa-53b96144b8c1 state=PENDING elapsed=279s — waiting …
2026-06-03 15:54:04 | DEBUG    | Task c666d968-86a8-43c6-84aa-53b96144b8c1 state=PENDING elapsed=284s — waiting …
2026-06-03 15:54:09 | DEBUG    | Task c666d968-86a8-43c6-84aa-53b96144b8c1 state=PENDING elapsed=289s — waiting …
2026-06-03 15:54:14 | DEBUG    | Task c666d968-86a8-43c6-84aa-53b96144b8c1 state=PENDING elapsed=294s — waiting …
2026-06-03 15:54:19 | DEBUG    | Task c666d968-86a8-43c6-84aa-53b96144b8c1 state=PENDING elapsed=299s — waiting …
2026-06-03 15:54:24 | DEBUG    | Task c666d968-86a8-43c6-84aa-53b96144b8c1 state=PENDING elapsed=304s — waiting …
2026-06-03 15:54:29 | DEBUG    | Task c666d968-86a8-43c6-84aa-53b96144b8c1 state=PENDING elapsed=309s — waiting …
2026-06-03 15:54:34 | DEBUG    | Task c666d968-86a8-43c6-84aa-53b96144b8c1 state=PENDING elapsed=314s — waiting …
2026-06-03 15:54:39 | DEBUG    | Task c666d968-86a8-43c6-84aa-53b96144b8c1 state=PENDING elapsed=319s — waiting …
2026-06-03 15:54:44 | DEBUG    | Task c666d968-86a8-43c6-84aa-53b96144b8c1 state=PENDING elapsed=324s — waiting …
2026-06-03 15:54:49 | DEBUG    | Task c666d968-86a8-43c6-84aa-53b96144b8c1 state=PENDING elapsed=329s — waiting …
2026-06-03 15:54:54 | DEBUG    | Task c666d968-86a8-43c6-84aa-53b96144b8c1 state=PENDING elapsed=334s — waiting …
2026-06-03 15:54:59 | DEBUG    | Task c666d968-86a8-43c6-84aa-53b96144b8c1 state=PENDING elapsed=339s — waiting …
2026-06-03 15:55:04 | DEBUG    | Task c666d968-86a8-43c6-84aa-53b96144b8c1 state=PENDING elapsed=344s — waiting …
2026-06-03 15:55:09 | DEBUG    | Task c666d968-86a8-43c6-84aa-53b96144b8c1 state=PENDING elapsed=349s — waiting …
2026-06-03 15:55:14 | DEBUG    | Task c666d968-86a8-43c6-84aa-53b96144b8c1 state=PENDING elapsed=354s — waiting …
2026-06-03 15:55:19 | DEBUG    | Task c666d968-86a8-43c6-84aa-53b96144b8c1 state=PENDING elapsed=359s — waiting …
2026-06-03 15:55:24 | DEBUG    | Task c666d968-86a8-43c6-84aa-53b96144b8c1 state=PENDING elapsed=364s — waiting …
2026-06-03 15:55:29 | INFO     | Task c666d968-86a8-43c6-84aa-53b96144b8c1 FINISHED in 370s
2026-06-03 15:55:29 | INFO     | ✅ batch 8/131 (16 files) complete
2026-06-03 15:55:29 | INFO     | --- batch 9/131 (16 files) ---
2026-06-03 15:55:29 | DEBUG    |   Files: 1993-24.pdf, 1993-25.pdf, 1993-26.pdf, 1993-27.pdf, 1993-28.pdf, 1993-29.pdf, 1993-30.pdf, 1993-31.pdf, 1993-32.pdf, 1994-01.pdf, 1994-02.pdf, 1994-03.pdf, 1994-04.pdf, 1994-05.pdf, 1994-06.pdf, 1994-07.pdf
2026-06-03 15:55:30 | INFO     | Upload accepted → task_id=934bd820-4055-44fb-afb4-c816d5475491
2026-06-03 15:55:30 | DEBUG    | Task 934bd820-4055-44fb-afb4-c816d5475491 state=PENDING elapsed=0s — waiting …
2026-06-03 15:55:35 | DEBUG    | Task 934bd820-4055-44fb-afb4-c816d5475491 state=PENDING elapsed=5s — waiting …
2026-06-03 15:55:40 | DEBUG    | Task 934bd820-4055-44fb-afb4-c816d5475491 state=PENDING elapsed=10s — waiting …
2026-06-03 15:55:45 | DEBUG    | Task 934bd820-4055-44fb-afb4-c816d5475491 state=PENDING elapsed=15s — waiting …
2026-06-03 15:55:50 | DEBUG    | Task 934bd820-4055-44fb-afb4-c816d5475491 state=PENDING elapsed=20s — waiting …
2026-06-03 15:55:55 | DEBUG    | Task 934bd820-4055-44fb-afb4-c816d5475491 state=PENDING elapsed=25s — waiting …
2026-06-03 15:56:00 | DEBUG    | Task 934bd820-4055-44fb-afb4-c816d5475491 state=PENDING elapsed=30s — waiting …
2026-06-03 15:56:05 | DEBUG    | Task 934bd820-4055-44fb-afb4-c816d5475491 state=PENDING elapsed=35s — waiting …
2026-06-03 15:56:10 | DEBUG    | Task 934bd820-4055-44fb-afb4-c816d5475491 state=PENDING elapsed=40s — waiting …
2026-06-03 15:56:15 | DEBUG    | Task 934bd820-4055-44fb-afb4-c816d5475491 state=PENDING elapsed=45s — waiting …
2026-06-03 15:56:20 | DEBUG    | Task 934bd820-4055-44fb-afb4-c816d5475491 state=PENDING elapsed=50s — waiting …
2026-06-03 15:56:25 | DEBUG    | Task 934bd820-4055-44fb-afb4-c816d5475491 state=PENDING elapsed=55s — waiting …
2026-06-03 15:56:30 | DEBUG    | Task 934bd820-4055-44fb-afb4-c816d5475491 state=PENDING elapsed=60s — waiting …
2026-06-03 15:56:35 | DEBUG    | Task 934bd820-4055-44fb-afb4-c816d5475491 state=PENDING elapsed=65s — waiting …
2026-06-03 15:56:40 | DEBUG    | Task 934bd820-4055-44fb-afb4-c816d5475491 state=PENDING elapsed=70s — waiting …
2026-06-03 15:56:45 | DEBUG    | Task 934bd820-4055-44fb-afb4-c816d5475491 state=PENDING elapsed=75s — waiting …
2026-06-03 15:56:50 | DEBUG    | Task 934bd820-4055-44fb-afb4-c816d5475491 state=PENDING elapsed=80s — waiting …
2026-06-03 15:56:55 | DEBUG    | Task 934bd820-4055-44fb-afb4-c816d5475491 state=PENDING elapsed=85s — waiting …
2026-06-03 15:57:00 | DEBUG    | Task 934bd820-4055-44fb-afb4-c816d5475491 state=PENDING elapsed=90s — waiting …
2026-06-03 15:57:16 | DEBUG    | Task 934bd820-4055-44fb-afb4-c816d5475491 state=PENDING elapsed=106s — waiting …
2026-06-03 15:57:21 | DEBUG    | Task 934bd820-4055-44fb-afb4-c816d5475491 state=PENDING elapsed=111s — waiting …
2026-06-03 15:57:26 | DEBUG    | Task 934bd820-4055-44fb-afb4-c816d5475491 state=PENDING elapsed=116s — waiting …
2026-06-03 15:57:31 | DEBUG    | Task 934bd820-4055-44fb-afb4-c816d5475491 state=PENDING elapsed=121s — waiting …
2026-06-03 15:57:36 | DEBUG    | Task 934bd820-4055-44fb-afb4-c816d5475491 state=PENDING elapsed=126s — waiting …
2026-06-03 15:57:41 | DEBUG    | Task 934bd820-4055-44fb-afb4-c816d5475491 state=PENDING elapsed=131s — waiting …
2026-06-03 15:57:51 | DEBUG    | Task 934bd820-4055-44fb-afb4-c816d5475491 state=PENDING elapsed=140s — waiting …
2026-06-03 15:57:56 | DEBUG    | Task 934bd820-4055-44fb-afb4-c816d5475491 state=PENDING elapsed=145s — waiting …
2026-06-03 15:58:01 | DEBUG    | Task 934bd820-4055-44fb-afb4-c816d5475491 state=PENDING elapsed=150s — waiting …
2026-06-03 15:58:07 | DEBUG    | Task 934bd820-4055-44fb-afb4-c816d5475491 state=PENDING elapsed=156s — waiting …
2026-06-03 15:58:12 | DEBUG    | Task 934bd820-4055-44fb-afb4-c816d5475491 state=PENDING elapsed=161s — waiting …
2026-06-03 15:58:17 | DEBUG    | Task 934bd820-4055-44fb-afb4-c816d5475491 state=PENDING elapsed=166s — waiting …
2026-06-03 15:58:22 | DEBUG    | Task 934bd820-4055-44fb-afb4-c816d5475491 state=PENDING elapsed=171s — waiting …
2026-06-03 15:58:27 | DEBUG    | Task 934bd820-4055-44fb-afb4-c816d5475491 state=PENDING elapsed=176s — waiting …
2026-06-03 15:58:32 | DEBUG    | Task 934bd820-4055-44fb-afb4-c816d5475491 state=PENDING elapsed=181s — waiting …
2026-06-03 15:58:37 | INFO     | Task 934bd820-4055-44fb-afb4-c816d5475491 FINISHED in 186s
2026-06-03 15:58:37 | INFO     | ✅ batch 9/131 (16 files) complete
2026-06-03 15:58:37 | INFO     | --- batch 10/131 (16 files) ---
2026-06-03 15:58:37 | DEBUG    |   Files: 1994-08.pdf, 1994-09.pdf, 1994-10.pdf, 1994-11.pdf, 1994-12.pdf, 1994-13.pdf, 1994-14.pdf, 1994-15.pdf, 1994-16.pdf, 1994-17.pdf, 1994-18.pdf, 1994-19.pdf, 1994-20.pdf, 1994-21.pdf, 1994-22.pdf, 1994-23.pdf
2026-06-03 15:58:38 | INFO     | Upload accepted → task_id=70e1d731-5270-4ba3-bdc5-4713a01c86cc
2026-06-03 15:58:38 | DEBUG    | Task 70e1d731-5270-4ba3-bdc5-4713a01c86cc state=PENDING elapsed=0s — waiting …
2026-06-03 15:58:43 | DEBUG    | Task 70e1d731-5270-4ba3-bdc5-4713a01c86cc state=PENDING elapsed=5s — waiting …
2026-06-03 15:58:48 | DEBUG    | Task 70e1d731-5270-4ba3-bdc5-4713a01c86cc state=PENDING elapsed=10s — waiting …
2026-06-03 15:58:53 | DEBUG    | Task 70e1d731-5270-4ba3-bdc5-4713a01c86cc state=PENDING elapsed=15s — waiting …
2026-06-03 15:58:58 | DEBUG    | Task 70e1d731-5270-4ba3-bdc5-4713a01c86cc state=PENDING elapsed=20s — waiting …
2026-06-03 15:59:03 | DEBUG    | Task 70e1d731-5270-4ba3-bdc5-4713a01c86cc state=PENDING elapsed=25s — waiting …
2026-06-03 15:59:08 | DEBUG    | Task 70e1d731-5270-4ba3-bdc5-4713a01c86cc state=PENDING elapsed=30s — waiting …
2026-06-03 15:59:13 | DEBUG    | Task 70e1d731-5270-4ba3-bdc5-4713a01c86cc state=PENDING elapsed=35s — waiting …
2026-06-03 15:59:18 | DEBUG    | Task 70e1d731-5270-4ba3-bdc5-4713a01c86cc state=PENDING elapsed=40s — waiting …
2026-06-03 15:59:23 | DEBUG    | Task 70e1d731-5270-4ba3-bdc5-4713a01c86cc state=PENDING elapsed=45s — waiting …
2026-06-03 15:59:28 | DEBUG    | Task 70e1d731-5270-4ba3-bdc5-4713a01c86cc state=PENDING elapsed=50s — waiting …
2026-06-03 15:59:33 | DEBUG    | Task 70e1d731-5270-4ba3-bdc5-4713a01c86cc state=PENDING elapsed=55s — waiting …
2026-06-03 15:59:38 | DEBUG    | Task 70e1d731-5270-4ba3-bdc5-4713a01c86cc state=PENDING elapsed=60s — waiting …
2026-06-03 15:59:43 | DEBUG    | Task 70e1d731-5270-4ba3-bdc5-4713a01c86cc state=PENDING elapsed=65s — waiting …
2026-06-03 15:59:48 | DEBUG    | Task 70e1d731-5270-4ba3-bdc5-4713a01c86cc state=PENDING elapsed=70s — waiting …
2026-06-03 15:59:53 | DEBUG    | Task 70e1d731-5270-4ba3-bdc5-4713a01c86cc state=PENDING elapsed=75s — waiting …
2026-06-03 15:59:58 | DEBUG    | Task 70e1d731-5270-4ba3-bdc5-4713a01c86cc state=PENDING elapsed=80s — waiting …
2026-06-03 16:00:03 | DEBUG    | Task 70e1d731-5270-4ba3-bdc5-4713a01c86cc state=PENDING elapsed=85s — waiting …
2026-06-03 16:00:08 | DEBUG    | Task 70e1d731-5270-4ba3-bdc5-4713a01c86cc state=PENDING elapsed=90s — waiting …
2026-06-03 16:00:13 | DEBUG    | Task 70e1d731-5270-4ba3-bdc5-4713a01c86cc state=PENDING elapsed=95s — waiting …
2026-06-03 16:00:18 | DEBUG    | Task 70e1d731-5270-4ba3-bdc5-4713a01c86cc state=PENDING elapsed=100s — waiting …
2026-06-03 16:00:23 | DEBUG    | Task 70e1d731-5270-4ba3-bdc5-4713a01c86cc state=PENDING elapsed=105s — waiting …
2026-06-03 16:00:28 | DEBUG    | Task 70e1d731-5270-4ba3-bdc5-4713a01c86cc state=PENDING elapsed=110s — waiting …
2026-06-03 16:00:33 | DEBUG    | Task 70e1d731-5270-4ba3-bdc5-4713a01c86cc state=PENDING elapsed=115s — waiting …
2026-06-03 16:00:38 | DEBUG    | Task 70e1d731-5270-4ba3-bdc5-4713a01c86cc state=PENDING elapsed=120s — waiting …
2026-06-03 16:00:43 | DEBUG    | Task 70e1d731-5270-4ba3-bdc5-4713a01c86cc state=PENDING elapsed=125s — waiting …
2026-06-03 16:00:48 | DEBUG    | Task 70e1d731-5270-4ba3-bdc5-4713a01c86cc state=PENDING elapsed=130s — waiting …
2026-06-03 16:00:53 | DEBUG    | Task 70e1d731-5270-4ba3-bdc5-4713a01c86cc state=PENDING elapsed=135s — waiting …
2026-06-03 16:00:58 | DEBUG    | Task 70e1d731-5270-4ba3-bdc5-4713a01c86cc state=PENDING elapsed=140s — waiting …
2026-06-03 16:01:03 | DEBUG    | Task 70e1d731-5270-4ba3-bdc5-4713a01c86cc state=PENDING elapsed=145s — waiting …
2026-06-03 16:01:08 | DEBUG    | Task 70e1d731-5270-4ba3-bdc5-4713a01c86cc state=PENDING elapsed=150s — waiting …
2026-06-03 16:01:13 | DEBUG    | Task 70e1d731-5270-4ba3-bdc5-4713a01c86cc state=PENDING elapsed=155s — waiting …
2026-06-03 16:01:18 | DEBUG    | Task 70e1d731-5270-4ba3-bdc5-4713a01c86cc state=PENDING elapsed=160s — waiting …
2026-06-03 16:01:24 | DEBUG    | Task 70e1d731-5270-4ba3-bdc5-4713a01c86cc state=PENDING elapsed=166s — waiting …
2026-06-03 16:01:29 | DEBUG    | Task 70e1d731-5270-4ba3-bdc5-4713a01c86cc state=PENDING elapsed=171s — waiting …
2026-06-03 16:01:34 | INFO     | Task 70e1d731-5270-4ba3-bdc5-4713a01c86cc FINISHED in 176s
2026-06-03 16:01:34 | INFO     | ✅ batch 10/131 (16 files) complete
2026-06-03 16:01:34 | INFO     | --- batch 11/131 (16 files) ---
2026-06-03 16:01:34 | DEBUG    |   Files: 1994-24.pdf, 1994-25.pdf, 1994-26.pdf, 1994-27.pdf, 1994-28.pdf, 1994-29.pdf, 1994-30.pdf, 1994-31.pdf, 1994-32.pdf, 1994-33.pdf, 1995-01.pdf, 1995-02.pdf, 1995-03.pdf, 1995-04.pdf, 1995-05.pdf, 1995-06.pdf
2026-06-03 16:01:36 | INFO     | Upload accepted → task_id=fe3e8acd-06eb-4219-8389-4b6335eff799
2026-06-03 16:01:36 | DEBUG    | Task fe3e8acd-06eb-4219-8389-4b6335eff799 state=PENDING elapsed=0s — waiting …
2026-06-03 16:01:48 | DEBUG    | Task fe3e8acd-06eb-4219-8389-4b6335eff799 state=PENDING elapsed=12s — waiting …
2026-06-03 16:01:53 | DEBUG    | Task fe3e8acd-06eb-4219-8389-4b6335eff799 state=PENDING elapsed=17s — waiting …
2026-06-03 16:01:58 | DEBUG    | Task fe3e8acd-06eb-4219-8389-4b6335eff799 state=PENDING elapsed=22s — waiting …
2026-06-03 16:02:03 | DEBUG    | Task fe3e8acd-06eb-4219-8389-4b6335eff799 state=PENDING elapsed=27s — waiting …
2026-06-03 16:02:08 | DEBUG    | Task fe3e8acd-06eb-4219-8389-4b6335eff799 state=PENDING elapsed=32s — waiting …
2026-06-03 16:02:13 | DEBUG    | Task fe3e8acd-06eb-4219-8389-4b6335eff799 state=PENDING elapsed=37s — waiting …
2026-06-03 16:02:18 | DEBUG    | Task fe3e8acd-06eb-4219-8389-4b6335eff799 state=PENDING elapsed=42s — waiting …
2026-06-03 16:02:23 | DEBUG    | Task fe3e8acd-06eb-4219-8389-4b6335eff799 state=PENDING elapsed=47s — waiting …
2026-06-03 16:02:28 | DEBUG    | Task fe3e8acd-06eb-4219-8389-4b6335eff799 state=PENDING elapsed=52s — waiting …
2026-06-03 16:02:33 | DEBUG    | Task fe3e8acd-06eb-4219-8389-4b6335eff799 state=PENDING elapsed=57s — waiting …
2026-06-03 16:02:38 | DEBUG    | Task fe3e8acd-06eb-4219-8389-4b6335eff799 state=PENDING elapsed=62s — waiting …
2026-06-03 16:02:43 | DEBUG    | Task fe3e8acd-06eb-4219-8389-4b6335eff799 state=PENDING elapsed=67s — waiting …
2026-06-03 16:02:48 | DEBUG    | Task fe3e8acd-06eb-4219-8389-4b6335eff799 state=PENDING elapsed=72s — waiting …
2026-06-03 16:02:53 | DEBUG    | Task fe3e8acd-06eb-4219-8389-4b6335eff799 state=PENDING elapsed=77s — waiting …
2026-06-03 16:02:58 | DEBUG    | Task fe3e8acd-06eb-4219-8389-4b6335eff799 state=PENDING elapsed=82s — waiting …
2026-06-03 16:03:03 | DEBUG    | Task fe3e8acd-06eb-4219-8389-4b6335eff799 state=PENDING elapsed=87s — waiting …
2026-06-03 16:03:08 | DEBUG    | Task fe3e8acd-06eb-4219-8389-4b6335eff799 state=PENDING elapsed=92s — waiting …
2026-06-03 16:03:13 | DEBUG    | Task fe3e8acd-06eb-4219-8389-4b6335eff799 state=PENDING elapsed=97s — waiting …
2026-06-03 16:03:18 | DEBUG    | Task fe3e8acd-06eb-4219-8389-4b6335eff799 state=PENDING elapsed=102s — waiting …
2026-06-03 16:03:23 | DEBUG    | Task fe3e8acd-06eb-4219-8389-4b6335eff799 state=PENDING elapsed=107s — waiting …
2026-06-03 16:03:28 | DEBUG    | Task fe3e8acd-06eb-4219-8389-4b6335eff799 state=PENDING elapsed=112s — waiting …
2026-06-03 16:03:33 | DEBUG    | Task fe3e8acd-06eb-4219-8389-4b6335eff799 state=PENDING elapsed=117s — waiting …
2026-06-03 16:03:38 | DEBUG    | Task fe3e8acd-06eb-4219-8389-4b6335eff799 state=PENDING elapsed=122s — waiting …
2026-06-03 16:03:43 | DEBUG    | Task fe3e8acd-06eb-4219-8389-4b6335eff799 state=PENDING elapsed=127s — waiting …
2026-06-03 16:03:48 | DEBUG    | Task fe3e8acd-06eb-4219-8389-4b6335eff799 state=PENDING elapsed=132s — waiting …
2026-06-03 16:03:53 | DEBUG    | Task fe3e8acd-06eb-4219-8389-4b6335eff799 state=PENDING elapsed=137s — waiting …
2026-06-03 16:03:58 | DEBUG    | Task fe3e8acd-06eb-4219-8389-4b6335eff799 state=PENDING elapsed=142s — waiting …
2026-06-03 16:04:03 | DEBUG    | Task fe3e8acd-06eb-4219-8389-4b6335eff799 state=PENDING elapsed=147s — waiting …
2026-06-03 16:04:08 | DEBUG    | Task fe3e8acd-06eb-4219-8389-4b6335eff799 state=PENDING elapsed=152s — waiting …
2026-06-03 16:04:13 | DEBUG    | Task fe3e8acd-06eb-4219-8389-4b6335eff799 state=PENDING elapsed=157s — waiting …
2026-06-03 16:04:18 | DEBUG    | Task fe3e8acd-06eb-4219-8389-4b6335eff799 state=PENDING elapsed=162s — waiting …
2026-06-03 16:04:23 | DEBUG    | Task fe3e8acd-06eb-4219-8389-4b6335eff799 state=PENDING elapsed=167s — waiting …
2026-06-03 16:04:28 | DEBUG    | Task fe3e8acd-06eb-4219-8389-4b6335eff799 state=PENDING elapsed=172s — waiting …
2026-06-03 16:04:33 | DEBUG    | Task fe3e8acd-06eb-4219-8389-4b6335eff799 state=PENDING elapsed=177s — waiting …
2026-06-03 16:04:38 | DEBUG    | Task fe3e8acd-06eb-4219-8389-4b6335eff799 state=PENDING elapsed=182s — waiting …
2026-06-03 16:04:43 | DEBUG    | Task fe3e8acd-06eb-4219-8389-4b6335eff799 state=PENDING elapsed=187s — waiting …
2026-06-03 16:04:48 | DEBUG    | Task fe3e8acd-06eb-4219-8389-4b6335eff799 state=PENDING elapsed=192s — waiting …
2026-06-03 16:04:53 | DEBUG    | Task fe3e8acd-06eb-4219-8389-4b6335eff799 state=PENDING elapsed=197s — waiting …
2026-06-03 16:04:58 | DEBUG    | Task fe3e8acd-06eb-4219-8389-4b6335eff799 state=PENDING elapsed=202s — waiting …
2026-06-03 16:05:03 | DEBUG    | Task fe3e8acd-06eb-4219-8389-4b6335eff799 state=PENDING elapsed=207s — waiting …
2026-06-03 16:05:08 | DEBUG    | Task fe3e8acd-06eb-4219-8389-4b6335eff799 state=PENDING elapsed=212s — waiting …
2026-06-03 16:05:15 | DEBUG    | Task fe3e8acd-06eb-4219-8389-4b6335eff799 state=PENDING elapsed=219s — waiting …
2026-06-03 16:05:20 | DEBUG    | Task fe3e8acd-06eb-4219-8389-4b6335eff799 state=PENDING elapsed=224s — waiting …
2026-06-03 16:05:28 | DEBUG    | Task fe3e8acd-06eb-4219-8389-4b6335eff799 state=PENDING elapsed=232s — waiting …
2026-06-03 16:05:33 | INFO     | Task fe3e8acd-06eb-4219-8389-4b6335eff799 FINISHED in 237s
2026-06-03 16:05:33 | INFO     | ✅ batch 11/131 (16 files) complete
2026-06-03 16:05:33 | INFO     | --- batch 12/131 (16 files) ---
2026-06-03 16:05:33 | DEBUG    |   Files: 1995-07.pdf, 1995-08.pdf, 1995-09.pdf, 1995-10.pdf, 1995-11.pdf, 1995-12.pdf, 1995-13.pdf, 1995-14.pdf, 1995-15.pdf, 1995-16.pdf, 1995-17.pdf, 1995-18.pdf, 1995-19.pdf, 1995-20.pdf, 1995-21.pdf, 1995-22.pdf
2026-06-03 16:05:34 | INFO     | Upload accepted → task_id=a9c1fd30-0a6b-4973-b657-6f6461047a4f
2026-06-03 16:05:34 | DEBUG    | Task a9c1fd30-0a6b-4973-b657-6f6461047a4f state=PENDING elapsed=0s — waiting …
2026-06-03 16:05:39 | DEBUG    | Task a9c1fd30-0a6b-4973-b657-6f6461047a4f state=PENDING elapsed=5s — waiting …
2026-06-03 16:05:44 | DEBUG    | Task a9c1fd30-0a6b-4973-b657-6f6461047a4f state=PENDING elapsed=10s — waiting …
2026-06-03 16:05:49 | DEBUG    | Task a9c1fd30-0a6b-4973-b657-6f6461047a4f state=PENDING elapsed=15s — waiting …
2026-06-03 16:05:54 | DEBUG    | Task a9c1fd30-0a6b-4973-b657-6f6461047a4f state=PENDING elapsed=20s — waiting …
2026-06-03 16:05:59 | DEBUG    | Task a9c1fd30-0a6b-4973-b657-6f6461047a4f state=PENDING elapsed=25s — waiting …
2026-06-03 16:06:04 | DEBUG    | Task a9c1fd30-0a6b-4973-b657-6f6461047a4f state=PENDING elapsed=30s — waiting …
2026-06-03 16:06:09 | DEBUG    | Task a9c1fd30-0a6b-4973-b657-6f6461047a4f state=PENDING elapsed=35s — waiting …
2026-06-03 16:06:14 | DEBUG    | Task a9c1fd30-0a6b-4973-b657-6f6461047a4f state=PENDING elapsed=40s — waiting …
2026-06-03 16:06:19 | DEBUG    | Task a9c1fd30-0a6b-4973-b657-6f6461047a4f state=PENDING elapsed=46s — waiting …
2026-06-03 16:06:24 | DEBUG    | Task a9c1fd30-0a6b-4973-b657-6f6461047a4f state=PENDING elapsed=51s — waiting …
2026-06-03 16:06:29 | DEBUG    | Task a9c1fd30-0a6b-4973-b657-6f6461047a4f state=PENDING elapsed=56s — waiting …
2026-06-03 16:06:34 | DEBUG    | Task a9c1fd30-0a6b-4973-b657-6f6461047a4f state=PENDING elapsed=61s — waiting …
2026-06-03 16:06:39 | DEBUG    | Task a9c1fd30-0a6b-4973-b657-6f6461047a4f state=PENDING elapsed=66s — waiting …
2026-06-03 16:06:44 | DEBUG    | Task a9c1fd30-0a6b-4973-b657-6f6461047a4f state=PENDING elapsed=71s — waiting …
2026-06-03 16:06:49 | DEBUG    | Task a9c1fd30-0a6b-4973-b657-6f6461047a4f state=PENDING elapsed=76s — waiting …
2026-06-03 16:06:54 | DEBUG    | Task a9c1fd30-0a6b-4973-b657-6f6461047a4f state=PENDING elapsed=81s — waiting …
2026-06-03 16:06:59 | DEBUG    | Task a9c1fd30-0a6b-4973-b657-6f6461047a4f state=PENDING elapsed=86s — waiting …
2026-06-03 16:07:04 | DEBUG    | Task a9c1fd30-0a6b-4973-b657-6f6461047a4f state=PENDING elapsed=91s — waiting …
2026-06-03 16:07:10 | DEBUG    | Task a9c1fd30-0a6b-4973-b657-6f6461047a4f state=PENDING elapsed=96s — waiting …
2026-06-03 16:07:15 | DEBUG    | Task a9c1fd30-0a6b-4973-b657-6f6461047a4f state=PENDING elapsed=101s — waiting …
2026-06-03 16:07:20 | DEBUG    | Task a9c1fd30-0a6b-4973-b657-6f6461047a4f state=PENDING elapsed=106s — waiting …
2026-06-03 16:07:25 | DEBUG    | Task a9c1fd30-0a6b-4973-b657-6f6461047a4f state=PENDING elapsed=111s — waiting …
2026-06-03 16:07:30 | INFO     | Task a9c1fd30-0a6b-4973-b657-6f6461047a4f FINISHED in 116s
2026-06-03 16:07:30 | INFO     | ✅ batch 12/131 (16 files) complete
2026-06-03 16:07:30 | INFO     | --- batch 13/131 (16 files) ---
2026-06-03 16:07:30 | DEBUG    |   Files: 1995-23.pdf, 1995-24.pdf, 1995-25.pdf, 1995-26.pdf, 1995-27.pdf, 1995-28.pdf, 1995-29.pdf, 1995-30.pdf, 1995-31.pdf, 1995-32.pdf, 1995-33.pdf, 1995-34.pdf, 1995-35.pdf, 1995-36.pdf, 1995-37.pdf, 1995-38.pdf
2026-06-03 16:07:31 | INFO     | Upload accepted → task_id=10b9472d-98f0-4b50-861f-35287a6a7611
2026-06-03 16:07:31 | DEBUG    | Task 10b9472d-98f0-4b50-861f-35287a6a7611 state=PENDING elapsed=0s — waiting …
2026-06-03 16:07:36 | DEBUG    | Task 10b9472d-98f0-4b50-861f-35287a6a7611 state=PENDING elapsed=5s — waiting …
2026-06-03 16:07:41 | DEBUG    | Task 10b9472d-98f0-4b50-861f-35287a6a7611 state=PENDING elapsed=10s — waiting …
2026-06-03 16:07:46 | DEBUG    | Task 10b9472d-98f0-4b50-861f-35287a6a7611 state=PENDING elapsed=15s — waiting …
2026-06-03 16:07:57 | DEBUG    | Task 10b9472d-98f0-4b50-861f-35287a6a7611 state=PENDING elapsed=26s — waiting …
2026-06-03 16:08:02 | DEBUG    | Task 10b9472d-98f0-4b50-861f-35287a6a7611 state=PENDING elapsed=31s — waiting …
2026-06-03 16:08:07 | DEBUG    | Task 10b9472d-98f0-4b50-861f-35287a6a7611 state=PENDING elapsed=36s — waiting …
2026-06-03 16:08:12 | DEBUG    | Task 10b9472d-98f0-4b50-861f-35287a6a7611 state=PENDING elapsed=41s — waiting …
2026-06-03 16:08:17 | DEBUG    | Task 10b9472d-98f0-4b50-861f-35287a6a7611 state=PENDING elapsed=46s — waiting …
2026-06-03 16:08:22 | DEBUG    | Task 10b9472d-98f0-4b50-861f-35287a6a7611 state=PENDING elapsed=51s — waiting …
2026-06-03 16:08:27 | DEBUG    | Task 10b9472d-98f0-4b50-861f-35287a6a7611 state=PENDING elapsed=56s — waiting …
2026-06-03 16:08:32 | DEBUG    | Task 10b9472d-98f0-4b50-861f-35287a6a7611 state=PENDING elapsed=61s — waiting …
2026-06-03 16:08:37 | DEBUG    | Task 10b9472d-98f0-4b50-861f-35287a6a7611 state=PENDING elapsed=66s — waiting …
2026-06-03 16:08:42 | DEBUG    | Task 10b9472d-98f0-4b50-861f-35287a6a7611 state=PENDING elapsed=71s — waiting …
2026-06-03 16:08:47 | DEBUG    | Task 10b9472d-98f0-4b50-861f-35287a6a7611 state=PENDING elapsed=76s — waiting …
2026-06-03 16:08:52 | DEBUG    | Task 10b9472d-98f0-4b50-861f-35287a6a7611 state=PENDING elapsed=81s — waiting …
2026-06-03 16:08:57 | DEBUG    | Task 10b9472d-98f0-4b50-861f-35287a6a7611 state=PENDING elapsed=86s — waiting …
2026-06-03 16:09:02 | DEBUG    | Task 10b9472d-98f0-4b50-861f-35287a6a7611 state=PENDING elapsed=91s — waiting …
2026-06-03 16:09:07 | DEBUG    | Task 10b9472d-98f0-4b50-861f-35287a6a7611 state=PENDING elapsed=96s — waiting …
2026-06-03 16:09:12 | DEBUG    | Task 10b9472d-98f0-4b50-861f-35287a6a7611 state=PENDING elapsed=101s — waiting …
2026-06-03 16:09:17 | INFO     | Task 10b9472d-98f0-4b50-861f-35287a6a7611 FINISHED in 106s
2026-06-03 16:09:17 | INFO     | ✅ batch 13/131 (16 files) complete
2026-06-03 16:09:17 | INFO     | --- batch 14/131 (16 files) ---
2026-06-03 16:09:17 | DEBUG    |   Files: 1995-39.pdf, 1995-40.pdf, 1995-41.pdf, 1995-42.pdf, 1995-43.pdf, 1995-44.pdf, 1995-45.pdf, 1995-46.pdf, 1996-01.pdf, 1996-02.pdf, 1996-03.pdf, 1996-04.pdf, 1996-05.pdf, 1996-06.pdf, 1996-07.pdf, 1996-08.pdf
2026-06-03 16:09:19 | INFO     | Upload accepted → task_id=7d463471-bcb8-45a0-834b-1a1a4b3c3f0f
2026-06-03 16:09:19 | DEBUG    | Task 7d463471-bcb8-45a0-834b-1a1a4b3c3f0f state=PENDING elapsed=0s — waiting …
2026-06-03 16:09:28 | DEBUG    | Task 7d463471-bcb8-45a0-834b-1a1a4b3c3f0f state=PENDING elapsed=9s — waiting …
2026-06-03 16:09:33 | DEBUG    | Task 7d463471-bcb8-45a0-834b-1a1a4b3c3f0f state=PENDING elapsed=14s — waiting …
2026-06-03 16:09:38 | DEBUG    | Task 7d463471-bcb8-45a0-834b-1a1a4b3c3f0f state=PENDING elapsed=19s — waiting …
2026-06-03 16:09:43 | DEBUG    | Task 7d463471-bcb8-45a0-834b-1a1a4b3c3f0f state=PENDING elapsed=24s — waiting …
2026-06-03 16:09:49 | DEBUG    | Task 7d463471-bcb8-45a0-834b-1a1a4b3c3f0f state=PENDING elapsed=30s — waiting …
2026-06-03 16:09:54 | DEBUG    | Task 7d463471-bcb8-45a0-834b-1a1a4b3c3f0f state=PENDING elapsed=35s — waiting …
2026-06-03 16:09:59 | DEBUG    | Task 7d463471-bcb8-45a0-834b-1a1a4b3c3f0f state=PENDING elapsed=40s — waiting …
2026-06-03 16:10:04 | DEBUG    | Task 7d463471-bcb8-45a0-834b-1a1a4b3c3f0f state=PENDING elapsed=45s — waiting …
2026-06-03 16:10:09 | DEBUG    | Task 7d463471-bcb8-45a0-834b-1a1a4b3c3f0f state=PENDING elapsed=50s — waiting …
2026-06-03 16:10:14 | DEBUG    | Task 7d463471-bcb8-45a0-834b-1a1a4b3c3f0f state=PENDING elapsed=55s — waiting …
2026-06-03 16:10:19 | DEBUG    | Task 7d463471-bcb8-45a0-834b-1a1a4b3c3f0f state=PENDING elapsed=60s — waiting …
2026-06-03 16:10:24 | DEBUG    | Task 7d463471-bcb8-45a0-834b-1a1a4b3c3f0f state=PENDING elapsed=65s — waiting …
2026-06-03 16:10:29 | DEBUG    | Task 7d463471-bcb8-45a0-834b-1a1a4b3c3f0f state=PENDING elapsed=70s — waiting …
2026-06-03 16:10:34 | DEBUG    | Task 7d463471-bcb8-45a0-834b-1a1a4b3c3f0f state=PENDING elapsed=75s — waiting …
2026-06-03 16:10:39 | DEBUG    | Task 7d463471-bcb8-45a0-834b-1a1a4b3c3f0f state=PENDING elapsed=80s — waiting …
2026-06-03 16:10:44 | DEBUG    | Task 7d463471-bcb8-45a0-834b-1a1a4b3c3f0f state=PENDING elapsed=85s — waiting …
2026-06-03 16:10:49 | DEBUG    | Task 7d463471-bcb8-45a0-834b-1a1a4b3c3f0f state=PENDING elapsed=90s — waiting …
2026-06-03 16:10:54 | DEBUG    | Task 7d463471-bcb8-45a0-834b-1a1a4b3c3f0f state=PENDING elapsed=95s — waiting …
2026-06-03 16:10:59 | DEBUG    | Task 7d463471-bcb8-45a0-834b-1a1a4b3c3f0f state=PENDING elapsed=100s — waiting …
2026-06-03 16:11:04 | DEBUG    | Task 7d463471-bcb8-45a0-834b-1a1a4b3c3f0f state=PENDING elapsed=105s — waiting …
2026-06-03 16:11:09 | DEBUG    | Task 7d463471-bcb8-45a0-834b-1a1a4b3c3f0f state=PENDING elapsed=110s — waiting …
2026-06-03 16:11:14 | DEBUG    | Task 7d463471-bcb8-45a0-834b-1a1a4b3c3f0f state=PENDING elapsed=115s — waiting …
2026-06-03 16:11:19 | DEBUG    | Task 7d463471-bcb8-45a0-834b-1a1a4b3c3f0f state=PENDING elapsed=120s — waiting …
2026-06-03 16:11:24 | DEBUG    | Task 7d463471-bcb8-45a0-834b-1a1a4b3c3f0f state=PENDING elapsed=125s — waiting …
2026-06-03 16:11:29 | DEBUG    | Task 7d463471-bcb8-45a0-834b-1a1a4b3c3f0f state=PENDING elapsed=130s — waiting …
2026-06-03 16:11:34 | DEBUG    | Task 7d463471-bcb8-45a0-834b-1a1a4b3c3f0f state=PENDING elapsed=135s — waiting …
2026-06-03 16:11:39 | DEBUG    | Task 7d463471-bcb8-45a0-834b-1a1a4b3c3f0f state=PENDING elapsed=140s — waiting …
2026-06-03 16:11:44 | DEBUG    | Task 7d463471-bcb8-45a0-834b-1a1a4b3c3f0f state=PENDING elapsed=145s — waiting …
2026-06-03 16:11:49 | DEBUG    | Task 7d463471-bcb8-45a0-834b-1a1a4b3c3f0f state=PENDING elapsed=150s — waiting …
2026-06-03 16:11:54 | DEBUG    | Task 7d463471-bcb8-45a0-834b-1a1a4b3c3f0f state=PENDING elapsed=155s — waiting …
2026-06-03 16:11:59 | DEBUG    | Task 7d463471-bcb8-45a0-834b-1a1a4b3c3f0f state=PENDING elapsed=160s — waiting …
2026-06-03 16:12:04 | DEBUG    | Task 7d463471-bcb8-45a0-834b-1a1a4b3c3f0f state=PENDING elapsed=165s — waiting …
2026-06-03 16:12:09 | DEBUG    | Task 7d463471-bcb8-45a0-834b-1a1a4b3c3f0f state=PENDING elapsed=170s — waiting …
2026-06-03 16:12:14 | DEBUG    | Task 7d463471-bcb8-45a0-834b-1a1a4b3c3f0f state=PENDING elapsed=175s — waiting …
2026-06-03 16:12:19 | DEBUG    | Task 7d463471-bcb8-45a0-834b-1a1a4b3c3f0f state=PENDING elapsed=180s — waiting …
2026-06-03 16:12:24 | DEBUG    | Task 7d463471-bcb8-45a0-834b-1a1a4b3c3f0f state=PENDING elapsed=185s — waiting …
2026-06-03 16:12:29 | DEBUG    | Task 7d463471-bcb8-45a0-834b-1a1a4b3c3f0f state=PENDING elapsed=190s — waiting …
2026-06-03 16:12:34 | DEBUG    | Task 7d463471-bcb8-45a0-834b-1a1a4b3c3f0f state=PENDING elapsed=195s — waiting …
2026-06-03 16:12:39 | DEBUG    | Task 7d463471-bcb8-45a0-834b-1a1a4b3c3f0f state=PENDING elapsed=200s — waiting …
2026-06-03 16:12:44 | DEBUG    | Task 7d463471-bcb8-45a0-834b-1a1a4b3c3f0f state=PENDING elapsed=205s — waiting …
2026-06-03 16:12:49 | DEBUG    | Task 7d463471-bcb8-45a0-834b-1a1a4b3c3f0f state=PENDING elapsed=210s — waiting …
2026-06-03 16:12:54 | DEBUG    | Task 7d463471-bcb8-45a0-834b-1a1a4b3c3f0f state=PENDING elapsed=215s — waiting …
2026-06-03 16:12:59 | DEBUG    | Task 7d463471-bcb8-45a0-834b-1a1a4b3c3f0f state=PENDING elapsed=220s — waiting …
2026-06-03 16:13:04 | DEBUG    | Task 7d463471-bcb8-45a0-834b-1a1a4b3c3f0f state=PENDING elapsed=225s — waiting …
2026-06-03 16:13:09 | DEBUG    | Task 7d463471-bcb8-45a0-834b-1a1a4b3c3f0f state=PENDING elapsed=230s — waiting …
2026-06-03 16:13:14 | DEBUG    | Task 7d463471-bcb8-45a0-834b-1a1a4b3c3f0f state=PENDING elapsed=235s — waiting …
2026-06-03 16:13:19 | DEBUG    | Task 7d463471-bcb8-45a0-834b-1a1a4b3c3f0f state=PENDING elapsed=240s — waiting …
2026-06-03 16:13:24 | DEBUG    | Task 7d463471-bcb8-45a0-834b-1a1a4b3c3f0f state=PENDING elapsed=245s — waiting …
2026-06-03 16:13:29 | DEBUG    | Task 7d463471-bcb8-45a0-834b-1a1a4b3c3f0f state=PENDING elapsed=250s — waiting …
2026-06-03 16:13:34 | DEBUG    | Task 7d463471-bcb8-45a0-834b-1a1a4b3c3f0f state=PENDING elapsed=255s — waiting …
2026-06-03 16:13:39 | DEBUG    | Task 7d463471-bcb8-45a0-834b-1a1a4b3c3f0f state=PENDING elapsed=260s — waiting …
2026-06-03 16:13:44 | DEBUG    | Task 7d463471-bcb8-45a0-834b-1a1a4b3c3f0f state=PENDING elapsed=265s — waiting …
2026-06-03 16:13:49 | DEBUG    | Task 7d463471-bcb8-45a0-834b-1a1a4b3c3f0f state=PENDING elapsed=270s — waiting …
2026-06-03 16:13:54 | DEBUG    | Task 7d463471-bcb8-45a0-834b-1a1a4b3c3f0f state=PENDING elapsed=275s — waiting …
2026-06-03 16:13:59 | DEBUG    | Task 7d463471-bcb8-45a0-834b-1a1a4b3c3f0f state=PENDING elapsed=280s — waiting …
2026-06-03 16:14:04 | DEBUG    | Task 7d463471-bcb8-45a0-834b-1a1a4b3c3f0f state=PENDING elapsed=285s — waiting …
2026-06-03 16:14:09 | DEBUG    | Task 7d463471-bcb8-45a0-834b-1a1a4b3c3f0f state=PENDING elapsed=290s — waiting …
2026-06-03 16:14:14 | DEBUG    | Task 7d463471-bcb8-45a0-834b-1a1a4b3c3f0f state=PENDING elapsed=295s — waiting …
2026-06-03 16:14:19 | DEBUG    | Task 7d463471-bcb8-45a0-834b-1a1a4b3c3f0f state=PENDING elapsed=300s — waiting …
2026-06-03 16:14:24 | DEBUG    | Task 7d463471-bcb8-45a0-834b-1a1a4b3c3f0f state=PENDING elapsed=305s — waiting …
2026-06-03 16:14:29 | INFO     | Task 7d463471-bcb8-45a0-834b-1a1a4b3c3f0f FINISHED in 310s
2026-06-03 16:14:29 | INFO     | ✅ batch 14/131 (16 files) complete
2026-06-03 16:14:29 | INFO     | --- batch 15/131 (16 files) ---
2026-06-03 16:14:29 | DEBUG    |   Files: 1996-09.pdf, 1996-10.pdf, 1996-11.pdf, 1996-12.pdf, 1996-13.pdf, 1996-14.pdf, 1996-15.pdf, 1996-16.pdf, 1996-17.pdf, 1996-18.pdf, 1996-19.pdf, 1996-20.pdf, 1996-21.pdf, 1996-22.pdf, 1996-23.pdf, 1996-24.pdf
2026-06-03 16:14:31 | INFO     | Upload accepted → task_id=1267bee4-61e6-4c69-bc56-1bb20ac3adbf
2026-06-03 16:14:31 | DEBUG    | Task 1267bee4-61e6-4c69-bc56-1bb20ac3adbf state=PENDING elapsed=0s — waiting …
2026-06-03 16:14:36 | DEBUG    | Task 1267bee4-61e6-4c69-bc56-1bb20ac3adbf state=PENDING elapsed=5s — waiting …
2026-06-03 16:14:41 | DEBUG    | Task 1267bee4-61e6-4c69-bc56-1bb20ac3adbf state=PENDING elapsed=10s — waiting …
2026-06-03 16:14:46 | DEBUG    | Task 1267bee4-61e6-4c69-bc56-1bb20ac3adbf state=PENDING elapsed=15s — waiting …
2026-06-03 16:14:51 | DEBUG    | Task 1267bee4-61e6-4c69-bc56-1bb20ac3adbf state=PENDING elapsed=20s — waiting …
2026-06-03 16:14:56 | DEBUG    | Task 1267bee4-61e6-4c69-bc56-1bb20ac3adbf state=PENDING elapsed=25s — waiting …
2026-06-03 16:15:01 | DEBUG    | Task 1267bee4-61e6-4c69-bc56-1bb20ac3adbf state=PENDING elapsed=30s — waiting …
2026-06-03 16:15:06 | DEBUG    | Task 1267bee4-61e6-4c69-bc56-1bb20ac3adbf state=PENDING elapsed=35s — waiting …
2026-06-03 16:15:11 | DEBUG    | Task 1267bee4-61e6-4c69-bc56-1bb20ac3adbf state=PENDING elapsed=40s — waiting …
2026-06-03 16:15:16 | DEBUG    | Task 1267bee4-61e6-4c69-bc56-1bb20ac3adbf state=PENDING elapsed=45s — waiting …
2026-06-03 16:15:21 | DEBUG    | Task 1267bee4-61e6-4c69-bc56-1bb20ac3adbf state=PENDING elapsed=50s — waiting …
2026-06-03 16:15:26 | DEBUG    | Task 1267bee4-61e6-4c69-bc56-1bb20ac3adbf state=PENDING elapsed=55s — waiting …
2026-06-03 16:15:31 | DEBUG    | Task 1267bee4-61e6-4c69-bc56-1bb20ac3adbf state=PENDING elapsed=60s — waiting …
2026-06-03 16:15:36 | DEBUG    | Task 1267bee4-61e6-4c69-bc56-1bb20ac3adbf state=PENDING elapsed=65s — waiting …
2026-06-03 16:15:41 | DEBUG    | Task 1267bee4-61e6-4c69-bc56-1bb20ac3adbf state=PENDING elapsed=70s — waiting …
2026-06-03 16:15:46 | DEBUG    | Task 1267bee4-61e6-4c69-bc56-1bb20ac3adbf state=PENDING elapsed=75s — waiting …
2026-06-03 16:15:51 | DEBUG    | Task 1267bee4-61e6-4c69-bc56-1bb20ac3adbf state=PENDING elapsed=80s — waiting …
2026-06-03 16:15:59 | DEBUG    | Task 1267bee4-61e6-4c69-bc56-1bb20ac3adbf state=PENDING elapsed=88s — waiting …
2026-06-03 16:16:04 | DEBUG    | Task 1267bee4-61e6-4c69-bc56-1bb20ac3adbf state=PENDING elapsed=93s — waiting …
2026-06-03 16:16:09 | DEBUG    | Task 1267bee4-61e6-4c69-bc56-1bb20ac3adbf state=PENDING elapsed=98s — waiting …
2026-06-03 16:16:14 | DEBUG    | Task 1267bee4-61e6-4c69-bc56-1bb20ac3adbf state=PENDING elapsed=103s — waiting …
2026-06-03 16:16:19 | DEBUG    | Task 1267bee4-61e6-4c69-bc56-1bb20ac3adbf state=PENDING elapsed=108s — waiting …
2026-06-03 16:16:24 | DEBUG    | Task 1267bee4-61e6-4c69-bc56-1bb20ac3adbf state=PENDING elapsed=113s — waiting …
2026-06-03 16:16:29 | DEBUG    | Task 1267bee4-61e6-4c69-bc56-1bb20ac3adbf state=PENDING elapsed=118s — waiting …
2026-06-03 16:16:34 | DEBUG    | Task 1267bee4-61e6-4c69-bc56-1bb20ac3adbf state=PENDING elapsed=123s — waiting …
2026-06-03 16:16:39 | DEBUG    | Task 1267bee4-61e6-4c69-bc56-1bb20ac3adbf state=PENDING elapsed=128s — waiting …
2026-06-03 16:16:44 | DEBUG    | Task 1267bee4-61e6-4c69-bc56-1bb20ac3adbf state=PENDING elapsed=133s — waiting …
2026-06-03 16:16:49 | DEBUG    | Task 1267bee4-61e6-4c69-bc56-1bb20ac3adbf state=PENDING elapsed=138s — waiting …
2026-06-03 16:16:54 | DEBUG    | Task 1267bee4-61e6-4c69-bc56-1bb20ac3adbf state=PENDING elapsed=143s — waiting …
2026-06-03 16:16:59 | DEBUG    | Task 1267bee4-61e6-4c69-bc56-1bb20ac3adbf state=PENDING elapsed=148s — waiting …
2026-06-03 16:17:04 | DEBUG    | Task 1267bee4-61e6-4c69-bc56-1bb20ac3adbf state=PENDING elapsed=153s — waiting …
2026-06-03 16:17:09 | DEBUG    | Task 1267bee4-61e6-4c69-bc56-1bb20ac3adbf state=PENDING elapsed=158s — waiting …
2026-06-03 16:17:16 | DEBUG    | Task 1267bee4-61e6-4c69-bc56-1bb20ac3adbf state=PENDING elapsed=165s — waiting …
2026-06-03 16:17:21 | DEBUG    | Task 1267bee4-61e6-4c69-bc56-1bb20ac3adbf state=PENDING elapsed=170s — waiting …
2026-06-03 16:17:26 | DEBUG    | Task 1267bee4-61e6-4c69-bc56-1bb20ac3adbf state=PENDING elapsed=175s — waiting …
2026-06-03 16:17:31 | DEBUG    | Task 1267bee4-61e6-4c69-bc56-1bb20ac3adbf state=PENDING elapsed=180s — waiting …
2026-06-03 16:17:36 | DEBUG    | Task 1267bee4-61e6-4c69-bc56-1bb20ac3adbf state=PENDING elapsed=185s — waiting …
2026-06-03 16:17:41 | DEBUG    | Task 1267bee4-61e6-4c69-bc56-1bb20ac3adbf state=PENDING elapsed=190s — waiting …
2026-06-03 16:17:46 | DEBUG    | Task 1267bee4-61e6-4c69-bc56-1bb20ac3adbf state=PENDING elapsed=195s — waiting …
2026-06-03 16:17:51 | DEBUG    | Task 1267bee4-61e6-4c69-bc56-1bb20ac3adbf state=PENDING elapsed=200s — waiting …
2026-06-03 16:17:56 | DEBUG    | Task 1267bee4-61e6-4c69-bc56-1bb20ac3adbf state=PENDING elapsed=205s — waiting …
2026-06-03 16:18:01 | DEBUG    | Task 1267bee4-61e6-4c69-bc56-1bb20ac3adbf state=PENDING elapsed=210s — waiting …
2026-06-03 16:18:06 | DEBUG    | Task 1267bee4-61e6-4c69-bc56-1bb20ac3adbf state=PENDING elapsed=215s — waiting …
2026-06-03 16:18:11 | DEBUG    | Task 1267bee4-61e6-4c69-bc56-1bb20ac3adbf state=PENDING elapsed=220s — waiting …
2026-06-03 16:18:18 | INFO     | Task 1267bee4-61e6-4c69-bc56-1bb20ac3adbf FINISHED in 227s
2026-06-03 16:18:18 | INFO     | ✅ batch 15/131 (16 files) complete
2026-06-03 16:18:18 | INFO     | --- batch 16/131 (16 files) ---
2026-06-03 16:18:18 | DEBUG    |   Files: 1996-25.pdf, 1996-26.pdf, 1996-27.pdf, 1996-28.pdf, 1996-29.pdf, 1996-30.pdf, 1996-31.pdf, 1996-32.pdf, 1996-33.pdf, 1996-34.pdf, 1996-35.pdf, 1996-36.pdf, 1996-37.pdf, 1996-38.pdf, 1996-39.pdf, 1996-40.pdf
2026-06-03 16:18:23 | INFO     | Upload accepted → task_id=5bd51517-895f-4ca8-a8fc-f9b29bcdff89
2026-06-03 16:18:23 | DEBUG    | Task 5bd51517-895f-4ca8-a8fc-f9b29bcdff89 state=PENDING elapsed=0s — waiting …
2026-06-03 16:18:28 | DEBUG    | Task 5bd51517-895f-4ca8-a8fc-f9b29bcdff89 state=PENDING elapsed=5s — waiting …
2026-06-03 16:18:33 | DEBUG    | Task 5bd51517-895f-4ca8-a8fc-f9b29bcdff89 state=PENDING elapsed=10s — waiting …
2026-06-03 16:18:38 | DEBUG    | Task 5bd51517-895f-4ca8-a8fc-f9b29bcdff89 state=PENDING elapsed=15s — waiting …
2026-06-03 16:18:43 | DEBUG    | Task 5bd51517-895f-4ca8-a8fc-f9b29bcdff89 state=PENDING elapsed=20s — waiting …
2026-06-03 16:18:48 | DEBUG    | Task 5bd51517-895f-4ca8-a8fc-f9b29bcdff89 state=PENDING elapsed=25s — waiting …
2026-06-03 16:19:00 | DEBUG    | Task 5bd51517-895f-4ca8-a8fc-f9b29bcdff89 state=PENDING elapsed=38s — waiting …
2026-06-03 16:19:05 | DEBUG    | Task 5bd51517-895f-4ca8-a8fc-f9b29bcdff89 state=PENDING elapsed=43s — waiting …
2026-06-03 16:19:10 | DEBUG    | Task 5bd51517-895f-4ca8-a8fc-f9b29bcdff89 state=PENDING elapsed=48s — waiting …
2026-06-03 16:19:15 | DEBUG    | Task 5bd51517-895f-4ca8-a8fc-f9b29bcdff89 state=PENDING elapsed=53s — waiting …
2026-06-03 16:19:20 | DEBUG    | Task 5bd51517-895f-4ca8-a8fc-f9b29bcdff89 state=PENDING elapsed=58s — waiting …
2026-06-03 16:19:26 | DEBUG    | Task 5bd51517-895f-4ca8-a8fc-f9b29bcdff89 state=PENDING elapsed=63s — waiting …
2026-06-03 16:19:31 | DEBUG    | Task 5bd51517-895f-4ca8-a8fc-f9b29bcdff89 state=PENDING elapsed=68s — waiting …
2026-06-03 16:19:36 | DEBUG    | Task 5bd51517-895f-4ca8-a8fc-f9b29bcdff89 state=PENDING elapsed=73s — waiting …
2026-06-03 16:19:41 | DEBUG    | Task 5bd51517-895f-4ca8-a8fc-f9b29bcdff89 state=PENDING elapsed=78s — waiting …
2026-06-03 16:19:47 | DEBUG    | Task 5bd51517-895f-4ca8-a8fc-f9b29bcdff89 state=PENDING elapsed=84s — waiting …
2026-06-03 16:19:52 | DEBUG    | Task 5bd51517-895f-4ca8-a8fc-f9b29bcdff89 state=PENDING elapsed=89s — waiting …
2026-06-03 16:19:57 | DEBUG    | Task 5bd51517-895f-4ca8-a8fc-f9b29bcdff89 state=PENDING elapsed=94s — waiting …
2026-06-03 16:20:02 | DEBUG    | Task 5bd51517-895f-4ca8-a8fc-f9b29bcdff89 state=PENDING elapsed=99s — waiting …
2026-06-03 16:20:07 | DEBUG    | Task 5bd51517-895f-4ca8-a8fc-f9b29bcdff89 state=PENDING elapsed=104s — waiting …
2026-06-03 16:20:12 | DEBUG    | Task 5bd51517-895f-4ca8-a8fc-f9b29bcdff89 state=PENDING elapsed=109s — waiting …
2026-06-03 16:20:17 | DEBUG    | Task 5bd51517-895f-4ca8-a8fc-f9b29bcdff89 state=PENDING elapsed=114s — waiting …
2026-06-03 16:20:22 | DEBUG    | Task 5bd51517-895f-4ca8-a8fc-f9b29bcdff89 state=PENDING elapsed=119s — waiting …
2026-06-03 16:20:27 | DEBUG    | Task 5bd51517-895f-4ca8-a8fc-f9b29bcdff89 state=PENDING elapsed=124s — waiting …
2026-06-03 16:20:32 | DEBUG    | Task 5bd51517-895f-4ca8-a8fc-f9b29bcdff89 state=PENDING elapsed=129s — waiting …
2026-06-03 16:20:37 | DEBUG    | Task 5bd51517-895f-4ca8-a8fc-f9b29bcdff89 state=PENDING elapsed=134s — waiting …
2026-06-03 16:20:42 | DEBUG    | Task 5bd51517-895f-4ca8-a8fc-f9b29bcdff89 state=PENDING elapsed=139s — waiting …
2026-06-03 16:20:47 | DEBUG    | Task 5bd51517-895f-4ca8-a8fc-f9b29bcdff89 state=PENDING elapsed=144s — waiting …
2026-06-03 16:20:52 | INFO     | Task 5bd51517-895f-4ca8-a8fc-f9b29bcdff89 FINISHED in 149s
2026-06-03 16:20:52 | INFO     | ✅ batch 16/131 (16 files) complete
2026-06-03 16:20:52 | INFO     | --- batch 17/131 (16 files) ---
2026-06-03 16:20:52 | DEBUG    |   Files: 1996-41.pdf, 1996-42.pdf, 1996-43.pdf, 1996-44.pdf, 1996-45.pdf, 1996-46.pdf, 1997-01.pdf, 1997-02.pdf, 1997-03.pdf, 1997-04.pdf, 1997-05.pdf, 1997-06.pdf, 1997-07.pdf, 1997-08.pdf, 1997-09.pdf, 1997-10.pdf
2026-06-03 16:20:54 | INFO     | Upload accepted → task_id=65a41d5c-25e6-4388-872c-beeb1020401d
2026-06-03 16:20:54 | DEBUG    | Task 65a41d5c-25e6-4388-872c-beeb1020401d state=PENDING elapsed=0s — waiting …
2026-06-03 16:20:59 | DEBUG    | Task 65a41d5c-25e6-4388-872c-beeb1020401d state=PENDING elapsed=5s — waiting …
2026-06-03 16:21:04 | DEBUG    | Task 65a41d5c-25e6-4388-872c-beeb1020401d state=PENDING elapsed=10s — waiting …
2026-06-03 16:21:09 | DEBUG    | Task 65a41d5c-25e6-4388-872c-beeb1020401d state=PENDING elapsed=15s — waiting …
2026-06-03 16:21:14 | DEBUG    | Task 65a41d5c-25e6-4388-872c-beeb1020401d state=PENDING elapsed=20s — waiting …
2026-06-03 16:21:19 | DEBUG    | Task 65a41d5c-25e6-4388-872c-beeb1020401d state=PENDING elapsed=25s — waiting …
2026-06-03 16:21:24 | DEBUG    | Task 65a41d5c-25e6-4388-872c-beeb1020401d state=PENDING elapsed=30s — waiting …
2026-06-03 16:21:29 | DEBUG    | Task 65a41d5c-25e6-4388-872c-beeb1020401d state=PENDING elapsed=35s — waiting …
2026-06-03 16:21:34 | DEBUG    | Task 65a41d5c-25e6-4388-872c-beeb1020401d state=PENDING elapsed=40s — waiting …
2026-06-03 16:21:39 | DEBUG    | Task 65a41d5c-25e6-4388-872c-beeb1020401d state=PENDING elapsed=45s — waiting …
2026-06-03 16:21:44 | DEBUG    | Task 65a41d5c-25e6-4388-872c-beeb1020401d state=PENDING elapsed=50s — waiting …
2026-06-03 16:21:49 | DEBUG    | Task 65a41d5c-25e6-4388-872c-beeb1020401d state=PENDING elapsed=55s — waiting …
2026-06-03 16:21:54 | DEBUG    | Task 65a41d5c-25e6-4388-872c-beeb1020401d state=PENDING elapsed=60s — waiting …
2026-06-03 16:21:59 | DEBUG    | Task 65a41d5c-25e6-4388-872c-beeb1020401d state=PENDING elapsed=65s — waiting …
2026-06-03 16:22:04 | DEBUG    | Task 65a41d5c-25e6-4388-872c-beeb1020401d state=PENDING elapsed=70s — waiting …
2026-06-03 16:22:09 | DEBUG    | Task 65a41d5c-25e6-4388-872c-beeb1020401d state=PENDING elapsed=75s — waiting …
2026-06-03 16:22:14 | DEBUG    | Task 65a41d5c-25e6-4388-872c-beeb1020401d state=PENDING elapsed=80s — waiting …
2026-06-03 16:22:19 | DEBUG    | Task 65a41d5c-25e6-4388-872c-beeb1020401d state=PENDING elapsed=85s — waiting …
2026-06-03 16:22:24 | DEBUG    | Task 65a41d5c-25e6-4388-872c-beeb1020401d state=PENDING elapsed=90s — waiting …
2026-06-03 16:22:29 | DEBUG    | Task 65a41d5c-25e6-4388-872c-beeb1020401d state=PENDING elapsed=95s — waiting …
2026-06-03 16:22:38 | DEBUG    | Task 65a41d5c-25e6-4388-872c-beeb1020401d state=PENDING elapsed=104s — waiting …
2026-06-03 16:22:43 | DEBUG    | Task 65a41d5c-25e6-4388-872c-beeb1020401d state=PENDING elapsed=109s — waiting …
2026-06-03 16:22:48 | DEBUG    | Task 65a41d5c-25e6-4388-872c-beeb1020401d state=PENDING elapsed=114s — waiting …
2026-06-03 16:22:55 | DEBUG    | Task 65a41d5c-25e6-4388-872c-beeb1020401d state=PENDING elapsed=121s — waiting …
2026-06-03 16:23:00 | DEBUG    | Task 65a41d5c-25e6-4388-872c-beeb1020401d state=PENDING elapsed=126s — waiting …
2026-06-03 16:23:05 | DEBUG    | Task 65a41d5c-25e6-4388-872c-beeb1020401d state=PENDING elapsed=131s — waiting …
2026-06-03 16:23:10 | DEBUG    | Task 65a41d5c-25e6-4388-872c-beeb1020401d state=PENDING elapsed=136s — waiting …
2026-06-03 16:23:15 | DEBUG    | Task 65a41d5c-25e6-4388-872c-beeb1020401d state=PENDING elapsed=141s — waiting …
2026-06-03 16:23:20 | DEBUG    | Task 65a41d5c-25e6-4388-872c-beeb1020401d state=PENDING elapsed=146s — waiting …
2026-06-03 16:23:25 | DEBUG    | Task 65a41d5c-25e6-4388-872c-beeb1020401d state=PENDING elapsed=151s — waiting …
2026-06-03 16:23:30 | DEBUG    | Task 65a41d5c-25e6-4388-872c-beeb1020401d state=PENDING elapsed=156s — waiting …
2026-06-03 16:23:35 | DEBUG    | Task 65a41d5c-25e6-4388-872c-beeb1020401d state=PENDING elapsed=161s — waiting …
2026-06-03 16:23:40 | DEBUG    | Task 65a41d5c-25e6-4388-872c-beeb1020401d state=PENDING elapsed=166s — waiting …
2026-06-03 16:23:45 | DEBUG    | Task 65a41d5c-25e6-4388-872c-beeb1020401d state=PENDING elapsed=171s — waiting …
2026-06-03 16:23:50 | DEBUG    | Task 65a41d5c-25e6-4388-872c-beeb1020401d state=PENDING elapsed=176s — waiting …
2026-06-03 16:23:55 | DEBUG    | Task 65a41d5c-25e6-4388-872c-beeb1020401d state=PENDING elapsed=181s — waiting …
2026-06-03 16:24:00 | DEBUG    | Task 65a41d5c-25e6-4388-872c-beeb1020401d state=PENDING elapsed=186s — waiting …
2026-06-03 16:24:05 | DEBUG    | Task 65a41d5c-25e6-4388-872c-beeb1020401d state=PENDING elapsed=191s — waiting …
2026-06-03 16:24:10 | DEBUG    | Task 65a41d5c-25e6-4388-872c-beeb1020401d state=PENDING elapsed=196s — waiting …
2026-06-03 16:24:15 | DEBUG    | Task 65a41d5c-25e6-4388-872c-beeb1020401d state=PENDING elapsed=201s — waiting …
2026-06-03 16:24:20 | DEBUG    | Task 65a41d5c-25e6-4388-872c-beeb1020401d state=PENDING elapsed=206s — waiting …
2026-06-03 16:24:25 | DEBUG    | Task 65a41d5c-25e6-4388-872c-beeb1020401d state=PENDING elapsed=211s — waiting …
2026-06-03 16:24:30 | DEBUG    | Task 65a41d5c-25e6-4388-872c-beeb1020401d state=PENDING elapsed=216s — waiting …
2026-06-03 16:24:35 | DEBUG    | Task 65a41d5c-25e6-4388-872c-beeb1020401d state=PENDING elapsed=221s — waiting …
2026-06-03 16:24:40 | DEBUG    | Task 65a41d5c-25e6-4388-872c-beeb1020401d state=PENDING elapsed=226s — waiting …
2026-06-03 16:24:45 | DEBUG    | Task 65a41d5c-25e6-4388-872c-beeb1020401d state=PENDING elapsed=231s — waiting …
2026-06-03 16:24:50 | DEBUG    | Task 65a41d5c-25e6-4388-872c-beeb1020401d state=PENDING elapsed=236s — waiting …
2026-06-03 16:24:55 | DEBUG    | Task 65a41d5c-25e6-4388-872c-beeb1020401d state=PENDING elapsed=241s — waiting …
2026-06-03 16:25:00 | DEBUG    | Task 65a41d5c-25e6-4388-872c-beeb1020401d state=PENDING elapsed=246s — waiting …
2026-06-03 16:25:05 | DEBUG    | Task 65a41d5c-25e6-4388-872c-beeb1020401d state=PENDING elapsed=251s — waiting …
2026-06-03 16:25:10 | INFO     | Task 65a41d5c-25e6-4388-872c-beeb1020401d FINISHED in 256s
2026-06-03 16:25:10 | INFO     | ✅ batch 17/131 (16 files) complete
2026-06-03 16:25:10 | INFO     | --- batch 18/131 (16 files) ---
2026-06-03 16:25:10 | DEBUG    |   Files: 1997-11.pdf, 1997-12.pdf, 1997-13.pdf, 1997-14.pdf, 1997-15.pdf, 1997-16.pdf, 1997-17.pdf, 1997-18.pdf, 1997-19.pdf, 1997-20.pdf, 1997-21.pdf, 1997-22.pdf, 1997-23.pdf, 1997-24.pdf, 1997-25.pdf, 1997-26.pdf
2026-06-03 16:25:11 | INFO     | Upload accepted → task_id=e6a56d33-5cbe-4fd5-9356-ec4e08e5e416
2026-06-03 16:25:11 | DEBUG    | Task e6a56d33-5cbe-4fd5-9356-ec4e08e5e416 state=PENDING elapsed=0s — waiting …
2026-06-03 16:25:16 | DEBUG    | Task e6a56d33-5cbe-4fd5-9356-ec4e08e5e416 state=PENDING elapsed=5s — waiting …
2026-06-03 16:25:21 | DEBUG    | Task e6a56d33-5cbe-4fd5-9356-ec4e08e5e416 state=PENDING elapsed=10s — waiting …
2026-06-03 16:25:26 | DEBUG    | Task e6a56d33-5cbe-4fd5-9356-ec4e08e5e416 state=PENDING elapsed=15s — waiting …
2026-06-03 16:25:31 | DEBUG    | Task e6a56d33-5cbe-4fd5-9356-ec4e08e5e416 state=PENDING elapsed=20s — waiting …
2026-06-03 16:25:36 | DEBUG    | Task e6a56d33-5cbe-4fd5-9356-ec4e08e5e416 state=PENDING elapsed=25s — waiting …
2026-06-03 16:25:41 | DEBUG    | Task e6a56d33-5cbe-4fd5-9356-ec4e08e5e416 state=PENDING elapsed=30s — waiting …
2026-06-03 16:25:46 | DEBUG    | Task e6a56d33-5cbe-4fd5-9356-ec4e08e5e416 state=PENDING elapsed=35s — waiting …
2026-06-03 16:25:51 | DEBUG    | Task e6a56d33-5cbe-4fd5-9356-ec4e08e5e416 state=PENDING elapsed=40s — waiting …
2026-06-03 16:25:56 | DEBUG    | Task e6a56d33-5cbe-4fd5-9356-ec4e08e5e416 state=PENDING elapsed=45s — waiting …
2026-06-03 16:26:01 | DEBUG    | Task e6a56d33-5cbe-4fd5-9356-ec4e08e5e416 state=PENDING elapsed=50s — waiting …
2026-06-03 16:26:06 | DEBUG    | Task e6a56d33-5cbe-4fd5-9356-ec4e08e5e416 state=PENDING elapsed=55s — waiting …
2026-06-03 16:26:11 | DEBUG    | Task e6a56d33-5cbe-4fd5-9356-ec4e08e5e416 state=PENDING elapsed=60s — waiting …
2026-06-03 16:26:16 | DEBUG    | Task e6a56d33-5cbe-4fd5-9356-ec4e08e5e416 state=PENDING elapsed=65s — waiting …
2026-06-03 16:26:21 | DEBUG    | Task e6a56d33-5cbe-4fd5-9356-ec4e08e5e416 state=PENDING elapsed=70s — waiting …
2026-06-03 16:26:26 | DEBUG    | Task e6a56d33-5cbe-4fd5-9356-ec4e08e5e416 state=PENDING elapsed=75s — waiting …
2026-06-03 16:26:31 | DEBUG    | Task e6a56d33-5cbe-4fd5-9356-ec4e08e5e416 state=PENDING elapsed=80s — waiting …
2026-06-03 16:26:36 | DEBUG    | Task e6a56d33-5cbe-4fd5-9356-ec4e08e5e416 state=PENDING elapsed=85s — waiting …
2026-06-03 16:26:41 | DEBUG    | Task e6a56d33-5cbe-4fd5-9356-ec4e08e5e416 state=PENDING elapsed=90s — waiting …
2026-06-03 16:26:46 | DEBUG    | Task e6a56d33-5cbe-4fd5-9356-ec4e08e5e416 state=PENDING elapsed=95s — waiting …
2026-06-03 16:26:51 | DEBUG    | Task e6a56d33-5cbe-4fd5-9356-ec4e08e5e416 state=PENDING elapsed=100s — waiting …
2026-06-03 16:26:56 | DEBUG    | Task e6a56d33-5cbe-4fd5-9356-ec4e08e5e416 state=PENDING elapsed=105s — waiting …
2026-06-03 16:27:01 | DEBUG    | Task e6a56d33-5cbe-4fd5-9356-ec4e08e5e416 state=PENDING elapsed=110s — waiting …
2026-06-03 16:27:06 | DEBUG    | Task e6a56d33-5cbe-4fd5-9356-ec4e08e5e416 state=PENDING elapsed=115s — waiting …
2026-06-03 16:27:11 | DEBUG    | Task e6a56d33-5cbe-4fd5-9356-ec4e08e5e416 state=PENDING elapsed=120s — waiting …
2026-06-03 16:27:16 | DEBUG    | Task e6a56d33-5cbe-4fd5-9356-ec4e08e5e416 state=PENDING elapsed=125s — waiting …
2026-06-03 16:27:21 | DEBUG    | Task e6a56d33-5cbe-4fd5-9356-ec4e08e5e416 state=PENDING elapsed=130s — waiting …
2026-06-03 16:27:26 | DEBUG    | Task e6a56d33-5cbe-4fd5-9356-ec4e08e5e416 state=PENDING elapsed=135s — waiting …
2026-06-03 16:27:31 | DEBUG    | Task e6a56d33-5cbe-4fd5-9356-ec4e08e5e416 state=PENDING elapsed=140s — waiting …
2026-06-03 16:27:36 | DEBUG    | Task e6a56d33-5cbe-4fd5-9356-ec4e08e5e416 state=PENDING elapsed=145s — waiting …
2026-06-03 16:27:41 | DEBUG    | Task e6a56d33-5cbe-4fd5-9356-ec4e08e5e416 state=PENDING elapsed=150s — waiting …
2026-06-03 16:27:46 | DEBUG    | Task e6a56d33-5cbe-4fd5-9356-ec4e08e5e416 state=PENDING elapsed=155s — waiting …
2026-06-03 16:27:51 | DEBUG    | Task e6a56d33-5cbe-4fd5-9356-ec4e08e5e416 state=PENDING elapsed=160s — waiting …
2026-06-03 16:27:58 | DEBUG    | Task e6a56d33-5cbe-4fd5-9356-ec4e08e5e416 state=PENDING elapsed=167s — waiting …
2026-06-03 16:28:03 | DEBUG    | Task e6a56d33-5cbe-4fd5-9356-ec4e08e5e416 state=PENDING elapsed=172s — waiting …
2026-06-03 16:28:08 | INFO     | Task e6a56d33-5cbe-4fd5-9356-ec4e08e5e416 FINISHED in 177s
2026-06-03 16:28:08 | INFO     | ✅ batch 18/131 (16 files) complete
2026-06-03 16:28:08 | INFO     | --- batch 19/131 (16 files) ---
2026-06-03 16:28:08 | DEBUG    |   Files: 1997-27.pdf, 1997-28.pdf, 1997-29.pdf, 1997-30.pdf, 1997-31.pdf, 1997-32.pdf, 1997-33.pdf, 1997-34.pdf, 1997-35.pdf, 1997-36.pdf, 1997-37.pdf, 1997-38.pdf, 1997-39.pdf, 1997-40.pdf, 1997-41.pdf, 1997-42.pdf
2026-06-03 16:28:10 | INFO     | Upload accepted → task_id=399bb873-59ce-43f4-affc-e3be5158222f
2026-06-03 16:28:10 | DEBUG    | Task 399bb873-59ce-43f4-affc-e3be5158222f state=PENDING elapsed=0s — waiting …
2026-06-03 16:28:27 | DEBUG    | Task 399bb873-59ce-43f4-affc-e3be5158222f state=PENDING elapsed=17s — waiting …
2026-06-03 16:28:32 | DEBUG    | Task 399bb873-59ce-43f4-affc-e3be5158222f state=PENDING elapsed=22s — waiting …
2026-06-03 16:28:37 | DEBUG    | Task 399bb873-59ce-43f4-affc-e3be5158222f state=PENDING elapsed=27s — waiting …
2026-06-03 16:28:42 | DEBUG    | Task 399bb873-59ce-43f4-affc-e3be5158222f state=PENDING elapsed=32s — waiting …
2026-06-03 16:28:47 | DEBUG    | Task 399bb873-59ce-43f4-affc-e3be5158222f state=PENDING elapsed=37s — waiting …
2026-06-03 16:28:52 | DEBUG    | Task 399bb873-59ce-43f4-affc-e3be5158222f state=PENDING elapsed=42s — waiting …
2026-06-03 16:28:57 | DEBUG    | Task 399bb873-59ce-43f4-affc-e3be5158222f state=PENDING elapsed=47s — waiting …
2026-06-03 16:29:02 | DEBUG    | Task 399bb873-59ce-43f4-affc-e3be5158222f state=PENDING elapsed=52s — waiting …
2026-06-03 16:29:07 | DEBUG    | Task 399bb873-59ce-43f4-affc-e3be5158222f state=PENDING elapsed=57s — waiting …
2026-06-03 16:29:12 | DEBUG    | Task 399bb873-59ce-43f4-affc-e3be5158222f state=PENDING elapsed=62s — waiting …
2026-06-03 16:29:17 | DEBUG    | Task 399bb873-59ce-43f4-affc-e3be5158222f state=PENDING elapsed=67s — waiting …
2026-06-03 16:29:22 | DEBUG    | Task 399bb873-59ce-43f4-affc-e3be5158222f state=PENDING elapsed=72s — waiting …
2026-06-03 16:29:27 | DEBUG    | Task 399bb873-59ce-43f4-affc-e3be5158222f state=PENDING elapsed=77s — waiting …
2026-06-03 16:29:32 | DEBUG    | Task 399bb873-59ce-43f4-affc-e3be5158222f state=PENDING elapsed=82s — waiting …
2026-06-03 16:29:37 | DEBUG    | Task 399bb873-59ce-43f4-affc-e3be5158222f state=PENDING elapsed=87s — waiting …
2026-06-03 16:29:44 | INFO     | Task 399bb873-59ce-43f4-affc-e3be5158222f FINISHED in 94s
2026-06-03 16:29:44 | INFO     | ✅ batch 19/131 (16 files) complete
2026-06-03 16:29:44 | INFO     | --- batch 20/131 (16 files) ---
2026-06-03 16:29:44 | DEBUG    |   Files: 1998-01.pdf, 1998-02.pdf, 1998-03.pdf, 1998-04.pdf, 1998-05.pdf, 1998-06.pdf, 1998-07.pdf, 1998-08.pdf, 1998-09.pdf, 1998-10.pdf, 1998-11.pdf, 1998-12.pdf, 1998-13.pdf, 1998-14.pdf, 1998-15.pdf, 1998-16.pdf
2026-06-03 16:29:46 | INFO     | Upload accepted → task_id=f150b956-8b1a-4f76-981d-bbcafd62ddd7
2026-06-03 16:29:46 | DEBUG    | Task f150b956-8b1a-4f76-981d-bbcafd62ddd7 state=PENDING elapsed=0s — waiting …
2026-06-03 16:29:51 | DEBUG    | Task f150b956-8b1a-4f76-981d-bbcafd62ddd7 state=PENDING elapsed=5s — waiting …
2026-06-03 16:29:56 | DEBUG    | Task f150b956-8b1a-4f76-981d-bbcafd62ddd7 state=PENDING elapsed=10s — waiting …
2026-06-03 16:30:01 | DEBUG    | Task f150b956-8b1a-4f76-981d-bbcafd62ddd7 state=PENDING elapsed=15s — waiting …
2026-06-03 16:30:06 | DEBUG    | Task f150b956-8b1a-4f76-981d-bbcafd62ddd7 state=PENDING elapsed=20s — waiting …
2026-06-03 16:30:11 | DEBUG    | Task f150b956-8b1a-4f76-981d-bbcafd62ddd7 state=PENDING elapsed=25s — waiting …
2026-06-03 16:30:16 | DEBUG    | Task f150b956-8b1a-4f76-981d-bbcafd62ddd7 state=PENDING elapsed=30s — waiting …
2026-06-03 16:30:21 | DEBUG    | Task f150b956-8b1a-4f76-981d-bbcafd62ddd7 state=PENDING elapsed=35s — waiting …
2026-06-03 16:30:26 | DEBUG    | Task f150b956-8b1a-4f76-981d-bbcafd62ddd7 state=PENDING elapsed=40s — waiting …
2026-06-03 16:30:31 | DEBUG    | Task f150b956-8b1a-4f76-981d-bbcafd62ddd7 state=PENDING elapsed=45s — waiting …
2026-06-03 16:30:36 | DEBUG    | Task f150b956-8b1a-4f76-981d-bbcafd62ddd7 state=PENDING elapsed=50s — waiting …
2026-06-03 16:30:41 | DEBUG    | Task f150b956-8b1a-4f76-981d-bbcafd62ddd7 state=PENDING elapsed=55s — waiting …
2026-06-03 16:30:46 | DEBUG    | Task f150b956-8b1a-4f76-981d-bbcafd62ddd7 state=PENDING elapsed=60s — waiting …
2026-06-03 16:30:51 | DEBUG    | Task f150b956-8b1a-4f76-981d-bbcafd62ddd7 state=PENDING elapsed=65s — waiting …
2026-06-03 16:30:56 | DEBUG    | Task f150b956-8b1a-4f76-981d-bbcafd62ddd7 state=PENDING elapsed=70s — waiting …
2026-06-03 16:31:04 | INFO     | Task f150b956-8b1a-4f76-981d-bbcafd62ddd7 FINISHED in 78s
2026-06-03 16:31:04 | INFO     | ✅ batch 20/131 (16 files) complete
2026-06-03 16:31:04 | INFO     | --- batch 21/131 (16 files) ---
2026-06-03 16:31:04 | DEBUG    |   Files: 1998-17.pdf, 1998-18.pdf, 1998-19.pdf, 1998-20.pdf, 1998-21.pdf, 1998-22.pdf, 1998-23.pdf, 1998-24.pdf, 1998-25.pdf, 1998-26.pdf, 1998-27.pdf, 1998-28.pdf, 1998-29.pdf, 1998-30.pdf, 1998-31.pdf, 1998-32.pdf
2026-06-03 16:31:06 | INFO     | Upload accepted → task_id=dcf6fede-9f6c-40fc-9968-a6df3ddde425
2026-06-03 16:31:06 | DEBUG    | Task dcf6fede-9f6c-40fc-9968-a6df3ddde425 state=PENDING elapsed=0s — waiting …
2026-06-03 16:31:11 | DEBUG    | Task dcf6fede-9f6c-40fc-9968-a6df3ddde425 state=PENDING elapsed=5s — waiting …
2026-06-03 16:31:16 | DEBUG    | Task dcf6fede-9f6c-40fc-9968-a6df3ddde425 state=PENDING elapsed=10s — waiting …
2026-06-03 16:31:21 | DEBUG    | Task dcf6fede-9f6c-40fc-9968-a6df3ddde425 state=PENDING elapsed=15s — waiting …
2026-06-03 16:31:26 | DEBUG    | Task dcf6fede-9f6c-40fc-9968-a6df3ddde425 state=PENDING elapsed=20s — waiting …
2026-06-03 16:31:31 | DEBUG    | Task dcf6fede-9f6c-40fc-9968-a6df3ddde425 state=PENDING elapsed=25s — waiting …
2026-06-03 16:31:36 | DEBUG    | Task dcf6fede-9f6c-40fc-9968-a6df3ddde425 state=PENDING elapsed=30s — waiting …
2026-06-03 16:31:41 | DEBUG    | Task dcf6fede-9f6c-40fc-9968-a6df3ddde425 state=PENDING elapsed=35s — waiting …
2026-06-03 16:31:46 | DEBUG    | Task dcf6fede-9f6c-40fc-9968-a6df3ddde425 state=PENDING elapsed=40s — waiting …
2026-06-03 16:31:51 | DEBUG    | Task dcf6fede-9f6c-40fc-9968-a6df3ddde425 state=PENDING elapsed=45s — waiting …
2026-06-03 16:31:56 | INFO     | Task dcf6fede-9f6c-40fc-9968-a6df3ddde425 FINISHED in 50s
2026-06-03 16:31:56 | INFO     | ✅ batch 21/131 (16 files) complete
2026-06-03 16:31:56 | INFO     | --- batch 22/131 (16 files) ---
2026-06-03 16:31:56 | DEBUG    |   Files: 1998-33.pdf, 1998-34.pdf, 1998-35.pdf, 1998-36.pdf, 1998-37.pdf, 1998-38.pdf, 1998-39.pdf, 1998-40.pdf, 1998-41.pdf, 1998-42.pdf, 1998-43.pdf, 1998-44.pdf, 1998-45.pdf, 1998-46.pdf, 1998-47.pdf, 1998-48.pdf
2026-06-03 16:31:57 | INFO     | Upload accepted → task_id=c0364b74-f88c-41d6-8fa2-ea7687e3f9de
2026-06-03 16:31:57 | DEBUG    | Task c0364b74-f88c-41d6-8fa2-ea7687e3f9de state=PENDING elapsed=0s — waiting …
2026-06-03 16:32:04 | DEBUG    | Task c0364b74-f88c-41d6-8fa2-ea7687e3f9de state=PENDING elapsed=7s — waiting …
2026-06-03 16:32:09 | DEBUG    | Task c0364b74-f88c-41d6-8fa2-ea7687e3f9de state=PENDING elapsed=12s — waiting …
2026-06-03 16:32:14 | DEBUG    | Task c0364b74-f88c-41d6-8fa2-ea7687e3f9de state=PENDING elapsed=17s — waiting …
2026-06-03 16:32:19 | DEBUG    | Task c0364b74-f88c-41d6-8fa2-ea7687e3f9de state=PENDING elapsed=22s — waiting …
2026-06-03 16:32:24 | DEBUG    | Task c0364b74-f88c-41d6-8fa2-ea7687e3f9de state=PENDING elapsed=27s — waiting …
2026-06-03 16:32:29 | DEBUG    | Task c0364b74-f88c-41d6-8fa2-ea7687e3f9de state=PENDING elapsed=32s — waiting …
2026-06-03 16:32:34 | DEBUG    | Task c0364b74-f88c-41d6-8fa2-ea7687e3f9de state=PENDING elapsed=37s — waiting …
2026-06-03 16:32:39 | DEBUG    | Task c0364b74-f88c-41d6-8fa2-ea7687e3f9de state=PENDING elapsed=42s — waiting …
2026-06-03 16:32:44 | DEBUG    | Task c0364b74-f88c-41d6-8fa2-ea7687e3f9de state=PENDING elapsed=47s — waiting …
2026-06-03 16:32:49 | INFO     | Task c0364b74-f88c-41d6-8fa2-ea7687e3f9de FINISHED in 52s
2026-06-03 16:32:49 | INFO     | ✅ batch 22/131 (16 files) complete
2026-06-03 16:32:49 | INFO     | --- batch 23/131 (16 files) ---
2026-06-03 16:32:49 | DEBUG    |   Files: 1998-49.pdf, 1998-50.pdf, 1998-51.pdf, 1998-52.pdf, 1999-01.pdf, 1999-02.pdf, 1999-03.pdf, 1999-04.pdf, 1999-05.pdf, 1999-06.pdf, 1999-07.pdf, 1999-08.pdf, 1999-09.pdf, 1999-10.pdf, 1999-11.pdf, 1999-12.pdf
2026-06-03 16:32:52 | INFO     | Upload accepted → task_id=e1c71758-0f6b-43c3-9aef-04f790c02a1b
2026-06-03 16:32:52 | DEBUG    | Task e1c71758-0f6b-43c3-9aef-04f790c02a1b state=PENDING elapsed=0s — waiting …
2026-06-03 16:32:57 | DEBUG    | Task e1c71758-0f6b-43c3-9aef-04f790c02a1b state=PENDING elapsed=5s — waiting …
2026-06-03 16:33:02 | DEBUG    | Task e1c71758-0f6b-43c3-9aef-04f790c02a1b state=PENDING elapsed=10s — waiting …
2026-06-03 16:33:07 | DEBUG    | Task e1c71758-0f6b-43c3-9aef-04f790c02a1b state=PENDING elapsed=15s — waiting …
2026-06-03 16:33:12 | DEBUG    | Task e1c71758-0f6b-43c3-9aef-04f790c02a1b state=PENDING elapsed=20s — waiting …
2026-06-03 16:33:17 | DEBUG    | Task e1c71758-0f6b-43c3-9aef-04f790c02a1b state=PENDING elapsed=25s — waiting …
2026-06-03 16:33:22 | DEBUG    | Task e1c71758-0f6b-43c3-9aef-04f790c02a1b state=PENDING elapsed=30s — waiting …
2026-06-03 16:33:27 | DEBUG    | Task e1c71758-0f6b-43c3-9aef-04f790c02a1b state=PENDING elapsed=35s — waiting …
2026-06-03 16:33:32 | DEBUG    | Task e1c71758-0f6b-43c3-9aef-04f790c02a1b state=PENDING elapsed=40s — waiting …
2026-06-03 16:33:37 | DEBUG    | Task e1c71758-0f6b-43c3-9aef-04f790c02a1b state=PENDING elapsed=45s — waiting …
2026-06-03 16:33:42 | DEBUG    | Task e1c71758-0f6b-43c3-9aef-04f790c02a1b state=PENDING elapsed=50s — waiting …
2026-06-03 16:33:47 | INFO     | Task e1c71758-0f6b-43c3-9aef-04f790c02a1b FINISHED in 55s
2026-06-03 16:33:47 | INFO     | ✅ batch 23/131 (16 files) complete
2026-06-03 16:33:47 | INFO     | --- batch 24/131 (16 files) ---
2026-06-03 16:33:47 | DEBUG    |   Files: 1999-13.pdf, 1999-14.pdf, 1999-15.pdf, 1999-16.pdf, 1999-17.pdf, 1999-18.pdf, 1999-19.pdf, 1999-20.pdf, 1999-21.pdf, 1999-22.pdf, 1999-23.pdf, 1999-24.pdf, 1999-25.pdf, 1999-26.pdf, 1999-27.pdf, 1999-28.pdf
2026-06-03 16:33:49 | INFO     | Upload accepted → task_id=951420c0-5796-4797-a95b-47fd2df800ed
2026-06-03 16:33:49 | DEBUG    | Task 951420c0-5796-4797-a95b-47fd2df800ed state=PENDING elapsed=0s — waiting …
2026-06-03 16:33:54 | DEBUG    | Task 951420c0-5796-4797-a95b-47fd2df800ed state=PENDING elapsed=5s — waiting …
2026-06-03 16:33:59 | DEBUG    | Task 951420c0-5796-4797-a95b-47fd2df800ed state=PENDING elapsed=10s — waiting …
2026-06-03 16:34:04 | DEBUG    | Task 951420c0-5796-4797-a95b-47fd2df800ed state=PENDING elapsed=15s — waiting …
2026-06-03 16:34:09 | DEBUG    | Task 951420c0-5796-4797-a95b-47fd2df800ed state=PENDING elapsed=20s — waiting …
2026-06-03 16:34:14 | DEBUG    | Task 951420c0-5796-4797-a95b-47fd2df800ed state=PENDING elapsed=25s — waiting …
2026-06-03 16:34:19 | INFO     | Task 951420c0-5796-4797-a95b-47fd2df800ed FINISHED in 30s
2026-06-03 16:34:19 | INFO     | ✅ batch 24/131 (16 files) complete
2026-06-03 16:34:19 | INFO     | --- batch 25/131 (16 files) ---
2026-06-03 16:34:19 | DEBUG    |   Files: 1999-29.pdf, 1999-30.pdf, 1999-31.pdf, 1999-32.pdf, 1999-33.pdf, 1999-34.pdf, 1999-35.pdf, 1999-36.pdf, 1999-37.pdf, 1999-38.pdf, 1999-39.pdf, 1999-40.pdf, 1999-41.pdf, 1999-42.pdf, 1999-43.pdf, 1999-44.pdf
2026-06-03 16:34:21 | INFO     | Upload accepted → task_id=758525b9-37fa-405d-b8df-ee4a68920c4a
2026-06-03 16:34:21 | DEBUG    | Task 758525b9-37fa-405d-b8df-ee4a68920c4a state=PENDING elapsed=0s — waiting …
2026-06-03 16:34:26 | DEBUG    | Task 758525b9-37fa-405d-b8df-ee4a68920c4a state=PENDING elapsed=5s — waiting …
2026-06-03 16:34:31 | DEBUG    | Task 758525b9-37fa-405d-b8df-ee4a68920c4a state=PENDING elapsed=10s — waiting …
2026-06-03 16:34:36 | DEBUG    | Task 758525b9-37fa-405d-b8df-ee4a68920c4a state=PENDING elapsed=15s — waiting …
2026-06-03 16:34:41 | DEBUG    | Task 758525b9-37fa-405d-b8df-ee4a68920c4a state=PENDING elapsed=20s — waiting …
2026-06-03 16:34:46 | DEBUG    | Task 758525b9-37fa-405d-b8df-ee4a68920c4a state=PENDING elapsed=25s — waiting …
2026-06-03 16:34:51 | DEBUG    | Task 758525b9-37fa-405d-b8df-ee4a68920c4a state=PENDING elapsed=30s — waiting …
2026-06-03 16:34:58 | INFO     | Task 758525b9-37fa-405d-b8df-ee4a68920c4a FINISHED in 37s
2026-06-03 16:34:58 | INFO     | ✅ batch 25/131 (16 files) complete
2026-06-03 16:34:58 | INFO     | --- batch 26/131 (16 files) ---
2026-06-03 16:34:58 | DEBUG    |   Files: 1999-45.pdf, 1999-46.pdf, 1999-47.pdf, 1999-48.pdf, 1999-49.pdf, 1999-50.pdf, 1999-51.pdf, 1999-52.pdf, 1999-53.pdf, 1999-54.pdf, 1999-55.pdf, 1999-56.pdf, 1999-57.pdf, 1999-58.pdf, 1999-59.pdf, 1999-60.pdf
2026-06-03 16:35:00 | INFO     | Upload accepted → task_id=bb644f9f-d344-4d6e-8bab-7c1c4c088ad3
2026-06-03 16:35:00 | DEBUG    | Task bb644f9f-d344-4d6e-8bab-7c1c4c088ad3 state=PENDING elapsed=0s — waiting …
2026-06-03 16:35:05 | DEBUG    | Task bb644f9f-d344-4d6e-8bab-7c1c4c088ad3 state=PENDING elapsed=5s — waiting …
2026-06-03 16:35:10 | DEBUG    | Task bb644f9f-d344-4d6e-8bab-7c1c4c088ad3 state=PENDING elapsed=10s — waiting …
2026-06-03 16:35:15 | DEBUG    | Task bb644f9f-d344-4d6e-8bab-7c1c4c088ad3 state=PENDING elapsed=15s — waiting …
2026-06-03 16:35:20 | DEBUG    | Task bb644f9f-d344-4d6e-8bab-7c1c4c088ad3 state=PENDING elapsed=20s — waiting …
2026-06-03 16:35:25 | DEBUG    | Task bb644f9f-d344-4d6e-8bab-7c1c4c088ad3 state=PENDING elapsed=25s — waiting …
2026-06-03 16:35:30 | INFO     | Task bb644f9f-d344-4d6e-8bab-7c1c4c088ad3 FINISHED in 30s
2026-06-03 16:35:30 | INFO     | ✅ batch 26/131 (16 files) complete
2026-06-03 16:35:30 | INFO     | --- batch 27/131 (16 files) ---
2026-06-03 16:35:30 | DEBUG    |   Files: 1999-61.pdf, 2000-01.pdf, 2000-02.pdf, 2000-03.pdf, 2000-04.pdf, 2000-05.pdf, 2000-06.pdf, 2000-07.pdf, 2000-08.pdf, 2000-09.pdf, 2000-10.pdf, 2000-11.pdf, 2000-12.pdf, 2000-13.pdf, 2000-14.pdf, 2000-15.pdf
2026-06-03 16:35:32 | INFO     | Upload accepted → task_id=cf579d5d-159d-40af-949f-c11fd0462e28
2026-06-03 16:35:32 | DEBUG    | Task cf579d5d-159d-40af-949f-c11fd0462e28 state=PENDING elapsed=0s — waiting …
2026-06-03 16:35:37 | DEBUG    | Task cf579d5d-159d-40af-949f-c11fd0462e28 state=PENDING elapsed=5s — waiting …
2026-06-03 16:35:42 | DEBUG    | Task cf579d5d-159d-40af-949f-c11fd0462e28 state=PENDING elapsed=10s — waiting …
2026-06-03 16:35:47 | DEBUG    | Task cf579d5d-159d-40af-949f-c11fd0462e28 state=PENDING elapsed=15s — waiting …
2026-06-03 16:35:52 | DEBUG    | Task cf579d5d-159d-40af-949f-c11fd0462e28 state=PENDING elapsed=20s — waiting …
2026-06-03 16:35:57 | DEBUG    | Task cf579d5d-159d-40af-949f-c11fd0462e28 state=PENDING elapsed=25s — waiting …
2026-06-03 16:36:03 | INFO     | Task cf579d5d-159d-40af-949f-c11fd0462e28 FINISHED in 31s
2026-06-03 16:36:03 | INFO     | ✅ batch 27/131 (16 files) complete
2026-06-03 16:36:03 | INFO     | --- batch 28/131 (16 files) ---
2026-06-03 16:36:03 | DEBUG    |   Files: 2000-16.pdf, 2000-17.pdf, 2000-18.pdf, 2000-19.pdf, 2000-20.pdf, 2000-21.pdf, 2000-22.pdf, 2000-23.pdf, 2000-24.pdf, 2000-25.pdf, 2000-26.pdf, 2000-27.pdf, 2000-28.pdf, 2000-29.pdf, 2000-30.pdf, 2000-31.pdf
2026-06-03 16:36:04 | INFO     | Upload accepted → task_id=d776fd31-74e7-4ccc-ab34-098f818d7607
2026-06-03 16:36:04 | DEBUG    | Task d776fd31-74e7-4ccc-ab34-098f818d7607 state=PENDING elapsed=0s — waiting …
2026-06-03 16:36:09 | DEBUG    | Task d776fd31-74e7-4ccc-ab34-098f818d7607 state=PENDING elapsed=5s — waiting …
2026-06-03 16:36:15 | DEBUG    | Task d776fd31-74e7-4ccc-ab34-098f818d7607 state=PENDING elapsed=10s — waiting …
2026-06-03 16:36:20 | DEBUG    | Task d776fd31-74e7-4ccc-ab34-098f818d7607 state=PENDING elapsed=15s — waiting …
2026-06-03 16:36:25 | DEBUG    | Task d776fd31-74e7-4ccc-ab34-098f818d7607 state=PENDING elapsed=20s — waiting …
2026-06-03 16:36:30 | DEBUG    | Task d776fd31-74e7-4ccc-ab34-098f818d7607 state=PENDING elapsed=25s — waiting …
2026-06-03 16:36:35 | DEBUG    | Task d776fd31-74e7-4ccc-ab34-098f818d7607 state=PENDING elapsed=30s — waiting …
2026-06-03 16:36:40 | INFO     | Task d776fd31-74e7-4ccc-ab34-098f818d7607 FINISHED in 35s
2026-06-03 16:36:40 | INFO     | ✅ batch 28/131 (16 files) complete
2026-06-03 16:36:40 | INFO     | --- batch 29/131 (16 files) ---
2026-06-03 16:36:40 | DEBUG    |   Files: 2000-32.pdf, 2000-33.pdf, 2000-34.pdf, 2000-35.pdf, 2000-36.pdf, 2000-37.pdf, 2000-38.pdf, 2000-39.pdf, 2000-40.pdf, 2000-41.pdf, 2000-42.pdf, 2000-43.pdf, 2000-44.pdf, 2000-45.pdf, 2000-46.pdf, 2000-47.pdf
2026-06-03 16:36:41 | INFO     | Upload accepted → task_id=2b185838-9c6c-4cc4-a373-904fc51876f0
2026-06-03 16:36:41 | DEBUG    | Task 2b185838-9c6c-4cc4-a373-904fc51876f0 state=PENDING elapsed=0s — waiting …
2026-06-03 16:36:46 | DEBUG    | Task 2b185838-9c6c-4cc4-a373-904fc51876f0 state=PENDING elapsed=5s — waiting …
2026-06-03 16:36:51 | DEBUG    | Task 2b185838-9c6c-4cc4-a373-904fc51876f0 state=PENDING elapsed=10s — waiting …
2026-06-03 16:36:56 | DEBUG    | Task 2b185838-9c6c-4cc4-a373-904fc51876f0 state=PENDING elapsed=15s — waiting …
2026-06-03 16:37:01 | DEBUG    | Task 2b185838-9c6c-4cc4-a373-904fc51876f0 state=PENDING elapsed=20s — waiting …
2026-06-03 16:37:06 | DEBUG    | Task 2b185838-9c6c-4cc4-a373-904fc51876f0 state=PENDING elapsed=25s — waiting …
2026-06-03 16:37:11 | DEBUG    | Task 2b185838-9c6c-4cc4-a373-904fc51876f0 state=PENDING elapsed=30s — waiting …
2026-06-03 16:37:16 | DEBUG    | Task 2b185838-9c6c-4cc4-a373-904fc51876f0 state=PENDING elapsed=35s — waiting …
2026-06-03 16:37:21 | DEBUG    | Task 2b185838-9c6c-4cc4-a373-904fc51876f0 state=PENDING elapsed=40s — waiting …
2026-06-03 16:37:26 | DEBUG    | Task 2b185838-9c6c-4cc4-a373-904fc51876f0 state=PENDING elapsed=45s — waiting …
2026-06-03 16:37:33 | INFO     | Task 2b185838-9c6c-4cc4-a373-904fc51876f0 FINISHED in 52s
2026-06-03 16:37:33 | INFO     | ✅ batch 29/131 (16 files) complete
2026-06-03 16:37:33 | INFO     | --- batch 30/131 (16 files) ---
2026-06-03 16:37:33 | DEBUG    |   Files: 2000-48.pdf, 2000-49.pdf, 2000-50.pdf, 2001-01.pdf, 2001-02.pdf, 2001-03.pdf, 2001-04.pdf, 2001-05.pdf, 2001-12.pdf, 2001-14.pdf, 2001-15.pdf, 2001-16.pdf, 2001-17.pdf, 2001-18.pdf, 2001-19.pdf, 2001-20.pdf
2026-06-03 16:37:35 | INFO     | Upload accepted → task_id=1afc043c-7dbb-4a6c-a5c3-60c52be824f6
2026-06-03 16:37:35 | DEBUG    | Task 1afc043c-7dbb-4a6c-a5c3-60c52be824f6 state=PENDING elapsed=0s — waiting …
2026-06-03 16:37:40 | DEBUG    | Task 1afc043c-7dbb-4a6c-a5c3-60c52be824f6 state=PENDING elapsed=5s — waiting …
2026-06-03 16:37:45 | DEBUG    | Task 1afc043c-7dbb-4a6c-a5c3-60c52be824f6 state=PENDING elapsed=10s — waiting …
2026-06-03 16:37:50 | DEBUG    | Task 1afc043c-7dbb-4a6c-a5c3-60c52be824f6 state=PENDING elapsed=15s — waiting …
2026-06-03 16:37:55 | DEBUG    | Task 1afc043c-7dbb-4a6c-a5c3-60c52be824f6 state=PENDING elapsed=20s — waiting …
2026-06-03 16:38:00 | DEBUG    | Task 1afc043c-7dbb-4a6c-a5c3-60c52be824f6 state=PENDING elapsed=25s — waiting …
2026-06-03 16:38:05 | DEBUG    | Task 1afc043c-7dbb-4a6c-a5c3-60c52be824f6 state=PENDING elapsed=30s — waiting …
2026-06-03 16:38:10 | DEBUG    | Task 1afc043c-7dbb-4a6c-a5c3-60c52be824f6 state=PENDING elapsed=35s — waiting …
2026-06-03 16:38:15 | DEBUG    | Task 1afc043c-7dbb-4a6c-a5c3-60c52be824f6 state=PENDING elapsed=40s — waiting …
2026-06-03 16:38:20 | DEBUG    | Task 1afc043c-7dbb-4a6c-a5c3-60c52be824f6 state=PENDING elapsed=45s — waiting …
2026-06-03 16:38:25 | DEBUG    | Task 1afc043c-7dbb-4a6c-a5c3-60c52be824f6 state=PENDING elapsed=50s — waiting …
2026-06-03 16:38:31 | INFO     | Task 1afc043c-7dbb-4a6c-a5c3-60c52be824f6 FINISHED in 56s
2026-06-03 16:38:31 | INFO     | ✅ batch 30/131 (16 files) complete
2026-06-03 16:38:31 | INFO     | --- batch 31/131 (16 files) ---
2026-06-03 16:38:31 | DEBUG    |   Files: 2001-21.pdf, 2001-23.pdf, 2001-27.pdf, 2001-30.pdf, 2001-31.pdf, 2001-33.pdf, 2001-34.pdf, 2001-35.pdf, 2001-36.pdf, 2001-38.pdf, 2001-39.pdf, 2001-40.pdf, 2001-41.pdf, 2001-42.pdf, 2001-43.pdf, 2001-44.pdf
2026-06-03 16:38:33 | INFO     | Upload accepted → task_id=da66ccc7-34b4-414b-900d-a73a376f7158
2026-06-03 16:38:33 | DEBUG    | Task da66ccc7-34b4-414b-900d-a73a376f7158 state=PENDING elapsed=0s — waiting …
2026-06-03 16:38:38 | DEBUG    | Task da66ccc7-34b4-414b-900d-a73a376f7158 state=PENDING elapsed=5s — waiting …
2026-06-03 16:38:43 | DEBUG    | Task da66ccc7-34b4-414b-900d-a73a376f7158 state=PENDING elapsed=10s — waiting …
2026-06-03 16:38:48 | DEBUG    | Task da66ccc7-34b4-414b-900d-a73a376f7158 state=PENDING elapsed=15s — waiting …
2026-06-03 16:38:53 | DEBUG    | Task da66ccc7-34b4-414b-900d-a73a376f7158 state=PENDING elapsed=20s — waiting …
2026-06-03 16:38:58 | DEBUG    | Task da66ccc7-34b4-414b-900d-a73a376f7158 state=PENDING elapsed=25s — waiting …
2026-06-03 16:39:03 | DEBUG    | Task da66ccc7-34b4-414b-900d-a73a376f7158 state=PENDING elapsed=30s — waiting …
2026-06-03 16:39:08 | DEBUG    | Task da66ccc7-34b4-414b-900d-a73a376f7158 state=PENDING elapsed=35s — waiting …
2026-06-03 16:39:13 | DEBUG    | Task da66ccc7-34b4-414b-900d-a73a376f7158 state=PENDING elapsed=40s — waiting …
2026-06-03 16:39:19 | INFO     | Task da66ccc7-34b4-414b-900d-a73a376f7158 FINISHED in 46s
2026-06-03 16:39:19 | INFO     | ✅ batch 31/131 (16 files) complete
2026-06-03 16:39:19 | INFO     | --- batch 32/131 (16 files) ---
2026-06-03 16:39:19 | DEBUG    |   Files: 2001-45.pdf, 2001-47.pdf, 2001-51.pdf, 2001-52.pdf, 2001-56.pdf, 2001-57.pdf, 2001-58.pdf, 2001-59.pdf, 2001-61.pdf, 2001-62.pdf, 2002-01.pdf, 2002-02.pdf, 2002-03.pdf, 2002-04.pdf, 2002-05.pdf, 2002-06.pdf
2026-06-03 16:39:21 | INFO     | Upload accepted → task_id=084d484a-34cf-4c93-ae1e-e644b596719d
2026-06-03 16:39:21 | DEBUG    | Task 084d484a-34cf-4c93-ae1e-e644b596719d state=PENDING elapsed=0s — waiting …
2026-06-03 16:39:26 | DEBUG    | Task 084d484a-34cf-4c93-ae1e-e644b596719d state=PENDING elapsed=5s — waiting …
2026-06-03 16:39:31 | DEBUG    | Task 084d484a-34cf-4c93-ae1e-e644b596719d state=PENDING elapsed=10s — waiting …
2026-06-03 16:39:36 | DEBUG    | Task 084d484a-34cf-4c93-ae1e-e644b596719d state=PENDING elapsed=15s — waiting …
2026-06-03 16:39:42 | DEBUG    | Task 084d484a-34cf-4c93-ae1e-e644b596719d state=PENDING elapsed=21s — waiting …
2026-06-03 16:39:47 | DEBUG    | Task 084d484a-34cf-4c93-ae1e-e644b596719d state=PENDING elapsed=26s — waiting …
2026-06-03 16:39:52 | DEBUG    | Task 084d484a-34cf-4c93-ae1e-e644b596719d state=PENDING elapsed=31s — waiting …
2026-06-03 16:39:57 | DEBUG    | Task 084d484a-34cf-4c93-ae1e-e644b596719d state=PENDING elapsed=36s — waiting …
2026-06-03 16:40:02 | DEBUG    | Task 084d484a-34cf-4c93-ae1e-e644b596719d state=PENDING elapsed=41s — waiting …
2026-06-03 16:40:07 | DEBUG    | Task 084d484a-34cf-4c93-ae1e-e644b596719d state=PENDING elapsed=46s — waiting …
2026-06-03 16:40:12 | INFO     | Task 084d484a-34cf-4c93-ae1e-e644b596719d FINISHED in 52s
2026-06-03 16:40:12 | INFO     | ✅ batch 32/131 (16 files) complete
2026-06-03 16:40:12 | INFO     | --- batch 33/131 (16 files) ---
2026-06-03 16:40:12 | DEBUG    |   Files: 2002-07.pdf, 2002-08.pdf, 2002-09.pdf, 2002-10.pdf, 2002-11.pdf, 2002-12.pdf, 2002-13.pdf, 2002-14.pdf, 2002-15.pdf, 2002-16.pdf, 2002-17.pdf, 2002-18.pdf, 2002-19.pdf, 2002-20.pdf, 2002-21.pdf, 2002-22.pdf
2026-06-03 16:40:15 | INFO     | Upload accepted → task_id=8e84f88f-504e-4793-b163-f6de97c209a6
2026-06-03 16:40:15 | DEBUG    | Task 8e84f88f-504e-4793-b163-f6de97c209a6 state=PENDING elapsed=0s — waiting …
2026-06-03 16:40:20 | DEBUG    | Task 8e84f88f-504e-4793-b163-f6de97c209a6 state=PENDING elapsed=5s — waiting …
2026-06-03 16:40:25 | DEBUG    | Task 8e84f88f-504e-4793-b163-f6de97c209a6 state=PENDING elapsed=10s — waiting …
2026-06-03 16:40:30 | DEBUG    | Task 8e84f88f-504e-4793-b163-f6de97c209a6 state=PENDING elapsed=15s — waiting …
2026-06-03 16:40:35 | DEBUG    | Task 8e84f88f-504e-4793-b163-f6de97c209a6 state=PENDING elapsed=20s — waiting …
2026-06-03 16:40:40 | DEBUG    | Task 8e84f88f-504e-4793-b163-f6de97c209a6 state=PENDING elapsed=25s — waiting …
2026-06-03 16:40:45 | DEBUG    | Task 8e84f88f-504e-4793-b163-f6de97c209a6 state=PENDING elapsed=30s — waiting …
2026-06-03 16:40:50 | DEBUG    | Task 8e84f88f-504e-4793-b163-f6de97c209a6 state=PENDING elapsed=35s — waiting …
2026-06-03 16:40:55 | INFO     | Task 8e84f88f-504e-4793-b163-f6de97c209a6 FINISHED in 40s
2026-06-03 16:40:55 | INFO     | ✅ batch 33/131 (16 files) complete
2026-06-03 16:40:55 | INFO     | --- batch 34/131 (16 files) ---
2026-06-03 16:40:55 | DEBUG    |   Files: 2002-23.pdf, 2002-24.pdf, 2002-25.pdf, 2002-26.pdf, 2002-27.pdf, 2002-28.pdf, 2002-29.pdf, 2002-30.pdf, 2002-31.pdf, 2002-32.pdf, 2002-33.pdf, 2002-34.pdf, 2002-35.pdf, 2002-36.pdf, 2002-37.pdf, 2002-38.pdf
2026-06-03 16:40:57 | INFO     | Upload accepted → task_id=7e26a923-ef10-45c6-b43a-19a22b6b6d0e
2026-06-03 16:40:57 | DEBUG    | Task 7e26a923-ef10-45c6-b43a-19a22b6b6d0e state=PENDING elapsed=0s — waiting …
2026-06-03 16:41:02 | DEBUG    | Task 7e26a923-ef10-45c6-b43a-19a22b6b6d0e state=PENDING elapsed=5s — waiting …
2026-06-03 16:41:07 | DEBUG    | Task 7e26a923-ef10-45c6-b43a-19a22b6b6d0e state=PENDING elapsed=10s — waiting …
2026-06-03 16:41:12 | DEBUG    | Task 7e26a923-ef10-45c6-b43a-19a22b6b6d0e state=PENDING elapsed=15s — waiting …
2026-06-03 16:41:17 | DEBUG    | Task 7e26a923-ef10-45c6-b43a-19a22b6b6d0e state=PENDING elapsed=20s — waiting …
2026-06-03 16:41:23 | DEBUG    | Task 7e26a923-ef10-45c6-b43a-19a22b6b6d0e state=PENDING elapsed=26s — waiting …
2026-06-03 16:41:28 | DEBUG    | Task 7e26a923-ef10-45c6-b43a-19a22b6b6d0e state=PENDING elapsed=31s — waiting …
2026-06-03 16:41:33 | INFO     | Task 7e26a923-ef10-45c6-b43a-19a22b6b6d0e FINISHED in 36s
2026-06-03 16:41:33 | INFO     | ✅ batch 34/131 (16 files) complete
2026-06-03 16:41:33 | INFO     | --- batch 35/131 (16 files) ---
2026-06-03 16:41:33 | DEBUG    |   Files: 2002-39.pdf, 2002-40.pdf, 2002-41.pdf, 2002-42.pdf, 2002-43.pdf, 2002-44.pdf, 2002-45.pdf, 2002-46.pdf, 2002-47.pdf, 2002-48.pdf, 2002-49.pdf, 2002-50.pdf, 2002-51.pdf, 2002-52.pdf, 2002-53.pdf, 2002-54.pdf
2026-06-03 16:41:35 | INFO     | Upload accepted → task_id=1ae806bd-e798-4479-809a-f8e872ee847e
2026-06-03 16:41:35 | DEBUG    | Task 1ae806bd-e798-4479-809a-f8e872ee847e state=PENDING elapsed=0s — waiting …
2026-06-03 16:41:40 | DEBUG    | Task 1ae806bd-e798-4479-809a-f8e872ee847e state=PENDING elapsed=5s — waiting …
2026-06-03 16:41:45 | DEBUG    | Task 1ae806bd-e798-4479-809a-f8e872ee847e state=PENDING elapsed=10s — waiting …
2026-06-03 16:41:50 | DEBUG    | Task 1ae806bd-e798-4479-809a-f8e872ee847e state=PENDING elapsed=15s — waiting …
2026-06-03 16:41:55 | DEBUG    | Task 1ae806bd-e798-4479-809a-f8e872ee847e state=PENDING elapsed=20s — waiting …
2026-06-03 16:42:00 | DEBUG    | Task 1ae806bd-e798-4479-809a-f8e872ee847e state=PENDING elapsed=25s — waiting …
2026-06-03 16:42:05 | DEBUG    | Task 1ae806bd-e798-4479-809a-f8e872ee847e state=PENDING elapsed=30s — waiting …
2026-06-03 16:42:10 | DEBUG    | Task 1ae806bd-e798-4479-809a-f8e872ee847e state=PENDING elapsed=35s — waiting …
2026-06-03 16:42:17 | INFO     | Task 1ae806bd-e798-4479-809a-f8e872ee847e FINISHED in 42s
2026-06-03 16:42:17 | INFO     | ✅ batch 35/131 (16 files) complete
2026-06-03 16:42:17 | INFO     | --- batch 36/131 (16 files) ---
2026-06-03 16:42:17 | DEBUG    |   Files: 2002-55.pdf, 2002-56.pdf, 2002-57.pdf, 2002-58.pdf, 2002-59.pdf, 2002-60.pdf, 2002-61.pdf, 2002-62.pdf, 2002-63.pdf, 2002-64.pdf, 2002-65.pdf, 2003-01.pdf, 2003-02.pdf, 2003-03.pdf, 2003-04.pdf, 2003-05.pdf
2026-06-03 16:42:19 | INFO     | Upload accepted → task_id=6c7cda97-a03f-4d09-8fe5-9c0b5ab08c2b
2026-06-03 16:42:19 | DEBUG    | Task 6c7cda97-a03f-4d09-8fe5-9c0b5ab08c2b state=PENDING elapsed=0s — waiting …
2026-06-03 16:42:24 | DEBUG    | Task 6c7cda97-a03f-4d09-8fe5-9c0b5ab08c2b state=PENDING elapsed=5s — waiting …
2026-06-03 16:42:29 | DEBUG    | Task 6c7cda97-a03f-4d09-8fe5-9c0b5ab08c2b state=PENDING elapsed=10s — waiting …
2026-06-03 16:42:34 | DEBUG    | Task 6c7cda97-a03f-4d09-8fe5-9c0b5ab08c2b state=PENDING elapsed=15s — waiting …
2026-06-03 16:42:39 | DEBUG    | Task 6c7cda97-a03f-4d09-8fe5-9c0b5ab08c2b state=PENDING elapsed=20s — waiting …
2026-06-03 16:42:44 | DEBUG    | Task 6c7cda97-a03f-4d09-8fe5-9c0b5ab08c2b state=PENDING elapsed=25s — waiting …
2026-06-03 16:42:49 | DEBUG    | Task 6c7cda97-a03f-4d09-8fe5-9c0b5ab08c2b state=PENDING elapsed=30s — waiting …
2026-06-03 16:42:54 | DEBUG    | Task 6c7cda97-a03f-4d09-8fe5-9c0b5ab08c2b state=PENDING elapsed=35s — waiting …
2026-06-03 16:42:59 | DEBUG    | Task 6c7cda97-a03f-4d09-8fe5-9c0b5ab08c2b state=PENDING elapsed=40s — waiting …
2026-06-03 16:43:04 | DEBUG    | Task 6c7cda97-a03f-4d09-8fe5-9c0b5ab08c2b state=PENDING elapsed=45s — waiting …
2026-06-03 16:43:09 | INFO     | Task 6c7cda97-a03f-4d09-8fe5-9c0b5ab08c2b FINISHED in 50s
2026-06-03 16:43:09 | INFO     | ✅ batch 36/131 (16 files) complete
2026-06-03 16:43:09 | INFO     | --- batch 37/131 (16 files) ---
2026-06-03 16:43:09 | DEBUG    |   Files: 2003-06.pdf, 2003-07.pdf, 2003-08.pdf, 2003-09.pdf, 2003-10.pdf, 2003-11.pdf, 2003-12.pdf, 2003-13.pdf, 2003-14.pdf, 2003-15.pdf, 2003-16.pdf, 2003-17.pdf, 2003-18.pdf, 2003-19.pdf, 2003-20.pdf, 2003-21.pdf
2026-06-03 16:43:12 | INFO     | Upload accepted → task_id=3f4c1f7c-87ca-458b-8b5a-9b3f78401982
2026-06-03 16:43:12 | DEBUG    | Task 3f4c1f7c-87ca-458b-8b5a-9b3f78401982 state=PENDING elapsed=0s — waiting …
2026-06-03 16:43:17 | DEBUG    | Task 3f4c1f7c-87ca-458b-8b5a-9b3f78401982 state=PENDING elapsed=5s — waiting …
2026-06-03 16:43:22 | DEBUG    | Task 3f4c1f7c-87ca-458b-8b5a-9b3f78401982 state=PENDING elapsed=10s — waiting …
2026-06-03 16:43:27 | DEBUG    | Task 3f4c1f7c-87ca-458b-8b5a-9b3f78401982 state=PENDING elapsed=15s — waiting …
2026-06-03 16:43:32 | DEBUG    | Task 3f4c1f7c-87ca-458b-8b5a-9b3f78401982 state=PENDING elapsed=20s — waiting …
2026-06-03 16:43:37 | DEBUG    | Task 3f4c1f7c-87ca-458b-8b5a-9b3f78401982 state=PENDING elapsed=25s — waiting …
2026-06-03 16:43:42 | DEBUG    | Task 3f4c1f7c-87ca-458b-8b5a-9b3f78401982 state=PENDING elapsed=30s — waiting …
2026-06-03 16:43:47 | INFO     | Task 3f4c1f7c-87ca-458b-8b5a-9b3f78401982 FINISHED in 35s
2026-06-03 16:43:47 | INFO     | ✅ batch 37/131 (16 files) complete
2026-06-03 16:43:47 | INFO     | --- batch 38/131 (16 files) ---
2026-06-03 16:43:47 | DEBUG    |   Files: 2003-22.pdf, 2003-23.pdf, 2003-24.pdf, 2003-25.pdf, 2003-26.pdf, 2003-27.pdf, 2003-28.pdf, 2003-29.pdf, 2003-30.pdf, 2003-31.pdf, 2003-32.pdf, 2003-33.pdf, 2003-34.pdf, 2003-35.pdf, 2003-36.pdf, 2003-37.pdf
2026-06-03 16:43:49 | INFO     | Upload accepted → task_id=f74422b3-1c74-4b02-8475-c7dab9b086d0
2026-06-03 16:43:49 | DEBUG    | Task f74422b3-1c74-4b02-8475-c7dab9b086d0 state=PENDING elapsed=0s — waiting …
2026-06-03 16:43:54 | DEBUG    | Task f74422b3-1c74-4b02-8475-c7dab9b086d0 state=PENDING elapsed=5s — waiting …
2026-06-03 16:43:59 | DEBUG    | Task f74422b3-1c74-4b02-8475-c7dab9b086d0 state=PENDING elapsed=10s — waiting …
2026-06-03 16:44:06 | DEBUG    | Task f74422b3-1c74-4b02-8475-c7dab9b086d0 state=PENDING elapsed=17s — waiting …
2026-06-03 16:44:11 | DEBUG    | Task f74422b3-1c74-4b02-8475-c7dab9b086d0 state=PENDING elapsed=22s — waiting …
2026-06-03 16:44:16 | DEBUG    | Task f74422b3-1c74-4b02-8475-c7dab9b086d0 state=PENDING elapsed=27s — waiting …
2026-06-03 16:44:21 | DEBUG    | Task f74422b3-1c74-4b02-8475-c7dab9b086d0 state=PENDING elapsed=32s — waiting …
2026-06-03 16:44:26 | DEBUG    | Task f74422b3-1c74-4b02-8475-c7dab9b086d0 state=PENDING elapsed=37s — waiting …
2026-06-03 16:44:33 | INFO     | Task f74422b3-1c74-4b02-8475-c7dab9b086d0 FINISHED in 44s
2026-06-03 16:44:33 | INFO     | ✅ batch 38/131 (16 files) complete
2026-06-03 16:44:33 | INFO     | --- batch 39/131 (16 files) ---
2026-06-03 16:44:33 | DEBUG    |   Files: 2003-38.pdf, 2003-39.pdf, 2003-40.pdf, 2003-41.pdf, 2003-42.pdf, 2003-43.pdf, 2003-44.pdf, 2003-45.pdf, 2003-46.pdf, 2003-47.pdf, 2003-48.pdf, 2003-49.pdf, 2003-50.pdf, 2003-51.pdf, 2003-52.pdf, 2003-53.pdf
2026-06-03 16:44:35 | INFO     | Upload accepted → task_id=bb93dba6-010f-4664-a285-9955c7f4042a
2026-06-03 16:44:35 | DEBUG    | Task bb93dba6-010f-4664-a285-9955c7f4042a state=PENDING elapsed=0s — waiting …
2026-06-03 16:44:40 | DEBUG    | Task bb93dba6-010f-4664-a285-9955c7f4042a state=PENDING elapsed=5s — waiting …
2026-06-03 16:44:45 | DEBUG    | Task bb93dba6-010f-4664-a285-9955c7f4042a state=PENDING elapsed=10s — waiting …
2026-06-03 16:44:50 | DEBUG    | Task bb93dba6-010f-4664-a285-9955c7f4042a state=PENDING elapsed=15s — waiting …
2026-06-03 16:44:55 | DEBUG    | Task bb93dba6-010f-4664-a285-9955c7f4042a state=PENDING elapsed=20s — waiting …
2026-06-03 16:45:01 | DEBUG    | Task bb93dba6-010f-4664-a285-9955c7f4042a state=PENDING elapsed=26s — waiting …
2026-06-03 16:45:06 | DEBUG    | Task bb93dba6-010f-4664-a285-9955c7f4042a state=PENDING elapsed=31s — waiting …
2026-06-03 16:45:11 | DEBUG    | Task bb93dba6-010f-4664-a285-9955c7f4042a state=PENDING elapsed=36s — waiting …
2026-06-03 16:45:16 | DEBUG    | Task bb93dba6-010f-4664-a285-9955c7f4042a state=PENDING elapsed=41s — waiting …
2026-06-03 16:45:21 | DEBUG    | Task bb93dba6-010f-4664-a285-9955c7f4042a state=PENDING elapsed=46s — waiting …
2026-06-03 16:45:27 | INFO     | Task bb93dba6-010f-4664-a285-9955c7f4042a FINISHED in 52s
2026-06-03 16:45:27 | INFO     | ✅ batch 39/131 (16 files) complete
2026-06-03 16:45:27 | INFO     | --- batch 40/131 (16 files) ---
2026-06-03 16:45:27 | DEBUG    |   Files: 2003-54.pdf, 2003-55.pdf, 2003-56.pdf, 2003-57.pdf, 2003-58.pdf, 2003-59.pdf, 2003-60.pdf, 2003-61.pdf, 2003-62.pdf, 2003-63.pdf, 2003-64.pdf, 2003-65.pdf, 2003-66.pdf, 2003-67.pdf, 2003-68.pdf, 2003-69.pdf
2026-06-03 16:45:29 | INFO     | Upload accepted → task_id=5d9f9c3e-4d11-41e5-9822-2be9ee4debce
2026-06-03 16:45:29 | DEBUG    | Task 5d9f9c3e-4d11-41e5-9822-2be9ee4debce state=PENDING elapsed=0s — waiting …
2026-06-03 16:45:34 | DEBUG    | Task 5d9f9c3e-4d11-41e5-9822-2be9ee4debce state=PENDING elapsed=5s — waiting …
2026-06-03 16:45:39 | DEBUG    | Task 5d9f9c3e-4d11-41e5-9822-2be9ee4debce state=PENDING elapsed=10s — waiting …
2026-06-03 16:45:44 | DEBUG    | Task 5d9f9c3e-4d11-41e5-9822-2be9ee4debce state=PENDING elapsed=15s — waiting …
2026-06-03 16:45:49 | DEBUG    | Task 5d9f9c3e-4d11-41e5-9822-2be9ee4debce state=PENDING elapsed=20s — waiting …
2026-06-03 16:45:54 | DEBUG    | Task 5d9f9c3e-4d11-41e5-9822-2be9ee4debce state=PENDING elapsed=25s — waiting …
2026-06-03 16:45:59 | DEBUG    | Task 5d9f9c3e-4d11-41e5-9822-2be9ee4debce state=PENDING elapsed=30s — waiting …
2026-06-03 16:46:04 | DEBUG    | Task 5d9f9c3e-4d11-41e5-9822-2be9ee4debce state=PENDING elapsed=35s — waiting …
2026-06-03 16:46:09 | DEBUG    | Task 5d9f9c3e-4d11-41e5-9822-2be9ee4debce state=PENDING elapsed=40s — waiting …
2026-06-03 16:46:14 | DEBUG    | Task 5d9f9c3e-4d11-41e5-9822-2be9ee4debce state=PENDING elapsed=45s — waiting …
2026-06-03 16:46:22 | INFO     | Task 5d9f9c3e-4d11-41e5-9822-2be9ee4debce FINISHED in 53s
2026-06-03 16:46:22 | INFO     | ✅ batch 40/131 (16 files) complete
2026-06-03 16:46:22 | INFO     | --- batch 41/131 (16 files) ---
2026-06-03 16:46:22 | DEBUG    |   Files: 2004-01.pdf, 2004-02.pdf, 2004-03.pdf, 2004-04.pdf, 2004-05.pdf, 2004-06.pdf, 2004-07.pdf, 2004-08.pdf, 2004-09.pdf, 2004-10.pdf, 2004-11.pdf, 2004-12.pdf, 2004-13.pdf, 2004-14.pdf, 2004-15.pdf, 2004-16.pdf
2026-06-03 16:46:25 | INFO     | Upload accepted → task_id=8b5bf4ea-0d1a-4bb0-8275-591f1c413501
2026-06-03 16:46:25 | DEBUG    | Task 8b5bf4ea-0d1a-4bb0-8275-591f1c413501 state=PENDING elapsed=0s — waiting …
2026-06-03 16:46:30 | DEBUG    | Task 8b5bf4ea-0d1a-4bb0-8275-591f1c413501 state=PENDING elapsed=5s — waiting …
2026-06-03 16:46:35 | DEBUG    | Task 8b5bf4ea-0d1a-4bb0-8275-591f1c413501 state=PENDING elapsed=10s — waiting …
2026-06-03 16:46:40 | DEBUG    | Task 8b5bf4ea-0d1a-4bb0-8275-591f1c413501 state=PENDING elapsed=15s — waiting …
2026-06-03 16:46:45 | DEBUG    | Task 8b5bf4ea-0d1a-4bb0-8275-591f1c413501 state=PENDING elapsed=20s — waiting …
2026-06-03 16:46:50 | DEBUG    | Task 8b5bf4ea-0d1a-4bb0-8275-591f1c413501 state=PENDING elapsed=25s — waiting …
2026-06-03 16:46:55 | DEBUG    | Task 8b5bf4ea-0d1a-4bb0-8275-591f1c413501 state=PENDING elapsed=30s — waiting …
2026-06-03 16:47:00 | DEBUG    | Task 8b5bf4ea-0d1a-4bb0-8275-591f1c413501 state=PENDING elapsed=35s — waiting …
2026-06-03 16:47:05 | DEBUG    | Task 8b5bf4ea-0d1a-4bb0-8275-591f1c413501 state=PENDING elapsed=40s — waiting …
2026-06-03 16:47:10 | INFO     | Task 8b5bf4ea-0d1a-4bb0-8275-591f1c413501 FINISHED in 45s
2026-06-03 16:47:10 | INFO     | ✅ batch 41/131 (16 files) complete
2026-06-03 16:47:10 | INFO     | --- batch 42/131 (16 files) ---
2026-06-03 16:47:10 | DEBUG    |   Files: 2004-17.pdf, 2004-18.pdf, 2004-19.pdf, 2004-20.pdf, 2004-21.pdf, 2004-22.pdf, 2004-23.pdf, 2004-24.pdf, 2004-25.pdf, 2004-26.pdf, 2004-27.pdf, 2004-28.pdf, 2004-29.pdf, 2004-30.pdf, 2004-31.pdf, 2004-32.pdf
2026-06-03 16:47:12 | INFO     | Upload accepted → task_id=bf7e7478-511f-4287-b2d4-d51aae295eb3
2026-06-03 16:47:12 | DEBUG    | Task bf7e7478-511f-4287-b2d4-d51aae295eb3 state=PENDING elapsed=0s — waiting …
2026-06-03 16:47:17 | DEBUG    | Task bf7e7478-511f-4287-b2d4-d51aae295eb3 state=PENDING elapsed=5s — waiting …
2026-06-03 16:47:22 | DEBUG    | Task bf7e7478-511f-4287-b2d4-d51aae295eb3 state=PENDING elapsed=10s — waiting …
2026-06-03 16:47:27 | DEBUG    | Task bf7e7478-511f-4287-b2d4-d51aae295eb3 state=PENDING elapsed=15s — waiting …
2026-06-03 16:47:32 | DEBUG    | Task bf7e7478-511f-4287-b2d4-d51aae295eb3 state=PENDING elapsed=20s — waiting …
2026-06-03 16:47:37 | DEBUG    | Task bf7e7478-511f-4287-b2d4-d51aae295eb3 state=PENDING elapsed=25s — waiting …
2026-06-03 16:47:42 | DEBUG    | Task bf7e7478-511f-4287-b2d4-d51aae295eb3 state=PENDING elapsed=30s — waiting …
2026-06-03 16:47:47 | INFO     | Task bf7e7478-511f-4287-b2d4-d51aae295eb3 FINISHED in 35s
2026-06-03 16:47:47 | INFO     | ✅ batch 42/131 (16 files) complete
2026-06-03 16:47:47 | INFO     | --- batch 43/131 (16 files) ---
2026-06-03 16:47:47 | DEBUG    |   Files: 2004-33.pdf, 2004-34.pdf, 2004-35.pdf, 2004-36.pdf, 2004-37.pdf, 2004-38.pdf, 2004-39.pdf, 2004-40.pdf, 2004-41.pdf, 2004-42.pdf, 2004-43.pdf, 2004-44.pdf, 2004-45.pdf, 2004-46.pdf, 2004-47.pdf, 2004-48.pdf
2026-06-03 16:47:50 | INFO     | Upload accepted → task_id=98a65da0-922b-4aca-ab6e-e10ba5307b13
2026-06-03 16:47:50 | DEBUG    | Task 98a65da0-922b-4aca-ab6e-e10ba5307b13 state=PENDING elapsed=0s — waiting …
2026-06-03 16:47:55 | DEBUG    | Task 98a65da0-922b-4aca-ab6e-e10ba5307b13 state=PENDING elapsed=5s — waiting …
2026-06-03 16:48:00 | DEBUG    | Task 98a65da0-922b-4aca-ab6e-e10ba5307b13 state=PENDING elapsed=10s — waiting …
2026-06-03 16:48:05 | DEBUG    | Task 98a65da0-922b-4aca-ab6e-e10ba5307b13 state=PENDING elapsed=15s — waiting …
2026-06-03 16:48:10 | DEBUG    | Task 98a65da0-922b-4aca-ab6e-e10ba5307b13 state=PENDING elapsed=20s — waiting …
2026-06-03 16:48:15 | DEBUG    | Task 98a65da0-922b-4aca-ab6e-e10ba5307b13 state=PENDING elapsed=25s — waiting …
2026-06-03 16:48:21 | INFO     | Task 98a65da0-922b-4aca-ab6e-e10ba5307b13 FINISHED in 31s
2026-06-03 16:48:21 | INFO     | ✅ batch 43/131 (16 files) complete
2026-06-03 16:48:21 | INFO     | --- batch 44/131 (16 files) ---
2026-06-03 16:48:21 | DEBUG    |   Files: 2004-49.pdf, 2004-50.pdf, 2004-51.pdf, 2004-52.pdf, 2004-53.pdf, 2004-54.pdf, 2004-55.pdf, 2004-56.pdf, 2004-57.pdf, 2004-58.pdf, 2004-59.pdf, 2004-60.pdf, 2004-61.pdf, 2004-62.pdf, 2004-63.pdf, 2004-64.pdf
2026-06-03 16:48:24 | INFO     | Upload accepted → task_id=cd554291-3282-4533-b39f-9a2276b677cb
2026-06-03 16:48:24 | DEBUG    | Task cd554291-3282-4533-b39f-9a2276b677cb state=PENDING elapsed=0s — waiting …
2026-06-03 16:48:29 | DEBUG    | Task cd554291-3282-4533-b39f-9a2276b677cb state=PENDING elapsed=5s — waiting …
2026-06-03 16:48:34 | DEBUG    | Task cd554291-3282-4533-b39f-9a2276b677cb state=PENDING elapsed=10s — waiting …
2026-06-03 16:48:39 | DEBUG    | Task cd554291-3282-4533-b39f-9a2276b677cb state=PENDING elapsed=15s — waiting …
2026-06-03 16:48:44 | DEBUG    | Task cd554291-3282-4533-b39f-9a2276b677cb state=PENDING elapsed=20s — waiting …
2026-06-03 16:48:49 | DEBUG    | Task cd554291-3282-4533-b39f-9a2276b677cb state=PENDING elapsed=25s — waiting …
2026-06-03 16:48:54 | DEBUG    | Task cd554291-3282-4533-b39f-9a2276b677cb state=PENDING elapsed=30s — waiting …
2026-06-03 16:48:59 | DEBUG    | Task cd554291-3282-4533-b39f-9a2276b677cb state=PENDING elapsed=35s — waiting …
2026-06-03 16:49:04 | INFO     | Task cd554291-3282-4533-b39f-9a2276b677cb FINISHED in 40s
2026-06-03 16:49:04 | INFO     | ✅ batch 44/131 (16 files) complete
2026-06-03 16:49:04 | INFO     | --- batch 45/131 (16 files) ---
2026-06-03 16:49:04 | DEBUG    |   Files: 2004-65.pdf, 2004-66.pdf, 2004-67.pdf, 2004-68.pdf, 2004-69.pdf, 2004-70.pdf, 2004-71.pdf, 2004-72.pdf, 2004-73.pdf, 2004-74.pdf, 2005-01.pdf, 2005-02.pdf, 2005-03.pdf, 2005-04.pdf, 2005-05.pdf, 2005-06.pdf
2026-06-03 16:49:06 | INFO     | Upload accepted → task_id=f00b09de-4165-448b-bb5a-2057742267cd
2026-06-03 16:49:06 | DEBUG    | Task f00b09de-4165-448b-bb5a-2057742267cd state=PENDING elapsed=0s — waiting …
2026-06-03 16:49:11 | DEBUG    | Task f00b09de-4165-448b-bb5a-2057742267cd state=PENDING elapsed=5s — waiting …
2026-06-03 16:49:16 | DEBUG    | Task f00b09de-4165-448b-bb5a-2057742267cd state=PENDING elapsed=10s — waiting …
2026-06-03 16:49:21 | DEBUG    | Task f00b09de-4165-448b-bb5a-2057742267cd state=PENDING elapsed=15s — waiting …
2026-06-03 16:49:26 | DEBUG    | Task f00b09de-4165-448b-bb5a-2057742267cd state=PENDING elapsed=20s — waiting …
2026-06-03 16:49:31 | DEBUG    | Task f00b09de-4165-448b-bb5a-2057742267cd state=PENDING elapsed=25s — waiting …
2026-06-03 16:49:36 | DEBUG    | Task f00b09de-4165-448b-bb5a-2057742267cd state=PENDING elapsed=30s — waiting …
2026-06-03 16:49:41 | DEBUG    | Task f00b09de-4165-448b-bb5a-2057742267cd state=PENDING elapsed=35s — waiting …
2026-06-03 16:49:46 | DEBUG    | Task f00b09de-4165-448b-bb5a-2057742267cd state=PENDING elapsed=40s — waiting …
2026-06-03 16:49:51 | DEBUG    | Task f00b09de-4165-448b-bb5a-2057742267cd state=PENDING elapsed=45s — waiting …
2026-06-03 16:49:56 | INFO     | Task f00b09de-4165-448b-bb5a-2057742267cd FINISHED in 50s
2026-06-03 16:49:56 | INFO     | ✅ batch 45/131 (16 files) complete
2026-06-03 16:49:56 | INFO     | --- batch 46/131 (16 files) ---
2026-06-03 16:49:56 | DEBUG    |   Files: 2005-07.pdf, 2005-08.pdf, 2005-09.pdf, 2005-10.pdf, 2005-11.pdf, 2005-12.pdf, 2005-13.pdf, 2005-14.pdf, 2005-15.pdf, 2005-16.pdf, 2005-17.pdf, 2005-18.pdf, 2005-19.pdf, 2005-20.pdf, 2005-21.pdf, 2005-22.pdf
2026-06-03 16:49:59 | INFO     | Upload accepted → task_id=2d10090a-489c-49bb-b4d3-700a748ca06d
2026-06-03 16:49:59 | DEBUG    | Task 2d10090a-489c-49bb-b4d3-700a748ca06d state=PENDING elapsed=0s — waiting …
2026-06-03 16:50:04 | DEBUG    | Task 2d10090a-489c-49bb-b4d3-700a748ca06d state=PENDING elapsed=5s — waiting …
2026-06-03 16:50:09 | DEBUG    | Task 2d10090a-489c-49bb-b4d3-700a748ca06d state=PENDING elapsed=10s — waiting …
2026-06-03 16:50:14 | DEBUG    | Task 2d10090a-489c-49bb-b4d3-700a748ca06d state=PENDING elapsed=15s — waiting …
2026-06-03 16:50:19 | DEBUG    | Task 2d10090a-489c-49bb-b4d3-700a748ca06d state=PENDING elapsed=20s — waiting …
2026-06-03 16:50:25 | DEBUG    | Task 2d10090a-489c-49bb-b4d3-700a748ca06d state=PENDING elapsed=26s — waiting …
2026-06-03 16:50:30 | DEBUG    | Task 2d10090a-489c-49bb-b4d3-700a748ca06d state=PENDING elapsed=31s — waiting …
2026-06-03 16:50:35 | DEBUG    | Task 2d10090a-489c-49bb-b4d3-700a748ca06d state=PENDING elapsed=36s — waiting …
2026-06-03 16:50:40 | DEBUG    | Task 2d10090a-489c-49bb-b4d3-700a748ca06d state=PENDING elapsed=41s — waiting …
2026-06-03 16:50:45 | INFO     | Task 2d10090a-489c-49bb-b4d3-700a748ca06d FINISHED in 46s
2026-06-03 16:50:45 | INFO     | ✅ batch 46/131 (16 files) complete
2026-06-03 16:50:45 | INFO     | --- batch 47/131 (16 files) ---
2026-06-03 16:50:45 | DEBUG    |   Files: 2005-23.pdf, 2005-24.pdf, 2005-25.pdf, 2005-26.pdf, 2005-27.pdf, 2005-28.pdf, 2005-29.pdf, 2005-30.pdf, 2005-31.pdf, 2005-32.pdf, 2005-33.pdf, 2005-34.pdf, 2005-35.pdf, 2005-36.pdf, 2005-37.pdf, 2005-38.pdf
2026-06-03 16:50:48 | INFO     | Upload accepted → task_id=371e88d2-e92f-4ca0-b1ae-9a48e46e0e84
2026-06-03 16:50:48 | DEBUG    | Task 371e88d2-e92f-4ca0-b1ae-9a48e46e0e84 state=PENDING elapsed=0s — waiting …
2026-06-03 16:50:53 | DEBUG    | Task 371e88d2-e92f-4ca0-b1ae-9a48e46e0e84 state=PENDING elapsed=5s — waiting …
2026-06-03 16:50:58 | DEBUG    | Task 371e88d2-e92f-4ca0-b1ae-9a48e46e0e84 state=PENDING elapsed=10s — waiting …
2026-06-03 16:51:03 | DEBUG    | Task 371e88d2-e92f-4ca0-b1ae-9a48e46e0e84 state=PENDING elapsed=15s — waiting …
2026-06-03 16:51:08 | DEBUG    | Task 371e88d2-e92f-4ca0-b1ae-9a48e46e0e84 state=PENDING elapsed=20s — waiting …
2026-06-03 16:51:13 | DEBUG    | Task 371e88d2-e92f-4ca0-b1ae-9a48e46e0e84 state=PENDING elapsed=25s — waiting …
2026-06-03 16:51:18 | DEBUG    | Task 371e88d2-e92f-4ca0-b1ae-9a48e46e0e84 state=PENDING elapsed=30s — waiting …
2026-06-03 16:51:23 | DEBUG    | Task 371e88d2-e92f-4ca0-b1ae-9a48e46e0e84 state=PENDING elapsed=35s — waiting …
2026-06-03 16:51:28 | DEBUG    | Task 371e88d2-e92f-4ca0-b1ae-9a48e46e0e84 state=PENDING elapsed=40s — waiting …
2026-06-03 16:51:35 | INFO     | Task 371e88d2-e92f-4ca0-b1ae-9a48e46e0e84 FINISHED in 48s
2026-06-03 16:51:35 | INFO     | ✅ batch 47/131 (16 files) complete
2026-06-03 16:51:35 | INFO     | --- batch 48/131 (16 files) ---
2026-06-03 16:51:35 | DEBUG    |   Files: 2005-39.pdf, 2005-40.pdf, 2005-41.pdf, 2005-42.pdf, 2005-43.pdf, 2005-44.pdf, 2005-45.pdf, 2005-46.pdf, 2005-47.pdf, 2005-48.pdf, 2005-49.pdf, 2005-50.pdf, 2005-51.pdf, 2005-52.pdf, 2005-53.pdf, 2005-54.pdf
2026-06-03 16:51:37 | INFO     | Upload accepted → task_id=b2a32e72-2956-4dff-9ac6-f3dbdbee82e2
2026-06-03 16:51:37 | DEBUG    | Task b2a32e72-2956-4dff-9ac6-f3dbdbee82e2 state=PENDING elapsed=0s — waiting …
2026-06-03 16:51:42 | DEBUG    | Task b2a32e72-2956-4dff-9ac6-f3dbdbee82e2 state=PENDING elapsed=5s — waiting …
2026-06-03 16:51:47 | DEBUG    | Task b2a32e72-2956-4dff-9ac6-f3dbdbee82e2 state=PENDING elapsed=10s — waiting …
2026-06-03 16:51:52 | DEBUG    | Task b2a32e72-2956-4dff-9ac6-f3dbdbee82e2 state=PENDING elapsed=15s — waiting …
2026-06-03 16:51:57 | DEBUG    | Task b2a32e72-2956-4dff-9ac6-f3dbdbee82e2 state=PENDING elapsed=20s — waiting …
2026-06-03 16:52:02 | DEBUG    | Task b2a32e72-2956-4dff-9ac6-f3dbdbee82e2 state=PENDING elapsed=25s — waiting …
2026-06-03 16:52:07 | DEBUG    | Task b2a32e72-2956-4dff-9ac6-f3dbdbee82e2 state=PENDING elapsed=30s — waiting …
2026-06-03 16:52:12 | DEBUG    | Task b2a32e72-2956-4dff-9ac6-f3dbdbee82e2 state=PENDING elapsed=35s — waiting …
2026-06-03 16:52:17 | DEBUG    | Task b2a32e72-2956-4dff-9ac6-f3dbdbee82e2 state=PENDING elapsed=40s — waiting …
2026-06-03 16:52:22 | INFO     | Task b2a32e72-2956-4dff-9ac6-f3dbdbee82e2 FINISHED in 45s
2026-06-03 16:52:22 | INFO     | ✅ batch 48/131 (16 files) complete
2026-06-03 16:52:22 | INFO     | --- batch 49/131 (16 files) ---
2026-06-03 16:52:22 | DEBUG    |   Files: 2005-55.pdf, 2005-56.pdf, 2005-57.pdf, 2005-58.pdf, 2005-59.pdf, 2005-60.pdf, 2005-61.pdf, 2005-62.pdf, 2005-63.pdf, 2005-64.pdf, 2005-65.pdf, 2005-66.pdf, 2005-67.pdf, 2005-68.pdf, 2006-01.pdf, 2006-02.pdf
2026-06-03 16:52:24 | INFO     | Upload accepted → task_id=a0508469-dcba-40ad-b241-c0aed052c6f9
2026-06-03 16:52:24 | DEBUG    | Task a0508469-dcba-40ad-b241-c0aed052c6f9 state=PENDING elapsed=0s — waiting …
2026-06-03 16:52:29 | DEBUG    | Task a0508469-dcba-40ad-b241-c0aed052c6f9 state=PENDING elapsed=5s — waiting …
2026-06-03 16:52:34 | DEBUG    | Task a0508469-dcba-40ad-b241-c0aed052c6f9 state=PENDING elapsed=10s — waiting …
2026-06-03 16:52:39 | DEBUG    | Task a0508469-dcba-40ad-b241-c0aed052c6f9 state=PENDING elapsed=15s — waiting …
2026-06-03 16:52:44 | DEBUG    | Task a0508469-dcba-40ad-b241-c0aed052c6f9 state=PENDING elapsed=20s — waiting …
2026-06-03 16:52:49 | DEBUG    | Task a0508469-dcba-40ad-b241-c0aed052c6f9 state=PENDING elapsed=25s — waiting …
2026-06-03 16:52:54 | DEBUG    | Task a0508469-dcba-40ad-b241-c0aed052c6f9 state=PENDING elapsed=30s — waiting …
2026-06-03 16:52:59 | DEBUG    | Task a0508469-dcba-40ad-b241-c0aed052c6f9 state=PENDING elapsed=35s — waiting …
2026-06-03 16:53:04 | DEBUG    | Task a0508469-dcba-40ad-b241-c0aed052c6f9 state=PENDING elapsed=40s — waiting …
2026-06-03 16:53:09 | DEBUG    | Task a0508469-dcba-40ad-b241-c0aed052c6f9 state=PENDING elapsed=45s — waiting …
2026-06-03 16:53:14 | DEBUG    | Task a0508469-dcba-40ad-b241-c0aed052c6f9 state=PENDING elapsed=50s — waiting …
2026-06-03 16:53:20 | INFO     | Task a0508469-dcba-40ad-b241-c0aed052c6f9 FINISHED in 55s
2026-06-03 16:53:20 | INFO     | ✅ batch 49/131 (16 files) complete
2026-06-03 16:53:20 | INFO     | --- batch 50/131 (16 files) ---
2026-06-03 16:53:20 | DEBUG    |   Files: 2006-03.pdf, 2006-04.pdf, 2006-05.pdf, 2006-06.pdf, 2006-07.pdf, 2006-08.pdf, 2006-09.pdf, 2006-10.pdf, 2006-11.pdf, 2006-12.pdf, 2006-13.pdf, 2006-14.pdf, 2006-15.pdf, 2006-16.pdf, 2006-17.pdf, 2006-18.pdf
2026-06-03 16:53:22 | INFO     | Upload accepted → task_id=3b9531b8-87ab-4c34-b94e-2599427cfeaa
2026-06-03 16:53:22 | DEBUG    | Task 3b9531b8-87ab-4c34-b94e-2599427cfeaa state=PENDING elapsed=0s — waiting …
2026-06-03 16:53:27 | DEBUG    | Task 3b9531b8-87ab-4c34-b94e-2599427cfeaa state=PENDING elapsed=5s — waiting …
2026-06-03 16:53:32 | DEBUG    | Task 3b9531b8-87ab-4c34-b94e-2599427cfeaa state=PENDING elapsed=10s — waiting …
2026-06-03 16:53:37 | DEBUG    | Task 3b9531b8-87ab-4c34-b94e-2599427cfeaa state=PENDING elapsed=15s — waiting …
2026-06-03 16:53:42 | DEBUG    | Task 3b9531b8-87ab-4c34-b94e-2599427cfeaa state=PENDING elapsed=20s — waiting …
2026-06-03 16:53:47 | DEBUG    | Task 3b9531b8-87ab-4c34-b94e-2599427cfeaa state=PENDING elapsed=25s — waiting …
2026-06-03 16:53:52 | DEBUG    | Task 3b9531b8-87ab-4c34-b94e-2599427cfeaa state=PENDING elapsed=30s — waiting …
2026-06-03 16:53:59 | INFO     | Task 3b9531b8-87ab-4c34-b94e-2599427cfeaa FINISHED in 37s
2026-06-03 16:53:59 | INFO     | ✅ batch 50/131 (16 files) complete
2026-06-03 16:53:59 | INFO     | --- batch 51/131 (16 files) ---
2026-06-03 16:53:59 | DEBUG    |   Files: 2006-19.pdf, 2006-20.pdf, 2006-21.pdf, 2006-22.pdf, 2006-23.pdf, 2006-24.pdf, 2006-25.pdf, 2006-26.pdf, 2006-27.pdf, 2006-28.pdf, 2006-29.pdf, 2006-30.pdf, 2006-31.pdf, 2006-32.pdf, 2006-33.pdf, 2006-34.pdf
2026-06-03 16:54:04 | INFO     | Upload accepted → task_id=66676e7b-8ac6-465e-918a-99877dbd23bf
2026-06-03 16:54:04 | DEBUG    | Task 66676e7b-8ac6-465e-918a-99877dbd23bf state=PENDING elapsed=0s — waiting …
2026-06-03 16:54:10 | DEBUG    | Task 66676e7b-8ac6-465e-918a-99877dbd23bf state=PENDING elapsed=6s — waiting …
2026-06-03 16:54:15 | DEBUG    | Task 66676e7b-8ac6-465e-918a-99877dbd23bf state=PENDING elapsed=11s — waiting …
2026-06-03 16:54:20 | DEBUG    | Task 66676e7b-8ac6-465e-918a-99877dbd23bf state=PENDING elapsed=16s — waiting …
2026-06-03 16:54:25 | DEBUG    | Task 66676e7b-8ac6-465e-918a-99877dbd23bf state=PENDING elapsed=21s — waiting …
2026-06-03 16:54:30 | DEBUG    | Task 66676e7b-8ac6-465e-918a-99877dbd23bf state=PENDING elapsed=26s — waiting …
2026-06-03 16:54:35 | DEBUG    | Task 66676e7b-8ac6-465e-918a-99877dbd23bf state=PENDING elapsed=31s — waiting …
2026-06-03 16:54:42 | INFO     | Task 66676e7b-8ac6-465e-918a-99877dbd23bf FINISHED in 38s
2026-06-03 16:54:42 | INFO     | ✅ batch 51/131 (16 files) complete
2026-06-03 16:54:42 | INFO     | --- batch 52/131 (16 files) ---
2026-06-03 16:54:42 | DEBUG    |   Files: 2006-35.pdf, 2006-36.pdf, 2006-37.pdf, 2006-38.pdf, 2006-39.pdf, 2006-40.pdf, 2006-41.pdf, 2006-42.pdf, 2006-43.pdf, 2006-44.pdf, 2006-45.pdf, 2006-46.pdf, 2006-47.pdf, 2006-48.pdf, 2006-49.pdf, 2006-50.pdf
2026-06-03 16:54:45 | INFO     | Upload accepted → task_id=45a354b1-246d-437d-806d-90dea4a5ed46
2026-06-03 16:54:45 | DEBUG    | Task 45a354b1-246d-437d-806d-90dea4a5ed46 state=PENDING elapsed=0s — waiting …
2026-06-03 16:54:50 | DEBUG    | Task 45a354b1-246d-437d-806d-90dea4a5ed46 state=PENDING elapsed=5s — waiting …
2026-06-03 16:54:55 | DEBUG    | Task 45a354b1-246d-437d-806d-90dea4a5ed46 state=PENDING elapsed=10s — waiting …
2026-06-03 16:55:00 | DEBUG    | Task 45a354b1-246d-437d-806d-90dea4a5ed46 state=PENDING elapsed=15s — waiting …
2026-06-03 16:55:05 | DEBUG    | Task 45a354b1-246d-437d-806d-90dea4a5ed46 state=PENDING elapsed=20s — waiting …
2026-06-03 16:55:10 | DEBUG    | Task 45a354b1-246d-437d-806d-90dea4a5ed46 state=PENDING elapsed=25s — waiting …
2026-06-03 16:55:15 | DEBUG    | Task 45a354b1-246d-437d-806d-90dea4a5ed46 state=PENDING elapsed=30s — waiting …
2026-06-03 16:55:20 | DEBUG    | Task 45a354b1-246d-437d-806d-90dea4a5ed46 state=PENDING elapsed=35s — waiting …
2026-06-03 16:55:25 | DEBUG    | Task 45a354b1-246d-437d-806d-90dea4a5ed46 state=PENDING elapsed=40s — waiting …
2026-06-03 16:55:33 | INFO     | Task 45a354b1-246d-437d-806d-90dea4a5ed46 FINISHED in 48s
2026-06-03 16:55:33 | INFO     | ✅ batch 52/131 (16 files) complete
2026-06-03 16:55:33 | INFO     | --- batch 53/131 (16 files) ---
2026-06-03 16:55:33 | DEBUG    |   Files: 2006-51.pdf, 2006-52.pdf, 2006-53.pdf, 2006-54.pdf, 2006-55.pdf, 2006-56.pdf, 2006-57.pdf, 2006-58.pdf, 2006-59.pdf, 2006-60.pdf, 2006-61.pdf, 2006-62.pdf, 2007-01.pdf, 2007-02.pdf, 2007-03.pdf, 2007-04.pdf
2026-06-03 16:55:37 | INFO     | Upload accepted → task_id=a20183e7-eabc-48f5-9e82-d9c989be6839
2026-06-03 16:55:37 | DEBUG    | Task a20183e7-eabc-48f5-9e82-d9c989be6839 state=PENDING elapsed=0s — waiting …
2026-06-03 16:55:42 | DEBUG    | Task a20183e7-eabc-48f5-9e82-d9c989be6839 state=PENDING elapsed=5s — waiting …
2026-06-03 16:55:47 | DEBUG    | Task a20183e7-eabc-48f5-9e82-d9c989be6839 state=PENDING elapsed=10s — waiting …
2026-06-03 16:55:52 | DEBUG    | Task a20183e7-eabc-48f5-9e82-d9c989be6839 state=PENDING elapsed=15s — waiting …
2026-06-03 16:55:57 | DEBUG    | Task a20183e7-eabc-48f5-9e82-d9c989be6839 state=PENDING elapsed=20s — waiting …
2026-06-03 16:56:02 | DEBUG    | Task a20183e7-eabc-48f5-9e82-d9c989be6839 state=PENDING elapsed=25s — waiting …
2026-06-03 16:56:07 | DEBUG    | Task a20183e7-eabc-48f5-9e82-d9c989be6839 state=PENDING elapsed=30s — waiting …
2026-06-03 16:56:12 | DEBUG    | Task a20183e7-eabc-48f5-9e82-d9c989be6839 state=PENDING elapsed=35s — waiting …
2026-06-03 16:56:17 | DEBUG    | Task a20183e7-eabc-48f5-9e82-d9c989be6839 state=PENDING elapsed=40s — waiting …
2026-06-03 16:56:22 | DEBUG    | Task a20183e7-eabc-48f5-9e82-d9c989be6839 state=PENDING elapsed=45s — waiting …
2026-06-03 16:56:27 | DEBUG    | Task a20183e7-eabc-48f5-9e82-d9c989be6839 state=PENDING elapsed=50s — waiting …
2026-06-03 16:56:32 | DEBUG    | Task a20183e7-eabc-48f5-9e82-d9c989be6839 state=PENDING elapsed=55s — waiting …
2026-06-03 16:56:37 | DEBUG    | Task a20183e7-eabc-48f5-9e82-d9c989be6839 state=PENDING elapsed=60s — waiting …
2026-06-03 16:56:42 | INFO     | Task a20183e7-eabc-48f5-9e82-d9c989be6839 FINISHED in 65s
2026-06-03 16:56:42 | INFO     | ✅ batch 53/131 (16 files) complete
2026-06-03 16:56:42 | INFO     | --- batch 54/131 (16 files) ---
2026-06-03 16:56:42 | DEBUG    |   Files: 2007-05.pdf, 2007-06.pdf, 2007-07.pdf, 2007-08.pdf, 2007-09.pdf, 2007-10.pdf, 2007-11.pdf, 2007-12.pdf, 2007-13.pdf, 2007-14.pdf, 2007-15.pdf, 2007-16.pdf, 2007-17.pdf, 2007-18.pdf, 2007-19.pdf, 2007-20.pdf
2026-06-03 16:56:45 | INFO     | Upload accepted → task_id=3c347108-5a4d-4c52-a0e8-7e04e5e3f1d3
2026-06-03 16:56:45 | DEBUG    | Task 3c347108-5a4d-4c52-a0e8-7e04e5e3f1d3 state=PENDING elapsed=0s — waiting …
2026-06-03 16:56:50 | DEBUG    | Task 3c347108-5a4d-4c52-a0e8-7e04e5e3f1d3 state=PENDING elapsed=5s — waiting …
2026-06-03 16:56:55 | DEBUG    | Task 3c347108-5a4d-4c52-a0e8-7e04e5e3f1d3 state=PENDING elapsed=10s — waiting …
2026-06-03 16:57:00 | DEBUG    | Task 3c347108-5a4d-4c52-a0e8-7e04e5e3f1d3 state=PENDING elapsed=15s — waiting …
2026-06-03 16:57:05 | DEBUG    | Task 3c347108-5a4d-4c52-a0e8-7e04e5e3f1d3 state=PENDING elapsed=20s — waiting …
2026-06-03 16:57:10 | DEBUG    | Task 3c347108-5a4d-4c52-a0e8-7e04e5e3f1d3 state=PENDING elapsed=25s — waiting …
2026-06-03 16:57:15 | DEBUG    | Task 3c347108-5a4d-4c52-a0e8-7e04e5e3f1d3 state=PENDING elapsed=30s — waiting …
2026-06-03 16:57:20 | DEBUG    | Task 3c347108-5a4d-4c52-a0e8-7e04e5e3f1d3 state=PENDING elapsed=35s — waiting …
2026-06-03 16:57:28 | INFO     | Task 3c347108-5a4d-4c52-a0e8-7e04e5e3f1d3 FINISHED in 43s
2026-06-03 16:57:28 | INFO     | ✅ batch 54/131 (16 files) complete
2026-06-03 16:57:28 | INFO     | --- batch 55/131 (16 files) ---
2026-06-03 16:57:28 | DEBUG    |   Files: 2007-21.pdf, 2007-22.pdf, 2007-23.pdf, 2007-24.pdf, 2007-25.pdf, 2007-26.pdf, 2007-27.pdf, 2007-28.pdf, 2007-29.pdf, 2007-30.pdf, 2007-31.pdf, 2007-32.pdf, 2007-33.pdf, 2007-34.pdf, 2007-35.pdf, 2007-36.pdf
2026-06-03 16:57:33 | INFO     | Upload accepted → task_id=3d81f817-2da1-48b7-b5f5-098fc903f936
2026-06-03 16:57:33 | DEBUG    | Task 3d81f817-2da1-48b7-b5f5-098fc903f936 state=PENDING elapsed=0s — waiting …
2026-06-03 16:57:38 | DEBUG    | Task 3d81f817-2da1-48b7-b5f5-098fc903f936 state=PENDING elapsed=5s — waiting …
2026-06-03 16:57:43 | DEBUG    | Task 3d81f817-2da1-48b7-b5f5-098fc903f936 state=PENDING elapsed=10s — waiting …
2026-06-03 16:57:48 | DEBUG    | Task 3d81f817-2da1-48b7-b5f5-098fc903f936 state=PENDING elapsed=15s — waiting …
2026-06-03 16:57:53 | DEBUG    | Task 3d81f817-2da1-48b7-b5f5-098fc903f936 state=PENDING elapsed=20s — waiting …
2026-06-03 16:57:58 | DEBUG    | Task 3d81f817-2da1-48b7-b5f5-098fc903f936 state=PENDING elapsed=25s — waiting …
2026-06-03 16:58:03 | DEBUG    | Task 3d81f817-2da1-48b7-b5f5-098fc903f936 state=PENDING elapsed=30s — waiting …
2026-06-03 16:58:08 | DEBUG    | Task 3d81f817-2da1-48b7-b5f5-098fc903f936 state=PENDING elapsed=35s — waiting …
2026-06-03 16:58:13 | DEBUG    | Task 3d81f817-2da1-48b7-b5f5-098fc903f936 state=PENDING elapsed=40s — waiting …
2026-06-03 16:58:18 | DEBUG    | Task 3d81f817-2da1-48b7-b5f5-098fc903f936 state=PENDING elapsed=45s — waiting …
2026-06-03 16:58:23 | DEBUG    | Task 3d81f817-2da1-48b7-b5f5-098fc903f936 state=PENDING elapsed=50s — waiting …
2026-06-03 16:58:29 | INFO     | Task 3d81f817-2da1-48b7-b5f5-098fc903f936 FINISHED in 57s
2026-06-03 16:58:29 | INFO     | ✅ batch 55/131 (16 files) complete
2026-06-03 16:58:29 | INFO     | --- batch 56/131 (16 files) ---
2026-06-03 16:58:29 | DEBUG    |   Files: 2007-37.pdf, 2007-38.pdf, 2007-39.pdf, 2007-40.pdf, 2007-41.pdf, 2007-42.pdf, 2007-43.pdf, 2007-44.pdf, 2007-45.pdf, 2007-46.pdf, 2007-47.pdf, 2007-48.pdf, 2007-49.pdf, 2007-50.pdf, 2007-51.pdf, 2007-52.pdf
2026-06-03 16:58:32 | INFO     | Upload accepted → task_id=dbef8964-13f2-473d-91ff-7878f3e92fb7
2026-06-03 16:58:32 | DEBUG    | Task dbef8964-13f2-473d-91ff-7878f3e92fb7 state=PENDING elapsed=0s — waiting …
2026-06-03 16:58:37 | DEBUG    | Task dbef8964-13f2-473d-91ff-7878f3e92fb7 state=PENDING elapsed=5s — waiting …
2026-06-03 16:58:44 | DEBUG    | Task dbef8964-13f2-473d-91ff-7878f3e92fb7 state=PENDING elapsed=12s — waiting …
2026-06-03 16:58:49 | DEBUG    | Task dbef8964-13f2-473d-91ff-7878f3e92fb7 state=PENDING elapsed=17s — waiting …
2026-06-03 16:58:54 | DEBUG    | Task dbef8964-13f2-473d-91ff-7878f3e92fb7 state=PENDING elapsed=22s — waiting …
2026-06-03 16:58:59 | DEBUG    | Task dbef8964-13f2-473d-91ff-7878f3e92fb7 state=PENDING elapsed=27s — waiting …
2026-06-03 16:59:04 | DEBUG    | Task dbef8964-13f2-473d-91ff-7878f3e92fb7 state=PENDING elapsed=32s — waiting …
2026-06-03 16:59:09 | DEBUG    | Task dbef8964-13f2-473d-91ff-7878f3e92fb7 state=PENDING elapsed=37s — waiting …
2026-06-03 16:59:14 | INFO     | Task dbef8964-13f2-473d-91ff-7878f3e92fb7 FINISHED in 42s
2026-06-03 16:59:14 | INFO     | ✅ batch 56/131 (16 files) complete
2026-06-03 16:59:14 | INFO     | --- batch 57/131 (16 files) ---
2026-06-03 16:59:14 | DEBUG    |   Files: 2007-53.pdf, 2007-54.pdf, 2007-55.pdf, 2007-56.pdf, 2007-57.pdf, 2007-58.pdf, 2007-59.pdf, 2007-60.pdf, 2007-61.pdf, 2007-62.pdf, 2007-63.pdf, 2007-64.pdf, 2007-65.pdf, 2007-66.pdf, 2007-67.pdf, 2007-68.pdf
2026-06-03 16:59:18 | INFO     | Upload accepted → task_id=b766d5fd-f14a-4b25-83ed-7bbfbe1973b8
2026-06-03 16:59:18 | DEBUG    | Task b766d5fd-f14a-4b25-83ed-7bbfbe1973b8 state=PENDING elapsed=0s — waiting …
2026-06-03 16:59:23 | DEBUG    | Task b766d5fd-f14a-4b25-83ed-7bbfbe1973b8 state=PENDING elapsed=5s — waiting …
2026-06-03 16:59:28 | DEBUG    | Task b766d5fd-f14a-4b25-83ed-7bbfbe1973b8 state=PENDING elapsed=10s — waiting …
2026-06-03 16:59:33 | DEBUG    | Task b766d5fd-f14a-4b25-83ed-7bbfbe1973b8 state=PENDING elapsed=15s — waiting …
2026-06-03 16:59:38 | DEBUG    | Task b766d5fd-f14a-4b25-83ed-7bbfbe1973b8 state=PENDING elapsed=20s — waiting …
2026-06-03 16:59:43 | DEBUG    | Task b766d5fd-f14a-4b25-83ed-7bbfbe1973b8 state=PENDING elapsed=25s — waiting …
2026-06-03 16:59:48 | DEBUG    | Task b766d5fd-f14a-4b25-83ed-7bbfbe1973b8 state=PENDING elapsed=30s — waiting …
2026-06-03 16:59:53 | DEBUG    | Task b766d5fd-f14a-4b25-83ed-7bbfbe1973b8 state=PENDING elapsed=35s — waiting …
2026-06-03 17:00:00 | INFO     | Task b766d5fd-f14a-4b25-83ed-7bbfbe1973b8 FINISHED in 42s
2026-06-03 17:00:00 | INFO     | ✅ batch 57/131 (16 files) complete
2026-06-03 17:00:00 | INFO     | --- batch 58/131 (16 files) ---
2026-06-03 17:00:00 | DEBUG    |   Files: 2007-69.pdf, 2007-70.pdf, 2007-71.pdf, 2007-72.pdf, 2008-01.pdf, 2008-02.pdf, 2008-03.pdf, 2008-04.pdf, 2008-05.pdf, 2008-06.pdf, 2008-07.pdf, 2008-08.pdf, 2008-09.pdf, 2008-10.pdf, 2008-11.pdf, 2008-12.pdf
2026-06-03 17:00:04 | INFO     | Upload accepted → task_id=5f5d0336-b896-48af-9755-caad78d9008d
2026-06-03 17:00:04 | DEBUG    | Task 5f5d0336-b896-48af-9755-caad78d9008d state=PENDING elapsed=0s — waiting …
2026-06-03 17:00:09 | DEBUG    | Task 5f5d0336-b896-48af-9755-caad78d9008d state=PENDING elapsed=5s — waiting …
2026-06-03 17:00:14 | DEBUG    | Task 5f5d0336-b896-48af-9755-caad78d9008d state=PENDING elapsed=10s — waiting …
2026-06-03 17:00:19 | DEBUG    | Task 5f5d0336-b896-48af-9755-caad78d9008d state=PENDING elapsed=15s — waiting …
2026-06-03 17:00:25 | DEBUG    | Task 5f5d0336-b896-48af-9755-caad78d9008d state=PENDING elapsed=21s — waiting …
2026-06-03 17:00:30 | DEBUG    | Task 5f5d0336-b896-48af-9755-caad78d9008d state=PENDING elapsed=26s — waiting …
2026-06-03 17:00:35 | DEBUG    | Task 5f5d0336-b896-48af-9755-caad78d9008d state=PENDING elapsed=31s — waiting …
2026-06-03 17:00:40 | DEBUG    | Task 5f5d0336-b896-48af-9755-caad78d9008d state=PENDING elapsed=36s — waiting …
2026-06-03 17:00:45 | DEBUG    | Task 5f5d0336-b896-48af-9755-caad78d9008d state=PENDING elapsed=41s — waiting …
2026-06-03 17:00:50 | DEBUG    | Task 5f5d0336-b896-48af-9755-caad78d9008d state=PENDING elapsed=46s — waiting …
2026-06-03 17:00:55 | DEBUG    | Task 5f5d0336-b896-48af-9755-caad78d9008d state=PENDING elapsed=51s — waiting …
2026-06-03 17:01:00 | DEBUG    | Task 5f5d0336-b896-48af-9755-caad78d9008d state=PENDING elapsed=56s — waiting …
2026-06-03 17:01:05 | DEBUG    | Task 5f5d0336-b896-48af-9755-caad78d9008d state=PENDING elapsed=61s — waiting …
2026-06-03 17:01:11 | INFO     | Task 5f5d0336-b896-48af-9755-caad78d9008d FINISHED in 66s
2026-06-03 17:01:11 | INFO     | ✅ batch 58/131 (16 files) complete
2026-06-03 17:01:11 | INFO     | --- batch 59/131 (16 files) ---
2026-06-03 17:01:11 | DEBUG    |   Files: 2008-13.pdf, 2008-14.pdf, 2008-15.pdf, 2008-16.pdf, 2008-17.pdf, 2008-18.pdf, 2008-19.pdf, 2008-20.pdf, 2008-21.pdf, 2008-22.pdf, 2008-23.pdf, 2008-24.pdf, 2008-25.pdf, 2008-26.pdf, 2008-27.pdf, 2008-28.pdf
2026-06-03 17:01:13 | INFO     | Upload accepted → task_id=66f0e461-fe68-48c4-9132-697063781e5a
2026-06-03 17:01:13 | DEBUG    | Task 66f0e461-fe68-48c4-9132-697063781e5a state=PENDING elapsed=0s — waiting …
2026-06-03 17:01:18 | DEBUG    | Task 66f0e461-fe68-48c4-9132-697063781e5a state=PENDING elapsed=5s — waiting …
2026-06-03 17:01:23 | DEBUG    | Task 66f0e461-fe68-48c4-9132-697063781e5a state=PENDING elapsed=10s — waiting …
2026-06-03 17:01:28 | DEBUG    | Task 66f0e461-fe68-48c4-9132-697063781e5a state=PENDING elapsed=15s — waiting …
2026-06-03 17:01:33 | DEBUG    | Task 66f0e461-fe68-48c4-9132-697063781e5a state=PENDING elapsed=20s — waiting …
2026-06-03 17:01:38 | DEBUG    | Task 66f0e461-fe68-48c4-9132-697063781e5a state=PENDING elapsed=25s — waiting …
2026-06-03 17:01:43 | DEBUG    | Task 66f0e461-fe68-48c4-9132-697063781e5a state=PENDING elapsed=30s — waiting …
2026-06-03 17:01:49 | INFO     | Task 66f0e461-fe68-48c4-9132-697063781e5a FINISHED in 35s
2026-06-03 17:01:49 | INFO     | ✅ batch 59/131 (16 files) complete
2026-06-03 17:01:49 | INFO     | --- batch 60/131 (16 files) ---
2026-06-03 17:01:49 | DEBUG    |   Files: 2008-29.pdf, 2008-30.pdf, 2008-31.pdf, 2008-32.pdf, 2008-33.pdf, 2008-34.pdf, 2008-35.pdf, 2008-36.pdf, 2008-37.pdf, 2008-38.pdf, 2008-39.pdf, 2008-40.pdf, 2008-41.pdf, 2008-42.pdf, 2008-43.pdf, 2008-44.pdf
2026-06-03 17:01:54 | INFO     | Upload accepted → task_id=53df4e1d-3972-4332-b3ca-15b9c869b667
2026-06-03 17:01:54 | DEBUG    | Task 53df4e1d-3972-4332-b3ca-15b9c869b667 state=PENDING elapsed=0s — waiting …
2026-06-03 17:01:59 | DEBUG    | Task 53df4e1d-3972-4332-b3ca-15b9c869b667 state=PENDING elapsed=5s — waiting …
2026-06-03 17:02:04 | DEBUG    | Task 53df4e1d-3972-4332-b3ca-15b9c869b667 state=PENDING elapsed=10s — waiting …
2026-06-03 17:02:09 | DEBUG    | Task 53df4e1d-3972-4332-b3ca-15b9c869b667 state=PENDING elapsed=15s — waiting …
2026-06-03 17:02:14 | DEBUG    | Task 53df4e1d-3972-4332-b3ca-15b9c869b667 state=PENDING elapsed=20s — waiting …
2026-06-03 17:02:19 | DEBUG    | Task 53df4e1d-3972-4332-b3ca-15b9c869b667 state=PENDING elapsed=25s — waiting …
2026-06-03 17:02:24 | DEBUG    | Task 53df4e1d-3972-4332-b3ca-15b9c869b667 state=PENDING elapsed=30s — waiting …
2026-06-03 17:02:29 | DEBUG    | Task 53df4e1d-3972-4332-b3ca-15b9c869b667 state=PENDING elapsed=35s — waiting …
2026-06-03 17:02:34 | DEBUG    | Task 53df4e1d-3972-4332-b3ca-15b9c869b667 state=PENDING elapsed=40s — waiting …
2026-06-03 17:02:39 | DEBUG    | Task 53df4e1d-3972-4332-b3ca-15b9c869b667 state=PENDING elapsed=45s — waiting …
2026-06-03 17:02:44 | DEBUG    | Task 53df4e1d-3972-4332-b3ca-15b9c869b667 state=PENDING elapsed=50s — waiting …
2026-06-03 17:02:49 | DEBUG    | Task 53df4e1d-3972-4332-b3ca-15b9c869b667 state=PENDING elapsed=55s — waiting …
2026-06-03 17:02:54 | DEBUG    | Task 53df4e1d-3972-4332-b3ca-15b9c869b667 state=PENDING elapsed=60s — waiting …
2026-06-03 17:03:01 | INFO     | Task 53df4e1d-3972-4332-b3ca-15b9c869b667 FINISHED in 67s
2026-06-03 17:03:01 | INFO     | ✅ batch 60/131 (16 files) complete
2026-06-03 17:03:01 | INFO     | --- batch 61/131 (16 files) ---
2026-06-03 17:03:01 | DEBUG    |   Files: 2008-45.pdf, 2008-46.pdf, 2008-47.pdf, 2008-48.pdf, 2008-49.pdf, 2008-50.pdf, 2008-51.pdf, 2008-52.pdf, 2008-53.pdf, 2008-54.pdf, 2008-55.pdf, 2008-56.pdf, 2008-57.pdf, 2008-58.pdf, 2008-59.pdf, 2008-60.pdf
2026-06-03 17:03:04 | INFO     | Upload accepted → task_id=e625044d-4589-4743-8eba-34a032e6d764
2026-06-03 17:03:04 | DEBUG    | Task e625044d-4589-4743-8eba-34a032e6d764 state=PENDING elapsed=0s — waiting …
2026-06-03 17:03:09 | DEBUG    | Task e625044d-4589-4743-8eba-34a032e6d764 state=PENDING elapsed=5s — waiting …
2026-06-03 17:03:14 | DEBUG    | Task e625044d-4589-4743-8eba-34a032e6d764 state=PENDING elapsed=10s — waiting …
2026-06-03 17:03:19 | DEBUG    | Task e625044d-4589-4743-8eba-34a032e6d764 state=PENDING elapsed=15s — waiting …
2026-06-03 17:03:24 | DEBUG    | Task e625044d-4589-4743-8eba-34a032e6d764 state=PENDING elapsed=20s — waiting …
2026-06-03 17:03:29 | DEBUG    | Task e625044d-4589-4743-8eba-34a032e6d764 state=PENDING elapsed=25s — waiting …
2026-06-03 17:03:34 | DEBUG    | Task e625044d-4589-4743-8eba-34a032e6d764 state=PENDING elapsed=31s — waiting …
2026-06-03 17:03:39 | DEBUG    | Task e625044d-4589-4743-8eba-34a032e6d764 state=PENDING elapsed=36s — waiting …
2026-06-03 17:03:44 | DEBUG    | Task e625044d-4589-4743-8eba-34a032e6d764 state=PENDING elapsed=41s — waiting …
2026-06-03 17:03:49 | DEBUG    | Task e625044d-4589-4743-8eba-34a032e6d764 state=PENDING elapsed=46s — waiting …
2026-06-03 17:03:55 | INFO     | Task e625044d-4589-4743-8eba-34a032e6d764 FINISHED in 51s
2026-06-03 17:03:55 | INFO     | ✅ batch 61/131 (16 files) complete
2026-06-03 17:03:55 | INFO     | --- batch 62/131 (16 files) ---
2026-06-03 17:03:55 | DEBUG    |   Files: 2008-61.pdf, 2008-62.pdf, 2008-63.pdf, 2008-64.pdf, 2008-65.pdf, 2008-66.pdf, 2008-67.pdf, 2008-68.pdf, 2008-69.pdf, 2008-70.pdf, CRR200901.pdf, CRR200902.pdf, CRR200903.pdf, CRR200904.pdf, CRR200905.pdf, CRR200906.pdf
2026-06-03 17:03:58 | INFO     | Upload accepted → task_id=6eba0087-83ac-45c8-bc67-e0c65455d57f
2026-06-03 17:03:58 | DEBUG    | Task 6eba0087-83ac-45c8-bc67-e0c65455d57f state=PENDING elapsed=0s — waiting …
2026-06-03 17:04:03 | DEBUG    | Task 6eba0087-83ac-45c8-bc67-e0c65455d57f state=PENDING elapsed=5s — waiting …
2026-06-03 17:04:08 | DEBUG    | Task 6eba0087-83ac-45c8-bc67-e0c65455d57f state=PENDING elapsed=10s — waiting …
2026-06-03 17:04:13 | DEBUG    | Task 6eba0087-83ac-45c8-bc67-e0c65455d57f state=PENDING elapsed=15s — waiting …
2026-06-03 17:04:18 | DEBUG    | Task 6eba0087-83ac-45c8-bc67-e0c65455d57f state=PENDING elapsed=20s — waiting …
2026-06-03 17:04:23 | DEBUG    | Task 6eba0087-83ac-45c8-bc67-e0c65455d57f state=PENDING elapsed=25s — waiting …
2026-06-03 17:04:28 | DEBUG    | Task 6eba0087-83ac-45c8-bc67-e0c65455d57f state=PENDING elapsed=30s — waiting …
2026-06-03 17:04:37 | INFO     | Task 6eba0087-83ac-45c8-bc67-e0c65455d57f FINISHED in 38s
2026-06-03 17:04:37 | INFO     | ✅ batch 62/131 (16 files) complete
2026-06-03 17:04:37 | INFO     | --- batch 63/131 (16 files) ---
2026-06-03 17:04:37 | DEBUG    |   Files: CRR200907.pdf, CRR200908.pdf, CRR200909.pdf, CRR200910.pdf, CRR200911.pdf, CRR200912.pdf, CRR200913.pdf, CRR200914.pdf, CRR200915.pdf, CRR200916.pdf, CRR200917.pdf, CRR200918.pdf, CRR200919.pdf, CRR200920.pdf, CRR200921.pdf, CRR200922.pdf
2026-06-03 17:04:40 | INFO     | Upload accepted → task_id=db6f9ab5-c0e0-4331-af74-bcf8d553c6ac
2026-06-03 17:04:40 | DEBUG    | Task db6f9ab5-c0e0-4331-af74-bcf8d553c6ac state=PENDING elapsed=0s — waiting …
2026-06-03 17:04:46 | DEBUG    | Task db6f9ab5-c0e0-4331-af74-bcf8d553c6ac state=PENDING elapsed=7s — waiting …
2026-06-03 17:04:51 | DEBUG    | Task db6f9ab5-c0e0-4331-af74-bcf8d553c6ac state=PENDING elapsed=12s — waiting …
2026-06-03 17:04:56 | DEBUG    | Task db6f9ab5-c0e0-4331-af74-bcf8d553c6ac state=PENDING elapsed=17s — waiting …
2026-06-03 17:05:01 | DEBUG    | Task db6f9ab5-c0e0-4331-af74-bcf8d553c6ac state=PENDING elapsed=22s — waiting …
2026-06-03 17:05:06 | DEBUG    | Task db6f9ab5-c0e0-4331-af74-bcf8d553c6ac state=PENDING elapsed=27s — waiting …
2026-06-03 17:05:11 | DEBUG    | Task db6f9ab5-c0e0-4331-af74-bcf8d553c6ac state=PENDING elapsed=32s — waiting …
2026-06-03 17:05:16 | DEBUG    | Task db6f9ab5-c0e0-4331-af74-bcf8d553c6ac state=PENDING elapsed=37s — waiting …
2026-06-03 17:05:21 | DEBUG    | Task db6f9ab5-c0e0-4331-af74-bcf8d553c6ac state=PENDING elapsed=42s — waiting …
2026-06-03 17:05:26 | DEBUG    | Task db6f9ab5-c0e0-4331-af74-bcf8d553c6ac state=PENDING elapsed=47s — waiting …
2026-06-03 17:05:31 | DEBUG    | Task db6f9ab5-c0e0-4331-af74-bcf8d553c6ac state=PENDING elapsed=52s — waiting …
2026-06-03 17:05:36 | DEBUG    | Task db6f9ab5-c0e0-4331-af74-bcf8d553c6ac state=PENDING elapsed=57s — waiting …
2026-06-03 17:05:43 | DEBUG    | Task db6f9ab5-c0e0-4331-af74-bcf8d553c6ac state=PENDING elapsed=63s — waiting …
2026-06-03 17:05:48 | INFO     | Task db6f9ab5-c0e0-4331-af74-bcf8d553c6ac FINISHED in 68s
2026-06-03 17:05:48 | INFO     | ✅ batch 63/131 (16 files) complete
2026-06-03 17:05:48 | INFO     | --- batch 64/131 (16 files) ---
2026-06-03 17:05:48 | DEBUG    |   Files: CRR200923.pdf, CRR200924.pdf, CRR200925.pdf, CRR200926.pdf, CRR200927.pdf, CRR200928.pdf, CRR200929.pdf, CRR200930.pdf, CRR200931.pdf, CRR200932.pdf, CRR200933.pdf, CRR200934.pdf, CRR200935.pdf, CRR200936.pdf, CRR200937.pdf, CRR200938.pdf
2026-06-03 17:05:51 | INFO     | Upload accepted → task_id=2cac064c-674c-4871-98b6-1e4e40ef15f8
2026-06-03 17:05:51 | DEBUG    | Task 2cac064c-674c-4871-98b6-1e4e40ef15f8 state=PENDING elapsed=0s — waiting …
2026-06-03 17:05:56 | DEBUG    | Task 2cac064c-674c-4871-98b6-1e4e40ef15f8 state=PENDING elapsed=5s — waiting …
2026-06-03 17:06:01 | DEBUG    | Task 2cac064c-674c-4871-98b6-1e4e40ef15f8 state=PENDING elapsed=10s — waiting …
2026-06-03 17:06:06 | DEBUG    | Task 2cac064c-674c-4871-98b6-1e4e40ef15f8 state=PENDING elapsed=15s — waiting …
2026-06-03 17:06:14 | DEBUG    | Task 2cac064c-674c-4871-98b6-1e4e40ef15f8 state=PENDING elapsed=23s — waiting …
2026-06-03 17:06:19 | DEBUG    | Task 2cac064c-674c-4871-98b6-1e4e40ef15f8 state=PENDING elapsed=28s — waiting …
2026-06-03 17:06:24 | DEBUG    | Task 2cac064c-674c-4871-98b6-1e4e40ef15f8 state=PENDING elapsed=33s — waiting …
2026-06-03 17:06:29 | DEBUG    | Task 2cac064c-674c-4871-98b6-1e4e40ef15f8 state=PENDING elapsed=38s — waiting …
2026-06-03 17:06:34 | DEBUG    | Task 2cac064c-674c-4871-98b6-1e4e40ef15f8 state=PENDING elapsed=43s — waiting …
2026-06-03 17:06:41 | INFO     | Task 2cac064c-674c-4871-98b6-1e4e40ef15f8 FINISHED in 50s
2026-06-03 17:06:41 | INFO     | ✅ batch 64/131 (16 files) complete
2026-06-03 17:06:41 | INFO     | --- batch 65/131 (16 files) ---
2026-06-03 17:06:41 | DEBUG    |   Files: CRR200939.pdf, CRR200940.pdf, CRR200941.pdf, CRR200942.pdf, CRR200943.pdf, CRR200944.pdf, CRR200945.pdf, CRR200946.pdf, CRR200947.pdf, CRR200948.pdf, CRR200949.pdf, CRR200950.pdf, CRR200951.pdf, CRR200952.pdf, CRR200953.pdf, CRR200954.pdf
2026-06-03 17:06:44 | INFO     | Upload accepted → task_id=b632325f-f158-4fa4-af5d-af4db98713ff
2026-06-03 17:06:44 | DEBUG    | Task b632325f-f158-4fa4-af5d-af4db98713ff state=PENDING elapsed=0s — waiting …
2026-06-03 17:06:49 | DEBUG    | Task b632325f-f158-4fa4-af5d-af4db98713ff state=PENDING elapsed=5s — waiting …
2026-06-03 17:06:54 | DEBUG    | Task b632325f-f158-4fa4-af5d-af4db98713ff state=PENDING elapsed=10s — waiting …
2026-06-03 17:06:59 | DEBUG    | Task b632325f-f158-4fa4-af5d-af4db98713ff state=PENDING elapsed=15s — waiting …
2026-06-03 17:07:04 | DEBUG    | Task b632325f-f158-4fa4-af5d-af4db98713ff state=PENDING elapsed=20s — waiting …
2026-06-03 17:07:09 | DEBUG    | Task b632325f-f158-4fa4-af5d-af4db98713ff state=PENDING elapsed=25s — waiting …
2026-06-03 17:07:14 | DEBUG    | Task b632325f-f158-4fa4-af5d-af4db98713ff state=PENDING elapsed=30s — waiting …
2026-06-03 17:07:19 | DEBUG    | Task b632325f-f158-4fa4-af5d-af4db98713ff state=PENDING elapsed=35s — waiting …
2026-06-03 17:07:26 | INFO     | Task b632325f-f158-4fa4-af5d-af4db98713ff FINISHED in 42s
2026-06-03 17:07:26 | INFO     | ✅ batch 65/131 (16 files) complete
2026-06-03 17:07:26 | INFO     | --- batch 66/131 (16 files) ---
2026-06-03 17:07:26 | DEBUG    |   Files: CRR200955.pdf, CRR200956.pdf, CRR200957.pdf, CRR200958.pdf, CRR200959.pdf, CRR200960.pdf, CRR200961.pdf, CRR200962.pdf, CRR200963.pdf, CRR200964.pdf, CRR200965.pdf, CRR200966.pdf, CRR200967.pdf, CRR200968.pdf, CRR200969.pdf, CRR200970.pdf
2026-06-03 17:07:29 | INFO     | Upload accepted → task_id=fc124e96-8bcf-48d4-ab5c-9f094c6d0883
2026-06-03 17:07:29 | DEBUG    | Task fc124e96-8bcf-48d4-ab5c-9f094c6d0883 state=PENDING elapsed=0s — waiting …
2026-06-03 17:07:34 | DEBUG    | Task fc124e96-8bcf-48d4-ab5c-9f094c6d0883 state=PENDING elapsed=5s — waiting …
2026-06-03 17:07:39 | DEBUG    | Task fc124e96-8bcf-48d4-ab5c-9f094c6d0883 state=PENDING elapsed=10s — waiting …
2026-06-03 17:07:44 | DEBUG    | Task fc124e96-8bcf-48d4-ab5c-9f094c6d0883 state=PENDING elapsed=15s — waiting …
2026-06-03 17:07:49 | DEBUG    | Task fc124e96-8bcf-48d4-ab5c-9f094c6d0883 state=PENDING elapsed=20s — waiting …
2026-06-03 17:07:54 | DEBUG    | Task fc124e96-8bcf-48d4-ab5c-9f094c6d0883 state=PENDING elapsed=25s — waiting …
2026-06-03 17:07:59 | DEBUG    | Task fc124e96-8bcf-48d4-ab5c-9f094c6d0883 state=PENDING elapsed=30s — waiting …
2026-06-03 17:08:04 | INFO     | Task fc124e96-8bcf-48d4-ab5c-9f094c6d0883 FINISHED in 35s
2026-06-03 17:08:04 | INFO     | ✅ batch 66/131 (16 files) complete
2026-06-03 17:08:04 | INFO     | --- batch 67/131 (16 files) ---
2026-06-03 17:08:04 | DEBUG    |   Files: CRR200971.pdf, CRR200972.pdf, CRR200973.pdf, CRR200974.pdf, CRR200975.pdf, CRR200976.pdf, CRR200977.pdf, SummaryBook2009.pdf, CRR201001.pdf, CRR201002.pdf, CRR201003.pdf, CRR201004.pdf, CRR201005.pdf, CRR201006.pdf, CRR201007.pdf, CRR201008.pdf
2026-06-03 17:08:08 | INFO     | Upload accepted → task_id=550f0e20-0a71-4876-ad31-e21b9b579d31
2026-06-03 17:08:08 | DEBUG    | Task 550f0e20-0a71-4876-ad31-e21b9b579d31 state=PENDING elapsed=0s — waiting …
2026-06-03 17:08:15 | DEBUG    | Task 550f0e20-0a71-4876-ad31-e21b9b579d31 state=PENDING elapsed=7s — waiting …
2026-06-03 17:08:20 | DEBUG    | Task 550f0e20-0a71-4876-ad31-e21b9b579d31 state=PENDING elapsed=12s — waiting …
2026-06-03 17:08:25 | DEBUG    | Task 550f0e20-0a71-4876-ad31-e21b9b579d31 state=PENDING elapsed=17s — waiting …
2026-06-03 17:08:30 | DEBUG    | Task 550f0e20-0a71-4876-ad31-e21b9b579d31 state=PENDING elapsed=22s — waiting …
2026-06-03 17:08:35 | DEBUG    | Task 550f0e20-0a71-4876-ad31-e21b9b579d31 state=PENDING elapsed=27s — waiting …
2026-06-03 17:08:40 | DEBUG    | Task 550f0e20-0a71-4876-ad31-e21b9b579d31 state=PENDING elapsed=32s — waiting …
2026-06-03 17:08:45 | DEBUG    | Task 550f0e20-0a71-4876-ad31-e21b9b579d31 state=PENDING elapsed=37s — waiting …
2026-06-03 17:08:50 | DEBUG    | Task 550f0e20-0a71-4876-ad31-e21b9b579d31 state=PENDING elapsed=42s — waiting …
2026-06-03 17:08:55 | DEBUG    | Task 550f0e20-0a71-4876-ad31-e21b9b579d31 state=PENDING elapsed=47s — waiting …
2026-06-03 17:09:00 | DEBUG    | Task 550f0e20-0a71-4876-ad31-e21b9b579d31 state=PENDING elapsed=52s — waiting …
2026-06-03 17:09:05 | DEBUG    | Task 550f0e20-0a71-4876-ad31-e21b9b579d31 state=PENDING elapsed=57s — waiting …
2026-06-03 17:09:10 | DEBUG    | Task 550f0e20-0a71-4876-ad31-e21b9b579d31 state=PENDING elapsed=62s — waiting …
2026-06-03 17:09:17 | DEBUG    | Task 550f0e20-0a71-4876-ad31-e21b9b579d31 state=PENDING elapsed=69s — waiting …
2026-06-03 17:09:26 | INFO     | Task 550f0e20-0a71-4876-ad31-e21b9b579d31 FINISHED in 78s
2026-06-03 17:09:26 | INFO     | ✅ batch 67/131 (16 files) complete
2026-06-03 17:09:26 | INFO     | --- batch 68/131 (16 files) ---
2026-06-03 17:09:26 | DEBUG    |   Files: CRR201009.pdf, CRR201010.pdf, CRR201011.pdf, CRR201012.pdf, CRR201013.pdf, CRR201014.pdf, CRR201015.pdf, CRR201016.pdf, CRR201017.pdf, CRR201018.pdf, CRR201019.pdf, CRR201020.pdf, CRR201021.pdf, CRR201022.pdf, CRR201023.pdf, CRR201024.pdf
2026-06-03 17:09:30 | INFO     | Upload accepted → task_id=e5e18afd-b2a4-41dc-bb53-435b13dc4c56
2026-06-03 17:09:30 | DEBUG    | Task e5e18afd-b2a4-41dc-bb53-435b13dc4c56 state=PENDING elapsed=0s — waiting …
2026-06-03 17:09:35 | DEBUG    | Task e5e18afd-b2a4-41dc-bb53-435b13dc4c56 state=PENDING elapsed=5s — waiting …
2026-06-03 17:09:40 | DEBUG    | Task e5e18afd-b2a4-41dc-bb53-435b13dc4c56 state=PENDING elapsed=10s — waiting …
2026-06-03 17:09:45 | DEBUG    | Task e5e18afd-b2a4-41dc-bb53-435b13dc4c56 state=PENDING elapsed=15s — waiting …
2026-06-03 17:09:50 | DEBUG    | Task e5e18afd-b2a4-41dc-bb53-435b13dc4c56 state=PENDING elapsed=20s — waiting …
2026-06-03 17:09:55 | DEBUG    | Task e5e18afd-b2a4-41dc-bb53-435b13dc4c56 state=PENDING elapsed=25s — waiting …
2026-06-03 17:10:00 | DEBUG    | Task e5e18afd-b2a4-41dc-bb53-435b13dc4c56 state=PENDING elapsed=30s — waiting …
2026-06-03 17:10:05 | DEBUG    | Task e5e18afd-b2a4-41dc-bb53-435b13dc4c56 state=PENDING elapsed=35s — waiting …
2026-06-03 17:10:10 | DEBUG    | Task e5e18afd-b2a4-41dc-bb53-435b13dc4c56 state=PENDING elapsed=41s — waiting …
2026-06-03 17:10:15 | DEBUG    | Task e5e18afd-b2a4-41dc-bb53-435b13dc4c56 state=PENDING elapsed=46s — waiting …
2026-06-03 17:10:20 | INFO     | Task e5e18afd-b2a4-41dc-bb53-435b13dc4c56 FINISHED in 51s
2026-06-03 17:10:20 | INFO     | ✅ batch 68/131 (16 files) complete
2026-06-03 17:10:20 | INFO     | --- batch 69/131 (16 files) ---
2026-06-03 17:10:20 | DEBUG    |   Files: CRR201025.pdf, CRR201026.pdf, CRR201027.pdf, CRR201028.pdf, CRR201029.pdf, CRR201030.pdf, CRR201031.pdf, CRR201032.pdf, CRR201033.pdf, CRR201034.pdf, CRR201035.pdf, CRR201036.pdf, CRR201037.pdf, CRR201038.pdf, CRR201039.pdf, CRR201040.pdf
2026-06-03 17:10:24 | INFO     | Upload accepted → task_id=07e820c2-65f5-43b7-b958-2ac9eec7e3b8
2026-06-03 17:10:24 | DEBUG    | Task 07e820c2-65f5-43b7-b958-2ac9eec7e3b8 state=PENDING elapsed=0s — waiting …
2026-06-03 17:10:29 | DEBUG    | Task 07e820c2-65f5-43b7-b958-2ac9eec7e3b8 state=PENDING elapsed=5s — waiting …
2026-06-03 17:10:34 | DEBUG    | Task 07e820c2-65f5-43b7-b958-2ac9eec7e3b8 state=PENDING elapsed=10s — waiting …
2026-06-03 17:10:39 | DEBUG    | Task 07e820c2-65f5-43b7-b958-2ac9eec7e3b8 state=PENDING elapsed=15s — waiting …
2026-06-03 17:10:44 | DEBUG    | Task 07e820c2-65f5-43b7-b958-2ac9eec7e3b8 state=PENDING elapsed=20s — waiting …
2026-06-03 17:10:49 | DEBUG    | Task 07e820c2-65f5-43b7-b958-2ac9eec7e3b8 state=PENDING elapsed=25s — waiting …
2026-06-03 17:10:54 | DEBUG    | Task 07e820c2-65f5-43b7-b958-2ac9eec7e3b8 state=PENDING elapsed=30s — waiting …
2026-06-03 17:10:59 | DEBUG    | Task 07e820c2-65f5-43b7-b958-2ac9eec7e3b8 state=PENDING elapsed=35s — waiting …
2026-06-03 17:11:04 | DEBUG    | Task 07e820c2-65f5-43b7-b958-2ac9eec7e3b8 state=PENDING elapsed=40s — waiting …
2026-06-03 17:11:12 | DEBUG    | Task 07e820c2-65f5-43b7-b958-2ac9eec7e3b8 state=PENDING elapsed=48s — waiting …
2026-06-03 17:11:18 | INFO     | Task 07e820c2-65f5-43b7-b958-2ac9eec7e3b8 FINISHED in 55s
2026-06-03 17:11:18 | INFO     | ✅ batch 69/131 (16 files) complete
2026-06-03 17:11:18 | INFO     | --- batch 70/131 (16 files) ---
2026-06-03 17:11:18 | DEBUG    |   Files: CRR201041.pdf, CRR201042.pdf, CRR201043.pdf, CRR201044.pdf, CRR201045.pdf, CRR201046.pdf, CRR201047.pdf, CRR201048.pdf, CRR201049.pdf, CRR201050.pdf, CRR201051.pdf, CRR201052.pdf, CRR201053.pdf, CRR201054.pdf, CRR201055.pdf, CRR201056.pdf
2026-06-03 17:11:23 | INFO     | Upload accepted → task_id=09a1e1c4-1d7c-40b1-b936-cb18ff800a13
2026-06-03 17:11:23 | DEBUG    | Task 09a1e1c4-1d7c-40b1-b936-cb18ff800a13 state=PENDING elapsed=0s — waiting …
2026-06-03 17:11:28 | DEBUG    | Task 09a1e1c4-1d7c-40b1-b936-cb18ff800a13 state=PENDING elapsed=5s — waiting …
2026-06-03 17:11:33 | DEBUG    | Task 09a1e1c4-1d7c-40b1-b936-cb18ff800a13 state=PENDING elapsed=10s — waiting …
2026-06-03 17:11:38 | DEBUG    | Task 09a1e1c4-1d7c-40b1-b936-cb18ff800a13 state=PENDING elapsed=15s — waiting …
2026-06-03 17:11:43 | DEBUG    | Task 09a1e1c4-1d7c-40b1-b936-cb18ff800a13 state=PENDING elapsed=20s — waiting …
2026-06-03 17:11:48 | DEBUG    | Task 09a1e1c4-1d7c-40b1-b936-cb18ff800a13 state=PENDING elapsed=25s — waiting …
2026-06-03 17:11:53 | DEBUG    | Task 09a1e1c4-1d7c-40b1-b936-cb18ff800a13 state=PENDING elapsed=30s — waiting …
2026-06-03 17:11:58 | DEBUG    | Task 09a1e1c4-1d7c-40b1-b936-cb18ff800a13 state=PENDING elapsed=35s — waiting …
2026-06-03 17:12:03 | DEBUG    | Task 09a1e1c4-1d7c-40b1-b936-cb18ff800a13 state=PENDING elapsed=40s — waiting …
2026-06-03 17:12:08 | DEBUG    | Task 09a1e1c4-1d7c-40b1-b936-cb18ff800a13 state=PENDING elapsed=45s — waiting …
2026-06-03 17:12:14 | INFO     | Task 09a1e1c4-1d7c-40b1-b936-cb18ff800a13 FINISHED in 51s
2026-06-03 17:12:14 | INFO     | ✅ batch 70/131 (16 files) complete
2026-06-03 17:12:14 | INFO     | --- batch 71/131 (16 files) ---
2026-06-03 17:12:14 | DEBUG    |   Files: CRR201057.pdf, CRR201058.pdf, CRR201059.pdf, CRR201060.pdf, CRR201061.pdf, CRR201062.pdf, CRR201063.pdf, CRR201064.pdf, CRR201065.pdf, CRR201066.pdf, CRR201067.pdf, CRR201068.pdf, CRR201069.pdf, CRR201070.pdf, CRR201071.pdf, CRR201072.pdf
2026-06-03 17:12:17 | INFO     | Upload accepted → task_id=1c37c3ea-4d1e-4072-8a55-11b3d6571bdf
2026-06-03 17:12:17 | DEBUG    | Task 1c37c3ea-4d1e-4072-8a55-11b3d6571bdf state=PENDING elapsed=0s — waiting …
2026-06-03 17:12:25 | DEBUG    | Task 1c37c3ea-4d1e-4072-8a55-11b3d6571bdf state=PENDING elapsed=7s — waiting …
2026-06-03 17:12:30 | DEBUG    | Task 1c37c3ea-4d1e-4072-8a55-11b3d6571bdf state=PENDING elapsed=12s — waiting …
2026-06-03 17:12:35 | DEBUG    | Task 1c37c3ea-4d1e-4072-8a55-11b3d6571bdf state=PENDING elapsed=17s — waiting …
2026-06-03 17:12:40 | DEBUG    | Task 1c37c3ea-4d1e-4072-8a55-11b3d6571bdf state=PENDING elapsed=22s — waiting …
2026-06-03 17:12:45 | DEBUG    | Task 1c37c3ea-4d1e-4072-8a55-11b3d6571bdf state=PENDING elapsed=27s — waiting …
2026-06-03 17:12:50 | DEBUG    | Task 1c37c3ea-4d1e-4072-8a55-11b3d6571bdf state=PENDING elapsed=32s — waiting …
2026-06-03 17:12:55 | DEBUG    | Task 1c37c3ea-4d1e-4072-8a55-11b3d6571bdf state=PENDING elapsed=37s — waiting …
2026-06-03 17:13:00 | DEBUG    | Task 1c37c3ea-4d1e-4072-8a55-11b3d6571bdf state=PENDING elapsed=42s — waiting …
2026-06-03 17:13:05 | DEBUG    | Task 1c37c3ea-4d1e-4072-8a55-11b3d6571bdf state=PENDING elapsed=47s — waiting …
2026-06-03 17:13:10 | DEBUG    | Task 1c37c3ea-4d1e-4072-8a55-11b3d6571bdf state=PENDING elapsed=52s — waiting …
2026-06-03 17:13:19 | INFO     | Task 1c37c3ea-4d1e-4072-8a55-11b3d6571bdf FINISHED in 61s
2026-06-03 17:13:19 | INFO     | ✅ batch 71/131 (16 files) complete
2026-06-03 17:13:19 | INFO     | --- batch 72/131 (16 files) ---
2026-06-03 17:13:19 | DEBUG    |   Files: CRR201073.pdf, CRR201074.pdf, CRR201075.pdf, CRR201076.pdf, CRR201077.pdf, CRR201078.pdf, CRR201079.pdf, CRR201080.pdf, CRR201081.pdf, CRR201082.pdf, CRR201083.pdf, CRR201084.pdf, CRR201085.pdf, CRR201086.pdf, CRR201087.pdf, CRR201088.pdf
2026-06-03 17:13:21 | INFO     | Upload accepted → task_id=718b4582-1870-461f-82cd-5507a6ea525e
2026-06-03 17:13:21 | DEBUG    | Task 718b4582-1870-461f-82cd-5507a6ea525e state=PENDING elapsed=0s — waiting …
2026-06-03 17:13:26 | DEBUG    | Task 718b4582-1870-461f-82cd-5507a6ea525e state=PENDING elapsed=5s — waiting …
2026-06-03 17:13:31 | DEBUG    | Task 718b4582-1870-461f-82cd-5507a6ea525e state=PENDING elapsed=10s — waiting …
2026-06-03 17:13:36 | DEBUG    | Task 718b4582-1870-461f-82cd-5507a6ea525e state=PENDING elapsed=15s — waiting …
2026-06-03 17:13:41 | DEBUG    | Task 718b4582-1870-461f-82cd-5507a6ea525e state=PENDING elapsed=20s — waiting …
2026-06-03 17:13:46 | DEBUG    | Task 718b4582-1870-461f-82cd-5507a6ea525e state=PENDING elapsed=25s — waiting …
2026-06-03 17:13:51 | DEBUG    | Task 718b4582-1870-461f-82cd-5507a6ea525e state=PENDING elapsed=30s — waiting …
2026-06-03 17:13:56 | DEBUG    | Task 718b4582-1870-461f-82cd-5507a6ea525e state=PENDING elapsed=35s — waiting …
2026-06-03 17:14:01 | DEBUG    | Task 718b4582-1870-461f-82cd-5507a6ea525e state=PENDING elapsed=40s — waiting …
2026-06-03 17:14:06 | INFO     | Task 718b4582-1870-461f-82cd-5507a6ea525e FINISHED in 45s
2026-06-03 17:14:06 | INFO     | ✅ batch 72/131 (16 files) complete
2026-06-03 17:14:06 | INFO     | --- batch 73/131 (16 files) ---
2026-06-03 17:14:06 | DEBUG    |   Files: CRR201089.pdf, CRR201090.pdf, CRR201091.pdf, CRR201092.pdf, CRR201093.pdf, CRR201094.pdf, CRR201095.pdf, CRR201096.pdf, CRR201097.pdf, SummaryBook2010.pdf, CRR201101.pdf, CRR201102.pdf, CRR201103.pdf, CRR201104.pdf, CRR201105.pdf, CRR201106.pdf
2026-06-03 17:14:10 | INFO     | Upload accepted → task_id=e035c343-12a4-4f38-a1e4-d7c090afa08b
2026-06-03 17:14:10 | DEBUG    | Task e035c343-12a4-4f38-a1e4-d7c090afa08b state=PENDING elapsed=0s — waiting …
2026-06-03 17:14:15 | DEBUG    | Task e035c343-12a4-4f38-a1e4-d7c090afa08b state=PENDING elapsed=5s — waiting …
2026-06-03 17:14:20 | DEBUG    | Task e035c343-12a4-4f38-a1e4-d7c090afa08b state=PENDING elapsed=10s — waiting …
2026-06-03 17:14:25 | DEBUG    | Task e035c343-12a4-4f38-a1e4-d7c090afa08b state=PENDING elapsed=15s — waiting …
2026-06-03 17:14:30 | DEBUG    | Task e035c343-12a4-4f38-a1e4-d7c090afa08b state=PENDING elapsed=20s — waiting …
2026-06-03 17:14:35 | DEBUG    | Task e035c343-12a4-4f38-a1e4-d7c090afa08b state=PENDING elapsed=25s — waiting …
2026-06-03 17:14:40 | DEBUG    | Task e035c343-12a4-4f38-a1e4-d7c090afa08b state=PENDING elapsed=30s — waiting …
2026-06-03 17:14:45 | DEBUG    | Task e035c343-12a4-4f38-a1e4-d7c090afa08b state=PENDING elapsed=35s — waiting …
2026-06-03 17:14:50 | DEBUG    | Task e035c343-12a4-4f38-a1e4-d7c090afa08b state=PENDING elapsed=40s — waiting …
2026-06-03 17:14:55 | DEBUG    | Task e035c343-12a4-4f38-a1e4-d7c090afa08b state=PENDING elapsed=45s — waiting …
2026-06-03 17:15:00 | DEBUG    | Task e035c343-12a4-4f38-a1e4-d7c090afa08b state=PENDING elapsed=50s — waiting …
2026-06-03 17:15:05 | DEBUG    | Task e035c343-12a4-4f38-a1e4-d7c090afa08b state=PENDING elapsed=55s — waiting …
2026-06-03 17:15:10 | DEBUG    | Task e035c343-12a4-4f38-a1e4-d7c090afa08b state=PENDING elapsed=60s — waiting …
2026-06-03 17:15:15 | DEBUG    | Task e035c343-12a4-4f38-a1e4-d7c090afa08b state=PENDING elapsed=65s — waiting …
2026-06-03 17:15:20 | DEBUG    | Task e035c343-12a4-4f38-a1e4-d7c090afa08b state=PENDING elapsed=70s — waiting …
2026-06-03 17:15:25 | DEBUG    | Task e035c343-12a4-4f38-a1e4-d7c090afa08b state=PENDING elapsed=75s — waiting …
2026-06-03 17:15:34 | INFO     | Task e035c343-12a4-4f38-a1e4-d7c090afa08b FINISHED in 85s
2026-06-03 17:15:34 | INFO     | ✅ batch 73/131 (16 files) complete
2026-06-03 17:15:34 | INFO     | --- batch 74/131 (16 files) ---
2026-06-03 17:15:34 | DEBUG    |   Files: CRR201107.pdf, CRR201108.pdf, CRR201109.pdf, CRR201110.pdf, CRR2011100.pdf, CRR2011101.pdf, CRR2011102.pdf, CRR201111.pdf, CRR201112.pdf, CRR201113.pdf, CRR201114.pdf, CRR201115.pdf, CRR201116.pdf, CRR201117.pdf, CRR201118.pdf, CRR201119.pdf
2026-06-03 17:15:38 | INFO     | Upload accepted → task_id=3fefd265-bdb6-4119-a441-c6dc6ca97dc8
2026-06-03 17:15:39 | DEBUG    | Task 3fefd265-bdb6-4119-a441-c6dc6ca97dc8 state=PENDING elapsed=0s — waiting …
2026-06-03 17:15:44 | DEBUG    | Task 3fefd265-bdb6-4119-a441-c6dc6ca97dc8 state=PENDING elapsed=5s — waiting …
2026-06-03 17:15:49 | DEBUG    | Task 3fefd265-bdb6-4119-a441-c6dc6ca97dc8 state=PENDING elapsed=10s — waiting …
2026-06-03 17:15:54 | DEBUG    | Task 3fefd265-bdb6-4119-a441-c6dc6ca97dc8 state=PENDING elapsed=15s — waiting …
2026-06-03 17:15:59 | DEBUG    | Task 3fefd265-bdb6-4119-a441-c6dc6ca97dc8 state=PENDING elapsed=20s — waiting …
2026-06-03 17:16:04 | DEBUG    | Task 3fefd265-bdb6-4119-a441-c6dc6ca97dc8 state=PENDING elapsed=25s — waiting …
2026-06-03 17:16:09 | DEBUG    | Task 3fefd265-bdb6-4119-a441-c6dc6ca97dc8 state=PENDING elapsed=30s — waiting …
2026-06-03 17:16:14 | DEBUG    | Task 3fefd265-bdb6-4119-a441-c6dc6ca97dc8 state=PENDING elapsed=35s — waiting …
2026-06-03 17:16:19 | DEBUG    | Task 3fefd265-bdb6-4119-a441-c6dc6ca97dc8 state=PENDING elapsed=40s — waiting …
2026-06-03 17:16:29 | INFO     | Task 3fefd265-bdb6-4119-a441-c6dc6ca97dc8 FINISHED in 51s
2026-06-03 17:16:29 | INFO     | ✅ batch 74/131 (16 files) complete
2026-06-03 17:16:29 | INFO     | --- batch 75/131 (16 files) ---
2026-06-03 17:16:29 | DEBUG    |   Files: CRR201120.pdf, CRR201121.pdf, CRR201122.pdf, CRR201123.pdf, CRR201124.pdf, CRR201125.pdf, CRR201126.pdf, CRR201127.pdf, CRR201128.pdf, CRR201129.pdf, CRR201130.pdf, CRR201131.pdf, CRR201132.pdf, CRR201133.pdf, CRR201134.pdf, CRR201135.pdf
2026-06-03 17:16:33 | INFO     | Upload accepted → task_id=da4bd718-f16e-4a01-acb0-15c4001febf8
2026-06-03 17:16:33 | DEBUG    | Task da4bd718-f16e-4a01-acb0-15c4001febf8 state=PENDING elapsed=0s — waiting …
2026-06-03 17:16:38 | DEBUG    | Task da4bd718-f16e-4a01-acb0-15c4001febf8 state=PENDING elapsed=5s — waiting …
2026-06-03 17:16:43 | DEBUG    | Task da4bd718-f16e-4a01-acb0-15c4001febf8 state=PENDING elapsed=10s — waiting …
2026-06-03 17:16:48 | DEBUG    | Task da4bd718-f16e-4a01-acb0-15c4001febf8 state=PENDING elapsed=15s — waiting …
2026-06-03 17:16:53 | DEBUG    | Task da4bd718-f16e-4a01-acb0-15c4001febf8 state=PENDING elapsed=20s — waiting …
2026-06-03 17:16:58 | DEBUG    | Task da4bd718-f16e-4a01-acb0-15c4001febf8 state=PENDING elapsed=25s — waiting …
2026-06-03 17:17:03 | DEBUG    | Task da4bd718-f16e-4a01-acb0-15c4001febf8 state=PENDING elapsed=30s — waiting …
2026-06-03 17:17:08 | DEBUG    | Task da4bd718-f16e-4a01-acb0-15c4001febf8 state=PENDING elapsed=35s — waiting …
2026-06-03 17:17:13 | DEBUG    | Task da4bd718-f16e-4a01-acb0-15c4001febf8 state=PENDING elapsed=40s — waiting …
2026-06-03 17:17:18 | DEBUG    | Task da4bd718-f16e-4a01-acb0-15c4001febf8 state=PENDING elapsed=45s — waiting …
2026-06-03 17:17:25 | INFO     | Task da4bd718-f16e-4a01-acb0-15c4001febf8 FINISHED in 52s
2026-06-03 17:17:25 | INFO     | ✅ batch 75/131 (16 files) complete
2026-06-03 17:17:25 | INFO     | --- batch 76/131 (16 files) ---
2026-06-03 17:17:25 | DEBUG    |   Files: CRR201136.pdf, CRR201137.pdf, CRR201138.pdf, CRR201139.pdf, CRR201140.pdf, CRR201141.pdf, CRR201142.pdf, CRR201143.pdf, CRR201144.pdf, CRR201145.pdf, CRR201146.pdf, CRR201147.pdf, CRR201148.pdf, CRR201149.pdf, CRR201150.pdf, CRR201151.pdf
2026-06-03 17:17:29 | INFO     | Upload accepted → task_id=dd3c0914-4176-4ed8-b3df-5909fbfb7ad2
2026-06-03 17:17:29 | DEBUG    | Task dd3c0914-4176-4ed8-b3df-5909fbfb7ad2 state=PENDING elapsed=0s — waiting …
2026-06-03 17:17:34 | DEBUG    | Task dd3c0914-4176-4ed8-b3df-5909fbfb7ad2 state=PENDING elapsed=5s — waiting …
2026-06-03 17:17:39 | DEBUG    | Task dd3c0914-4176-4ed8-b3df-5909fbfb7ad2 state=PENDING elapsed=10s — waiting …
2026-06-03 17:17:44 | DEBUG    | Task dd3c0914-4176-4ed8-b3df-5909fbfb7ad2 state=PENDING elapsed=15s — waiting …
2026-06-03 17:17:49 | DEBUG    | Task dd3c0914-4176-4ed8-b3df-5909fbfb7ad2 state=PENDING elapsed=20s — waiting …
2026-06-03 17:17:54 | DEBUG    | Task dd3c0914-4176-4ed8-b3df-5909fbfb7ad2 state=PENDING elapsed=25s — waiting …
2026-06-03 17:17:59 | DEBUG    | Task dd3c0914-4176-4ed8-b3df-5909fbfb7ad2 state=PENDING elapsed=30s — waiting …
2026-06-03 17:18:04 | DEBUG    | Task dd3c0914-4176-4ed8-b3df-5909fbfb7ad2 state=PENDING elapsed=35s — waiting …
2026-06-03 17:18:09 | DEBUG    | Task dd3c0914-4176-4ed8-b3df-5909fbfb7ad2 state=PENDING elapsed=40s — waiting …
2026-06-03 17:18:14 | DEBUG    | Task dd3c0914-4176-4ed8-b3df-5909fbfb7ad2 state=PENDING elapsed=45s — waiting …
2026-06-03 17:18:20 | INFO     | Task dd3c0914-4176-4ed8-b3df-5909fbfb7ad2 FINISHED in 52s
2026-06-03 17:18:20 | INFO     | ✅ batch 76/131 (16 files) complete
2026-06-03 17:18:20 | INFO     | --- batch 77/131 (16 files) ---
2026-06-03 17:18:20 | DEBUG    |   Files: CRR201152.pdf, CRR201153.pdf, CRR201154.pdf, CRR201155.pdf, CRR201156.pdf, CRR201157.pdf, CRR201158.pdf, CRR201159.pdf, CRR201160.pdf, CRR201161.pdf, CRR201162.pdf, CRR201163.pdf, CRR201164.pdf, CRR201165.pdf, CRR201166.pdf, CRR201167.pdf
2026-06-03 17:18:24 | INFO     | Upload accepted → task_id=86afdef6-5007-49c3-85b3-7708e0504469
2026-06-03 17:18:24 | DEBUG    | Task 86afdef6-5007-49c3-85b3-7708e0504469 state=PENDING elapsed=0s — waiting …
2026-06-03 17:18:29 | DEBUG    | Task 86afdef6-5007-49c3-85b3-7708e0504469 state=PENDING elapsed=6s — waiting …
2026-06-03 17:18:36 | DEBUG    | Task 86afdef6-5007-49c3-85b3-7708e0504469 state=PENDING elapsed=12s — waiting …
2026-06-03 17:18:41 | DEBUG    | Task 86afdef6-5007-49c3-85b3-7708e0504469 state=PENDING elapsed=17s — waiting …
2026-06-03 17:18:46 | DEBUG    | Task 86afdef6-5007-49c3-85b3-7708e0504469 state=PENDING elapsed=22s — waiting …
2026-06-03 17:18:51 | DEBUG    | Task 86afdef6-5007-49c3-85b3-7708e0504469 state=PENDING elapsed=27s — waiting …
2026-06-03 17:18:56 | DEBUG    | Task 86afdef6-5007-49c3-85b3-7708e0504469 state=PENDING elapsed=32s — waiting …
2026-06-03 17:19:01 | DEBUG    | Task 86afdef6-5007-49c3-85b3-7708e0504469 state=PENDING elapsed=37s — waiting …
2026-06-03 17:19:06 | DEBUG    | Task 86afdef6-5007-49c3-85b3-7708e0504469 state=PENDING elapsed=42s — waiting …
2026-06-03 17:19:11 | INFO     | Task 86afdef6-5007-49c3-85b3-7708e0504469 FINISHED in 47s
2026-06-03 17:19:11 | INFO     | ✅ batch 77/131 (16 files) complete
2026-06-03 17:19:11 | INFO     | --- batch 78/131 (16 files) ---
2026-06-03 17:19:11 | DEBUG    |   Files: CRR201168.pdf, CRR201169.pdf, CRR201170.pdf, CRR201171.pdf, CRR201172.pdf, CRR201173.pdf, CRR201174.pdf, CRR201175.pdf, CRR201176.pdf, CRR201177.pdf, CRR201178.pdf, CRR201179.pdf, CRR201180.pdf, CRR201181.pdf, CRR201182.pdf, CRR201183.pdf
2026-06-03 17:19:14 | INFO     | Upload accepted → task_id=68f8263d-9934-485b-a5c3-929be1c45921
2026-06-03 17:19:14 | DEBUG    | Task 68f8263d-9934-485b-a5c3-929be1c45921 state=PENDING elapsed=0s — waiting …
2026-06-03 17:19:19 | DEBUG    | Task 68f8263d-9934-485b-a5c3-929be1c45921 state=PENDING elapsed=5s — waiting …
2026-06-03 17:19:24 | DEBUG    | Task 68f8263d-9934-485b-a5c3-929be1c45921 state=PENDING elapsed=10s — waiting …
2026-06-03 17:19:29 | DEBUG    | Task 68f8263d-9934-485b-a5c3-929be1c45921 state=PENDING elapsed=15s — waiting …
2026-06-03 17:19:34 | DEBUG    | Task 68f8263d-9934-485b-a5c3-929be1c45921 state=PENDING elapsed=20s — waiting …
2026-06-03 17:19:39 | DEBUG    | Task 68f8263d-9934-485b-a5c3-929be1c45921 state=PENDING elapsed=25s — waiting …
2026-06-03 17:19:44 | DEBUG    | Task 68f8263d-9934-485b-a5c3-929be1c45921 state=PENDING elapsed=30s — waiting …
2026-06-03 17:19:49 | DEBUG    | Task 68f8263d-9934-485b-a5c3-929be1c45921 state=PENDING elapsed=35s — waiting …
2026-06-03 17:19:56 | DEBUG    | Task 68f8263d-9934-485b-a5c3-929be1c45921 state=PENDING elapsed=42s — waiting …
2026-06-03 17:20:02 | INFO     | Task 68f8263d-9934-485b-a5c3-929be1c45921 FINISHED in 48s
2026-06-03 17:20:02 | INFO     | ✅ batch 78/131 (16 files) complete
2026-06-03 17:20:02 | INFO     | --- batch 79/131 (16 files) ---
2026-06-03 17:20:02 | DEBUG    |   Files: CRR201184.pdf, CRR201185.pdf, CRR201186.pdf, CRR201187.pdf, CRR201188.pdf, CRR201189.pdf, CRR201190.pdf, CRR201191.pdf, CRR201192.pdf, CRR201193.pdf, CRR201194.pdf, CRR201195.pdf, CRR201196.pdf, CRR201197.pdf, CRR201198.pdf, CRR201199.pdf
2026-06-03 17:20:06 | INFO     | Upload accepted → task_id=a91fc315-2e2d-4f60-9972-6054aba7200e
2026-06-03 17:20:06 | DEBUG    | Task a91fc315-2e2d-4f60-9972-6054aba7200e state=PENDING elapsed=0s — waiting …
2026-06-03 17:20:11 | DEBUG    | Task a91fc315-2e2d-4f60-9972-6054aba7200e state=PENDING elapsed=5s — waiting …
2026-06-03 17:20:16 | DEBUG    | Task a91fc315-2e2d-4f60-9972-6054aba7200e state=PENDING elapsed=10s — waiting …
2026-06-03 17:20:21 | DEBUG    | Task a91fc315-2e2d-4f60-9972-6054aba7200e state=PENDING elapsed=15s — waiting …
2026-06-03 17:20:26 | DEBUG    | Task a91fc315-2e2d-4f60-9972-6054aba7200e state=PENDING elapsed=20s — waiting …
2026-06-03 17:20:31 | DEBUG    | Task a91fc315-2e2d-4f60-9972-6054aba7200e state=PENDING elapsed=25s — waiting …
2026-06-03 17:20:36 | DEBUG    | Task a91fc315-2e2d-4f60-9972-6054aba7200e state=PENDING elapsed=30s — waiting …
2026-06-03 17:20:41 | DEBUG    | Task a91fc315-2e2d-4f60-9972-6054aba7200e state=PENDING elapsed=35s — waiting …
2026-06-03 17:20:46 | DEBUG    | Task a91fc315-2e2d-4f60-9972-6054aba7200e state=PENDING elapsed=40s — waiting …
2026-06-03 17:20:51 | DEBUG    | Task a91fc315-2e2d-4f60-9972-6054aba7200e state=PENDING elapsed=45s — waiting …
2026-06-03 17:20:59 | INFO     | Task a91fc315-2e2d-4f60-9972-6054aba7200e FINISHED in 53s
2026-06-03 17:20:59 | INFO     | ✅ batch 79/131 (16 files) complete
2026-06-03 17:20:59 | INFO     | --- batch 80/131 (16 files) ---
2026-06-03 17:20:59 | DEBUG    |   Files: SummaryBook2011.pdf, CRR201201.pdf, CRR201202.pdf, CRR201203.pdf, CRR201204.pdf, CRR201205.pdf, CRR201206.pdf, CRR201207.pdf, CRR201208.pdf, CRR201209.pdf, CRR201210.pdf, CRR201211.pdf, CRR201212.pdf, CRR201213.pdf, CRR201214.pdf, CRR201215.pdf
2026-06-03 17:21:09 | INFO     | Upload accepted → task_id=ff0bbd32-2301-4905-9fda-10e52ec5bafc
2026-06-03 17:21:09 | DEBUG    | Task ff0bbd32-2301-4905-9fda-10e52ec5bafc state=PENDING elapsed=0s — waiting …
2026-06-03 17:21:14 | DEBUG    | Task ff0bbd32-2301-4905-9fda-10e52ec5bafc state=PENDING elapsed=5s — waiting …
2026-06-03 17:21:19 | DEBUG    | Task ff0bbd32-2301-4905-9fda-10e52ec5bafc state=PENDING elapsed=10s — waiting …
2026-06-03 17:21:24 | DEBUG    | Task ff0bbd32-2301-4905-9fda-10e52ec5bafc state=PENDING elapsed=15s — waiting …
2026-06-03 17:21:29 | DEBUG    | Task ff0bbd32-2301-4905-9fda-10e52ec5bafc state=PENDING elapsed=20s — waiting …
2026-06-03 17:21:34 | DEBUG    | Task ff0bbd32-2301-4905-9fda-10e52ec5bafc state=PENDING elapsed=25s — waiting …
2026-06-03 17:21:39 | DEBUG    | Task ff0bbd32-2301-4905-9fda-10e52ec5bafc state=PENDING elapsed=30s — waiting …
2026-06-03 17:21:44 | DEBUG    | Task ff0bbd32-2301-4905-9fda-10e52ec5bafc state=PENDING elapsed=35s — waiting …
2026-06-03 17:21:49 | DEBUG    | Task ff0bbd32-2301-4905-9fda-10e52ec5bafc state=PENDING elapsed=40s — waiting …
2026-06-03 17:21:54 | DEBUG    | Task ff0bbd32-2301-4905-9fda-10e52ec5bafc state=PENDING elapsed=45s — waiting …
2026-06-03 17:21:59 | DEBUG    | Task ff0bbd32-2301-4905-9fda-10e52ec5bafc state=PENDING elapsed=50s — waiting …
2026-06-03 17:22:04 | DEBUG    | Task ff0bbd32-2301-4905-9fda-10e52ec5bafc state=PENDING elapsed=55s — waiting …
2026-06-03 17:22:11 | DEBUG    | Task ff0bbd32-2301-4905-9fda-10e52ec5bafc state=PENDING elapsed=62s — waiting …
2026-06-03 17:22:16 | DEBUG    | Task ff0bbd32-2301-4905-9fda-10e52ec5bafc state=PENDING elapsed=67s — waiting …
2026-06-03 17:22:21 | DEBUG    | Task ff0bbd32-2301-4905-9fda-10e52ec5bafc state=PENDING elapsed=72s — waiting …
2026-06-03 17:22:26 | DEBUG    | Task ff0bbd32-2301-4905-9fda-10e52ec5bafc state=PENDING elapsed=77s — waiting …
2026-06-03 17:22:32 | INFO     | Task ff0bbd32-2301-4905-9fda-10e52ec5bafc FINISHED in 84s
2026-06-03 17:22:32 | INFO     | ✅ batch 80/131 (16 files) complete
2026-06-03 17:22:32 | INFO     | --- batch 81/131 (16 files) ---
2026-06-03 17:22:32 | DEBUG    |   Files: CRR201216.pdf, CRR201217.pdf, CRR201218.pdf, CRR201219.pdf, CRR201220.pdf, CRR201221.pdf, CRR201222.pdf, CRR201223.pdf, CRR201224.pdf, CRR201225.pdf, CRR201226.pdf, CRR201227.pdf, CRR201228.pdf, CRR201229.pdf, CRR201230.pdf, CRR201231.pdf
2026-06-03 17:22:37 | INFO     | Upload accepted → task_id=ea4f2bf1-04cf-41cf-ac9f-ce18f7b17a23
2026-06-03 17:22:37 | DEBUG    | Task ea4f2bf1-04cf-41cf-ac9f-ce18f7b17a23 state=PENDING elapsed=0s — waiting …
2026-06-03 17:22:42 | DEBUG    | Task ea4f2bf1-04cf-41cf-ac9f-ce18f7b17a23 state=PENDING elapsed=5s — waiting …
2026-06-03 17:22:47 | DEBUG    | Task ea4f2bf1-04cf-41cf-ac9f-ce18f7b17a23 state=PENDING elapsed=10s — waiting …
2026-06-03 17:22:52 | DEBUG    | Task ea4f2bf1-04cf-41cf-ac9f-ce18f7b17a23 state=PENDING elapsed=15s — waiting …
2026-06-03 17:22:57 | DEBUG    | Task ea4f2bf1-04cf-41cf-ac9f-ce18f7b17a23 state=PENDING elapsed=20s — waiting …
2026-06-03 17:23:02 | DEBUG    | Task ea4f2bf1-04cf-41cf-ac9f-ce18f7b17a23 state=PENDING elapsed=25s — waiting …
2026-06-03 17:23:07 | DEBUG    | Task ea4f2bf1-04cf-41cf-ac9f-ce18f7b17a23 state=PENDING elapsed=30s — waiting …
2026-06-03 17:23:12 | DEBUG    | Task ea4f2bf1-04cf-41cf-ac9f-ce18f7b17a23 state=PENDING elapsed=35s — waiting …
2026-06-03 17:23:17 | DEBUG    | Task ea4f2bf1-04cf-41cf-ac9f-ce18f7b17a23 state=PENDING elapsed=40s — waiting …
2026-06-03 17:23:22 | DEBUG    | Task ea4f2bf1-04cf-41cf-ac9f-ce18f7b17a23 state=PENDING elapsed=45s — waiting …
2026-06-03 17:23:27 | DEBUG    | Task ea4f2bf1-04cf-41cf-ac9f-ce18f7b17a23 state=PENDING elapsed=50s — waiting …
2026-06-03 17:23:32 | DEBUG    | Task ea4f2bf1-04cf-41cf-ac9f-ce18f7b17a23 state=PENDING elapsed=55s — waiting …
2026-06-03 17:23:38 | INFO     | Task ea4f2bf1-04cf-41cf-ac9f-ce18f7b17a23 FINISHED in 61s
2026-06-03 17:23:38 | INFO     | ✅ batch 81/131 (16 files) complete
2026-06-03 17:23:38 | INFO     | --- batch 82/131 (16 files) ---
2026-06-03 17:23:38 | DEBUG    |   Files: CRR201232.pdf, CRR201233.pdf, CRR201234.pdf, CRR201235.pdf, CRR201236.pdf, CRR201237.pdf, CRR201238.pdf, CRR201239.pdf, CRR201240.pdf, CRR201241.pdf, CRR201242.pdf, CRR201243.pdf, CRR201244.pdf, CRR201245.pdf, CRR201246.pdf, CRR201247.pdf
2026-06-03 17:23:41 | INFO     | Upload accepted → task_id=bf560087-28b2-40a5-a757-07896fecc40f
2026-06-03 17:23:41 | DEBUG    | Task bf560087-28b2-40a5-a757-07896fecc40f state=PENDING elapsed=0s — waiting …
2026-06-03 17:23:50 | DEBUG    | Task bf560087-28b2-40a5-a757-07896fecc40f state=PENDING elapsed=8s — waiting …
2026-06-03 17:23:55 | DEBUG    | Task bf560087-28b2-40a5-a757-07896fecc40f state=PENDING elapsed=13s — waiting …
2026-06-03 17:24:00 | DEBUG    | Task bf560087-28b2-40a5-a757-07896fecc40f state=PENDING elapsed=18s — waiting …
2026-06-03 17:24:05 | DEBUG    | Task bf560087-28b2-40a5-a757-07896fecc40f state=PENDING elapsed=23s — waiting …
2026-06-03 17:24:10 | DEBUG    | Task bf560087-28b2-40a5-a757-07896fecc40f state=PENDING elapsed=28s — waiting …
2026-06-03 17:24:15 | DEBUG    | Task bf560087-28b2-40a5-a757-07896fecc40f state=PENDING elapsed=33s — waiting …
2026-06-03 17:24:20 | DEBUG    | Task bf560087-28b2-40a5-a757-07896fecc40f state=PENDING elapsed=38s — waiting …
2026-06-03 17:24:25 | DEBUG    | Task bf560087-28b2-40a5-a757-07896fecc40f state=PENDING elapsed=43s — waiting …
2026-06-03 17:24:30 | DEBUG    | Task bf560087-28b2-40a5-a757-07896fecc40f state=PENDING elapsed=48s — waiting …
2026-06-03 17:24:37 | INFO     | Task bf560087-28b2-40a5-a757-07896fecc40f FINISHED in 56s
2026-06-03 17:24:37 | INFO     | ✅ batch 82/131 (16 files) complete
2026-06-03 17:24:37 | INFO     | --- batch 83/131 (16 files) ---
2026-06-03 17:24:37 | DEBUG    |   Files: CRR201248.pdf, CRR201249.pdf, CRR201250.pdf, CRR201251.pdf, CRR201252.pdf, CRR201253.pdf, CRR201254.pdf, CRR201255.pdf, CRR201256.pdf, CRR201257.pdf, CRR201258.pdf, CRR201259.pdf, CRR201260.pdf, CRR201261.pdf, CRR201262.pdf, CRR201263.pdf
2026-06-03 17:24:41 | INFO     | Upload accepted → task_id=ac124e2c-cd8b-4277-9c41-c8d5d652a90c
2026-06-03 17:24:41 | DEBUG    | Task ac124e2c-cd8b-4277-9c41-c8d5d652a90c state=PENDING elapsed=0s — waiting …
2026-06-03 17:24:47 | DEBUG    | Task ac124e2c-cd8b-4277-9c41-c8d5d652a90c state=PENDING elapsed=6s — waiting …
2026-06-03 17:24:52 | DEBUG    | Task ac124e2c-cd8b-4277-9c41-c8d5d652a90c state=PENDING elapsed=11s — waiting …
2026-06-03 17:24:57 | DEBUG    | Task ac124e2c-cd8b-4277-9c41-c8d5d652a90c state=PENDING elapsed=16s — waiting …
2026-06-03 17:25:02 | DEBUG    | Task ac124e2c-cd8b-4277-9c41-c8d5d652a90c state=PENDING elapsed=21s — waiting …
2026-06-03 17:25:07 | DEBUG    | Task ac124e2c-cd8b-4277-9c41-c8d5d652a90c state=PENDING elapsed=26s — waiting …
2026-06-03 17:25:12 | DEBUG    | Task ac124e2c-cd8b-4277-9c41-c8d5d652a90c state=PENDING elapsed=31s — waiting …
2026-06-03 17:25:17 | DEBUG    | Task ac124e2c-cd8b-4277-9c41-c8d5d652a90c state=PENDING elapsed=36s — waiting …
2026-06-03 17:25:22 | DEBUG    | Task ac124e2c-cd8b-4277-9c41-c8d5d652a90c state=PENDING elapsed=41s — waiting …
2026-06-03 17:25:27 | DEBUG    | Task ac124e2c-cd8b-4277-9c41-c8d5d652a90c state=PENDING elapsed=46s — waiting …
2026-06-03 17:25:32 | DEBUG    | Task ac124e2c-cd8b-4277-9c41-c8d5d652a90c state=PENDING elapsed=51s — waiting …
2026-06-03 17:25:41 | INFO     | Task ac124e2c-cd8b-4277-9c41-c8d5d652a90c FINISHED in 60s
2026-06-03 17:25:41 | INFO     | ✅ batch 83/131 (16 files) complete
2026-06-03 17:25:41 | INFO     | --- batch 84/131 (16 files) ---
2026-06-03 17:25:41 | DEBUG    |   Files: CRR201264.pdf, CRR201265.pdf, CRR201266.pdf, CRR201267.pdf, CRR201268.pdf, CRR201269.pdf, CRR201270.pdf, CRR201271.pdf, CRR201272.pdf, CRR201273.pdf, CRR201274.pdf, CRR201275.pdf, CRR201276.pdf, CRR201277.pdf, CRR201278.pdf, CRR201279.pdf
2026-06-03 17:25:48 | INFO     | Upload accepted → task_id=888675cf-ae5e-4431-a013-45bbbc6f3bcf
2026-06-03 17:25:48 | DEBUG    | Task 888675cf-ae5e-4431-a013-45bbbc6f3bcf state=PENDING elapsed=0s — waiting …
2026-06-03 17:25:54 | DEBUG    | Task 888675cf-ae5e-4431-a013-45bbbc6f3bcf state=PENDING elapsed=6s — waiting …
2026-06-03 17:25:59 | DEBUG    | Task 888675cf-ae5e-4431-a013-45bbbc6f3bcf state=PENDING elapsed=11s — waiting …
2026-06-03 17:26:04 | DEBUG    | Task 888675cf-ae5e-4431-a013-45bbbc6f3bcf state=PENDING elapsed=16s — waiting …
2026-06-03 17:26:09 | DEBUG    | Task 888675cf-ae5e-4431-a013-45bbbc6f3bcf state=PENDING elapsed=21s — waiting …
2026-06-03 17:26:14 | DEBUG    | Task 888675cf-ae5e-4431-a013-45bbbc6f3bcf state=PENDING elapsed=26s — waiting …
2026-06-03 17:26:19 | DEBUG    | Task 888675cf-ae5e-4431-a013-45bbbc6f3bcf state=PENDING elapsed=31s — waiting …
2026-06-03 17:26:24 | DEBUG    | Task 888675cf-ae5e-4431-a013-45bbbc6f3bcf state=PENDING elapsed=36s — waiting …
2026-06-03 17:26:29 | DEBUG    | Task 888675cf-ae5e-4431-a013-45bbbc6f3bcf state=PENDING elapsed=41s — waiting …
2026-06-03 17:26:34 | DEBUG    | Task 888675cf-ae5e-4431-a013-45bbbc6f3bcf state=PENDING elapsed=46s — waiting …
2026-06-03 17:26:41 | INFO     | Task 888675cf-ae5e-4431-a013-45bbbc6f3bcf FINISHED in 53s
2026-06-03 17:26:41 | INFO     | ✅ batch 84/131 (16 files) complete
2026-06-03 17:26:41 | INFO     | --- batch 85/131 (16 files) ---
2026-06-03 17:26:41 | DEBUG    |   Files: CRR201280.pdf, CRR201281.pdf, CRR201282.pdf, CRR201283.pdf, CRR201284.pdf, CRR201285.pdf, SummaryBook2012.pdf, CRR201301.pdf, CRR201302.pdf, CRR201303.pdf, CRR201304.pdf, CRR201305.pdf, CRR201306.pdf, CRR201307.pdf, CRR201308.pdf, CRR201309.pdf
2026-06-03 17:26:47 | INFO     | Upload accepted → task_id=c7efeecc-87b4-4a2c-bc85-ece7e76a63e9
2026-06-03 17:26:47 | DEBUG    | Task c7efeecc-87b4-4a2c-bc85-ece7e76a63e9 state=PENDING elapsed=0s — waiting …
2026-06-03 17:26:52 | DEBUG    | Task c7efeecc-87b4-4a2c-bc85-ece7e76a63e9 state=PENDING elapsed=5s — waiting …
2026-06-03 17:26:57 | DEBUG    | Task c7efeecc-87b4-4a2c-bc85-ece7e76a63e9 state=PENDING elapsed=10s — waiting …
2026-06-03 17:27:02 | DEBUG    | Task c7efeecc-87b4-4a2c-bc85-ece7e76a63e9 state=PENDING elapsed=15s — waiting …
2026-06-03 17:27:07 | DEBUG    | Task c7efeecc-87b4-4a2c-bc85-ece7e76a63e9 state=PENDING elapsed=20s — waiting …
2026-06-03 17:27:12 | DEBUG    | Task c7efeecc-87b4-4a2c-bc85-ece7e76a63e9 state=PENDING elapsed=25s — waiting …
2026-06-03 17:27:17 | DEBUG    | Task c7efeecc-87b4-4a2c-bc85-ece7e76a63e9 state=PENDING elapsed=30s — waiting …
2026-06-03 17:27:22 | DEBUG    | Task c7efeecc-87b4-4a2c-bc85-ece7e76a63e9 state=PENDING elapsed=35s — waiting …
2026-06-03 17:27:27 | DEBUG    | Task c7efeecc-87b4-4a2c-bc85-ece7e76a63e9 state=PENDING elapsed=40s — waiting …
2026-06-03 17:27:32 | DEBUG    | Task c7efeecc-87b4-4a2c-bc85-ece7e76a63e9 state=PENDING elapsed=45s — waiting …
2026-06-03 17:27:37 | DEBUG    | Task c7efeecc-87b4-4a2c-bc85-ece7e76a63e9 state=PENDING elapsed=50s — waiting …
2026-06-03 17:27:42 | DEBUG    | Task c7efeecc-87b4-4a2c-bc85-ece7e76a63e9 state=PENDING elapsed=55s — waiting …
2026-06-03 17:27:47 | DEBUG    | Task c7efeecc-87b4-4a2c-bc85-ece7e76a63e9 state=PENDING elapsed=60s — waiting …
2026-06-03 17:27:52 | DEBUG    | Task c7efeecc-87b4-4a2c-bc85-ece7e76a63e9 state=PENDING elapsed=65s — waiting …
2026-06-03 17:27:57 | DEBUG    | Task c7efeecc-87b4-4a2c-bc85-ece7e76a63e9 state=PENDING elapsed=70s — waiting …
2026-06-03 17:28:02 | DEBUG    | Task c7efeecc-87b4-4a2c-bc85-ece7e76a63e9 state=PENDING elapsed=75s — waiting …
2026-06-03 17:28:07 | DEBUG    | Task c7efeecc-87b4-4a2c-bc85-ece7e76a63e9 state=PENDING elapsed=80s — waiting …
2026-06-03 17:28:12 | DEBUG    | Task c7efeecc-87b4-4a2c-bc85-ece7e76a63e9 state=PENDING elapsed=85s — waiting …
2026-06-03 17:28:17 | DEBUG    | Task c7efeecc-87b4-4a2c-bc85-ece7e76a63e9 state=PENDING elapsed=90s — waiting …
2026-06-03 17:28:22 | DEBUG    | Task c7efeecc-87b4-4a2c-bc85-ece7e76a63e9 state=PENDING elapsed=95s — waiting …
2026-06-03 17:28:27 | DEBUG    | Task c7efeecc-87b4-4a2c-bc85-ece7e76a63e9 state=PENDING elapsed=100s — waiting …
2026-06-03 17:28:32 | DEBUG    | Task c7efeecc-87b4-4a2c-bc85-ece7e76a63e9 state=PENDING elapsed=105s — waiting …
2026-06-03 17:28:37 | DEBUG    | Task c7efeecc-87b4-4a2c-bc85-ece7e76a63e9 state=PENDING elapsed=110s — waiting …
2026-06-03 17:28:42 | DEBUG    | Task c7efeecc-87b4-4a2c-bc85-ece7e76a63e9 state=PENDING elapsed=115s — waiting …
2026-06-03 17:28:47 | DEBUG    | Task c7efeecc-87b4-4a2c-bc85-ece7e76a63e9 state=PENDING elapsed=120s — waiting …
2026-06-03 17:28:52 | DEBUG    | Task c7efeecc-87b4-4a2c-bc85-ece7e76a63e9 state=PENDING elapsed=125s — waiting …
2026-06-03 17:28:57 | DEBUG    | Task c7efeecc-87b4-4a2c-bc85-ece7e76a63e9 state=PENDING elapsed=130s — waiting …
2026-06-03 17:29:06 | INFO     | Task c7efeecc-87b4-4a2c-bc85-ece7e76a63e9 FINISHED in 139s
2026-06-03 17:29:06 | INFO     | ✅ batch 85/131 (16 files) complete
2026-06-03 17:29:06 | INFO     | --- batch 86/131 (16 files) ---
2026-06-03 17:29:06 | DEBUG    |   Files: CRR201310.pdf, CRR201311.pdf, CRR201312.pdf, CRR201313.pdf, CRR201314.pdf, CRR201315.pdf, CRR201316.pdf, CRR201317.pdf, CRR201318.pdf, CRR201319.pdf, CRR201320.pdf, CRR201321.pdf, CRR201322.pdf, CRR201323.pdf, CRR201324.pdf, CRR201325.pdf
2026-06-03 17:29:12 | INFO     | Upload accepted → task_id=84880813-a013-4467-81f4-46d4d4d69d57
2026-06-03 17:29:12 | DEBUG    | Task 84880813-a013-4467-81f4-46d4d4d69d57 state=PENDING elapsed=0s — waiting …
2026-06-03 17:29:17 | DEBUG    | Task 84880813-a013-4467-81f4-46d4d4d69d57 state=PENDING elapsed=5s — waiting …
2026-06-03 17:29:31 | DEBUG    | Task 84880813-a013-4467-81f4-46d4d4d69d57 state=PENDING elapsed=19s — waiting …
2026-06-03 17:29:36 | DEBUG    | Task 84880813-a013-4467-81f4-46d4d4d69d57 state=PENDING elapsed=24s — waiting …
2026-06-03 17:29:41 | DEBUG    | Task 84880813-a013-4467-81f4-46d4d4d69d57 state=PENDING elapsed=29s — waiting …
2026-06-03 17:29:46 | DEBUG    | Task 84880813-a013-4467-81f4-46d4d4d69d57 state=PENDING elapsed=34s — waiting …
2026-06-03 17:29:51 | DEBUG    | Task 84880813-a013-4467-81f4-46d4d4d69d57 state=PENDING elapsed=39s — waiting …
2026-06-03 17:29:56 | DEBUG    | Task 84880813-a013-4467-81f4-46d4d4d69d57 state=PENDING elapsed=44s — waiting …
2026-06-03 17:30:01 | DEBUG    | Task 84880813-a013-4467-81f4-46d4d4d69d57 state=PENDING elapsed=49s — waiting …
2026-06-03 17:30:08 | INFO     | Task 84880813-a013-4467-81f4-46d4d4d69d57 FINISHED in 57s
2026-06-03 17:30:08 | INFO     | ✅ batch 86/131 (16 files) complete
2026-06-03 17:30:08 | INFO     | --- batch 87/131 (16 files) ---
2026-06-03 17:30:08 | DEBUG    |   Files: CRR201326.pdf, CRR201327.pdf, CRR201328.pdf, CRR201329.pdf, CRR201330.pdf, CRR201331.pdf, CRR201332.pdf, CRR201333.pdf, CRR201334.pdf, CRR201335.pdf, CRR201336.pdf, CRR201337.pdf, CRR201338.pdf, CRR201339.pdf, CRR201340.pdf, CRR201341.pdf
2026-06-03 17:30:14 | INFO     | Upload accepted → task_id=e3f2b36f-08e6-4269-a036-746676366a01
2026-06-03 17:30:14 | DEBUG    | Task e3f2b36f-08e6-4269-a036-746676366a01 state=PENDING elapsed=0s — waiting …
2026-06-03 17:30:19 | DEBUG    | Task e3f2b36f-08e6-4269-a036-746676366a01 state=PENDING elapsed=5s — waiting …
2026-06-03 17:30:24 | DEBUG    | Task e3f2b36f-08e6-4269-a036-746676366a01 state=PENDING elapsed=10s — waiting …
2026-06-03 17:30:29 | DEBUG    | Task e3f2b36f-08e6-4269-a036-746676366a01 state=PENDING elapsed=15s — waiting …
2026-06-03 17:30:36 | DEBUG    | Task e3f2b36f-08e6-4269-a036-746676366a01 state=PENDING elapsed=23s — waiting …
2026-06-03 17:30:41 | DEBUG    | Task e3f2b36f-08e6-4269-a036-746676366a01 state=PENDING elapsed=28s — waiting …
2026-06-03 17:30:46 | DEBUG    | Task e3f2b36f-08e6-4269-a036-746676366a01 state=PENDING elapsed=33s — waiting …
2026-06-03 17:30:51 | DEBUG    | Task e3f2b36f-08e6-4269-a036-746676366a01 state=PENDING elapsed=38s — waiting …
2026-06-03 17:30:56 | DEBUG    | Task e3f2b36f-08e6-4269-a036-746676366a01 state=PENDING elapsed=43s — waiting …
2026-06-03 17:31:02 | DEBUG    | Task e3f2b36f-08e6-4269-a036-746676366a01 state=PENDING elapsed=48s — waiting …
2026-06-03 17:31:07 | INFO     | Task e3f2b36f-08e6-4269-a036-746676366a01 FINISHED in 54s
2026-06-03 17:31:07 | INFO     | ✅ batch 87/131 (16 files) complete
2026-06-03 17:31:07 | INFO     | --- batch 88/131 (16 files) ---
2026-06-03 17:31:07 | DEBUG    |   Files: CRR201342.pdf, CRR201343.pdf, CRR201344.pdf, CRR201345.pdf, CRR201346.pdf, CRR201347.pdf, CRR201348.pdf, CRR201349.pdf, CRR201350.pdf, CRR201351.pdf, CRR201352.pdf, CRR201353.pdf, CRR201354.pdf, CRR201355.pdf, CRR201356.pdf, CRR201357.pdf
2026-06-03 17:31:11 | INFO     | Upload accepted → task_id=c928e087-30d6-4ad9-ab0f-efda60c60bbe
2026-06-03 17:31:11 | DEBUG    | Task c928e087-30d6-4ad9-ab0f-efda60c60bbe state=PENDING elapsed=0s — waiting …
2026-06-03 17:31:16 | DEBUG    | Task c928e087-30d6-4ad9-ab0f-efda60c60bbe state=PENDING elapsed=5s — waiting …
2026-06-03 17:31:21 | DEBUG    | Task c928e087-30d6-4ad9-ab0f-efda60c60bbe state=PENDING elapsed=10s — waiting …
2026-06-03 17:31:26 | DEBUG    | Task c928e087-30d6-4ad9-ab0f-efda60c60bbe state=PENDING elapsed=15s — waiting …
2026-06-03 17:31:31 | DEBUG    | Task c928e087-30d6-4ad9-ab0f-efda60c60bbe state=PENDING elapsed=20s — waiting …
2026-06-03 17:31:36 | DEBUG    | Task c928e087-30d6-4ad9-ab0f-efda60c60bbe state=PENDING elapsed=25s — waiting …
2026-06-03 17:31:43 | DEBUG    | Task c928e087-30d6-4ad9-ab0f-efda60c60bbe state=PENDING elapsed=32s — waiting …
2026-06-03 17:31:53 | INFO     | Task c928e087-30d6-4ad9-ab0f-efda60c60bbe FINISHED in 42s
2026-06-03 17:31:53 | INFO     | ✅ batch 88/131 (16 files) complete
2026-06-03 17:31:53 | INFO     | --- batch 89/131 (16 files) ---
2026-06-03 17:31:53 | DEBUG    |   Files: CRR201358.pdf, CRR201359.pdf, CRR201360.pdf, CRR201361.pdf, CRR201362.pdf, CRR201363.pdf, CRR201364.pdf, CRR201365.pdf, CRR201366.pdf, CRR201367.pdf, CRR201368.pdf, CRR201369.pdf, CRR201370.pdf, CRR201371.pdf, CRR201372.pdf, CRR201373.pdf
2026-06-03 17:31:59 | INFO     | Upload accepted → task_id=ae257581-6bef-40ea-9586-68cbef46fefd
2026-06-03 17:31:59 | DEBUG    | Task ae257581-6bef-40ea-9586-68cbef46fefd state=PENDING elapsed=0s — waiting …
2026-06-03 17:32:04 | DEBUG    | Task ae257581-6bef-40ea-9586-68cbef46fefd state=PENDING elapsed=5s — waiting …
2026-06-03 17:32:09 | DEBUG    | Task ae257581-6bef-40ea-9586-68cbef46fefd state=PENDING elapsed=10s — waiting …
2026-06-03 17:32:14 | DEBUG    | Task ae257581-6bef-40ea-9586-68cbef46fefd state=PENDING elapsed=15s — waiting …
2026-06-03 17:32:19 | DEBUG    | Task ae257581-6bef-40ea-9586-68cbef46fefd state=PENDING elapsed=20s — waiting …
2026-06-03 17:32:24 | DEBUG    | Task ae257581-6bef-40ea-9586-68cbef46fefd state=PENDING elapsed=25s — waiting …
2026-06-03 17:32:29 | DEBUG    | Task ae257581-6bef-40ea-9586-68cbef46fefd state=PENDING elapsed=30s — waiting …
2026-06-03 17:32:34 | DEBUG    | Task ae257581-6bef-40ea-9586-68cbef46fefd state=PENDING elapsed=35s — waiting …
2026-06-03 17:32:39 | DEBUG    | Task ae257581-6bef-40ea-9586-68cbef46fefd state=PENDING elapsed=40s — waiting …
2026-06-03 17:32:44 | DEBUG    | Task ae257581-6bef-40ea-9586-68cbef46fefd state=PENDING elapsed=45s — waiting …
2026-06-03 17:32:49 | DEBUG    | Task ae257581-6bef-40ea-9586-68cbef46fefd state=PENDING elapsed=50s — waiting …
2026-06-03 17:32:54 | DEBUG    | Task ae257581-6bef-40ea-9586-68cbef46fefd state=PENDING elapsed=55s — waiting …
2026-06-03 17:32:59 | DEBUG    | Task ae257581-6bef-40ea-9586-68cbef46fefd state=PENDING elapsed=60s — waiting …
2026-06-03 17:33:05 | INFO     | Task ae257581-6bef-40ea-9586-68cbef46fefd FINISHED in 66s
2026-06-03 17:33:05 | INFO     | ✅ batch 89/131 (16 files) complete
2026-06-03 17:33:05 | INFO     | --- batch 90/131 (16 files) ---
2026-06-03 17:33:05 | DEBUG    |   Files: CRR201374.pdf, CRR201375.pdf, CRR201376.pdf, CRR201377.pdf, CRR201378.pdf, CRR201379.pdf, CRR201380.pdf, CRR201381.pdf, CRR201382.pdf, CRR201383.pdf, CRR201384.pdf, CRR201385.pdf, CRR201386.pdf, SummaryBook2013.pdf, CRR201401.pdf, CRR201402.pdf
2026-06-03 17:33:10 | INFO     | Upload accepted → task_id=d16b0cee-98c9-4b5a-a128-7994c9ef2446
2026-06-03 17:33:10 | DEBUG    | Task d16b0cee-98c9-4b5a-a128-7994c9ef2446 state=PENDING elapsed=0s — waiting …
2026-06-03 17:33:15 | DEBUG    | Task d16b0cee-98c9-4b5a-a128-7994c9ef2446 state=PENDING elapsed=5s — waiting …
2026-06-03 17:33:20 | DEBUG    | Task d16b0cee-98c9-4b5a-a128-7994c9ef2446 state=PENDING elapsed=10s — waiting …
2026-06-03 17:33:25 | DEBUG    | Task d16b0cee-98c9-4b5a-a128-7994c9ef2446 state=PENDING elapsed=15s — waiting …
2026-06-03 17:33:30 | DEBUG    | Task d16b0cee-98c9-4b5a-a128-7994c9ef2446 state=PENDING elapsed=20s — waiting …
2026-06-03 17:33:35 | DEBUG    | Task d16b0cee-98c9-4b5a-a128-7994c9ef2446 state=PENDING elapsed=25s — waiting …
2026-06-03 17:33:40 | DEBUG    | Task d16b0cee-98c9-4b5a-a128-7994c9ef2446 state=PENDING elapsed=30s — waiting …
2026-06-03 17:33:46 | DEBUG    | Task d16b0cee-98c9-4b5a-a128-7994c9ef2446 state=PENDING elapsed=36s — waiting …
2026-06-03 17:33:51 | DEBUG    | Task d16b0cee-98c9-4b5a-a128-7994c9ef2446 state=PENDING elapsed=41s — waiting …
2026-06-03 17:33:56 | DEBUG    | Task d16b0cee-98c9-4b5a-a128-7994c9ef2446 state=PENDING elapsed=46s — waiting …
2026-06-03 17:34:01 | DEBUG    | Task d16b0cee-98c9-4b5a-a128-7994c9ef2446 state=PENDING elapsed=51s — waiting …
2026-06-03 17:34:06 | DEBUG    | Task d16b0cee-98c9-4b5a-a128-7994c9ef2446 state=PENDING elapsed=56s — waiting …
2026-06-03 17:34:14 | INFO     | Task d16b0cee-98c9-4b5a-a128-7994c9ef2446 FINISHED in 64s
2026-06-03 17:34:14 | INFO     | ✅ batch 90/131 (16 files) complete
2026-06-03 17:34:14 | INFO     | --- batch 91/131 (16 files) ---
2026-06-03 17:34:14 | DEBUG    |   Files: CRR201403.pdf, CRR201404.pdf, CRR201405.pdf, CRR201406.pdf, CRR201407.pdf, CRR201408.pdf, CRR201409.pdf, CRR201410.pdf, CRR201411.pdf, CRR201412.pdf, CRR201413.pdf, CRR201414.pdf, CRR201415.pdf, CRR201416.pdf, CRR201417.pdf, CRR201418.pdf
2026-06-03 17:34:18 | INFO     | Upload accepted → task_id=7012112b-3ac0-44ad-ba36-2b5024ce798f
2026-06-03 17:34:18 | DEBUG    | Task 7012112b-3ac0-44ad-ba36-2b5024ce798f state=PENDING elapsed=0s — waiting …
2026-06-03 17:34:23 | DEBUG    | Task 7012112b-3ac0-44ad-ba36-2b5024ce798f state=PENDING elapsed=5s — waiting …
2026-06-03 17:34:28 | DEBUG    | Task 7012112b-3ac0-44ad-ba36-2b5024ce798f state=PENDING elapsed=10s — waiting …
2026-06-03 17:34:33 | DEBUG    | Task 7012112b-3ac0-44ad-ba36-2b5024ce798f state=PENDING elapsed=15s — waiting …
2026-06-03 17:34:38 | DEBUG    | Task 7012112b-3ac0-44ad-ba36-2b5024ce798f state=PENDING elapsed=20s — waiting …
2026-06-03 17:34:43 | DEBUG    | Task 7012112b-3ac0-44ad-ba36-2b5024ce798f state=PENDING elapsed=25s — waiting …
2026-06-03 17:34:48 | DEBUG    | Task 7012112b-3ac0-44ad-ba36-2b5024ce798f state=PENDING elapsed=30s — waiting …
2026-06-03 17:34:53 | DEBUG    | Task 7012112b-3ac0-44ad-ba36-2b5024ce798f state=PENDING elapsed=35s — waiting …
2026-06-03 17:34:59 | INFO     | Task 7012112b-3ac0-44ad-ba36-2b5024ce798f FINISHED in 42s
2026-06-03 17:34:59 | INFO     | ✅ batch 91/131 (16 files) complete
2026-06-03 17:34:59 | INFO     | --- batch 92/131 (16 files) ---
2026-06-03 17:34:59 | DEBUG    |   Files: CRR201419.pdf, CRR201420.pdf, CRR201421.pdf, CRR201422.pdf, CRR201423.pdf, CRR201424.pdf, CRR201425.pdf, CRR201426.pdf, CRR201427.pdf, CRR201428.pdf, CRR201429.pdf, CRR201430.pdf, CRR201431.pdf, CRR201432.pdf, CRR201433.pdf, CRR201434.pdf
2026-06-03 17:35:04 | INFO     | Upload accepted → task_id=66abf86b-139b-4fe9-880b-73a1c416659e
2026-06-03 17:35:04 | DEBUG    | Task 66abf86b-139b-4fe9-880b-73a1c416659e state=PENDING elapsed=0s — waiting …
2026-06-03 17:35:09 | DEBUG    | Task 66abf86b-139b-4fe9-880b-73a1c416659e state=PENDING elapsed=5s — waiting …
2026-06-03 17:35:14 | DEBUG    | Task 66abf86b-139b-4fe9-880b-73a1c416659e state=PENDING elapsed=10s — waiting …
2026-06-03 17:35:19 | DEBUG    | Task 66abf86b-139b-4fe9-880b-73a1c416659e state=PENDING elapsed=15s — waiting …
2026-06-03 17:35:24 | DEBUG    | Task 66abf86b-139b-4fe9-880b-73a1c416659e state=PENDING elapsed=20s — waiting …
2026-06-03 17:35:29 | DEBUG    | Task 66abf86b-139b-4fe9-880b-73a1c416659e state=PENDING elapsed=25s — waiting …
2026-06-03 17:35:34 | DEBUG    | Task 66abf86b-139b-4fe9-880b-73a1c416659e state=PENDING elapsed=30s — waiting …
2026-06-03 17:35:39 | DEBUG    | Task 66abf86b-139b-4fe9-880b-73a1c416659e state=PENDING elapsed=35s — waiting …
2026-06-03 17:35:44 | DEBUG    | Task 66abf86b-139b-4fe9-880b-73a1c416659e state=PENDING elapsed=40s — waiting …
2026-06-03 17:35:49 | DEBUG    | Task 66abf86b-139b-4fe9-880b-73a1c416659e state=PENDING elapsed=45s — waiting …
2026-06-03 17:35:56 | INFO     | Task 66abf86b-139b-4fe9-880b-73a1c416659e FINISHED in 52s
2026-06-03 17:35:56 | INFO     | ✅ batch 92/131 (16 files) complete
2026-06-03 17:35:56 | INFO     | --- batch 93/131 (16 files) ---
2026-06-03 17:35:56 | DEBUG    |   Files: CRR201435.pdf, CRR201436.pdf, CRR201437.pdf, CRR201438.pdf, CRR201439.pdf, CRR201440.pdf, CRR201441.pdf, CRR201442.pdf, CRR201443.pdf, CRR201444.pdf, CRR201445.pdf, CRR201446.pdf, CRR201447.pdf, CRR201448.pdf, CRR201449.pdf, CRR201450.pdf
2026-06-03 17:36:00 | INFO     | Upload accepted → task_id=1b9f609d-eeb2-4cad-a364-c0515d3a682b
2026-06-03 17:36:00 | DEBUG    | Task 1b9f609d-eeb2-4cad-a364-c0515d3a682b state=PENDING elapsed=0s — waiting …
2026-06-03 17:36:05 | DEBUG    | Task 1b9f609d-eeb2-4cad-a364-c0515d3a682b state=PENDING elapsed=5s — waiting …
2026-06-03 17:36:10 | DEBUG    | Task 1b9f609d-eeb2-4cad-a364-c0515d3a682b state=PENDING elapsed=10s — waiting …
2026-06-03 17:36:15 | DEBUG    | Task 1b9f609d-eeb2-4cad-a364-c0515d3a682b state=PENDING elapsed=15s — waiting …
2026-06-03 17:36:20 | DEBUG    | Task 1b9f609d-eeb2-4cad-a364-c0515d3a682b state=PENDING elapsed=20s — waiting …
2026-06-03 17:36:27 | INFO     | Task 1b9f609d-eeb2-4cad-a364-c0515d3a682b FINISHED in 28s
2026-06-03 17:36:27 | INFO     | ✅ batch 93/131 (16 files) complete
2026-06-03 17:36:27 | INFO     | --- batch 94/131 (16 files) ---
2026-06-03 17:36:27 | DEBUG    |   Files: CRR201451.pdf, CRR201452.pdf, CRR201453.pdf, CRR201454.pdf, CRR201455.pdf, CRR201456.pdf, CRR201457.pdf, CRR201458.pdf, CRR201459.pdf, CRR201460.pdf, CRR201461.pdf, CRR201462.pdf, CRR201463.pdf, CRR201464.pdf, CRR201465.pdf, CRR201466.pdf
2026-06-03 17:36:33 | INFO     | Upload accepted → task_id=ea3bdb59-8db7-4abf-9d1a-eff3282b2e4c
2026-06-03 17:36:33 | DEBUG    | Task ea3bdb59-8db7-4abf-9d1a-eff3282b2e4c state=PENDING elapsed=0s — waiting …
2026-06-03 17:36:38 | DEBUG    | Task ea3bdb59-8db7-4abf-9d1a-eff3282b2e4c state=PENDING elapsed=5s — waiting …
2026-06-03 17:36:43 | DEBUG    | Task ea3bdb59-8db7-4abf-9d1a-eff3282b2e4c state=PENDING elapsed=10s — waiting …
2026-06-03 17:36:48 | DEBUG    | Task ea3bdb59-8db7-4abf-9d1a-eff3282b2e4c state=PENDING elapsed=15s — waiting …
2026-06-03 17:36:53 | DEBUG    | Task ea3bdb59-8db7-4abf-9d1a-eff3282b2e4c state=PENDING elapsed=20s — waiting …
2026-06-03 17:36:58 | DEBUG    | Task ea3bdb59-8db7-4abf-9d1a-eff3282b2e4c state=PENDING elapsed=25s — waiting …
2026-06-03 17:37:03 | DEBUG    | Task ea3bdb59-8db7-4abf-9d1a-eff3282b2e4c state=PENDING elapsed=30s — waiting …
2026-06-03 17:37:08 | DEBUG    | Task ea3bdb59-8db7-4abf-9d1a-eff3282b2e4c state=PENDING elapsed=35s — waiting …
2026-06-03 17:37:17 | INFO     | Task ea3bdb59-8db7-4abf-9d1a-eff3282b2e4c FINISHED in 44s
2026-06-03 17:37:17 | INFO     | ✅ batch 94/131 (16 files) complete
2026-06-03 17:37:17 | INFO     | --- batch 95/131 (16 files) ---
2026-06-03 17:37:17 | DEBUG    |   Files: CRR201467.pdf, CRR201468.pdf, CRR201469.pdf, CRR201470.pdf, CRR201471.pdf, CRR201472.pdf, CRR201473.pdf, CRR201474.pdf, CRR201475.pdf, CRR201476.pdf, CRR201477.pdf, CRR201478.pdf, CRR201479.pdf, CRR201480.pdf, SummaryBook2014.pdf, CRR201501.pdf
2026-06-03 17:37:22 | INFO     | Upload accepted → task_id=e3f00dbd-aa08-4fb7-b5b3-c0d551e3e74b
2026-06-03 17:37:22 | DEBUG    | Task e3f00dbd-aa08-4fb7-b5b3-c0d551e3e74b state=PENDING elapsed=0s — waiting …
2026-06-03 17:37:27 | DEBUG    | Task e3f00dbd-aa08-4fb7-b5b3-c0d551e3e74b state=PENDING elapsed=5s — waiting …
2026-06-03 17:37:32 | DEBUG    | Task e3f00dbd-aa08-4fb7-b5b3-c0d551e3e74b state=PENDING elapsed=10s — waiting …
2026-06-03 17:37:37 | DEBUG    | Task e3f00dbd-aa08-4fb7-b5b3-c0d551e3e74b state=PENDING elapsed=15s — waiting …
2026-06-03 17:37:42 | DEBUG    | Task e3f00dbd-aa08-4fb7-b5b3-c0d551e3e74b state=PENDING elapsed=20s — waiting …
2026-06-03 17:37:47 | DEBUG    | Task e3f00dbd-aa08-4fb7-b5b3-c0d551e3e74b state=PENDING elapsed=25s — waiting …
2026-06-03 17:37:52 | DEBUG    | Task e3f00dbd-aa08-4fb7-b5b3-c0d551e3e74b state=PENDING elapsed=30s — waiting …
2026-06-03 17:37:57 | DEBUG    | Task e3f00dbd-aa08-4fb7-b5b3-c0d551e3e74b state=PENDING elapsed=35s — waiting …
2026-06-03 17:38:02 | DEBUG    | Task e3f00dbd-aa08-4fb7-b5b3-c0d551e3e74b state=PENDING elapsed=40s — waiting …
2026-06-03 17:38:07 | DEBUG    | Task e3f00dbd-aa08-4fb7-b5b3-c0d551e3e74b state=PENDING elapsed=45s — waiting …
2026-06-03 17:38:12 | DEBUG    | Task e3f00dbd-aa08-4fb7-b5b3-c0d551e3e74b state=PENDING elapsed=50s — waiting …
2026-06-03 17:38:17 | DEBUG    | Task e3f00dbd-aa08-4fb7-b5b3-c0d551e3e74b state=PENDING elapsed=55s — waiting …
2026-06-03 17:38:22 | INFO     | Task e3f00dbd-aa08-4fb7-b5b3-c0d551e3e74b FINISHED in 60s
2026-06-03 17:38:22 | INFO     | ✅ batch 95/131 (16 files) complete
2026-06-03 17:38:22 | INFO     | --- batch 96/131 (16 files) ---
2026-06-03 17:38:22 | DEBUG    |   Files: CRR201502.pdf, CRR201503.pdf, CRR201504.pdf, CRR201505.pdf, CRR201506.pdf, CRR201507.pdf, CRR201508.pdf, CRR201509.pdf, CRR201510.pdf, CRR201511.pdf, CRR201512.pdf, CRR201513.pdf, CRR201514.pdf, CRR201515.pdf, CRR201516.pdf, CRR201517.pdf
2026-06-03 17:38:28 | INFO     | Upload accepted → task_id=c3a210a5-99fe-4698-9e8b-6714d9facb51
2026-06-03 17:38:28 | DEBUG    | Task c3a210a5-99fe-4698-9e8b-6714d9facb51 state=PENDING elapsed=0s — waiting …
2026-06-03 17:38:33 | DEBUG    | Task c3a210a5-99fe-4698-9e8b-6714d9facb51 state=PENDING elapsed=5s — waiting …
2026-06-03 17:38:38 | DEBUG    | Task c3a210a5-99fe-4698-9e8b-6714d9facb51 state=PENDING elapsed=10s — waiting …
2026-06-03 17:38:43 | DEBUG    | Task c3a210a5-99fe-4698-9e8b-6714d9facb51 state=PENDING elapsed=15s — waiting …
2026-06-03 17:38:48 | DEBUG    | Task c3a210a5-99fe-4698-9e8b-6714d9facb51 state=PENDING elapsed=20s — waiting …
2026-06-03 17:38:53 | DEBUG    | Task c3a210a5-99fe-4698-9e8b-6714d9facb51 state=PENDING elapsed=25s — waiting …
2026-06-03 17:38:58 | DEBUG    | Task c3a210a5-99fe-4698-9e8b-6714d9facb51 state=PENDING elapsed=30s — waiting …
2026-06-03 17:39:03 | DEBUG    | Task c3a210a5-99fe-4698-9e8b-6714d9facb51 state=PENDING elapsed=35s — waiting …
2026-06-03 17:39:11 | INFO     | Task c3a210a5-99fe-4698-9e8b-6714d9facb51 FINISHED in 44s
2026-06-03 17:39:11 | INFO     | ✅ batch 96/131 (16 files) complete
2026-06-03 17:39:11 | INFO     | --- batch 97/131 (16 files) ---
2026-06-03 17:39:11 | DEBUG    |   Files: CRR201518.pdf, CRR201519.pdf, CRR201520.pdf, CRR201521.pdf, CRR201522.pdf, CRR201523.pdf, CRR201524.pdf, CRR201525.pdf, CRR201526.pdf, CRR201527.pdf, CRR201528.pdf, CRR201529.pdf, CRR201530.pdf, CRR201531.pdf, CRR201532.pdf, CRR201533.pdf
2026-06-03 17:39:15 | INFO     | Upload accepted → task_id=d82512a5-b3a1-4c7a-8f9f-3429586ad069
2026-06-03 17:39:15 | DEBUG    | Task d82512a5-b3a1-4c7a-8f9f-3429586ad069 state=PENDING elapsed=0s — waiting …
2026-06-03 17:39:20 | DEBUG    | Task d82512a5-b3a1-4c7a-8f9f-3429586ad069 state=PENDING elapsed=5s — waiting …
2026-06-03 17:39:25 | DEBUG    | Task d82512a5-b3a1-4c7a-8f9f-3429586ad069 state=PENDING elapsed=10s — waiting …
2026-06-03 17:39:30 | DEBUG    | Task d82512a5-b3a1-4c7a-8f9f-3429586ad069 state=PENDING elapsed=15s — waiting …
2026-06-03 17:39:35 | DEBUG    | Task d82512a5-b3a1-4c7a-8f9f-3429586ad069 state=PENDING elapsed=20s — waiting …
2026-06-03 17:39:40 | DEBUG    | Task d82512a5-b3a1-4c7a-8f9f-3429586ad069 state=PENDING elapsed=25s — waiting …
2026-06-03 17:39:45 | DEBUG    | Task d82512a5-b3a1-4c7a-8f9f-3429586ad069 state=PENDING elapsed=30s — waiting …
2026-06-03 17:39:51 | DEBUG    | Task d82512a5-b3a1-4c7a-8f9f-3429586ad069 state=PENDING elapsed=35s — waiting …
2026-06-03 17:39:57 | INFO     | Task d82512a5-b3a1-4c7a-8f9f-3429586ad069 FINISHED in 41s
2026-06-03 17:39:57 | INFO     | ✅ batch 97/131 (16 files) complete
2026-06-03 17:39:57 | INFO     | --- batch 98/131 (16 files) ---
2026-06-03 17:39:57 | DEBUG    |   Files: CRR201534.pdf, CRR201535.pdf, CRR201536.pdf, CRR201537.pdf, CRR201538.pdf, CRR201539.pdf, CRR201540.pdf, CRR201541.pdf, CRR201542.pdf, CRR201543.pdf, CRR201544.pdf, CRR201545.pdf, CRR201546.pdf, CRR201547.pdf, CRR201548.pdf, CRR201549.pdf
2026-06-03 17:40:01 | INFO     | Upload accepted → task_id=f6f84ab6-062c-4da5-ba9a-842e5e2def1e
2026-06-03 17:40:01 | DEBUG    | Task f6f84ab6-062c-4da5-ba9a-842e5e2def1e state=PENDING elapsed=0s — waiting …
2026-06-03 17:40:06 | DEBUG    | Task f6f84ab6-062c-4da5-ba9a-842e5e2def1e state=PENDING elapsed=5s — waiting …
2026-06-03 17:40:11 | DEBUG    | Task f6f84ab6-062c-4da5-ba9a-842e5e2def1e state=PENDING elapsed=10s — waiting …
2026-06-03 17:40:16 | DEBUG    | Task f6f84ab6-062c-4da5-ba9a-842e5e2def1e state=PENDING elapsed=15s — waiting …
2026-06-03 17:40:21 | DEBUG    | Task f6f84ab6-062c-4da5-ba9a-842e5e2def1e state=PENDING elapsed=20s — waiting …
2026-06-03 17:40:26 | DEBUG    | Task f6f84ab6-062c-4da5-ba9a-842e5e2def1e state=PENDING elapsed=25s — waiting …
2026-06-03 17:40:31 | DEBUG    | Task f6f84ab6-062c-4da5-ba9a-842e5e2def1e state=PENDING elapsed=30s — waiting …
2026-06-03 17:40:36 | DEBUG    | Task f6f84ab6-062c-4da5-ba9a-842e5e2def1e state=PENDING elapsed=35s — waiting …
2026-06-03 17:40:43 | INFO     | Task f6f84ab6-062c-4da5-ba9a-842e5e2def1e FINISHED in 42s
2026-06-03 17:40:43 | INFO     | ✅ batch 98/131 (16 files) complete
2026-06-03 17:40:43 | INFO     | --- batch 99/131 (16 files) ---
2026-06-03 17:40:43 | DEBUG    |   Files: CRR201550.pdf, CRR201551.pdf, CRR201552.pdf, CRR201553.pdf, CRR201554.pdf, CRR201555.pdf, CRR201556.pdf, CRR201557.pdf, CRR201558.pdf, CRR201559.pdf, CRR201560.pdf, CRR201561.pdf, CRR201562.pdf, CRR201563.pdf, CRR201564.pdf, CRR201565.pdf
2026-06-03 17:40:47 | INFO     | Upload accepted → task_id=4c9f3ac6-2a23-4f78-aaf8-38717a4cd89f
2026-06-03 17:40:47 | DEBUG    | Task 4c9f3ac6-2a23-4f78-aaf8-38717a4cd89f state=PENDING elapsed=0s — waiting …
2026-06-03 17:40:52 | DEBUG    | Task 4c9f3ac6-2a23-4f78-aaf8-38717a4cd89f state=PENDING elapsed=5s — waiting …
2026-06-03 17:40:57 | DEBUG    | Task 4c9f3ac6-2a23-4f78-aaf8-38717a4cd89f state=PENDING elapsed=10s — waiting …
2026-06-03 17:41:02 | DEBUG    | Task 4c9f3ac6-2a23-4f78-aaf8-38717a4cd89f state=PENDING elapsed=15s — waiting …
2026-06-03 17:41:07 | DEBUG    | Task 4c9f3ac6-2a23-4f78-aaf8-38717a4cd89f state=PENDING elapsed=20s — waiting …
2026-06-03 17:41:12 | DEBUG    | Task 4c9f3ac6-2a23-4f78-aaf8-38717a4cd89f state=PENDING elapsed=25s — waiting …
2026-06-03 17:41:17 | DEBUG    | Task 4c9f3ac6-2a23-4f78-aaf8-38717a4cd89f state=PENDING elapsed=30s — waiting …
2026-06-03 17:41:25 | INFO     | Task 4c9f3ac6-2a23-4f78-aaf8-38717a4cd89f FINISHED in 37s
2026-06-03 17:41:25 | INFO     | ✅ batch 99/131 (16 files) complete
2026-06-03 17:41:25 | INFO     | --- batch 100/131 (16 files) ---
2026-06-03 17:41:25 | DEBUG    |   Files: CRR201566.pdf, CRR201567.pdf, CRR201568.pdf, CRR201569.pdf, CRR201570.pdf, CRR201571.pdf, CRR201572.pdf, CRR201573.pdf, CRR201574.pdf, CRR201575.pdf, CRR201576.pdf, CRR201577.pdf, SummaryBook2015.pdf, CRR201600.pdf, CRR201601.pdf, CRR201602.pdf
2026-06-03 17:41:29 | INFO     | Upload accepted → task_id=ec4b831a-9c9c-4ce5-9618-d8e33cc0639c
2026-06-03 17:41:29 | DEBUG    | Task ec4b831a-9c9c-4ce5-9618-d8e33cc0639c state=PENDING elapsed=0s — waiting …
2026-06-03 17:41:34 | DEBUG    | Task ec4b831a-9c9c-4ce5-9618-d8e33cc0639c state=PENDING elapsed=5s — waiting …
2026-06-03 17:41:39 | DEBUG    | Task ec4b831a-9c9c-4ce5-9618-d8e33cc0639c state=PENDING elapsed=10s — waiting …
2026-06-03 17:41:44 | DEBUG    | Task ec4b831a-9c9c-4ce5-9618-d8e33cc0639c state=PENDING elapsed=15s — waiting …
2026-06-03 17:41:49 | DEBUG    | Task ec4b831a-9c9c-4ce5-9618-d8e33cc0639c state=PENDING elapsed=20s — waiting …
2026-06-03 17:41:54 | DEBUG    | Task ec4b831a-9c9c-4ce5-9618-d8e33cc0639c state=PENDING elapsed=25s — waiting …
2026-06-03 17:41:59 | DEBUG    | Task ec4b831a-9c9c-4ce5-9618-d8e33cc0639c state=PENDING elapsed=30s — waiting …
2026-06-03 17:42:04 | DEBUG    | Task ec4b831a-9c9c-4ce5-9618-d8e33cc0639c state=PENDING elapsed=35s — waiting …
2026-06-03 17:42:09 | DEBUG    | Task ec4b831a-9c9c-4ce5-9618-d8e33cc0639c state=PENDING elapsed=40s — waiting …
2026-06-03 17:42:14 | DEBUG    | Task ec4b831a-9c9c-4ce5-9618-d8e33cc0639c state=PENDING elapsed=45s — waiting …
2026-06-03 17:42:19 | DEBUG    | Task ec4b831a-9c9c-4ce5-9618-d8e33cc0639c state=PENDING elapsed=50s — waiting …
2026-06-03 17:42:24 | DEBUG    | Task ec4b831a-9c9c-4ce5-9618-d8e33cc0639c state=PENDING elapsed=55s — waiting …
2026-06-03 17:42:29 | DEBUG    | Task ec4b831a-9c9c-4ce5-9618-d8e33cc0639c state=PENDING elapsed=60s — waiting …
2026-06-03 17:42:34 | DEBUG    | Task ec4b831a-9c9c-4ce5-9618-d8e33cc0639c state=PENDING elapsed=65s — waiting …
2026-06-03 17:42:39 | DEBUG    | Task ec4b831a-9c9c-4ce5-9618-d8e33cc0639c state=PENDING elapsed=70s — waiting …
2026-06-03 17:42:44 | DEBUG    | Task ec4b831a-9c9c-4ce5-9618-d8e33cc0639c state=PENDING elapsed=75s — waiting …
2026-06-03 17:42:49 | DEBUG    | Task ec4b831a-9c9c-4ce5-9618-d8e33cc0639c state=PENDING elapsed=80s — waiting …
2026-06-03 17:42:54 | DEBUG    | Task ec4b831a-9c9c-4ce5-9618-d8e33cc0639c state=PENDING elapsed=85s — waiting …
2026-06-03 17:42:59 | DEBUG    | Task ec4b831a-9c9c-4ce5-9618-d8e33cc0639c state=PENDING elapsed=90s — waiting …
2026-06-03 17:43:07 | INFO     | Task ec4b831a-9c9c-4ce5-9618-d8e33cc0639c FINISHED in 97s
2026-06-03 17:43:07 | INFO     | ✅ batch 100/131 (16 files) complete
2026-06-03 17:43:07 | INFO     | --- batch 101/131 (16 files) ---
2026-06-03 17:43:07 | DEBUG    |   Files: CRR201603.pdf, CRR201604.pdf, CRR201605.pdf, CRR201606.pdf, CRR201607.pdf, CRR201608.pdf, CRR201609.pdf, CRR201610.pdf, CRR201611.pdf, CRR201612.pdf, CRR201613.pdf, CRR201614.pdf, CRR201615.pdf, CRR201616.pdf, CRR201617.pdf, CRR201618.pdf
2026-06-03 17:43:11 | INFO     | Upload accepted → task_id=76329e83-3f97-445d-8d38-1471da89a23c
2026-06-03 17:43:11 | DEBUG    | Task 76329e83-3f97-445d-8d38-1471da89a23c state=PENDING elapsed=0s — waiting …
2026-06-03 17:43:16 | DEBUG    | Task 76329e83-3f97-445d-8d38-1471da89a23c state=PENDING elapsed=5s — waiting …
2026-06-03 17:43:21 | DEBUG    | Task 76329e83-3f97-445d-8d38-1471da89a23c state=PENDING elapsed=10s — waiting …
2026-06-03 17:43:26 | DEBUG    | Task 76329e83-3f97-445d-8d38-1471da89a23c state=PENDING elapsed=15s — waiting …
2026-06-03 17:43:31 | DEBUG    | Task 76329e83-3f97-445d-8d38-1471da89a23c state=PENDING elapsed=20s — waiting …
2026-06-03 17:43:36 | DEBUG    | Task 76329e83-3f97-445d-8d38-1471da89a23c state=PENDING elapsed=25s — waiting …
2026-06-03 17:43:41 | INFO     | Task 76329e83-3f97-445d-8d38-1471da89a23c FINISHED in 31s
2026-06-03 17:43:41 | INFO     | ✅ batch 101/131 (16 files) complete
2026-06-03 17:43:41 | INFO     | --- batch 102/131 (16 files) ---
2026-06-03 17:43:41 | DEBUG    |   Files: CRR201619.pdf, CRR201620.pdf, CRR201621.pdf, CRR201622.pdf, CRR201623.pdf, CRR201624.pdf, CRR201625.pdf, CRR201626.pdf, CRR201627.pdf, CRR201628.pdf, CRR201629.pdf, CRR201630.pdf, CRR201631.pdf, CRR201632.pdf, CRR201633.pdf, CRR201634.pdf
2026-06-03 17:43:46 | INFO     | Upload accepted → task_id=a5bf9d77-0049-4f0b-a70d-cfe69329113a
2026-06-03 17:43:46 | DEBUG    | Task a5bf9d77-0049-4f0b-a70d-cfe69329113a state=PENDING elapsed=0s — waiting …
2026-06-03 17:43:51 | DEBUG    | Task a5bf9d77-0049-4f0b-a70d-cfe69329113a state=PENDING elapsed=5s — waiting …
2026-06-03 17:43:56 | DEBUG    | Task a5bf9d77-0049-4f0b-a70d-cfe69329113a state=PENDING elapsed=10s — waiting …
2026-06-03 17:44:01 | DEBUG    | Task a5bf9d77-0049-4f0b-a70d-cfe69329113a state=PENDING elapsed=15s — waiting …
2026-06-03 17:44:06 | DEBUG    | Task a5bf9d77-0049-4f0b-a70d-cfe69329113a state=PENDING elapsed=20s — waiting …
2026-06-03 17:44:11 | DEBUG    | Task a5bf9d77-0049-4f0b-a70d-cfe69329113a state=PENDING elapsed=25s — waiting …
2026-06-03 17:44:16 | DEBUG    | Task a5bf9d77-0049-4f0b-a70d-cfe69329113a state=PENDING elapsed=30s — waiting …
2026-06-03 17:44:21 | DEBUG    | Task a5bf9d77-0049-4f0b-a70d-cfe69329113a state=PENDING elapsed=35s — waiting …
2026-06-03 17:44:26 | DEBUG    | Task a5bf9d77-0049-4f0b-a70d-cfe69329113a state=PENDING elapsed=40s — waiting …
2026-06-03 17:44:33 | INFO     | Task a5bf9d77-0049-4f0b-a70d-cfe69329113a FINISHED in 48s
2026-06-03 17:44:33 | INFO     | ✅ batch 102/131 (16 files) complete
2026-06-03 17:44:33 | INFO     | --- batch 103/131 (16 files) ---
2026-06-03 17:44:33 | DEBUG    |   Files: CRR201635.pdf, CRR201636.pdf, CRR201637.pdf, CRR201638.pdf, CRR201639.pdf, CRR201640.pdf, CRR201641.pdf, CRR201642.pdf, CRR201643.pdf, CRR201644.pdf, CRR201645.pdf, CRR201646.pdf, CRR201647.pdf, CRR201648.pdf, CRR201649.pdf, CRR201650.pdf
2026-06-03 17:44:37 | INFO     | Upload accepted → task_id=c4899bc2-9693-440e-aff4-9b3598d73c62
2026-06-03 17:44:37 | DEBUG    | Task c4899bc2-9693-440e-aff4-9b3598d73c62 state=PENDING elapsed=0s — waiting …
2026-06-03 17:44:42 | DEBUG    | Task c4899bc2-9693-440e-aff4-9b3598d73c62 state=PENDING elapsed=5s — waiting …
2026-06-03 17:44:47 | DEBUG    | Task c4899bc2-9693-440e-aff4-9b3598d73c62 state=PENDING elapsed=10s — waiting …
2026-06-03 17:44:52 | DEBUG    | Task c4899bc2-9693-440e-aff4-9b3598d73c62 state=PENDING elapsed=15s — waiting …
2026-06-03 17:44:57 | DEBUG    | Task c4899bc2-9693-440e-aff4-9b3598d73c62 state=PENDING elapsed=20s — waiting …
2026-06-03 17:45:02 | DEBUG    | Task c4899bc2-9693-440e-aff4-9b3598d73c62 state=PENDING elapsed=25s — waiting …
2026-06-03 17:45:07 | DEBUG    | Task c4899bc2-9693-440e-aff4-9b3598d73c62 state=PENDING elapsed=30s — waiting …
2026-06-03 17:45:12 | DEBUG    | Task c4899bc2-9693-440e-aff4-9b3598d73c62 state=PENDING elapsed=35s — waiting …
2026-06-03 17:45:20 | INFO     | Task c4899bc2-9693-440e-aff4-9b3598d73c62 FINISHED in 43s
2026-06-03 17:45:20 | INFO     | ✅ batch 103/131 (16 files) complete
2026-06-03 17:45:20 | INFO     | --- batch 104/131 (16 files) ---
2026-06-03 17:45:20 | DEBUG    |   Files: CRR201651.pdf, CRR201652.pdf, CRR201653.pdf, CRR201654.pdf, CRR201655.pdf, CRR201656.pdf, CRR201657.pdf, CRR201658.pdf, CRR201659.pdf, CRR201660.pdf, CRR201661.pdf, CRR201662.pdf, CRR201663.pdf, CRR201664.pdf, CRR201665.pdf, CRR201666.pdf
2026-06-03 17:45:24 | INFO     | Upload accepted → task_id=1f650c3e-45eb-4163-8ec0-9c82565c87cf
2026-06-03 17:45:24 | DEBUG    | Task 1f650c3e-45eb-4163-8ec0-9c82565c87cf state=PENDING elapsed=0s — waiting …
2026-06-03 17:45:29 | DEBUG    | Task 1f650c3e-45eb-4163-8ec0-9c82565c87cf state=PENDING elapsed=5s — waiting …
2026-06-03 17:45:34 | DEBUG    | Task 1f650c3e-45eb-4163-8ec0-9c82565c87cf state=PENDING elapsed=10s — waiting …
2026-06-03 17:45:39 | DEBUG    | Task 1f650c3e-45eb-4163-8ec0-9c82565c87cf state=PENDING elapsed=15s — waiting …
2026-06-03 17:45:44 | DEBUG    | Task 1f650c3e-45eb-4163-8ec0-9c82565c87cf state=PENDING elapsed=20s — waiting …
2026-06-03 17:45:49 | DEBUG    | Task 1f650c3e-45eb-4163-8ec0-9c82565c87cf state=PENDING elapsed=25s — waiting …
2026-06-03 17:45:54 | DEBUG    | Task 1f650c3e-45eb-4163-8ec0-9c82565c87cf state=PENDING elapsed=30s — waiting …
2026-06-03 17:45:59 | DEBUG    | Task 1f650c3e-45eb-4163-8ec0-9c82565c87cf state=PENDING elapsed=35s — waiting …
2026-06-03 17:46:04 | DEBUG    | Task 1f650c3e-45eb-4163-8ec0-9c82565c87cf state=PENDING elapsed=40s — waiting …
2026-06-03 17:46:13 | INFO     | Task 1f650c3e-45eb-4163-8ec0-9c82565c87cf FINISHED in 49s
2026-06-03 17:46:13 | INFO     | ✅ batch 104/131 (16 files) complete
2026-06-03 17:46:13 | INFO     | --- batch 105/131 (16 files) ---
2026-06-03 17:46:13 | DEBUG    |   Files: CRR201667.pdf, CRR201668.pdf, CRR201669.pdf, CRR201670.pdf, CRR201671.pdf, CRR201672.pdf, CRR201673.pdf, CRR201674.pdf, CRR201675.pdf, CRR201676.pdf, CRR201677.pdf, CRR201678.pdf, CRR201679.pdf, CRR201680.pdf, CRR201681.pdf, CRR201682.pdf
2026-06-03 17:46:18 | INFO     | Upload accepted → task_id=1d6e4c82-d9c5-4f98-849d-20e829a9e956
2026-06-03 17:46:18 | DEBUG    | Task 1d6e4c82-d9c5-4f98-849d-20e829a9e956 state=PENDING elapsed=0s — waiting …
2026-06-03 17:46:23 | DEBUG    | Task 1d6e4c82-d9c5-4f98-849d-20e829a9e956 state=PENDING elapsed=5s — waiting …
2026-06-03 17:46:28 | DEBUG    | Task 1d6e4c82-d9c5-4f98-849d-20e829a9e956 state=PENDING elapsed=10s — waiting …
2026-06-03 17:46:33 | DEBUG    | Task 1d6e4c82-d9c5-4f98-849d-20e829a9e956 state=PENDING elapsed=15s — waiting …
2026-06-03 17:46:38 | DEBUG    | Task 1d6e4c82-d9c5-4f98-849d-20e829a9e956 state=PENDING elapsed=20s — waiting …
2026-06-03 17:46:43 | DEBUG    | Task 1d6e4c82-d9c5-4f98-849d-20e829a9e956 state=PENDING elapsed=25s — waiting …
2026-06-03 17:46:48 | DEBUG    | Task 1d6e4c82-d9c5-4f98-849d-20e829a9e956 state=PENDING elapsed=30s — waiting …
2026-06-03 17:46:53 | DEBUG    | Task 1d6e4c82-d9c5-4f98-849d-20e829a9e956 state=PENDING elapsed=35s — waiting …
2026-06-03 17:46:58 | DEBUG    | Task 1d6e4c82-d9c5-4f98-849d-20e829a9e956 state=PENDING elapsed=40s — waiting …
2026-06-03 17:47:03 | INFO     | Task 1d6e4c82-d9c5-4f98-849d-20e829a9e956 FINISHED in 45s
2026-06-03 17:47:03 | INFO     | ✅ batch 105/131 (16 files) complete
2026-06-03 17:47:03 | INFO     | --- batch 106/131 (16 files) ---
2026-06-03 17:47:03 | DEBUG    |   Files: CRR201683.pdf, CRR201700.pdf, CRR201701.pdf, CRR201702.pdf, CRR201703.pdf, CRR201704.pdf, CRR201705.pdf, CRR201706.pdf, CRR201707.pdf, CRR201708.pdf, CRR201709.pdf, CRR201710.pdf, CRR201711.pdf, CRR201712.pdf, CRR201713.pdf, CRR201714.pdf
2026-06-03 17:47:07 | INFO     | Upload accepted → task_id=65a76147-ac6f-4dfb-a83b-98a9d5c765fb
2026-06-03 17:47:07 | DEBUG    | Task 65a76147-ac6f-4dfb-a83b-98a9d5c765fb state=PENDING elapsed=0s — waiting …
2026-06-03 17:47:12 | DEBUG    | Task 65a76147-ac6f-4dfb-a83b-98a9d5c765fb state=PENDING elapsed=5s — waiting …
2026-06-03 17:47:17 | DEBUG    | Task 65a76147-ac6f-4dfb-a83b-98a9d5c765fb state=PENDING elapsed=10s — waiting …
2026-06-03 17:47:22 | DEBUG    | Task 65a76147-ac6f-4dfb-a83b-98a9d5c765fb state=PENDING elapsed=15s — waiting …
2026-06-03 17:47:27 | DEBUG    | Task 65a76147-ac6f-4dfb-a83b-98a9d5c765fb state=PENDING elapsed=20s — waiting …
2026-06-03 17:47:32 | DEBUG    | Task 65a76147-ac6f-4dfb-a83b-98a9d5c765fb state=PENDING elapsed=25s — waiting …
2026-06-03 17:47:37 | DEBUG    | Task 65a76147-ac6f-4dfb-a83b-98a9d5c765fb state=PENDING elapsed=30s — waiting …
2026-06-03 17:47:42 | DEBUG    | Task 65a76147-ac6f-4dfb-a83b-98a9d5c765fb state=PENDING elapsed=35s — waiting …
2026-06-03 17:47:47 | DEBUG    | Task 65a76147-ac6f-4dfb-a83b-98a9d5c765fb state=PENDING elapsed=40s — waiting …
2026-06-03 17:47:52 | DEBUG    | Task 65a76147-ac6f-4dfb-a83b-98a9d5c765fb state=PENDING elapsed=45s — waiting …
2026-06-03 17:47:57 | DEBUG    | Task 65a76147-ac6f-4dfb-a83b-98a9d5c765fb state=PENDING elapsed=50s — waiting …
2026-06-03 17:48:02 | DEBUG    | Task 65a76147-ac6f-4dfb-a83b-98a9d5c765fb state=PENDING elapsed=55s — waiting …
2026-06-03 17:48:10 | INFO     | Task 65a76147-ac6f-4dfb-a83b-98a9d5c765fb FINISHED in 63s
2026-06-03 17:48:10 | INFO     | ✅ batch 106/131 (16 files) complete
2026-06-03 17:48:10 | INFO     | --- batch 107/131 (16 files) ---
2026-06-03 17:48:10 | DEBUG    |   Files: CRR201715.pdf, CRR201716.pdf, CRR201717.pdf, CRR201718.pdf, CRR201719.pdf, CRR201720.pdf, CRR201721.pdf, CRR201722.pdf, CRR201723.pdf, CRR201724.pdf, CRR201725.pdf, CRR201726.pdf, CRR201727.pdf, CRR201728.pdf, CRR201729.pdf, CRR201730.pdf
2026-06-03 17:48:15 | INFO     | Upload accepted → task_id=883b1a9b-a17d-4a6c-b559-9db1ca83e8f3
2026-06-03 17:48:15 | DEBUG    | Task 883b1a9b-a17d-4a6c-b559-9db1ca83e8f3 state=PENDING elapsed=0s — waiting …
2026-06-03 17:48:20 | DEBUG    | Task 883b1a9b-a17d-4a6c-b559-9db1ca83e8f3 state=PENDING elapsed=5s — waiting …
2026-06-03 17:48:25 | DEBUG    | Task 883b1a9b-a17d-4a6c-b559-9db1ca83e8f3 state=PENDING elapsed=10s — waiting …
2026-06-03 17:48:30 | DEBUG    | Task 883b1a9b-a17d-4a6c-b559-9db1ca83e8f3 state=PENDING elapsed=15s — waiting …
2026-06-03 17:48:35 | DEBUG    | Task 883b1a9b-a17d-4a6c-b559-9db1ca83e8f3 state=PENDING elapsed=20s — waiting …
2026-06-03 17:48:40 | DEBUG    | Task 883b1a9b-a17d-4a6c-b559-9db1ca83e8f3 state=PENDING elapsed=25s — waiting …
2026-06-03 17:48:45 | DEBUG    | Task 883b1a9b-a17d-4a6c-b559-9db1ca83e8f3 state=PENDING elapsed=30s — waiting …
2026-06-03 17:48:50 | DEBUG    | Task 883b1a9b-a17d-4a6c-b559-9db1ca83e8f3 state=PENDING elapsed=35s — waiting …
2026-06-03 17:48:55 | DEBUG    | Task 883b1a9b-a17d-4a6c-b559-9db1ca83e8f3 state=PENDING elapsed=40s — waiting …
2026-06-03 17:49:00 | DEBUG    | Task 883b1a9b-a17d-4a6c-b559-9db1ca83e8f3 state=PENDING elapsed=45s — waiting …
2026-06-03 17:49:05 | INFO     | Task 883b1a9b-a17d-4a6c-b559-9db1ca83e8f3 FINISHED in 50s
2026-06-03 17:49:05 | INFO     | ✅ batch 107/131 (16 files) complete
2026-06-03 17:49:05 | INFO     | --- batch 108/131 (16 files) ---
2026-06-03 17:49:05 | DEBUG    |   Files: CRR201731.pdf, CRR201800.pdf, CRR201801.pdf, CRR201802.pdf, CRR201803.pdf, CRR201804.pdf, CRR201805.pdf, CRR201806.pdf, CRR201807.pdf, CRR201808.pdf, CRR201809.pdf, CRR201810.pdf, CRR201811.pdf, CRR201812.pdf, CRR201813.pdf, CRR201814.pdf
2026-06-03 17:49:09 | INFO     | Upload accepted → task_id=11e7d115-78f9-45b9-a168-fa32f00d9cef
2026-06-03 17:49:09 | DEBUG    | Task 11e7d115-78f9-45b9-a168-fa32f00d9cef state=PENDING elapsed=0s — waiting …
2026-06-03 17:49:14 | DEBUG    | Task 11e7d115-78f9-45b9-a168-fa32f00d9cef state=PENDING elapsed=5s — waiting …
2026-06-03 17:49:19 | DEBUG    | Task 11e7d115-78f9-45b9-a168-fa32f00d9cef state=PENDING elapsed=10s — waiting …
2026-06-03 17:49:24 | DEBUG    | Task 11e7d115-78f9-45b9-a168-fa32f00d9cef state=PENDING elapsed=15s — waiting …
2026-06-03 17:49:29 | DEBUG    | Task 11e7d115-78f9-45b9-a168-fa32f00d9cef state=PENDING elapsed=20s — waiting …
2026-06-03 17:49:34 | DEBUG    | Task 11e7d115-78f9-45b9-a168-fa32f00d9cef state=PENDING elapsed=25s — waiting …
2026-06-03 17:49:39 | DEBUG    | Task 11e7d115-78f9-45b9-a168-fa32f00d9cef state=PENDING elapsed=30s — waiting …
2026-06-03 17:49:44 | DEBUG    | Task 11e7d115-78f9-45b9-a168-fa32f00d9cef state=PENDING elapsed=35s — waiting …
2026-06-03 17:49:49 | DEBUG    | Task 11e7d115-78f9-45b9-a168-fa32f00d9cef state=PENDING elapsed=40s — waiting …
2026-06-03 17:49:54 | DEBUG    | Task 11e7d115-78f9-45b9-a168-fa32f00d9cef state=PENDING elapsed=45s — waiting …
2026-06-03 17:49:59 | DEBUG    | Task 11e7d115-78f9-45b9-a168-fa32f00d9cef state=PENDING elapsed=50s — waiting …
2026-06-03 17:50:04 | DEBUG    | Task 11e7d115-78f9-45b9-a168-fa32f00d9cef state=PENDING elapsed=55s — waiting …
2026-06-03 17:50:12 | INFO     | Task 11e7d115-78f9-45b9-a168-fa32f00d9cef FINISHED in 63s
2026-06-03 17:50:12 | INFO     | ✅ batch 108/131 (16 files) complete
2026-06-03 17:50:12 | INFO     | --- batch 109/131 (16 files) ---
2026-06-03 17:50:12 | DEBUG    |   Files: CRR201815.pdf, CRR201816.pdf, CRR201817.pdf, CRR201818.pdf, CRR201819.pdf, CRR201820.pdf, CRR201821.pdf, CRR201822.pdf, CRR201823.pdf, CRR201824.pdf, CRR201825.pdf, CRR201826.pdf, CRR201827.pdf, CRR201828.pdf, CRR201829.pdf, CRR201830.pdf
2026-06-03 17:50:16 | INFO     | Upload accepted → task_id=1f55edea-0612-4383-a292-79d90397a6ce
2026-06-03 17:50:16 | DEBUG    | Task 1f55edea-0612-4383-a292-79d90397a6ce state=PENDING elapsed=0s — waiting …
2026-06-03 17:50:21 | DEBUG    | Task 1f55edea-0612-4383-a292-79d90397a6ce state=PENDING elapsed=5s — waiting …
2026-06-03 17:50:27 | DEBUG    | Task 1f55edea-0612-4383-a292-79d90397a6ce state=PENDING elapsed=10s — waiting …
2026-06-03 17:50:32 | DEBUG    | Task 1f55edea-0612-4383-a292-79d90397a6ce state=PENDING elapsed=15s — waiting …
2026-06-03 17:50:37 | DEBUG    | Task 1f55edea-0612-4383-a292-79d90397a6ce state=PENDING elapsed=20s — waiting …
2026-06-03 17:50:42 | DEBUG    | Task 1f55edea-0612-4383-a292-79d90397a6ce state=PENDING elapsed=25s — waiting …
2026-06-03 17:50:47 | DEBUG    | Task 1f55edea-0612-4383-a292-79d90397a6ce state=PENDING elapsed=30s — waiting …
2026-06-03 17:50:52 | DEBUG    | Task 1f55edea-0612-4383-a292-79d90397a6ce state=PENDING elapsed=35s — waiting …
2026-06-03 17:50:58 | INFO     | Task 1f55edea-0612-4383-a292-79d90397a6ce FINISHED in 41s
2026-06-03 17:50:58 | INFO     | ✅ batch 109/131 (16 files) complete
2026-06-03 17:50:58 | INFO     | --- batch 110/131 (16 files) ---
2026-06-03 17:50:58 | DEBUG    |   Files: CRR201831.pdf, CRR201832.pdf, CRR201833.pdf, CRR201834.pdf, CRR201835.pdf, CRR201836.pdf, CRR201837.pdf, CRR201838.pdf, CRR201839.pdf, CRR201840.pdf, CRR201841.pdf, CRR201842.pdf, CRR201843.pdf, CRR201844.pdf, CRR201845.pdf, CRR201846.pdf
2026-06-03 17:51:02 | INFO     | Upload accepted → task_id=8fe380b6-5906-4789-b252-bb10d2b31076
2026-06-03 17:51:02 | DEBUG    | Task 8fe380b6-5906-4789-b252-bb10d2b31076 state=PENDING elapsed=0s — waiting …
2026-06-03 17:51:07 | DEBUG    | Task 8fe380b6-5906-4789-b252-bb10d2b31076 state=PENDING elapsed=5s — waiting …
2026-06-03 17:51:12 | DEBUG    | Task 8fe380b6-5906-4789-b252-bb10d2b31076 state=PENDING elapsed=10s — waiting …
2026-06-03 17:51:17 | DEBUG    | Task 8fe380b6-5906-4789-b252-bb10d2b31076 state=PENDING elapsed=15s — waiting …
2026-06-03 17:51:22 | DEBUG    | Task 8fe380b6-5906-4789-b252-bb10d2b31076 state=PENDING elapsed=20s — waiting …
2026-06-03 17:51:27 | DEBUG    | Task 8fe380b6-5906-4789-b252-bb10d2b31076 state=PENDING elapsed=25s — waiting …
2026-06-03 17:51:32 | DEBUG    | Task 8fe380b6-5906-4789-b252-bb10d2b31076 state=PENDING elapsed=30s — waiting …
2026-06-03 17:51:41 | INFO     | Task 8fe380b6-5906-4789-b252-bb10d2b31076 FINISHED in 38s
2026-06-03 17:51:41 | INFO     | ✅ batch 110/131 (16 files) complete
2026-06-03 17:51:41 | INFO     | --- batch 111/131 (16 files) ---
2026-06-03 17:51:41 | DEBUG    |   Files: CRR201847.pdf, CRR201848.pdf, CRR201849.pdf, CRR201850.pdf, CRR201851.pdf, CRR201852.pdf, CRR201853.pdf, CRR201854.pdf, CRR201855.pdf, CRR201856.pdf, CRR201900.pdf, CRR201901.pdf, CRR201902.pdf, CRR201903.pdf, CRR201904.pdf, CRR201905.pdf
2026-06-03 17:51:45 | INFO     | Upload accepted → task_id=729c0245-951c-4652-9b47-525b5180a0dd
2026-06-03 17:51:45 | DEBUG    | Task 729c0245-951c-4652-9b47-525b5180a0dd state=PENDING elapsed=0s — waiting …
2026-06-03 17:51:50 | DEBUG    | Task 729c0245-951c-4652-9b47-525b5180a0dd state=PENDING elapsed=5s — waiting …
2026-06-03 17:51:55 | DEBUG    | Task 729c0245-951c-4652-9b47-525b5180a0dd state=PENDING elapsed=10s — waiting …
2026-06-03 17:52:00 | DEBUG    | Task 729c0245-951c-4652-9b47-525b5180a0dd state=PENDING elapsed=15s — waiting …
2026-06-03 17:52:05 | DEBUG    | Task 729c0245-951c-4652-9b47-525b5180a0dd state=PENDING elapsed=20s — waiting …
2026-06-03 17:52:10 | DEBUG    | Task 729c0245-951c-4652-9b47-525b5180a0dd state=PENDING elapsed=25s — waiting …
2026-06-03 17:52:15 | DEBUG    | Task 729c0245-951c-4652-9b47-525b5180a0dd state=PENDING elapsed=30s — waiting …
2026-06-03 17:52:20 | DEBUG    | Task 729c0245-951c-4652-9b47-525b5180a0dd state=PENDING elapsed=35s — waiting …
2026-06-03 17:52:25 | DEBUG    | Task 729c0245-951c-4652-9b47-525b5180a0dd state=PENDING elapsed=40s — waiting …
2026-06-03 17:52:30 | DEBUG    | Task 729c0245-951c-4652-9b47-525b5180a0dd state=PENDING elapsed=45s — waiting …
2026-06-03 17:52:39 | INFO     | Task 729c0245-951c-4652-9b47-525b5180a0dd FINISHED in 54s
2026-06-03 17:52:39 | INFO     | ✅ batch 111/131 (16 files) complete
2026-06-03 17:52:39 | INFO     | --- batch 112/131 (16 files) ---
2026-06-03 17:52:39 | DEBUG    |   Files: CRR201906.pdf, CRR201907.pdf, CRR201908.pdf, CRR201909.pdf, CRR201910.pdf, CRR201912.pdf, CRR201913.pdf, CRR201914.pdf, CRR201915.pdf, CRR201916.pdf, CRR201917.pdf, CRR201918.pdf, CRR201919.pdf, CRR201920.pdf, CRR201921.pdf, CRR201922.pdf
2026-06-03 17:52:44 | INFO     | Upload accepted → task_id=5296bc69-543d-47c8-ba35-0b8b6b825707
2026-06-03 17:52:44 | DEBUG    | Task 5296bc69-543d-47c8-ba35-0b8b6b825707 state=PENDING elapsed=0s — waiting …
2026-06-03 17:52:49 | DEBUG    | Task 5296bc69-543d-47c8-ba35-0b8b6b825707 state=PENDING elapsed=5s — waiting …
2026-06-03 17:52:54 | DEBUG    | Task 5296bc69-543d-47c8-ba35-0b8b6b825707 state=PENDING elapsed=10s — waiting …
2026-06-03 17:52:59 | DEBUG    | Task 5296bc69-543d-47c8-ba35-0b8b6b825707 state=PENDING elapsed=15s — waiting …
2026-06-03 17:53:04 | DEBUG    | Task 5296bc69-543d-47c8-ba35-0b8b6b825707 state=PENDING elapsed=20s — waiting …
2026-06-03 17:53:09 | DEBUG    | Task 5296bc69-543d-47c8-ba35-0b8b6b825707 state=PENDING elapsed=25s — waiting …
2026-06-03 17:53:14 | DEBUG    | Task 5296bc69-543d-47c8-ba35-0b8b6b825707 state=PENDING elapsed=30s — waiting …
2026-06-03 17:53:19 | DEBUG    | Task 5296bc69-543d-47c8-ba35-0b8b6b825707 state=PENDING elapsed=35s — waiting …
2026-06-03 17:53:24 | DEBUG    | Task 5296bc69-543d-47c8-ba35-0b8b6b825707 state=PENDING elapsed=40s — waiting …
2026-06-03 17:53:29 | INFO     | Task 5296bc69-543d-47c8-ba35-0b8b6b825707 FINISHED in 46s
2026-06-03 17:53:29 | INFO     | ✅ batch 112/131 (16 files) complete
2026-06-03 17:53:29 | INFO     | --- batch 113/131 (16 files) ---
2026-06-03 17:53:29 | DEBUG    |   Files: CRR201923.pdf, CRR201924.pdf, CRR201925.pdf, CRR201926.pdf, CRR201927.pdf, CRR201928.pdf, CRR201929.pdf, CRR201930.pdf, CRR201931.pdf, CRR201932.pdf, CRR201933.pdf, CRR201934.pdf, CRR201935.pdf, CRR201936.pdf, CRR201937.pdf, CRR201938.pdf
2026-06-03 17:53:33 | INFO     | Upload accepted → task_id=295d207d-a3fe-457a-a4c2-456eaf108f6f
2026-06-03 17:53:33 | DEBUG    | Task 295d207d-a3fe-457a-a4c2-456eaf108f6f state=PENDING elapsed=0s — waiting …
2026-06-03 17:53:38 | DEBUG    | Task 295d207d-a3fe-457a-a4c2-456eaf108f6f state=PENDING elapsed=5s — waiting …
2026-06-03 17:53:43 | DEBUG    | Task 295d207d-a3fe-457a-a4c2-456eaf108f6f state=PENDING elapsed=10s — waiting …
2026-06-03 17:53:48 | DEBUG    | Task 295d207d-a3fe-457a-a4c2-456eaf108f6f state=PENDING elapsed=15s — waiting …
2026-06-03 17:53:53 | DEBUG    | Task 295d207d-a3fe-457a-a4c2-456eaf108f6f state=PENDING elapsed=20s — waiting …
2026-06-03 17:53:58 | DEBUG    | Task 295d207d-a3fe-457a-a4c2-456eaf108f6f state=PENDING elapsed=25s — waiting …
2026-06-03 17:54:05 | INFO     | Task 295d207d-a3fe-457a-a4c2-456eaf108f6f FINISHED in 32s
2026-06-03 17:54:05 | INFO     | ✅ batch 113/131 (16 files) complete
2026-06-03 17:54:05 | INFO     | --- batch 114/131 (16 files) ---
2026-06-03 17:54:05 | DEBUG    |   Files: CRR201939.pdf, CRR201940.pdf, CRR201941.pdf, CRR201942.pdf, CRR201943.pdf, CRR201944.pdf, CRR201945.pdf, CRR201946.pdf, CRR201947.pdf, CRR201948.pdf, CRR201949.pdf, CRR201950.pdf, CRR201951.pdf, CRR201952.pdf, CRR201953.pdf, CRR201954.pdf
2026-06-03 17:54:10 | INFO     | Upload accepted → task_id=62541f09-37ad-45d0-9b10-c686d6ddd663
2026-06-03 17:54:10 | DEBUG    | Task 62541f09-37ad-45d0-9b10-c686d6ddd663 state=PENDING elapsed=0s — waiting …
2026-06-03 17:54:15 | DEBUG    | Task 62541f09-37ad-45d0-9b10-c686d6ddd663 state=PENDING elapsed=5s — waiting …
2026-06-03 17:54:20 | DEBUG    | Task 62541f09-37ad-45d0-9b10-c686d6ddd663 state=PENDING elapsed=10s — waiting …
2026-06-03 17:54:25 | DEBUG    | Task 62541f09-37ad-45d0-9b10-c686d6ddd663 state=PENDING elapsed=15s — waiting …
2026-06-03 17:54:30 | DEBUG    | Task 62541f09-37ad-45d0-9b10-c686d6ddd663 state=PENDING elapsed=20s — waiting …
2026-06-03 17:54:35 | DEBUG    | Task 62541f09-37ad-45d0-9b10-c686d6ddd663 state=PENDING elapsed=25s — waiting …
2026-06-03 17:54:40 | DEBUG    | Task 62541f09-37ad-45d0-9b10-c686d6ddd663 state=PENDING elapsed=30s — waiting …
2026-06-03 17:54:45 | DEBUG    | Task 62541f09-37ad-45d0-9b10-c686d6ddd663 state=PENDING elapsed=35s — waiting …
2026-06-03 17:54:50 | DEBUG    | Task 62541f09-37ad-45d0-9b10-c686d6ddd663 state=PENDING elapsed=40s — waiting …
2026-06-03 17:54:55 | INFO     | Task 62541f09-37ad-45d0-9b10-c686d6ddd663 FINISHED in 46s
2026-06-03 17:54:55 | INFO     | ✅ batch 114/131 (16 files) complete
2026-06-03 17:54:55 | INFO     | --- batch 115/131 (16 files) ---
2026-06-03 17:54:55 | DEBUG    |   Files: CRR201955.pdf, CRR201956.pdf, CRR201957.pdf, CRR202000.pdf, CRR202001.pdf, CRR202002.pdf, CRR202003.pdf, CRR202004.pdf, CRR202005.pdf, CRR202006.pdf, CRR202007.pdf, CRR202008.pdf, CRR202009.pdf, CRR202010.pdf, CRR202011.pdf, CRR202012.pdf
2026-06-03 17:55:00 | INFO     | Upload accepted → task_id=c570b1c3-297f-4d56-b644-5d5c1e62326b
2026-06-03 17:55:00 | DEBUG    | Task c570b1c3-297f-4d56-b644-5d5c1e62326b state=PENDING elapsed=0s — waiting …
2026-06-03 17:55:05 | DEBUG    | Task c570b1c3-297f-4d56-b644-5d5c1e62326b state=PENDING elapsed=5s — waiting …
2026-06-03 17:55:10 | DEBUG    | Task c570b1c3-297f-4d56-b644-5d5c1e62326b state=PENDING elapsed=10s — waiting …
2026-06-03 17:55:15 | DEBUG    | Task c570b1c3-297f-4d56-b644-5d5c1e62326b state=PENDING elapsed=15s — waiting …
2026-06-03 17:55:20 | DEBUG    | Task c570b1c3-297f-4d56-b644-5d5c1e62326b state=PENDING elapsed=20s — waiting …
2026-06-03 17:55:25 | DEBUG    | Task c570b1c3-297f-4d56-b644-5d5c1e62326b state=PENDING elapsed=25s — waiting …
2026-06-03 17:55:30 | DEBUG    | Task c570b1c3-297f-4d56-b644-5d5c1e62326b state=PENDING elapsed=30s — waiting …
2026-06-03 17:55:35 | DEBUG    | Task c570b1c3-297f-4d56-b644-5d5c1e62326b state=PENDING elapsed=35s — waiting …
2026-06-03 17:55:40 | DEBUG    | Task c570b1c3-297f-4d56-b644-5d5c1e62326b state=PENDING elapsed=40s — waiting …
2026-06-03 17:55:45 | DEBUG    | Task c570b1c3-297f-4d56-b644-5d5c1e62326b state=PENDING elapsed=45s — waiting …
2026-06-03 17:55:50 | DEBUG    | Task c570b1c3-297f-4d56-b644-5d5c1e62326b state=PENDING elapsed=50s — waiting …
2026-06-03 17:55:56 | INFO     | Task c570b1c3-297f-4d56-b644-5d5c1e62326b FINISHED in 56s
2026-06-03 17:55:56 | INFO     | ✅ batch 115/131 (16 files) complete
2026-06-03 17:55:56 | INFO     | --- batch 116/131 (16 files) ---
2026-06-03 17:55:56 | DEBUG    |   Files: CRR202013.pdf, CRR202014.pdf, CRR202015.pdf, CRR202016.pdf, CRR202017.pdf, CRR202018.pdf, CRR202019.pdf, CRR202020.pdf, CRR202021.pdf, CRR202022.pdf, CRR202023.pdf, CRR202024.pdf, CRR202025.pdf, CRR202026.pdf, CRR202027.pdf, CRR202028.pdf
2026-06-03 17:56:00 | INFO     | Upload accepted → task_id=3ee70231-cb26-40b4-ba03-0194cd820474
2026-06-03 17:56:00 | DEBUG    | Task 3ee70231-cb26-40b4-ba03-0194cd820474 state=PENDING elapsed=0s — waiting …
2026-06-03 17:56:05 | DEBUG    | Task 3ee70231-cb26-40b4-ba03-0194cd820474 state=PENDING elapsed=5s — waiting …
2026-06-03 17:56:10 | DEBUG    | Task 3ee70231-cb26-40b4-ba03-0194cd820474 state=PENDING elapsed=10s — waiting …
2026-06-03 17:56:15 | DEBUG    | Task 3ee70231-cb26-40b4-ba03-0194cd820474 state=PENDING elapsed=15s — waiting …
2026-06-03 17:56:20 | DEBUG    | Task 3ee70231-cb26-40b4-ba03-0194cd820474 state=PENDING elapsed=20s — waiting …
2026-06-03 17:56:25 | DEBUG    | Task 3ee70231-cb26-40b4-ba03-0194cd820474 state=PENDING elapsed=25s — waiting …
2026-06-03 17:56:30 | DEBUG    | Task 3ee70231-cb26-40b4-ba03-0194cd820474 state=PENDING elapsed=30s — waiting …
2026-06-03 17:56:38 | INFO     | Task 3ee70231-cb26-40b4-ba03-0194cd820474 FINISHED in 37s
2026-06-03 17:56:38 | INFO     | ✅ batch 116/131 (16 files) complete
2026-06-03 17:56:38 | INFO     | --- batch 117/131 (16 files) ---
2026-06-03 17:56:38 | DEBUG    |   Files: CRR202029.pdf, CRR202030.pdf, CRR202031.pdf, CRR202032.pdf, CRR202033.pdf, CRR202034.pdf, CRR202035.pdf, CRR202036.pdf, CRR202037.pdf, CRR202038.pdf, CRR202039.pdf, CRR202040.pdf, CRR202041.pdf, CRR202042.pdf, CRR202043.pdf, CRR202044.pdf
2026-06-03 17:56:42 | INFO     | Upload accepted → task_id=c0e72dfd-bfea-4b06-9ba1-0b43416e961b
2026-06-03 17:56:42 | DEBUG    | Task c0e72dfd-bfea-4b06-9ba1-0b43416e961b state=PENDING elapsed=0s — waiting …
2026-06-03 17:56:47 | DEBUG    | Task c0e72dfd-bfea-4b06-9ba1-0b43416e961b state=PENDING elapsed=5s — waiting …
2026-06-03 17:56:52 | DEBUG    | Task c0e72dfd-bfea-4b06-9ba1-0b43416e961b state=PENDING elapsed=10s — waiting …
2026-06-03 17:56:57 | DEBUG    | Task c0e72dfd-bfea-4b06-9ba1-0b43416e961b state=PENDING elapsed=15s — waiting …
2026-06-03 17:57:02 | DEBUG    | Task c0e72dfd-bfea-4b06-9ba1-0b43416e961b state=PENDING elapsed=20s — waiting …
2026-06-03 17:57:07 | DEBUG    | Task c0e72dfd-bfea-4b06-9ba1-0b43416e961b state=PENDING elapsed=25s — waiting …
2026-06-03 17:57:12 | DEBUG    | Task c0e72dfd-bfea-4b06-9ba1-0b43416e961b state=PENDING elapsed=30s — waiting …
2026-06-03 17:57:17 | INFO     | Task c0e72dfd-bfea-4b06-9ba1-0b43416e961b FINISHED in 35s
2026-06-03 17:57:17 | INFO     | ✅ batch 117/131 (16 files) complete
2026-06-03 17:57:17 | INFO     | --- batch 118/131 (16 files) ---
2026-06-03 17:57:17 | DEBUG    |   Files: CRR202045.pdf, CRR202046.pdf, CRR202047.pdf, CRR202048.pdf, CRR202049.pdf, CRR202050.pdf, CRR202051.pdf, CRR202052.pdf, CRR202053.pdf, CRR202054.pdf, CRR202055.pdf, CRR202056.pdf, CRR202057.pdf, CRR202058.pdf, CRR202059.pdf, CRR202060.pdf
2026-06-03 17:57:21 | INFO     | Upload accepted → task_id=0759c1a5-16e8-4ae8-9274-70bb50b45580
2026-06-03 17:57:21 | DEBUG    | Task 0759c1a5-16e8-4ae8-9274-70bb50b45580 state=PENDING elapsed=0s — waiting …
2026-06-03 17:57:26 | DEBUG    | Task 0759c1a5-16e8-4ae8-9274-70bb50b45580 state=PENDING elapsed=5s — waiting …
2026-06-03 17:57:31 | DEBUG    | Task 0759c1a5-16e8-4ae8-9274-70bb50b45580 state=PENDING elapsed=10s — waiting …
2026-06-03 17:57:36 | DEBUG    | Task 0759c1a5-16e8-4ae8-9274-70bb50b45580 state=PENDING elapsed=15s — waiting …
2026-06-03 17:57:41 | DEBUG    | Task 0759c1a5-16e8-4ae8-9274-70bb50b45580 state=PENDING elapsed=20s — waiting …
2026-06-03 17:57:46 | DEBUG    | Task 0759c1a5-16e8-4ae8-9274-70bb50b45580 state=PENDING elapsed=25s — waiting …
2026-06-03 17:57:51 | DEBUG    | Task 0759c1a5-16e8-4ae8-9274-70bb50b45580 state=PENDING elapsed=30s — waiting …
2026-06-03 17:57:56 | DEBUG    | Task 0759c1a5-16e8-4ae8-9274-70bb50b45580 state=PENDING elapsed=35s — waiting …
2026-06-03 17:58:05 | INFO     | Task 0759c1a5-16e8-4ae8-9274-70bb50b45580 FINISHED in 44s
2026-06-03 17:58:05 | INFO     | ✅ batch 118/131 (16 files) complete
2026-06-03 17:58:05 | INFO     | --- batch 119/131 (16 files) ---
2026-06-03 17:58:05 | DEBUG    |   Files: CRR202061.pdf, CRR202062.pdf, CRR202063.pdf, CRR202064.pdf, CRR202100.pdf, CRR202101.pdf, CRR202102.pdf, CRR202103.pdf, CRR202104.pdf, CRR202105.pdf, CRR202106.pdf, CRR202107.pdf, CRR202108.pdf, CRR202109.pdf, CRR202110.pdf, CRR202111.pdf
2026-06-03 17:58:11 | INFO     | Upload accepted → task_id=1e9b6e66-ede5-4be8-8c73-260bb9633acc
2026-06-03 17:58:11 | DEBUG    | Task 1e9b6e66-ede5-4be8-8c73-260bb9633acc state=PENDING elapsed=0s — waiting …
2026-06-03 17:58:16 | DEBUG    | Task 1e9b6e66-ede5-4be8-8c73-260bb9633acc state=PENDING elapsed=5s — waiting …
2026-06-03 17:58:21 | DEBUG    | Task 1e9b6e66-ede5-4be8-8c73-260bb9633acc state=PENDING elapsed=10s — waiting …
2026-06-03 17:58:26 | DEBUG    | Task 1e9b6e66-ede5-4be8-8c73-260bb9633acc state=PENDING elapsed=15s — waiting …
2026-06-03 17:58:31 | DEBUG    | Task 1e9b6e66-ede5-4be8-8c73-260bb9633acc state=PENDING elapsed=20s — waiting …
2026-06-03 17:58:36 | DEBUG    | Task 1e9b6e66-ede5-4be8-8c73-260bb9633acc state=PENDING elapsed=25s — waiting …
2026-06-03 17:58:41 | DEBUG    | Task 1e9b6e66-ede5-4be8-8c73-260bb9633acc state=PENDING elapsed=30s — waiting …
2026-06-03 17:58:46 | DEBUG    | Task 1e9b6e66-ede5-4be8-8c73-260bb9633acc state=PENDING elapsed=35s — waiting …
2026-06-03 17:58:51 | DEBUG    | Task 1e9b6e66-ede5-4be8-8c73-260bb9633acc state=PENDING elapsed=40s — waiting …
2026-06-03 17:58:56 | DEBUG    | Task 1e9b6e66-ede5-4be8-8c73-260bb9633acc state=PENDING elapsed=45s — waiting …
2026-06-03 17:59:04 | INFO     | Task 1e9b6e66-ede5-4be8-8c73-260bb9633acc FINISHED in 53s
2026-06-03 17:59:04 | INFO     | ✅ batch 119/131 (16 files) complete
2026-06-03 17:59:04 | INFO     | --- batch 120/131 (16 files) ---
2026-06-03 17:59:04 | DEBUG    |   Files: CRR202112.pdf, CRR202113.pdf, CRR202114.pdf, CRR202115.pdf, CRR202116.pdf, CRR202117.pdf, CRR202118.pdf, CRR202119.pdf, CRR202120.pdf, CRR202121.pdf, CRR202122.pdf, CRR202123.pdf, CRR202124.pdf, CRR202125.pdf, CRR202126.pdf, CRR202127.pdf
2026-06-03 17:59:08 | INFO     | Upload accepted → task_id=b13a3951-1a15-486d-bde8-3b160d0f1250
2026-06-03 17:59:08 | DEBUG    | Task b13a3951-1a15-486d-bde8-3b160d0f1250 state=PENDING elapsed=0s — waiting …
2026-06-03 17:59:13 | DEBUG    | Task b13a3951-1a15-486d-bde8-3b160d0f1250 state=PENDING elapsed=5s — waiting …
2026-06-03 17:59:18 | DEBUG    | Task b13a3951-1a15-486d-bde8-3b160d0f1250 state=PENDING elapsed=10s — waiting …
2026-06-03 17:59:23 | DEBUG    | Task b13a3951-1a15-486d-bde8-3b160d0f1250 state=PENDING elapsed=15s — waiting …
2026-06-03 17:59:28 | DEBUG    | Task b13a3951-1a15-486d-bde8-3b160d0f1250 state=PENDING elapsed=20s — waiting …
2026-06-03 17:59:33 | DEBUG    | Task b13a3951-1a15-486d-bde8-3b160d0f1250 state=PENDING elapsed=25s — waiting …
2026-06-03 17:59:38 | DEBUG    | Task b13a3951-1a15-486d-bde8-3b160d0f1250 state=PENDING elapsed=30s — waiting …
2026-06-03 17:59:43 | INFO     | Task b13a3951-1a15-486d-bde8-3b160d0f1250 FINISHED in 35s
2026-06-03 17:59:43 | INFO     | ✅ batch 120/131 (16 files) complete
2026-06-03 17:59:43 | INFO     | --- batch 121/131 (16 files) ---
2026-06-03 17:59:43 | DEBUG    |   Files: CRR202128.pdf, CRR202129.pdf, CRR202130.pdf, CRR202131.pdf, CRR202132.pdf, CRR202133.pdf, CRR202134.pdf, CRR202135.pdf, CRR202136.pdf, CRR202137.pdf, CRR202138.pdf, CRR202139.pdf, CRR202140.pdf, CRR202141.pdf, CRR202142.pdf, CRR202143.pdf
2026-06-03 17:59:48 | INFO     | Upload accepted → task_id=485979bc-bdf8-4d0e-b122-f82846e1b144
2026-06-03 17:59:48 | DEBUG    | Task 485979bc-bdf8-4d0e-b122-f82846e1b144 state=PENDING elapsed=0s — waiting …
2026-06-03 17:59:53 | DEBUG    | Task 485979bc-bdf8-4d0e-b122-f82846e1b144 state=PENDING elapsed=5s — waiting …
2026-06-03 17:59:58 | DEBUG    | Task 485979bc-bdf8-4d0e-b122-f82846e1b144 state=PENDING elapsed=10s — waiting …
2026-06-03 18:00:03 | DEBUG    | Task 485979bc-bdf8-4d0e-b122-f82846e1b144 state=PENDING elapsed=15s — waiting …
2026-06-03 18:00:08 | DEBUG    | Task 485979bc-bdf8-4d0e-b122-f82846e1b144 state=PENDING elapsed=20s — waiting …
2026-06-03 18:00:13 | DEBUG    | Task 485979bc-bdf8-4d0e-b122-f82846e1b144 state=PENDING elapsed=25s — waiting …
2026-06-03 18:00:18 | DEBUG    | Task 485979bc-bdf8-4d0e-b122-f82846e1b144 state=PENDING elapsed=30s — waiting …
2026-06-03 18:00:27 | INFO     | Task 485979bc-bdf8-4d0e-b122-f82846e1b144 FINISHED in 39s
2026-06-03 18:00:27 | INFO     | ✅ batch 121/131 (16 files) complete
2026-06-03 18:00:27 | INFO     | --- batch 122/131 (16 files) ---
2026-06-03 18:00:27 | DEBUG    |   Files: CRR202144.pdf, CRR202145.pdf, CRR202146.pdf, CRR202147.pdf, CRR202148.pdf, CRR202149.pdf, CRR202150.pdf, CRR202151.pdf, CRR202152.pdf, CRR202200.pdf, CRR202201.pdf, CRR202202.pdf, CRR202203.pdf, CRR202204.pdf, CRR202205.pdf, CRR202206.pdf
2026-06-03 18:00:32 | INFO     | Upload accepted → task_id=65c65a22-739f-4455-bf1d-e723366796aa
2026-06-03 18:00:32 | DEBUG    | Task 65c65a22-739f-4455-bf1d-e723366796aa state=PENDING elapsed=0s — waiting …
2026-06-03 18:00:37 | DEBUG    | Task 65c65a22-739f-4455-bf1d-e723366796aa state=PENDING elapsed=5s — waiting …
2026-06-03 18:00:42 | DEBUG    | Task 65c65a22-739f-4455-bf1d-e723366796aa state=PENDING elapsed=10s — waiting …
2026-06-03 18:00:47 | DEBUG    | Task 65c65a22-739f-4455-bf1d-e723366796aa state=PENDING elapsed=15s — waiting …
2026-06-03 18:00:52 | DEBUG    | Task 65c65a22-739f-4455-bf1d-e723366796aa state=PENDING elapsed=20s — waiting …
2026-06-03 18:00:57 | DEBUG    | Task 65c65a22-739f-4455-bf1d-e723366796aa state=PENDING elapsed=25s — waiting …
2026-06-03 18:01:02 | DEBUG    | Task 65c65a22-739f-4455-bf1d-e723366796aa state=PENDING elapsed=30s — waiting …
2026-06-03 18:01:07 | DEBUG    | Task 65c65a22-739f-4455-bf1d-e723366796aa state=PENDING elapsed=35s — waiting …
2026-06-03 18:01:12 | DEBUG    | Task 65c65a22-739f-4455-bf1d-e723366796aa state=PENDING elapsed=40s — waiting …
2026-06-03 18:01:17 | DEBUG    | Task 65c65a22-739f-4455-bf1d-e723366796aa state=PENDING elapsed=45s — waiting …
2026-06-03 18:01:24 | INFO     | Task 65c65a22-739f-4455-bf1d-e723366796aa FINISHED in 52s
2026-06-03 18:01:24 | INFO     | ✅ batch 122/131 (16 files) complete
2026-06-03 18:01:24 | INFO     | --- batch 123/131 (16 files) ---
2026-06-03 18:01:24 | DEBUG    |   Files: CRR202207.pdf, CRR202208.pdf, CRR202209.pdf, CRR202210.pdf, CRR202211.pdf, CRR202212.pdf, CRR202213.pdf, CRR202214.pdf, CRR202215.pdf, CRR202216.pdf, CRR202217.pdf, CRR202218.pdf, CRR202219.pdf, CRR202220.pdf, CRR202221.pdf, CRR202222.pdf
2026-06-03 18:01:29 | INFO     | Upload accepted → task_id=752faf77-d58e-4dec-9b1f-9e41d8049a65
2026-06-03 18:01:29 | DEBUG    | Task 752faf77-d58e-4dec-9b1f-9e41d8049a65 state=PENDING elapsed=0s — waiting …
2026-06-03 18:01:34 | DEBUG    | Task 752faf77-d58e-4dec-9b1f-9e41d8049a65 state=PENDING elapsed=5s — waiting …
2026-06-03 18:01:39 | DEBUG    | Task 752faf77-d58e-4dec-9b1f-9e41d8049a65 state=PENDING elapsed=10s — waiting …
2026-06-03 18:01:44 | DEBUG    | Task 752faf77-d58e-4dec-9b1f-9e41d8049a65 state=PENDING elapsed=15s — waiting …
2026-06-03 18:01:49 | DEBUG    | Task 752faf77-d58e-4dec-9b1f-9e41d8049a65 state=PENDING elapsed=20s — waiting …
2026-06-03 18:01:54 | DEBUG    | Task 752faf77-d58e-4dec-9b1f-9e41d8049a65 state=PENDING elapsed=25s — waiting …
2026-06-03 18:01:59 | DEBUG    | Task 752faf77-d58e-4dec-9b1f-9e41d8049a65 state=PENDING elapsed=30s — waiting …
2026-06-03 18:02:04 | DEBUG    | Task 752faf77-d58e-4dec-9b1f-9e41d8049a65 state=PENDING elapsed=35s — waiting …
2026-06-03 18:02:12 | INFO     | Task 752faf77-d58e-4dec-9b1f-9e41d8049a65 FINISHED in 43s
2026-06-03 18:02:12 | INFO     | ✅ batch 123/131 (16 files) complete
2026-06-03 18:02:12 | INFO     | --- batch 124/131 (16 files) ---
2026-06-03 18:02:12 | DEBUG    |   Files: CRR202223.pdf, CRR202224.pdf, CRR202225.pdf, CRR202226.pdf, CRR202227.pdf, CRR202228.pdf, CRR202229.pdf, CRR202230.pdf, CRR202231.pdf, CRR202232.pdf, CRR202233.pdf, CRR202234.pdf, CRR202235.pdf, CRR202236.pdf, CRR202237.pdf, CRR202238.pdf
2026-06-03 18:02:17 | INFO     | Upload accepted → task_id=79422606-426d-4734-95af-6372308282c2
2026-06-03 18:02:17 | DEBUG    | Task 79422606-426d-4734-95af-6372308282c2 state=PENDING elapsed=0s — waiting …
2026-06-03 18:02:22 | DEBUG    | Task 79422606-426d-4734-95af-6372308282c2 state=PENDING elapsed=5s — waiting …
2026-06-03 18:02:27 | DEBUG    | Task 79422606-426d-4734-95af-6372308282c2 state=PENDING elapsed=10s — waiting …
2026-06-03 18:02:32 | DEBUG    | Task 79422606-426d-4734-95af-6372308282c2 state=PENDING elapsed=15s — waiting …
2026-06-03 18:02:37 | DEBUG    | Task 79422606-426d-4734-95af-6372308282c2 state=PENDING elapsed=20s — waiting …
2026-06-03 18:02:42 | DEBUG    | Task 79422606-426d-4734-95af-6372308282c2 state=PENDING elapsed=25s — waiting …
2026-06-03 18:02:47 | DEBUG    | Task 79422606-426d-4734-95af-6372308282c2 state=PENDING elapsed=30s — waiting …
2026-06-03 18:02:53 | INFO     | Task 79422606-426d-4734-95af-6372308282c2 FINISHED in 36s
2026-06-03 18:02:53 | INFO     | ✅ batch 124/131 (16 files) complete
2026-06-03 18:02:53 | INFO     | --- batch 125/131 (16 files) ---
2026-06-03 18:02:53 | DEBUG    |   Files: CRR202239.pdf, CRR202240.pdf, CRR202241.pdf, CRR202242.pdf, CRR202243.pdf, CRR202244.pdf, CRR202245.pdf, CRR202246.pdf, CRR202247.pdf, CRR202248.pdf, CRR202249.pdf, CRR202250.pdf, CRR202251.pdf, CRR202252.pdf, CRR202253.pdf, CRR202254.pdf
2026-06-03 18:02:58 | INFO     | Upload accepted → task_id=40b4fc51-8483-47b1-b2a1-e9c8e399432e
2026-06-03 18:02:58 | DEBUG    | Task 40b4fc51-8483-47b1-b2a1-e9c8e399432e state=PENDING elapsed=0s — waiting …
2026-06-03 18:03:03 | DEBUG    | Task 40b4fc51-8483-47b1-b2a1-e9c8e399432e state=PENDING elapsed=5s — waiting …
2026-06-03 18:03:08 | DEBUG    | Task 40b4fc51-8483-47b1-b2a1-e9c8e399432e state=PENDING elapsed=10s — waiting …
2026-06-03 18:03:13 | DEBUG    | Task 40b4fc51-8483-47b1-b2a1-e9c8e399432e state=PENDING elapsed=15s — waiting …
2026-06-03 18:03:18 | DEBUG    | Task 40b4fc51-8483-47b1-b2a1-e9c8e399432e state=PENDING elapsed=20s — waiting …
2026-06-03 18:03:23 | DEBUG    | Task 40b4fc51-8483-47b1-b2a1-e9c8e399432e state=PENDING elapsed=25s — waiting …
2026-06-03 18:03:28 | DEBUG    | Task 40b4fc51-8483-47b1-b2a1-e9c8e399432e state=PENDING elapsed=30s — waiting …
2026-06-03 18:03:35 | INFO     | Task 40b4fc51-8483-47b1-b2a1-e9c8e399432e FINISHED in 37s
2026-06-03 18:03:35 | INFO     | ✅ batch 125/131 (16 files) complete
2026-06-03 18:03:35 | INFO     | --- batch 126/131 (16 files) ---
2026-06-03 18:03:35 | DEBUG    |   Files: CRR202255.pdf, CRR202256.pdf, CRR202257.pdf, CRR202301.pdf, CRR202302.pdf, CRR202303.pdf, CRR202304.pdf, CRR202305.pdf, CRR202306.pdf, CRR202307.pdf, CRR202308.pdf, CRR202309.pdf, CRR202310.pdf, CRR202311.pdf, CRR202312.pdf, CRR202313.pdf
2026-06-03 18:03:41 | INFO     | Upload accepted → task_id=e01b029a-2f1b-4762-94cb-f3e93f0924cb
2026-06-03 18:03:41 | DEBUG    | Task e01b029a-2f1b-4762-94cb-f3e93f0924cb state=PENDING elapsed=0s — waiting …
2026-06-03 18:03:46 | DEBUG    | Task e01b029a-2f1b-4762-94cb-f3e93f0924cb state=PENDING elapsed=5s — waiting …
2026-06-03 18:03:51 | DEBUG    | Task e01b029a-2f1b-4762-94cb-f3e93f0924cb state=PENDING elapsed=10s — waiting …
2026-06-03 18:03:56 | DEBUG    | Task e01b029a-2f1b-4762-94cb-f3e93f0924cb state=PENDING elapsed=15s — waiting …
2026-06-03 18:04:01 | DEBUG    | Task e01b029a-2f1b-4762-94cb-f3e93f0924cb state=PENDING elapsed=20s — waiting …
2026-06-03 18:04:06 | DEBUG    | Task e01b029a-2f1b-4762-94cb-f3e93f0924cb state=PENDING elapsed=25s — waiting …
2026-06-03 18:04:11 | DEBUG    | Task e01b029a-2f1b-4762-94cb-f3e93f0924cb state=PENDING elapsed=30s — waiting …
2026-06-03 18:04:16 | DEBUG    | Task e01b029a-2f1b-4762-94cb-f3e93f0924cb state=PENDING elapsed=35s — waiting …
2026-06-03 18:04:21 | DEBUG    | Task e01b029a-2f1b-4762-94cb-f3e93f0924cb state=PENDING elapsed=40s — waiting …
2026-06-03 18:04:26 | INFO     | Task e01b029a-2f1b-4762-94cb-f3e93f0924cb FINISHED in 45s
2026-06-03 18:04:26 | INFO     | ✅ batch 126/131 (16 files) complete
2026-06-03 18:04:26 | INFO     | --- batch 127/131 (16 files) ---
2026-06-03 18:04:26 | DEBUG    |   Files: CRR202314.pdf, CRR202315.pdf, CRR202316.pdf, CRR202317.pdf, CRR202318.pdf, CRR202319.pdf, CRR202320.pdf, CRR202321.pdf, CRR202322.pdf, CRR202323.pdf, CRR202324.pdf, CRR202325.pdf, CRR202326.pdf, CRR202327.pdf, CRR202328.pdf, CRR202329.pdf
2026-06-03 18:04:30 | INFO     | Upload accepted → task_id=c524e7b1-23d3-42dd-8354-44f96ec96e25
2026-06-03 18:04:30 | DEBUG    | Task c524e7b1-23d3-42dd-8354-44f96ec96e25 state=PENDING elapsed=0s — waiting …
2026-06-03 18:04:35 | DEBUG    | Task c524e7b1-23d3-42dd-8354-44f96ec96e25 state=PENDING elapsed=5s — waiting …
2026-06-03 18:04:40 | DEBUG    | Task c524e7b1-23d3-42dd-8354-44f96ec96e25 state=PENDING elapsed=10s — waiting …
2026-06-03 18:04:45 | DEBUG    | Task c524e7b1-23d3-42dd-8354-44f96ec96e25 state=PENDING elapsed=15s — waiting …
2026-06-03 18:04:50 | DEBUG    | Task c524e7b1-23d3-42dd-8354-44f96ec96e25 state=PENDING elapsed=20s — waiting …
2026-06-03 18:04:55 | DEBUG    | Task c524e7b1-23d3-42dd-8354-44f96ec96e25 state=PENDING elapsed=25s — waiting …
2026-06-03 18:05:00 | DEBUG    | Task c524e7b1-23d3-42dd-8354-44f96ec96e25 state=PENDING elapsed=30s — waiting …
2026-06-03 18:05:05 | DEBUG    | Task c524e7b1-23d3-42dd-8354-44f96ec96e25 state=PENDING elapsed=35s — waiting …
2026-06-03 18:05:11 | INFO     | Task c524e7b1-23d3-42dd-8354-44f96ec96e25 FINISHED in 41s
2026-06-03 18:05:11 | INFO     | ✅ batch 127/131 (16 files) complete
2026-06-03 18:05:11 | INFO     | --- batch 128/131 (16 files) ---
2026-06-03 18:05:11 | DEBUG    |   Files: CRR202330.pdf, CRR202331.pdf, CRR202332.pdf, CRR202333.pdf, CRR202334.pdf, CRR202335.pdf, CRR202336.pdf, CRR202337.pdf, CRR202338.pdf, CRR202339.pdf, CRR202401.pdf, CRR202402.pdf, CRR202403.pdf, CRR202404.pdf, CRR202405.pdf, CRR202406.pdf
2026-06-03 18:05:16 | INFO     | Upload accepted → task_id=55b3cb53-397e-44e5-808e-b357e3cb8489
2026-06-03 18:05:16 | DEBUG    | Task 55b3cb53-397e-44e5-808e-b357e3cb8489 state=PENDING elapsed=0s — waiting …
2026-06-03 18:05:21 | DEBUG    | Task 55b3cb53-397e-44e5-808e-b357e3cb8489 state=PENDING elapsed=5s — waiting …
2026-06-03 18:05:26 | DEBUG    | Task 55b3cb53-397e-44e5-808e-b357e3cb8489 state=PENDING elapsed=10s — waiting …
2026-06-03 18:05:31 | DEBUG    | Task 55b3cb53-397e-44e5-808e-b357e3cb8489 state=PENDING elapsed=15s — waiting …
2026-06-03 18:05:36 | DEBUG    | Task 55b3cb53-397e-44e5-808e-b357e3cb8489 state=PENDING elapsed=20s — waiting …
2026-06-03 18:05:41 | DEBUG    | Task 55b3cb53-397e-44e5-808e-b357e3cb8489 state=PENDING elapsed=25s — waiting …
2026-06-03 18:05:46 | DEBUG    | Task 55b3cb53-397e-44e5-808e-b357e3cb8489 state=PENDING elapsed=30s — waiting …
2026-06-03 18:05:51 | DEBUG    | Task 55b3cb53-397e-44e5-808e-b357e3cb8489 state=PENDING elapsed=35s — waiting …
2026-06-03 18:05:57 | INFO     | Task 55b3cb53-397e-44e5-808e-b357e3cb8489 FINISHED in 40s
2026-06-03 18:05:57 | INFO     | ✅ batch 128/131 (16 files) complete
2026-06-03 18:05:57 | INFO     | --- batch 129/131 (16 files) ---
2026-06-03 18:05:57 | DEBUG    |   Files: CRR202407.pdf, CRR202408.pdf, CRR202409.pdf, CRR202410.pdf, CRR202411.pdf, CRR202412.pdf, CRR202413.pdf, CRR202414.pdf, CRR202415.pdf, CRR202416.pdf, CRR202417.pdf, CRR202418.pdf, CRR202419.pdf, CRR202420.pdf, CRR202421.pdf, CRR202422.pdf
2026-06-03 18:06:02 | INFO     | Upload accepted → task_id=bf7da294-5c57-4c44-b138-bc81c22f52c8
2026-06-03 18:06:02 | DEBUG    | Task bf7da294-5c57-4c44-b138-bc81c22f52c8 state=PENDING elapsed=0s — waiting …
2026-06-03 18:06:07 | DEBUG    | Task bf7da294-5c57-4c44-b138-bc81c22f52c8 state=PENDING elapsed=5s — waiting …
2026-06-03 18:06:12 | DEBUG    | Task bf7da294-5c57-4c44-b138-bc81c22f52c8 state=PENDING elapsed=10s — waiting …
2026-06-03 18:06:17 | DEBUG    | Task bf7da294-5c57-4c44-b138-bc81c22f52c8 state=PENDING elapsed=15s — waiting …
2026-06-03 18:06:22 | DEBUG    | Task bf7da294-5c57-4c44-b138-bc81c22f52c8 state=PENDING elapsed=20s — waiting …
2026-06-03 18:06:27 | DEBUG    | Task bf7da294-5c57-4c44-b138-bc81c22f52c8 state=PENDING elapsed=25s — waiting …
2026-06-03 18:06:32 | DEBUG    | Task bf7da294-5c57-4c44-b138-bc81c22f52c8 state=PENDING elapsed=30s — waiting …
2026-06-03 18:06:38 | INFO     | Task bf7da294-5c57-4c44-b138-bc81c22f52c8 FINISHED in 36s
2026-06-03 18:06:38 | INFO     | ✅ batch 129/131 (16 files) complete
2026-06-03 18:06:38 | INFO     | --- batch 130/131 (16 files) ---
2026-06-03 18:06:38 | DEBUG    |   Files: CRR202423.pdf, CRR202424.pdf, CRR202425.pdf, CRR202426.pdf, CRR202427.pdf, CRR202428.pdf, CRR202429.pdf, CRR202430.pdf, CRR202431.pdf, CRR202432.pdf, CRR202433.pdf, CRR202434.pdf, CRR202435.pdf, CRR202436.pdf, CRR202437.pdf, CRR202438.pdf
2026-06-03 18:06:43 | INFO     | Upload accepted → task_id=bfb5de77-f7d1-478d-9064-44d01d8d4a23
2026-06-03 18:06:43 | DEBUG    | Task bfb5de77-f7d1-478d-9064-44d01d8d4a23 state=PENDING elapsed=0s — waiting …
2026-06-03 18:06:48 | DEBUG    | Task bfb5de77-f7d1-478d-9064-44d01d8d4a23 state=PENDING elapsed=5s — waiting …
2026-06-03 18:06:53 | DEBUG    | Task bfb5de77-f7d1-478d-9064-44d01d8d4a23 state=PENDING elapsed=10s — waiting …
2026-06-03 18:06:58 | DEBUG    | Task bfb5de77-f7d1-478d-9064-44d01d8d4a23 state=PENDING elapsed=15s — waiting …
2026-06-03 18:07:03 | DEBUG    | Task bfb5de77-f7d1-478d-9064-44d01d8d4a23 state=PENDING elapsed=20s — waiting …
2026-06-03 18:07:08 | DEBUG    | Task bfb5de77-f7d1-478d-9064-44d01d8d4a23 state=PENDING elapsed=25s — waiting …
2026-06-03 18:07:13 | DEBUG    | Task bfb5de77-f7d1-478d-9064-44d01d8d4a23 state=PENDING elapsed=30s — waiting …
2026-06-03 18:07:18 | DEBUG    | Task bfb5de77-f7d1-478d-9064-44d01d8d4a23 state=PENDING elapsed=35s — waiting …
2026-06-03 18:07:23 | DEBUG    | Task bfb5de77-f7d1-478d-9064-44d01d8d4a23 state=PENDING elapsed=40s — waiting …
2026-06-03 18:07:28 | INFO     | Task bfb5de77-f7d1-478d-9064-44d01d8d4a23 FINISHED in 45s
2026-06-03 18:07:28 | INFO     | ✅ batch 130/131 (16 files) complete
2026-06-03 18:07:28 | INFO     | --- batch 131/131 (8 files) ---
2026-06-03 18:07:28 | DEBUG    |   Files: CRR202439.pdf, CRR202440.pdf, CRR202441.pdf, CRR202442.pdf, CRR202516.pdf, CRR202522.pdf, CRR202528.pdf, CRR202529.pdf
2026-06-03 18:07:32 | INFO     | Upload accepted → task_id=b9c331a0-90cb-41ca-84e4-2ef30c683b59
2026-06-03 18:07:32 | DEBUG    | Task b9c331a0-90cb-41ca-84e4-2ef30c683b59 state=PENDING elapsed=0s — waiting …
2026-06-03 18:07:37 | DEBUG    | Task b9c331a0-90cb-41ca-84e4-2ef30c683b59 state=PENDING elapsed=5s — waiting …
2026-06-03 18:07:42 | DEBUG    | Task b9c331a0-90cb-41ca-84e4-2ef30c683b59 state=PENDING elapsed=10s — waiting …
2026-06-03 18:07:47 | DEBUG    | Task b9c331a0-90cb-41ca-84e4-2ef30c683b59 state=PENDING elapsed=15s — waiting …
2026-06-03 18:07:52 | DEBUG    | Task b9c331a0-90cb-41ca-84e4-2ef30c683b59 state=PENDING elapsed=20s — waiting …
2026-06-03 18:07:57 | INFO     | Task b9c331a0-90cb-41ca-84e4-2ef30c683b59 FINISHED in 25s
2026-06-03 18:07:57 | INFO     | ✅ batch 131/131 (8 files) complete
2026-06-03 18:07:57 | INFO     | === SUCCESS  ingested=2088  skipped=0 ===
