2026-06-03 15:14:56 | INFO     | === START  dir='/gaia/b04s/CONSORCIOS/CWP'  collection='CWP' ===
2026-06-03 15:14:56 | INFO     | Discovered 750 supported file(s)
2026-06-03 15:15:04 | INFO     | Collection 'CWP' created: {"message":"Collection CWP created successfully.","collection_name":"CWP"}
2026-06-03 15:15:07 | INFO     | list_documents: 0 existing doc(s) in 'CWP' (total reported: 0)
2026-06-03 15:15:07 | INFO     | Classification: 750 new, 0 already present
2026-06-03 15:15:07 | INFO     | Uploading 47 batch(es) of up to 16 file(s) each
2026-06-03 15:15:07 | INFO     | --- batch 1/47 (16 files) ---
2026-06-03 15:15:07 | DEBUG    |   Files: 1-11_Rapstine_contactlessseismicacquisition.pdf, 2028.pdf, 37.pdf, 40.pdf, 41.pdf, 835.pdf, 838.pdf, 839.pdf, Aragao_Sava_CWP_927_Report_2019.pdf, Arora_Tsvankin_CWP_936_Report_2019.pdf, Bai_thesis_reduced.pdf, CWP-041_Bleistein_report.pdf, CWP-042_Gilliam&Hagin_report.pdf, CWP-043_Cohen&Bleistein.pdf, CWP-044_DeSanto_lecturenotes.pdf, CWP-045_Quist_report.pdf
2026-06-03 15:15:09 | INFO     | Upload accepted → task_id=d06f3c02-b8bf-4db3-97e7-353d8db0667a
2026-06-03 15:15:10 | DEBUG    | Task d06f3c02-b8bf-4db3-97e7-353d8db0667a state=PENDING elapsed=0s — waiting …
2026-06-03 15:15:17 | DEBUG    | Task d06f3c02-b8bf-4db3-97e7-353d8db0667a state=PENDING elapsed=7s — waiting …
2026-06-03 15:15:22 | DEBUG    | Task d06f3c02-b8bf-4db3-97e7-353d8db0667a state=PENDING elapsed=12s — waiting …
2026-06-03 15:15:27 | DEBUG    | Task d06f3c02-b8bf-4db3-97e7-353d8db0667a state=PENDING elapsed=17s — waiting …
2026-06-03 15:15:37 | DEBUG    | Task d06f3c02-b8bf-4db3-97e7-353d8db0667a state=PENDING elapsed=28s — waiting …
2026-06-03 15:15:58 | DEBUG    | Task d06f3c02-b8bf-4db3-97e7-353d8db0667a state=PENDING elapsed=48s — waiting …
2026-06-03 15:16:03 | DEBUG    | Task d06f3c02-b8bf-4db3-97e7-353d8db0667a state=PENDING elapsed=53s — waiting …
2026-06-03 15:16:08 | DEBUG    | Task d06f3c02-b8bf-4db3-97e7-353d8db0667a state=PENDING elapsed=58s — waiting …
2026-06-03 15:16:13 | DEBUG    | Task d06f3c02-b8bf-4db3-97e7-353d8db0667a state=PENDING elapsed=63s — waiting …
2026-06-03 15:16:18 | DEBUG    | Task d06f3c02-b8bf-4db3-97e7-353d8db0667a state=PENDING elapsed=68s — waiting …
2026-06-03 15:16:23 | DEBUG    | Task d06f3c02-b8bf-4db3-97e7-353d8db0667a state=PENDING elapsed=73s — waiting …
2026-06-03 15:16:28 | DEBUG    | Task d06f3c02-b8bf-4db3-97e7-353d8db0667a state=PENDING elapsed=78s — waiting …
2026-06-03 15:16:33 | DEBUG    | Task d06f3c02-b8bf-4db3-97e7-353d8db0667a state=PENDING elapsed=83s — waiting …
2026-06-03 15:16:38 | DEBUG    | Task d06f3c02-b8bf-4db3-97e7-353d8db0667a state=PENDING elapsed=88s — waiting …
2026-06-03 15:16:43 | DEBUG    | Task d06f3c02-b8bf-4db3-97e7-353d8db0667a state=PENDING elapsed=93s — waiting …
2026-06-03 15:16:48 | DEBUG    | Task d06f3c02-b8bf-4db3-97e7-353d8db0667a state=PENDING elapsed=98s — waiting …
2026-06-03 15:16:53 | DEBUG    | Task d06f3c02-b8bf-4db3-97e7-353d8db0667a state=PENDING elapsed=103s — waiting …
2026-06-03 15:16:58 | DEBUG    | Task d06f3c02-b8bf-4db3-97e7-353d8db0667a state=PENDING elapsed=108s — waiting …
2026-06-03 15:17:03 | DEBUG    | Task d06f3c02-b8bf-4db3-97e7-353d8db0667a state=PENDING elapsed=113s — waiting …
2026-06-03 15:17:08 | DEBUG    | Task d06f3c02-b8bf-4db3-97e7-353d8db0667a state=PENDING elapsed=118s — waiting …
2026-06-03 15:17:13 | DEBUG    | Task d06f3c02-b8bf-4db3-97e7-353d8db0667a state=PENDING elapsed=123s — waiting …
2026-06-03 15:17:18 | DEBUG    | Task d06f3c02-b8bf-4db3-97e7-353d8db0667a state=PENDING elapsed=128s — waiting …
2026-06-03 15:17:23 | DEBUG    | Task d06f3c02-b8bf-4db3-97e7-353d8db0667a state=PENDING elapsed=133s — waiting …
2026-06-03 15:17:28 | DEBUG    | Task d06f3c02-b8bf-4db3-97e7-353d8db0667a state=PENDING elapsed=138s — waiting …
2026-06-03 15:17:33 | DEBUG    | Task d06f3c02-b8bf-4db3-97e7-353d8db0667a state=PENDING elapsed=143s — waiting …
2026-06-03 15:17:38 | DEBUG    | Task d06f3c02-b8bf-4db3-97e7-353d8db0667a state=PENDING elapsed=148s — waiting …
2026-06-03 15:17:43 | DEBUG    | Task d06f3c02-b8bf-4db3-97e7-353d8db0667a state=PENDING elapsed=153s — waiting …
2026-06-03 15:17:48 | DEBUG    | Task d06f3c02-b8bf-4db3-97e7-353d8db0667a state=PENDING elapsed=158s — waiting …
2026-06-03 15:17:54 | DEBUG    | Task d06f3c02-b8bf-4db3-97e7-353d8db0667a state=PENDING elapsed=164s — waiting …
2026-06-03 15:17:59 | DEBUG    | Task d06f3c02-b8bf-4db3-97e7-353d8db0667a state=PENDING elapsed=169s — waiting …
2026-06-03 15:18:04 | DEBUG    | Task d06f3c02-b8bf-4db3-97e7-353d8db0667a state=PENDING elapsed=174s — waiting …
2026-06-03 15:18:09 | DEBUG    | Task d06f3c02-b8bf-4db3-97e7-353d8db0667a state=PENDING elapsed=179s — waiting …
2026-06-03 15:18:14 | DEBUG    | Task d06f3c02-b8bf-4db3-97e7-353d8db0667a state=PENDING elapsed=184s — waiting …
2026-06-03 15:18:19 | DEBUG    | Task d06f3c02-b8bf-4db3-97e7-353d8db0667a state=PENDING elapsed=189s — waiting …
2026-06-03 15:18:24 | DEBUG    | Task d06f3c02-b8bf-4db3-97e7-353d8db0667a state=PENDING elapsed=194s — waiting …
2026-06-03 15:18:29 | DEBUG    | Task d06f3c02-b8bf-4db3-97e7-353d8db0667a state=PENDING elapsed=199s — waiting …
2026-06-03 15:18:34 | DEBUG    | Task d06f3c02-b8bf-4db3-97e7-353d8db0667a state=PENDING elapsed=204s — waiting …
2026-06-03 15:18:39 | DEBUG    | Task d06f3c02-b8bf-4db3-97e7-353d8db0667a state=PENDING elapsed=209s — waiting …
2026-06-03 15:18:44 | DEBUG    | Task d06f3c02-b8bf-4db3-97e7-353d8db0667a state=PENDING elapsed=214s — waiting …
2026-06-03 15:18:49 | DEBUG    | Task d06f3c02-b8bf-4db3-97e7-353d8db0667a state=PENDING elapsed=219s — waiting …
2026-06-03 15:18:54 | DEBUG    | Task d06f3c02-b8bf-4db3-97e7-353d8db0667a state=PENDING elapsed=224s — waiting …
2026-06-03 15:18:59 | DEBUG    | Task d06f3c02-b8bf-4db3-97e7-353d8db0667a state=PENDING elapsed=229s — waiting …
2026-06-03 15:19:04 | DEBUG    | Task d06f3c02-b8bf-4db3-97e7-353d8db0667a state=PENDING elapsed=234s — waiting …
2026-06-03 15:19:09 | DEBUG    | Task d06f3c02-b8bf-4db3-97e7-353d8db0667a state=PENDING elapsed=239s — waiting …
2026-06-03 15:19:14 | DEBUG    | Task d06f3c02-b8bf-4db3-97e7-353d8db0667a state=PENDING elapsed=244s — waiting …
2026-06-03 15:19:19 | DEBUG    | Task d06f3c02-b8bf-4db3-97e7-353d8db0667a state=PENDING elapsed=249s — waiting …
2026-06-03 15:19:24 | DEBUG    | Task d06f3c02-b8bf-4db3-97e7-353d8db0667a state=PENDING elapsed=254s — waiting …
2026-06-03 15:19:29 | DEBUG    | Task d06f3c02-b8bf-4db3-97e7-353d8db0667a state=PENDING elapsed=259s — waiting …
2026-06-03 15:19:34 | DEBUG    | Task d06f3c02-b8bf-4db3-97e7-353d8db0667a state=PENDING elapsed=264s — waiting …
2026-06-03 15:19:39 | DEBUG    | Task d06f3c02-b8bf-4db3-97e7-353d8db0667a state=PENDING elapsed=269s — waiting …
2026-06-03 15:19:44 | DEBUG    | Task d06f3c02-b8bf-4db3-97e7-353d8db0667a state=PENDING elapsed=274s — waiting …
2026-06-03 15:19:49 | DEBUG    | Task d06f3c02-b8bf-4db3-97e7-353d8db0667a state=PENDING elapsed=279s — waiting …
2026-06-03 15:19:54 | DEBUG    | Task d06f3c02-b8bf-4db3-97e7-353d8db0667a state=PENDING elapsed=284s — waiting …
2026-06-03 15:19:59 | DEBUG    | Task d06f3c02-b8bf-4db3-97e7-353d8db0667a state=PENDING elapsed=289s — waiting …
2026-06-03 15:20:04 | DEBUG    | Task d06f3c02-b8bf-4db3-97e7-353d8db0667a state=PENDING elapsed=294s — waiting …
2026-06-03 15:20:09 | DEBUG    | Task d06f3c02-b8bf-4db3-97e7-353d8db0667a state=PENDING elapsed=299s — waiting …
2026-06-03 15:20:14 | DEBUG    | Task d06f3c02-b8bf-4db3-97e7-353d8db0667a state=PENDING elapsed=304s — waiting …
2026-06-03 15:20:19 | DEBUG    | Task d06f3c02-b8bf-4db3-97e7-353d8db0667a state=PENDING elapsed=309s — waiting …
2026-06-03 15:20:24 | DEBUG    | Task d06f3c02-b8bf-4db3-97e7-353d8db0667a state=PENDING elapsed=314s — waiting …
2026-06-03 15:20:29 | DEBUG    | Task d06f3c02-b8bf-4db3-97e7-353d8db0667a state=PENDING elapsed=319s — waiting …
2026-06-03 15:20:34 | DEBUG    | Task d06f3c02-b8bf-4db3-97e7-353d8db0667a state=PENDING elapsed=324s — waiting …
2026-06-03 15:20:39 | DEBUG    | Task d06f3c02-b8bf-4db3-97e7-353d8db0667a state=PENDING elapsed=329s — waiting …
2026-06-03 15:20:44 | DEBUG    | Task d06f3c02-b8bf-4db3-97e7-353d8db0667a state=PENDING elapsed=334s — waiting …
2026-06-03 15:20:49 | DEBUG    | Task d06f3c02-b8bf-4db3-97e7-353d8db0667a state=PENDING elapsed=339s — waiting …
2026-06-03 15:20:54 | DEBUG    | Task d06f3c02-b8bf-4db3-97e7-353d8db0667a state=PENDING elapsed=344s — waiting …
2026-06-03 15:20:59 | DEBUG    | Task d06f3c02-b8bf-4db3-97e7-353d8db0667a state=PENDING elapsed=349s — waiting …
2026-06-03 15:21:04 | DEBUG    | Task d06f3c02-b8bf-4db3-97e7-353d8db0667a state=PENDING elapsed=354s — waiting …
2026-06-03 15:21:09 | DEBUG    | Task d06f3c02-b8bf-4db3-97e7-353d8db0667a state=PENDING elapsed=359s — waiting …
2026-06-03 15:21:14 | DEBUG    | Task d06f3c02-b8bf-4db3-97e7-353d8db0667a state=PENDING elapsed=364s — waiting …
2026-06-03 15:21:19 | DEBUG    | Task d06f3c02-b8bf-4db3-97e7-353d8db0667a state=PENDING elapsed=369s — waiting …
2026-06-03 15:21:24 | DEBUG    | Task d06f3c02-b8bf-4db3-97e7-353d8db0667a state=PENDING elapsed=374s — waiting …
2026-06-03 15:21:29 | DEBUG    | Task d06f3c02-b8bf-4db3-97e7-353d8db0667a state=PENDING elapsed=379s — waiting …
2026-06-03 15:21:34 | DEBUG    | Task d06f3c02-b8bf-4db3-97e7-353d8db0667a state=PENDING elapsed=384s — waiting …
2026-06-03 15:21:39 | DEBUG    | Task d06f3c02-b8bf-4db3-97e7-353d8db0667a state=PENDING elapsed=389s — waiting …
2026-06-03 15:21:44 | DEBUG    | Task d06f3c02-b8bf-4db3-97e7-353d8db0667a state=PENDING elapsed=394s — waiting …
2026-06-03 15:21:49 | DEBUG    | Task d06f3c02-b8bf-4db3-97e7-353d8db0667a state=PENDING elapsed=399s — waiting …
2026-06-03 15:21:54 | DEBUG    | Task d06f3c02-b8bf-4db3-97e7-353d8db0667a state=PENDING elapsed=404s — waiting …
2026-06-03 15:21:59 | DEBUG    | Task d06f3c02-b8bf-4db3-97e7-353d8db0667a state=PENDING elapsed=409s — waiting …
2026-06-03 15:22:04 | DEBUG    | Task d06f3c02-b8bf-4db3-97e7-353d8db0667a state=PENDING elapsed=414s — waiting …
2026-06-03 15:22:09 | DEBUG    | Task d06f3c02-b8bf-4db3-97e7-353d8db0667a state=PENDING elapsed=419s — waiting …
2026-06-03 15:22:14 | DEBUG    | Task d06f3c02-b8bf-4db3-97e7-353d8db0667a state=PENDING elapsed=424s — waiting …
2026-06-03 15:22:19 | DEBUG    | Task d06f3c02-b8bf-4db3-97e7-353d8db0667a state=PENDING elapsed=429s — waiting …
2026-06-03 15:22:24 | DEBUG    | Task d06f3c02-b8bf-4db3-97e7-353d8db0667a state=PENDING elapsed=434s — waiting …
2026-06-03 15:22:29 | DEBUG    | Task d06f3c02-b8bf-4db3-97e7-353d8db0667a state=PENDING elapsed=439s — waiting …
2026-06-03 15:22:34 | DEBUG    | Task d06f3c02-b8bf-4db3-97e7-353d8db0667a state=PENDING elapsed=444s — waiting …
2026-06-03 15:22:39 | DEBUG    | Task d06f3c02-b8bf-4db3-97e7-353d8db0667a state=PENDING elapsed=449s — waiting …
2026-06-03 15:22:45 | DEBUG    | Task d06f3c02-b8bf-4db3-97e7-353d8db0667a state=PENDING elapsed=455s — waiting …
2026-06-03 15:22:50 | DEBUG    | Task d06f3c02-b8bf-4db3-97e7-353d8db0667a state=PENDING elapsed=460s — waiting …
2026-06-03 15:22:55 | DEBUG    | Task d06f3c02-b8bf-4db3-97e7-353d8db0667a state=PENDING elapsed=465s — waiting …
2026-06-03 15:23:00 | DEBUG    | Task d06f3c02-b8bf-4db3-97e7-353d8db0667a state=PENDING elapsed=470s — waiting …
2026-06-03 15:23:05 | DEBUG    | Task d06f3c02-b8bf-4db3-97e7-353d8db0667a state=PENDING elapsed=475s — waiting …
2026-06-03 15:23:10 | DEBUG    | Task d06f3c02-b8bf-4db3-97e7-353d8db0667a state=PENDING elapsed=481s — waiting …
2026-06-03 15:23:15 | DEBUG    | Task d06f3c02-b8bf-4db3-97e7-353d8db0667a state=PENDING elapsed=486s — waiting …
2026-06-03 15:23:20 | DEBUG    | Task d06f3c02-b8bf-4db3-97e7-353d8db0667a state=PENDING elapsed=491s — waiting …
2026-06-03 15:23:25 | DEBUG    | Task d06f3c02-b8bf-4db3-97e7-353d8db0667a state=PENDING elapsed=496s — waiting …
2026-06-03 15:23:32 | DEBUG    | Task d06f3c02-b8bf-4db3-97e7-353d8db0667a state=PENDING elapsed=502s — waiting …
2026-06-03 15:23:37 | DEBUG    | Task d06f3c02-b8bf-4db3-97e7-353d8db0667a state=PENDING elapsed=507s — waiting …
2026-06-03 15:23:42 | DEBUG    | Task d06f3c02-b8bf-4db3-97e7-353d8db0667a state=PENDING elapsed=512s — waiting …
2026-06-03 15:23:47 | DEBUG    | Task d06f3c02-b8bf-4db3-97e7-353d8db0667a state=PENDING elapsed=517s — waiting …
2026-06-03 15:23:52 | DEBUG    | Task d06f3c02-b8bf-4db3-97e7-353d8db0667a state=PENDING elapsed=522s — waiting …
2026-06-03 15:23:57 | DEBUG    | Task d06f3c02-b8bf-4db3-97e7-353d8db0667a state=PENDING elapsed=527s — waiting …
2026-06-03 15:24:02 | DEBUG    | Task d06f3c02-b8bf-4db3-97e7-353d8db0667a state=PENDING elapsed=532s — waiting …
2026-06-03 15:24:07 | DEBUG    | Task d06f3c02-b8bf-4db3-97e7-353d8db0667a state=PENDING elapsed=537s — waiting …
2026-06-03 15:24:12 | DEBUG    | Task d06f3c02-b8bf-4db3-97e7-353d8db0667a state=PENDING elapsed=542s — waiting …
2026-06-03 15:24:17 | DEBUG    | Task d06f3c02-b8bf-4db3-97e7-353d8db0667a state=PENDING elapsed=547s — waiting …
2026-06-03 15:24:22 | DEBUG    | Task d06f3c02-b8bf-4db3-97e7-353d8db0667a state=PENDING elapsed=552s — waiting …
2026-06-03 15:24:27 | DEBUG    | Task d06f3c02-b8bf-4db3-97e7-353d8db0667a state=PENDING elapsed=557s — waiting …
2026-06-03 15:24:32 | DEBUG    | Task d06f3c02-b8bf-4db3-97e7-353d8db0667a state=PENDING elapsed=562s — waiting …
2026-06-03 15:24:37 | DEBUG    | Task d06f3c02-b8bf-4db3-97e7-353d8db0667a state=PENDING elapsed=567s — waiting …
2026-06-03 15:24:42 | DEBUG    | Task d06f3c02-b8bf-4db3-97e7-353d8db0667a state=PENDING elapsed=572s — waiting …
2026-06-03 15:24:47 | DEBUG    | Task d06f3c02-b8bf-4db3-97e7-353d8db0667a state=PENDING elapsed=577s — waiting …
2026-06-03 15:24:52 | DEBUG    | Task d06f3c02-b8bf-4db3-97e7-353d8db0667a state=PENDING elapsed=582s — waiting …
2026-06-03 15:24:57 | DEBUG    | Task d06f3c02-b8bf-4db3-97e7-353d8db0667a state=PENDING elapsed=587s — waiting …
2026-06-03 15:25:02 | DEBUG    | Task d06f3c02-b8bf-4db3-97e7-353d8db0667a state=PENDING elapsed=592s — waiting …
2026-06-03 15:25:07 | DEBUG    | Task d06f3c02-b8bf-4db3-97e7-353d8db0667a state=PENDING elapsed=597s — waiting …
2026-06-03 15:25:12 | DEBUG    | Task d06f3c02-b8bf-4db3-97e7-353d8db0667a state=PENDING elapsed=602s — waiting …
2026-06-03 15:25:17 | DEBUG    | Task d06f3c02-b8bf-4db3-97e7-353d8db0667a state=PENDING elapsed=607s — waiting …
2026-06-03 15:25:22 | DEBUG    | Task d06f3c02-b8bf-4db3-97e7-353d8db0667a state=PENDING elapsed=612s — waiting …
2026-06-03 15:25:27 | DEBUG    | Task d06f3c02-b8bf-4db3-97e7-353d8db0667a state=PENDING elapsed=617s — waiting …
2026-06-03 15:25:32 | DEBUG    | Task d06f3c02-b8bf-4db3-97e7-353d8db0667a state=PENDING elapsed=622s — waiting …
2026-06-03 15:25:37 | DEBUG    | Task d06f3c02-b8bf-4db3-97e7-353d8db0667a state=PENDING elapsed=627s — waiting …
2026-06-03 15:25:44 | INFO     | Task d06f3c02-b8bf-4db3-97e7-353d8db0667a FINISHED in 634s
2026-06-03 15:25:44 | INFO     | ✅ batch 1/47 (16 files) complete
2026-06-03 15:25:44 | INFO     | --- batch 2/47 (16 files) ---
2026-06-03 15:25:44 | DEBUG    |   Files: CWP-046_Project_Review_1986.pdf, CWP-047_Kaczkowski_report.pdf, CWP-054_Sullivan_report.pdf, CWP-055_ProjectReview_1987.pdf, CWP-058_Bleistein_et_al.pdf, CWP-059_Zuver_PhDthesis.pdf, CWP-086_1989_Project_Review_reduced.pdf, CWP-091_Linda_Boden_PhDthesis_1989.pdf, CWP-092_Araya_Report_1989.pdf, CWP-1000_Yang_Shragge.pdf, CWP-1001_Almuteri_Shragge_Sava.pdf, CWP-1002_Almuteri_Sava_Shragge.pdf, CWP-1003_Saengduean_Snieder_Wakin.pdf, CWP-1004-Sethi.pdf, CWP-1005_Hafiz_Eileen.pdf, CWP-1006_Alzahrani_Shragge.pdf
2026-06-03 15:25:45 | INFO     | Upload accepted → task_id=60ce22e5-aa54-4b99-a561-861a41ae4646
2026-06-03 15:25:45 | DEBUG    | Task 60ce22e5-aa54-4b99-a561-861a41ae4646 state=PENDING elapsed=0s — waiting …
2026-06-03 15:25:50 | DEBUG    | Task 60ce22e5-aa54-4b99-a561-861a41ae4646 state=PENDING elapsed=5s — waiting …
2026-06-03 15:25:55 | DEBUG    | Task 60ce22e5-aa54-4b99-a561-861a41ae4646 state=PENDING elapsed=10s — waiting …
2026-06-03 15:26:00 | DEBUG    | Task 60ce22e5-aa54-4b99-a561-861a41ae4646 state=PENDING elapsed=15s — waiting …
2026-06-03 15:26:05 | DEBUG    | Task 60ce22e5-aa54-4b99-a561-861a41ae4646 state=PENDING elapsed=20s — waiting …
2026-06-03 15:26:10 | DEBUG    | Task 60ce22e5-aa54-4b99-a561-861a41ae4646 state=PENDING elapsed=25s — waiting …
2026-06-03 15:26:16 | DEBUG    | Task 60ce22e5-aa54-4b99-a561-861a41ae4646 state=PENDING elapsed=30s — waiting …
2026-06-03 15:26:21 | DEBUG    | Task 60ce22e5-aa54-4b99-a561-861a41ae4646 state=PENDING elapsed=35s — waiting …
2026-06-03 15:26:26 | DEBUG    | Task 60ce22e5-aa54-4b99-a561-861a41ae4646 state=PENDING elapsed=40s — waiting …
2026-06-03 15:26:31 | DEBUG    | Task 60ce22e5-aa54-4b99-a561-861a41ae4646 state=PENDING elapsed=45s — waiting …
2026-06-03 15:26:36 | DEBUG    | Task 60ce22e5-aa54-4b99-a561-861a41ae4646 state=PENDING elapsed=50s — waiting …
2026-06-03 15:26:41 | DEBUG    | Task 60ce22e5-aa54-4b99-a561-861a41ae4646 state=PENDING elapsed=55s — waiting …
2026-06-03 15:26:46 | DEBUG    | Task 60ce22e5-aa54-4b99-a561-861a41ae4646 state=PENDING elapsed=60s — waiting …
2026-06-03 15:26:53 | DEBUG    | Task 60ce22e5-aa54-4b99-a561-861a41ae4646 state=PENDING elapsed=67s — waiting …
2026-06-03 15:26:58 | DEBUG    | Task 60ce22e5-aa54-4b99-a561-861a41ae4646 state=PENDING elapsed=72s — waiting …
2026-06-03 15:27:03 | DEBUG    | Task 60ce22e5-aa54-4b99-a561-861a41ae4646 state=PENDING elapsed=77s — waiting …
2026-06-03 15:27:08 | DEBUG    | Task 60ce22e5-aa54-4b99-a561-861a41ae4646 state=PENDING elapsed=82s — waiting …
2026-06-03 15:27:13 | DEBUG    | Task 60ce22e5-aa54-4b99-a561-861a41ae4646 state=PENDING elapsed=87s — waiting …
2026-06-03 15:27:18 | DEBUG    | Task 60ce22e5-aa54-4b99-a561-861a41ae4646 state=PENDING elapsed=92s — waiting …
2026-06-03 15:27:23 | DEBUG    | Task 60ce22e5-aa54-4b99-a561-861a41ae4646 state=PENDING elapsed=97s — waiting …
2026-06-03 15:27:28 | DEBUG    | Task 60ce22e5-aa54-4b99-a561-861a41ae4646 state=PENDING elapsed=102s — waiting …
2026-06-03 15:27:33 | DEBUG    | Task 60ce22e5-aa54-4b99-a561-861a41ae4646 state=PENDING elapsed=107s — waiting …
2026-06-03 15:27:38 | DEBUG    | Task 60ce22e5-aa54-4b99-a561-861a41ae4646 state=PENDING elapsed=112s — waiting …
2026-06-03 15:27:43 | DEBUG    | Task 60ce22e5-aa54-4b99-a561-861a41ae4646 state=PENDING elapsed=117s — waiting …
2026-06-03 15:27:48 | DEBUG    | Task 60ce22e5-aa54-4b99-a561-861a41ae4646 state=PENDING elapsed=122s — waiting …
2026-06-03 15:27:53 | DEBUG    | Task 60ce22e5-aa54-4b99-a561-861a41ae4646 state=PENDING elapsed=127s — waiting …
2026-06-03 15:27:58 | DEBUG    | Task 60ce22e5-aa54-4b99-a561-861a41ae4646 state=PENDING elapsed=132s — waiting …
2026-06-03 15:28:03 | DEBUG    | Task 60ce22e5-aa54-4b99-a561-861a41ae4646 state=PENDING elapsed=137s — waiting …
2026-06-03 15:28:08 | DEBUG    | Task 60ce22e5-aa54-4b99-a561-861a41ae4646 state=PENDING elapsed=142s — waiting …
2026-06-03 15:28:13 | DEBUG    | Task 60ce22e5-aa54-4b99-a561-861a41ae4646 state=PENDING elapsed=147s — waiting …
2026-06-03 15:28:18 | DEBUG    | Task 60ce22e5-aa54-4b99-a561-861a41ae4646 state=PENDING elapsed=152s — waiting …
2026-06-03 15:28:23 | DEBUG    | Task 60ce22e5-aa54-4b99-a561-861a41ae4646 state=PENDING elapsed=157s — waiting …
2026-06-03 15:28:28 | DEBUG    | Task 60ce22e5-aa54-4b99-a561-861a41ae4646 state=PENDING elapsed=162s — waiting …
2026-06-03 15:28:33 | DEBUG    | Task 60ce22e5-aa54-4b99-a561-861a41ae4646 state=PENDING elapsed=167s — waiting …
2026-06-03 15:28:38 | DEBUG    | Task 60ce22e5-aa54-4b99-a561-861a41ae4646 state=PENDING elapsed=172s — waiting …
2026-06-03 15:28:43 | DEBUG    | Task 60ce22e5-aa54-4b99-a561-861a41ae4646 state=PENDING elapsed=177s — waiting …
2026-06-03 15:28:48 | DEBUG    | Task 60ce22e5-aa54-4b99-a561-861a41ae4646 state=PENDING elapsed=182s — waiting …
2026-06-03 15:28:53 | DEBUG    | Task 60ce22e5-aa54-4b99-a561-861a41ae4646 state=PENDING elapsed=187s — waiting …
2026-06-03 15:28:58 | DEBUG    | Task 60ce22e5-aa54-4b99-a561-861a41ae4646 state=PENDING elapsed=192s — waiting …
2026-06-03 15:29:03 | DEBUG    | Task 60ce22e5-aa54-4b99-a561-861a41ae4646 state=PENDING elapsed=197s — waiting …
2026-06-03 15:29:08 | DEBUG    | Task 60ce22e5-aa54-4b99-a561-861a41ae4646 state=PENDING elapsed=202s — waiting …
2026-06-03 15:29:13 | DEBUG    | Task 60ce22e5-aa54-4b99-a561-861a41ae4646 state=PENDING elapsed=207s — waiting …
2026-06-03 15:29:18 | DEBUG    | Task 60ce22e5-aa54-4b99-a561-861a41ae4646 state=PENDING elapsed=212s — waiting …
2026-06-03 15:29:23 | DEBUG    | Task 60ce22e5-aa54-4b99-a561-861a41ae4646 state=PENDING elapsed=217s — waiting …
2026-06-03 15:29:28 | DEBUG    | Task 60ce22e5-aa54-4b99-a561-861a41ae4646 state=PENDING elapsed=222s — waiting …
2026-06-03 15:29:33 | DEBUG    | Task 60ce22e5-aa54-4b99-a561-861a41ae4646 state=PENDING elapsed=227s — waiting …
2026-06-03 15:29:38 | DEBUG    | Task 60ce22e5-aa54-4b99-a561-861a41ae4646 state=PENDING elapsed=232s — waiting …
2026-06-03 15:29:43 | DEBUG    | Task 60ce22e5-aa54-4b99-a561-861a41ae4646 state=PENDING elapsed=237s — waiting …
2026-06-03 15:29:48 | DEBUG    | Task 60ce22e5-aa54-4b99-a561-861a41ae4646 state=PENDING elapsed=242s — waiting …
2026-06-03 15:29:53 | DEBUG    | Task 60ce22e5-aa54-4b99-a561-861a41ae4646 state=PENDING elapsed=247s — waiting …
2026-06-03 15:29:58 | DEBUG    | Task 60ce22e5-aa54-4b99-a561-861a41ae4646 state=PENDING elapsed=252s — waiting …
2026-06-03 15:30:03 | DEBUG    | Task 60ce22e5-aa54-4b99-a561-861a41ae4646 state=PENDING elapsed=257s — waiting …
2026-06-03 15:30:08 | DEBUG    | Task 60ce22e5-aa54-4b99-a561-861a41ae4646 state=PENDING elapsed=262s — waiting …
2026-06-03 15:30:13 | DEBUG    | Task 60ce22e5-aa54-4b99-a561-861a41ae4646 state=PENDING elapsed=267s — waiting …
2026-06-03 15:30:18 | DEBUG    | Task 60ce22e5-aa54-4b99-a561-861a41ae4646 state=PENDING elapsed=272s — waiting …
2026-06-03 15:30:23 | DEBUG    | Task 60ce22e5-aa54-4b99-a561-861a41ae4646 state=PENDING elapsed=277s — waiting …
2026-06-03 15:30:28 | DEBUG    | Task 60ce22e5-aa54-4b99-a561-861a41ae4646 state=PENDING elapsed=282s — waiting …
2026-06-03 15:30:33 | DEBUG    | Task 60ce22e5-aa54-4b99-a561-861a41ae4646 state=PENDING elapsed=287s — waiting …
2026-06-03 15:30:38 | DEBUG    | Task 60ce22e5-aa54-4b99-a561-861a41ae4646 state=PENDING elapsed=292s — waiting …
2026-06-03 15:30:43 | DEBUG    | Task 60ce22e5-aa54-4b99-a561-861a41ae4646 state=PENDING elapsed=297s — waiting …
2026-06-03 15:30:48 | DEBUG    | Task 60ce22e5-aa54-4b99-a561-861a41ae4646 state=PENDING elapsed=302s — waiting …
2026-06-03 15:30:53 | DEBUG    | Task 60ce22e5-aa54-4b99-a561-861a41ae4646 state=PENDING elapsed=307s — waiting …
2026-06-03 15:30:58 | DEBUG    | Task 60ce22e5-aa54-4b99-a561-861a41ae4646 state=PENDING elapsed=312s — waiting …
2026-06-03 15:31:03 | DEBUG    | Task 60ce22e5-aa54-4b99-a561-861a41ae4646 state=PENDING elapsed=317s — waiting …
2026-06-03 15:31:08 | DEBUG    | Task 60ce22e5-aa54-4b99-a561-861a41ae4646 state=PENDING elapsed=322s — waiting …
2026-06-03 15:31:13 | DEBUG    | Task 60ce22e5-aa54-4b99-a561-861a41ae4646 state=PENDING elapsed=327s — waiting …
2026-06-03 15:31:18 | DEBUG    | Task 60ce22e5-aa54-4b99-a561-861a41ae4646 state=PENDING elapsed=332s — waiting …
2026-06-03 15:31:23 | DEBUG    | Task 60ce22e5-aa54-4b99-a561-861a41ae4646 state=PENDING elapsed=337s — waiting …
2026-06-03 15:31:28 | DEBUG    | Task 60ce22e5-aa54-4b99-a561-861a41ae4646 state=PENDING elapsed=342s — waiting …
2026-06-03 15:31:33 | DEBUG    | Task 60ce22e5-aa54-4b99-a561-861a41ae4646 state=PENDING elapsed=347s — waiting …
2026-06-03 15:31:38 | DEBUG    | Task 60ce22e5-aa54-4b99-a561-861a41ae4646 state=PENDING elapsed=352s — waiting …
2026-06-03 15:31:43 | DEBUG    | Task 60ce22e5-aa54-4b99-a561-861a41ae4646 state=PENDING elapsed=357s — waiting …
2026-06-03 15:31:48 | DEBUG    | Task 60ce22e5-aa54-4b99-a561-861a41ae4646 state=PENDING elapsed=362s — waiting …
2026-06-03 15:31:53 | DEBUG    | Task 60ce22e5-aa54-4b99-a561-861a41ae4646 state=PENDING elapsed=367s — waiting …
2026-06-03 15:31:58 | DEBUG    | Task 60ce22e5-aa54-4b99-a561-861a41ae4646 state=PENDING elapsed=372s — waiting …
2026-06-03 15:32:03 | DEBUG    | Task 60ce22e5-aa54-4b99-a561-861a41ae4646 state=PENDING elapsed=377s — waiting …
2026-06-03 15:32:08 | DEBUG    | Task 60ce22e5-aa54-4b99-a561-861a41ae4646 state=PENDING elapsed=382s — waiting …
2026-06-03 15:32:13 | DEBUG    | Task 60ce22e5-aa54-4b99-a561-861a41ae4646 state=PENDING elapsed=387s — waiting …
2026-06-03 15:32:18 | DEBUG    | Task 60ce22e5-aa54-4b99-a561-861a41ae4646 state=PENDING elapsed=392s — waiting …
2026-06-03 15:32:23 | DEBUG    | Task 60ce22e5-aa54-4b99-a561-861a41ae4646 state=PENDING elapsed=397s — waiting …
2026-06-03 15:32:28 | DEBUG    | Task 60ce22e5-aa54-4b99-a561-861a41ae4646 state=PENDING elapsed=402s — waiting …
2026-06-03 15:32:33 | DEBUG    | Task 60ce22e5-aa54-4b99-a561-861a41ae4646 state=PENDING elapsed=407s — waiting …
2026-06-03 15:32:38 | DEBUG    | Task 60ce22e5-aa54-4b99-a561-861a41ae4646 state=PENDING elapsed=412s — waiting …
2026-06-03 15:32:43 | DEBUG    | Task 60ce22e5-aa54-4b99-a561-861a41ae4646 state=PENDING elapsed=417s — waiting …
2026-06-03 15:32:48 | DEBUG    | Task 60ce22e5-aa54-4b99-a561-861a41ae4646 state=PENDING elapsed=422s — waiting …
2026-06-03 15:32:53 | DEBUG    | Task 60ce22e5-aa54-4b99-a561-861a41ae4646 state=PENDING elapsed=427s — waiting …
2026-06-03 15:32:58 | DEBUG    | Task 60ce22e5-aa54-4b99-a561-861a41ae4646 state=PENDING elapsed=432s — waiting …
2026-06-03 15:33:03 | DEBUG    | Task 60ce22e5-aa54-4b99-a561-861a41ae4646 state=PENDING elapsed=437s — waiting …
2026-06-03 15:33:08 | DEBUG    | Task 60ce22e5-aa54-4b99-a561-861a41ae4646 state=PENDING elapsed=442s — waiting …
2026-06-03 15:33:13 | DEBUG    | Task 60ce22e5-aa54-4b99-a561-861a41ae4646 state=PENDING elapsed=447s — waiting …
2026-06-03 15:33:18 | DEBUG    | Task 60ce22e5-aa54-4b99-a561-861a41ae4646 state=PENDING elapsed=452s — waiting …
2026-06-03 15:33:23 | DEBUG    | Task 60ce22e5-aa54-4b99-a561-861a41ae4646 state=PENDING elapsed=457s — waiting …
2026-06-03 15:33:28 | DEBUG    | Task 60ce22e5-aa54-4b99-a561-861a41ae4646 state=PENDING elapsed=462s — waiting …
2026-06-03 15:33:33 | DEBUG    | Task 60ce22e5-aa54-4b99-a561-861a41ae4646 state=PENDING elapsed=467s — waiting …
2026-06-03 15:33:38 | DEBUG    | Task 60ce22e5-aa54-4b99-a561-861a41ae4646 state=PENDING elapsed=472s — waiting …
2026-06-03 15:33:43 | DEBUG    | Task 60ce22e5-aa54-4b99-a561-861a41ae4646 state=PENDING elapsed=477s — waiting …
2026-06-03 15:33:48 | DEBUG    | Task 60ce22e5-aa54-4b99-a561-861a41ae4646 state=PENDING elapsed=482s — waiting …
2026-06-03 15:33:53 | DEBUG    | Task 60ce22e5-aa54-4b99-a561-861a41ae4646 state=PENDING elapsed=487s — waiting …
2026-06-03 15:33:58 | DEBUG    | Task 60ce22e5-aa54-4b99-a561-861a41ae4646 state=PENDING elapsed=492s — waiting …
2026-06-03 15:34:03 | DEBUG    | Task 60ce22e5-aa54-4b99-a561-861a41ae4646 state=PENDING elapsed=497s — waiting …
2026-06-03 15:34:08 | DEBUG    | Task 60ce22e5-aa54-4b99-a561-861a41ae4646 state=PENDING elapsed=502s — waiting …
2026-06-03 15:34:13 | DEBUG    | Task 60ce22e5-aa54-4b99-a561-861a41ae4646 state=PENDING elapsed=507s — waiting …
2026-06-03 15:34:18 | DEBUG    | Task 60ce22e5-aa54-4b99-a561-861a41ae4646 state=PENDING elapsed=512s — waiting …
2026-06-03 15:34:23 | DEBUG    | Task 60ce22e5-aa54-4b99-a561-861a41ae4646 state=PENDING elapsed=517s — waiting …
2026-06-03 15:34:28 | DEBUG    | Task 60ce22e5-aa54-4b99-a561-861a41ae4646 state=PENDING elapsed=522s — waiting …
2026-06-03 15:34:33 | DEBUG    | Task 60ce22e5-aa54-4b99-a561-861a41ae4646 state=PENDING elapsed=527s — waiting …
2026-06-03 15:34:38 | DEBUG    | Task 60ce22e5-aa54-4b99-a561-861a41ae4646 state=PENDING elapsed=532s — waiting …
2026-06-03 15:34:43 | DEBUG    | Task 60ce22e5-aa54-4b99-a561-861a41ae4646 state=PENDING elapsed=537s — waiting …
2026-06-03 15:34:48 | DEBUG    | Task 60ce22e5-aa54-4b99-a561-861a41ae4646 state=PENDING elapsed=542s — waiting …
2026-06-03 15:34:53 | DEBUG    | Task 60ce22e5-aa54-4b99-a561-861a41ae4646 state=PENDING elapsed=547s — waiting …
2026-06-03 15:34:58 | DEBUG    | Task 60ce22e5-aa54-4b99-a561-861a41ae4646 state=PENDING elapsed=552s — waiting …
2026-06-03 15:35:03 | DEBUG    | Task 60ce22e5-aa54-4b99-a561-861a41ae4646 state=PENDING elapsed=558s — waiting …
2026-06-03 15:35:08 | DEBUG    | Task 60ce22e5-aa54-4b99-a561-861a41ae4646 state=PENDING elapsed=563s — waiting …
2026-06-03 15:35:13 | DEBUG    | Task 60ce22e5-aa54-4b99-a561-861a41ae4646 state=PENDING elapsed=568s — waiting …
2026-06-03 15:35:18 | DEBUG    | Task 60ce22e5-aa54-4b99-a561-861a41ae4646 state=PENDING elapsed=573s — waiting …
2026-06-03 15:35:23 | DEBUG    | Task 60ce22e5-aa54-4b99-a561-861a41ae4646 state=PENDING elapsed=578s — waiting …
2026-06-03 15:35:28 | DEBUG    | Task 60ce22e5-aa54-4b99-a561-861a41ae4646 state=PENDING elapsed=583s — waiting …
2026-06-03 15:35:45 | DEBUG    | Task 60ce22e5-aa54-4b99-a561-861a41ae4646 state=PENDING elapsed=600s — waiting …
2026-06-03 15:35:50 | DEBUG    | Task 60ce22e5-aa54-4b99-a561-861a41ae4646 state=PENDING elapsed=605s — waiting …
2026-06-03 15:35:55 | DEBUG    | Task 60ce22e5-aa54-4b99-a561-861a41ae4646 state=PENDING elapsed=610s — waiting …
2026-06-03 15:36:00 | DEBUG    | Task 60ce22e5-aa54-4b99-a561-861a41ae4646 state=PENDING elapsed=615s — waiting …
2026-06-03 15:36:05 | DEBUG    | Task 60ce22e5-aa54-4b99-a561-861a41ae4646 state=PENDING elapsed=620s — waiting …
2026-06-03 15:36:10 | DEBUG    | Task 60ce22e5-aa54-4b99-a561-861a41ae4646 state=PENDING elapsed=625s — waiting …
2026-06-03 15:36:15 | DEBUG    | Task 60ce22e5-aa54-4b99-a561-861a41ae4646 state=PENDING elapsed=630s — waiting …
2026-06-03 15:36:20 | DEBUG    | Task 60ce22e5-aa54-4b99-a561-861a41ae4646 state=PENDING elapsed=635s — waiting …
2026-06-03 15:36:25 | DEBUG    | Task 60ce22e5-aa54-4b99-a561-861a41ae4646 state=PENDING elapsed=640s — waiting …
2026-06-03 15:36:30 | DEBUG    | Task 60ce22e5-aa54-4b99-a561-861a41ae4646 state=PENDING elapsed=645s — waiting …
2026-06-03 15:36:35 | DEBUG    | Task 60ce22e5-aa54-4b99-a561-861a41ae4646 state=PENDING elapsed=650s — waiting …
2026-06-03 15:36:40 | DEBUG    | Task 60ce22e5-aa54-4b99-a561-861a41ae4646 state=PENDING elapsed=655s — waiting …
2026-06-03 15:36:45 | DEBUG    | Task 60ce22e5-aa54-4b99-a561-861a41ae4646 state=PENDING elapsed=660s — waiting …
2026-06-03 15:36:50 | DEBUG    | Task 60ce22e5-aa54-4b99-a561-861a41ae4646 state=PENDING elapsed=665s — waiting …
2026-06-03 15:36:55 | DEBUG    | Task 60ce22e5-aa54-4b99-a561-861a41ae4646 state=PENDING elapsed=670s — waiting …
2026-06-03 15:37:00 | DEBUG    | Task 60ce22e5-aa54-4b99-a561-861a41ae4646 state=PENDING elapsed=675s — waiting …
2026-06-03 15:37:05 | DEBUG    | Task 60ce22e5-aa54-4b99-a561-861a41ae4646 state=PENDING elapsed=680s — waiting …
2026-06-03 15:37:10 | DEBUG    | Task 60ce22e5-aa54-4b99-a561-861a41ae4646 state=PENDING elapsed=685s — waiting …
2026-06-03 15:37:15 | DEBUG    | Task 60ce22e5-aa54-4b99-a561-861a41ae4646 state=PENDING elapsed=690s — waiting …
2026-06-03 15:37:20 | DEBUG    | Task 60ce22e5-aa54-4b99-a561-861a41ae4646 state=PENDING elapsed=695s — waiting …
2026-06-03 15:37:25 | DEBUG    | Task 60ce22e5-aa54-4b99-a561-861a41ae4646 state=PENDING elapsed=700s — waiting …
2026-06-03 15:37:30 | DEBUG    | Task 60ce22e5-aa54-4b99-a561-861a41ae4646 state=PENDING elapsed=705s — waiting …
2026-06-03 15:37:35 | DEBUG    | Task 60ce22e5-aa54-4b99-a561-861a41ae4646 state=PENDING elapsed=710s — waiting …
2026-06-03 15:37:40 | DEBUG    | Task 60ce22e5-aa54-4b99-a561-861a41ae4646 state=PENDING elapsed=715s — waiting …
2026-06-03 15:37:45 | DEBUG    | Task 60ce22e5-aa54-4b99-a561-861a41ae4646 state=PENDING elapsed=720s — waiting …
2026-06-03 15:37:50 | DEBUG    | Task 60ce22e5-aa54-4b99-a561-861a41ae4646 state=PENDING elapsed=725s — waiting …
2026-06-03 15:37:55 | DEBUG    | Task 60ce22e5-aa54-4b99-a561-861a41ae4646 state=PENDING elapsed=730s — waiting …
2026-06-03 15:38:00 | DEBUG    | Task 60ce22e5-aa54-4b99-a561-861a41ae4646 state=PENDING elapsed=735s — waiting …
2026-06-03 15:38:05 | DEBUG    | Task 60ce22e5-aa54-4b99-a561-861a41ae4646 state=PENDING elapsed=740s — waiting …
2026-06-03 15:38:10 | DEBUG    | Task 60ce22e5-aa54-4b99-a561-861a41ae4646 state=PENDING elapsed=745s — waiting …
2026-06-03 15:38:15 | DEBUG    | Task 60ce22e5-aa54-4b99-a561-861a41ae4646 state=PENDING elapsed=750s — waiting …
2026-06-03 15:38:20 | DEBUG    | Task 60ce22e5-aa54-4b99-a561-861a41ae4646 state=PENDING elapsed=755s — waiting …
2026-06-03 15:38:25 | DEBUG    | Task 60ce22e5-aa54-4b99-a561-861a41ae4646 state=PENDING elapsed=760s — waiting …
2026-06-03 15:38:30 | DEBUG    | Task 60ce22e5-aa54-4b99-a561-861a41ae4646 state=PENDING elapsed=765s — waiting …
2026-06-03 15:38:35 | DEBUG    | Task 60ce22e5-aa54-4b99-a561-861a41ae4646 state=PENDING elapsed=770s — waiting …
2026-06-03 15:38:40 | DEBUG    | Task 60ce22e5-aa54-4b99-a561-861a41ae4646 state=PENDING elapsed=775s — waiting …
2026-06-03 15:38:45 | DEBUG    | Task 60ce22e5-aa54-4b99-a561-861a41ae4646 state=PENDING elapsed=780s — waiting …
2026-06-03 15:38:50 | DEBUG    | Task 60ce22e5-aa54-4b99-a561-861a41ae4646 state=PENDING elapsed=785s — waiting …
2026-06-03 15:38:55 | DEBUG    | Task 60ce22e5-aa54-4b99-a561-861a41ae4646 state=PENDING elapsed=790s — waiting …
2026-06-03 15:39:00 | DEBUG    | Task 60ce22e5-aa54-4b99-a561-861a41ae4646 state=PENDING elapsed=795s — waiting …
2026-06-03 15:39:05 | DEBUG    | Task 60ce22e5-aa54-4b99-a561-861a41ae4646 state=PENDING elapsed=800s — waiting …
2026-06-03 15:39:10 | DEBUG    | Task 60ce22e5-aa54-4b99-a561-861a41ae4646 state=PENDING elapsed=805s — waiting …
2026-06-03 15:39:15 | DEBUG    | Task 60ce22e5-aa54-4b99-a561-861a41ae4646 state=PENDING elapsed=810s — waiting …
2026-06-03 15:39:20 | DEBUG    | Task 60ce22e5-aa54-4b99-a561-861a41ae4646 state=PENDING elapsed=815s — waiting …
2026-06-03 15:39:25 | DEBUG    | Task 60ce22e5-aa54-4b99-a561-861a41ae4646 state=PENDING elapsed=820s — waiting …
2026-06-03 15:39:30 | DEBUG    | Task 60ce22e5-aa54-4b99-a561-861a41ae4646 state=PENDING elapsed=825s — waiting …
2026-06-03 15:39:35 | DEBUG    | Task 60ce22e5-aa54-4b99-a561-861a41ae4646 state=PENDING elapsed=830s — waiting …
2026-06-03 15:39:40 | DEBUG    | Task 60ce22e5-aa54-4b99-a561-861a41ae4646 state=PENDING elapsed=835s — waiting …
2026-06-03 15:39:45 | DEBUG    | Task 60ce22e5-aa54-4b99-a561-861a41ae4646 state=PENDING elapsed=840s — waiting …
2026-06-03 15:39:50 | DEBUG    | Task 60ce22e5-aa54-4b99-a561-861a41ae4646 state=PENDING elapsed=845s — waiting …
2026-06-03 15:39:55 | DEBUG    | Task 60ce22e5-aa54-4b99-a561-861a41ae4646 state=PENDING elapsed=850s — waiting …
2026-06-03 15:40:00 | DEBUG    | Task 60ce22e5-aa54-4b99-a561-861a41ae4646 state=PENDING elapsed=855s — waiting …
2026-06-03 15:40:05 | DEBUG    | Task 60ce22e5-aa54-4b99-a561-861a41ae4646 state=PENDING elapsed=860s — waiting …
2026-06-03 15:40:11 | DEBUG    | Task 60ce22e5-aa54-4b99-a561-861a41ae4646 state=PENDING elapsed=865s — waiting …
2026-06-03 15:40:16 | DEBUG    | Task 60ce22e5-aa54-4b99-a561-861a41ae4646 state=PENDING elapsed=870s — waiting …
2026-06-03 15:40:21 | DEBUG    | Task 60ce22e5-aa54-4b99-a561-861a41ae4646 state=PENDING elapsed=875s — waiting …
2026-06-03 15:40:26 | DEBUG    | Task 60ce22e5-aa54-4b99-a561-861a41ae4646 state=PENDING elapsed=880s — waiting …
2026-06-03 15:40:31 | DEBUG    | Task 60ce22e5-aa54-4b99-a561-861a41ae4646 state=PENDING elapsed=885s — waiting …
2026-06-03 15:40:36 | DEBUG    | Task 60ce22e5-aa54-4b99-a561-861a41ae4646 state=PENDING elapsed=890s — waiting …
2026-06-03 15:40:41 | DEBUG    | Task 60ce22e5-aa54-4b99-a561-861a41ae4646 state=PENDING elapsed=895s — waiting …
2026-06-03 15:40:46 | DEBUG    | Task 60ce22e5-aa54-4b99-a561-861a41ae4646 state=PENDING elapsed=900s — waiting …
2026-06-03 15:40:51 | DEBUG    | Task 60ce22e5-aa54-4b99-a561-861a41ae4646 state=PENDING elapsed=905s — waiting …
2026-06-03 15:40:56 | DEBUG    | Task 60ce22e5-aa54-4b99-a561-861a41ae4646 state=PENDING elapsed=910s — waiting …
2026-06-03 15:41:01 | DEBUG    | Task 60ce22e5-aa54-4b99-a561-861a41ae4646 state=PENDING elapsed=915s — waiting …
2026-06-03 15:41:06 | DEBUG    | Task 60ce22e5-aa54-4b99-a561-861a41ae4646 state=PENDING elapsed=920s — waiting …
2026-06-03 15:41:11 | DEBUG    | Task 60ce22e5-aa54-4b99-a561-861a41ae4646 state=PENDING elapsed=925s — waiting …
2026-06-03 15:41:16 | DEBUG    | Task 60ce22e5-aa54-4b99-a561-861a41ae4646 state=PENDING elapsed=930s — waiting …
2026-06-03 15:41:21 | DEBUG    | Task 60ce22e5-aa54-4b99-a561-861a41ae4646 state=PENDING elapsed=935s — waiting …
2026-06-03 15:41:26 | DEBUG    | Task 60ce22e5-aa54-4b99-a561-861a41ae4646 state=PENDING elapsed=940s — waiting …
2026-06-03 15:41:31 | DEBUG    | Task 60ce22e5-aa54-4b99-a561-861a41ae4646 state=PENDING elapsed=945s — waiting …
2026-06-03 15:41:36 | DEBUG    | Task 60ce22e5-aa54-4b99-a561-861a41ae4646 state=PENDING elapsed=950s — waiting …
2026-06-03 15:41:41 | DEBUG    | Task 60ce22e5-aa54-4b99-a561-861a41ae4646 state=PENDING elapsed=955s — waiting …
2026-06-03 15:41:46 | DEBUG    | Task 60ce22e5-aa54-4b99-a561-861a41ae4646 state=PENDING elapsed=960s — waiting …
2026-06-03 15:41:51 | DEBUG    | Task 60ce22e5-aa54-4b99-a561-861a41ae4646 state=PENDING elapsed=966s — waiting …
2026-06-03 15:42:20 | INFO     | Task 60ce22e5-aa54-4b99-a561-861a41ae4646 FINISHED in 995s
2026-06-03 15:42:20 | INFO     | ✅ batch 2/47 (16 files) complete
2026-06-03 15:42:20 | INFO     | --- batch 3/47 (16 files) ---
2026-06-03 15:42:20 | DEBUG    |   Files: CWP-1007_Pawelec_Wakin_Sava_2022.pdf, CWP-1008-kiraz-etal_CNN_SRME_Part_1-report.pdf, CWP-1009-kiraz-etal_CNN_SRME_Part_2.pdf, CWP-1014-Jaimes-Snieder-Report.pdf, CWP-1015-Yanhua-Liu-Report-2023.pdf, CWP-1017_thresholding_Pawelec.pdf, CWP-1018_interpolation_and_filtering-Pawelec&Sava.pdf, CWP-1021_Yanhua.pdf, CWP-1022_Snieder_etal.pdf, CWP-1023_Pandey.pdf, CWP-1024_Almuteri.pdf, CWP-1025_Snyder_etal(1).pdf, CWP-1027_Issah.pdf, CWP-1028_Yanhua_Liu_PhDthesis.pdf, CWP-1029_Khalid_Almuteri_PhDthesis_FA2023.pdf, CWP-1030_Werter_Silva_MSthesis.pdf
2026-06-03 15:42:24 | INFO     | Upload accepted → task_id=4eee7732-d680-4062-8553-db0d933b4796
2026-06-03 15:42:24 | DEBUG    | Task 4eee7732-d680-4062-8553-db0d933b4796 state=PENDING elapsed=0s — waiting …
2026-06-03 15:42:29 | DEBUG    | Task 4eee7732-d680-4062-8553-db0d933b4796 state=PENDING elapsed=5s — waiting …
2026-06-03 15:42:34 | DEBUG    | Task 4eee7732-d680-4062-8553-db0d933b4796 state=PENDING elapsed=10s — waiting …
2026-06-03 15:42:39 | DEBUG    | Task 4eee7732-d680-4062-8553-db0d933b4796 state=PENDING elapsed=15s — waiting …
2026-06-03 15:42:44 | DEBUG    | Task 4eee7732-d680-4062-8553-db0d933b4796 state=PENDING elapsed=20s — waiting …
2026-06-03 15:42:50 | DEBUG    | Task 4eee7732-d680-4062-8553-db0d933b4796 state=PENDING elapsed=27s — waiting …
2026-06-03 15:42:55 | DEBUG    | Task 4eee7732-d680-4062-8553-db0d933b4796 state=PENDING elapsed=32s — waiting …
2026-06-03 15:43:01 | DEBUG    | Task 4eee7732-d680-4062-8553-db0d933b4796 state=PENDING elapsed=38s — waiting …
2026-06-03 15:43:06 | DEBUG    | Task 4eee7732-d680-4062-8553-db0d933b4796 state=PENDING elapsed=43s — waiting …
2026-06-03 15:43:16 | DEBUG    | Task 4eee7732-d680-4062-8553-db0d933b4796 state=PENDING elapsed=52s — waiting …
2026-06-03 15:43:21 | DEBUG    | Task 4eee7732-d680-4062-8553-db0d933b4796 state=PENDING elapsed=57s — waiting …
2026-06-03 15:43:26 | DEBUG    | Task 4eee7732-d680-4062-8553-db0d933b4796 state=PENDING elapsed=62s — waiting …
2026-06-03 15:43:31 | DEBUG    | Task 4eee7732-d680-4062-8553-db0d933b4796 state=PENDING elapsed=67s — waiting …
2026-06-03 15:43:36 | DEBUG    | Task 4eee7732-d680-4062-8553-db0d933b4796 state=PENDING elapsed=72s — waiting …
2026-06-03 15:43:41 | DEBUG    | Task 4eee7732-d680-4062-8553-db0d933b4796 state=PENDING elapsed=77s — waiting …
2026-06-03 15:43:46 | DEBUG    | Task 4eee7732-d680-4062-8553-db0d933b4796 state=PENDING elapsed=82s — waiting …
2026-06-03 15:43:51 | DEBUG    | Task 4eee7732-d680-4062-8553-db0d933b4796 state=PENDING elapsed=88s — waiting …
2026-06-03 15:43:56 | DEBUG    | Task 4eee7732-d680-4062-8553-db0d933b4796 state=PENDING elapsed=93s — waiting …
2026-06-03 15:44:01 | DEBUG    | Task 4eee7732-d680-4062-8553-db0d933b4796 state=PENDING elapsed=98s — waiting …
2026-06-03 15:44:06 | DEBUG    | Task 4eee7732-d680-4062-8553-db0d933b4796 state=PENDING elapsed=103s — waiting …
2026-06-03 15:44:11 | DEBUG    | Task 4eee7732-d680-4062-8553-db0d933b4796 state=PENDING elapsed=108s — waiting …
2026-06-03 15:44:16 | DEBUG    | Task 4eee7732-d680-4062-8553-db0d933b4796 state=PENDING elapsed=113s — waiting …
2026-06-03 15:44:21 | DEBUG    | Task 4eee7732-d680-4062-8553-db0d933b4796 state=PENDING elapsed=118s — waiting …
2026-06-03 15:44:26 | DEBUG    | Task 4eee7732-d680-4062-8553-db0d933b4796 state=PENDING elapsed=123s — waiting …
2026-06-03 15:44:31 | DEBUG    | Task 4eee7732-d680-4062-8553-db0d933b4796 state=PENDING elapsed=128s — waiting …
2026-06-03 15:44:36 | DEBUG    | Task 4eee7732-d680-4062-8553-db0d933b4796 state=PENDING elapsed=133s — waiting …
2026-06-03 15:44:41 | DEBUG    | Task 4eee7732-d680-4062-8553-db0d933b4796 state=PENDING elapsed=138s — waiting …
2026-06-03 15:44:46 | DEBUG    | Task 4eee7732-d680-4062-8553-db0d933b4796 state=PENDING elapsed=143s — waiting …
2026-06-03 15:44:51 | DEBUG    | Task 4eee7732-d680-4062-8553-db0d933b4796 state=PENDING elapsed=148s — waiting …
2026-06-03 15:44:56 | DEBUG    | Task 4eee7732-d680-4062-8553-db0d933b4796 state=PENDING elapsed=153s — waiting …
2026-06-03 15:45:01 | DEBUG    | Task 4eee7732-d680-4062-8553-db0d933b4796 state=PENDING elapsed=158s — waiting …
2026-06-03 15:45:06 | DEBUG    | Task 4eee7732-d680-4062-8553-db0d933b4796 state=PENDING elapsed=163s — waiting …
2026-06-03 15:45:11 | DEBUG    | Task 4eee7732-d680-4062-8553-db0d933b4796 state=PENDING elapsed=168s — waiting …
2026-06-03 15:45:16 | DEBUG    | Task 4eee7732-d680-4062-8553-db0d933b4796 state=PENDING elapsed=173s — waiting …
2026-06-03 15:45:21 | DEBUG    | Task 4eee7732-d680-4062-8553-db0d933b4796 state=PENDING elapsed=178s — waiting …
2026-06-03 15:45:26 | DEBUG    | Task 4eee7732-d680-4062-8553-db0d933b4796 state=PENDING elapsed=183s — waiting …
2026-06-03 15:45:31 | DEBUG    | Task 4eee7732-d680-4062-8553-db0d933b4796 state=PENDING elapsed=188s — waiting …
2026-06-03 15:45:36 | DEBUG    | Task 4eee7732-d680-4062-8553-db0d933b4796 state=PENDING elapsed=193s — waiting …
2026-06-03 15:45:41 | DEBUG    | Task 4eee7732-d680-4062-8553-db0d933b4796 state=PENDING elapsed=198s — waiting …
2026-06-03 15:45:46 | DEBUG    | Task 4eee7732-d680-4062-8553-db0d933b4796 state=PENDING elapsed=203s — waiting …
2026-06-03 15:45:51 | DEBUG    | Task 4eee7732-d680-4062-8553-db0d933b4796 state=PENDING elapsed=208s — waiting …
2026-06-03 15:45:56 | DEBUG    | Task 4eee7732-d680-4062-8553-db0d933b4796 state=PENDING elapsed=213s — waiting …
2026-06-03 15:46:01 | DEBUG    | Task 4eee7732-d680-4062-8553-db0d933b4796 state=PENDING elapsed=218s — waiting …
2026-06-03 15:46:06 | DEBUG    | Task 4eee7732-d680-4062-8553-db0d933b4796 state=PENDING elapsed=223s — waiting …
2026-06-03 15:46:11 | DEBUG    | Task 4eee7732-d680-4062-8553-db0d933b4796 state=PENDING elapsed=228s — waiting …
2026-06-03 15:46:16 | DEBUG    | Task 4eee7732-d680-4062-8553-db0d933b4796 state=PENDING elapsed=233s — waiting …
2026-06-03 15:46:24 | DEBUG    | Task 4eee7732-d680-4062-8553-db0d933b4796 state=PENDING elapsed=240s — waiting …
2026-06-03 15:46:29 | DEBUG    | Task 4eee7732-d680-4062-8553-db0d933b4796 state=PENDING elapsed=245s — waiting …
2026-06-03 15:46:34 | DEBUG    | Task 4eee7732-d680-4062-8553-db0d933b4796 state=PENDING elapsed=250s — waiting …
2026-06-03 15:46:39 | DEBUG    | Task 4eee7732-d680-4062-8553-db0d933b4796 state=PENDING elapsed=255s — waiting …
2026-06-03 15:46:44 | DEBUG    | Task 4eee7732-d680-4062-8553-db0d933b4796 state=PENDING elapsed=260s — waiting …
2026-06-03 15:46:49 | DEBUG    | Task 4eee7732-d680-4062-8553-db0d933b4796 state=PENDING elapsed=265s — waiting …
2026-06-03 15:46:54 | DEBUG    | Task 4eee7732-d680-4062-8553-db0d933b4796 state=PENDING elapsed=270s — waiting …
2026-06-03 15:46:59 | DEBUG    | Task 4eee7732-d680-4062-8553-db0d933b4796 state=PENDING elapsed=275s — waiting …
2026-06-03 15:47:04 | DEBUG    | Task 4eee7732-d680-4062-8553-db0d933b4796 state=PENDING elapsed=280s — waiting …
2026-06-03 15:47:09 | DEBUG    | Task 4eee7732-d680-4062-8553-db0d933b4796 state=PENDING elapsed=285s — waiting …
2026-06-03 15:47:14 | DEBUG    | Task 4eee7732-d680-4062-8553-db0d933b4796 state=PENDING elapsed=290s — waiting …
2026-06-03 15:47:19 | DEBUG    | Task 4eee7732-d680-4062-8553-db0d933b4796 state=PENDING elapsed=295s — waiting …
2026-06-03 15:47:24 | DEBUG    | Task 4eee7732-d680-4062-8553-db0d933b4796 state=PENDING elapsed=300s — waiting …
2026-06-03 15:47:29 | DEBUG    | Task 4eee7732-d680-4062-8553-db0d933b4796 state=PENDING elapsed=305s — waiting …
2026-06-03 15:47:34 | DEBUG    | Task 4eee7732-d680-4062-8553-db0d933b4796 state=PENDING elapsed=310s — waiting …
2026-06-03 15:47:39 | DEBUG    | Task 4eee7732-d680-4062-8553-db0d933b4796 state=PENDING elapsed=315s — waiting …
2026-06-03 15:47:44 | DEBUG    | Task 4eee7732-d680-4062-8553-db0d933b4796 state=PENDING elapsed=320s — waiting …
2026-06-03 15:47:49 | DEBUG    | Task 4eee7732-d680-4062-8553-db0d933b4796 state=PENDING elapsed=325s — waiting …
2026-06-03 15:47:54 | DEBUG    | Task 4eee7732-d680-4062-8553-db0d933b4796 state=PENDING elapsed=330s — waiting …
2026-06-03 15:47:59 | DEBUG    | Task 4eee7732-d680-4062-8553-db0d933b4796 state=PENDING elapsed=335s — waiting …
2026-06-03 15:48:04 | DEBUG    | Task 4eee7732-d680-4062-8553-db0d933b4796 state=PENDING elapsed=340s — waiting …
2026-06-03 15:48:09 | DEBUG    | Task 4eee7732-d680-4062-8553-db0d933b4796 state=PENDING elapsed=345s — waiting …
2026-06-03 15:48:14 | DEBUG    | Task 4eee7732-d680-4062-8553-db0d933b4796 state=PENDING elapsed=350s — waiting …
2026-06-03 15:48:19 | DEBUG    | Task 4eee7732-d680-4062-8553-db0d933b4796 state=PENDING elapsed=355s — waiting …
2026-06-03 15:48:24 | DEBUG    | Task 4eee7732-d680-4062-8553-db0d933b4796 state=PENDING elapsed=360s — waiting …
2026-06-03 15:48:29 | DEBUG    | Task 4eee7732-d680-4062-8553-db0d933b4796 state=PENDING elapsed=365s — waiting …
2026-06-03 15:48:34 | DEBUG    | Task 4eee7732-d680-4062-8553-db0d933b4796 state=PENDING elapsed=370s — waiting …
2026-06-03 15:48:39 | DEBUG    | Task 4eee7732-d680-4062-8553-db0d933b4796 state=PENDING elapsed=375s — waiting …
2026-06-03 15:48:44 | INFO     | Task 4eee7732-d680-4062-8553-db0d933b4796 FINISHED in 380s
2026-06-03 15:48:44 | INFO     | ✅ batch 3/47 (16 files) complete
2026-06-03 15:48:44 | INFO     | --- batch 4/47 (16 files) ---
2026-06-03 15:48:44 | DEBUG    |   Files: CWP-107_Project_Review_1991.pdf, CWP-110_Hedley_MSthesis_1991.pdf, CWP-114_H_Lydia_Deng_ 1992_MSthesis.pdf, CWP-115_Artley_MSthesis_1992.pdf, CWP-116_Francesca_Fazzari_MSthesis_1992.pdf, CWP-121_1992_Project_Review.pdf, CWP-132_Mohammed_Alfaraj_PhDthesis.pdf, CWP-153_ProjectReview_1994.pdf, CWP-159_Scales&Tarantola_report.pdf, CWP-160_Scales&Smith_1994.pdf, CWP-163_Omar_Uzcategui_FA1994.pdf, CWP-168_Liu&Bleistein_excerptfromthesis.pdf, CWP-168_Zhenyue_Liu_PhDthesis_SP1995.pdf, CWP-169_Meng_et_al._report.pdf, CWP-172_Cohen_report.pdf, CWP-173_Cohen_report.pdf
2026-06-03 15:48:46 | INFO     | Upload accepted → task_id=bd707dea-504d-4425-85f8-1b95fd6478d0
2026-06-03 15:48:46 | DEBUG    | Task bd707dea-504d-4425-85f8-1b95fd6478d0 state=PENDING elapsed=0s — waiting …
2026-06-03 15:48:51 | DEBUG    | Task bd707dea-504d-4425-85f8-1b95fd6478d0 state=PENDING elapsed=5s — waiting …
2026-06-03 15:48:56 | DEBUG    | Task bd707dea-504d-4425-85f8-1b95fd6478d0 state=PENDING elapsed=10s — waiting …
2026-06-03 15:49:01 | DEBUG    | Task bd707dea-504d-4425-85f8-1b95fd6478d0 state=PENDING elapsed=15s — waiting …
2026-06-03 15:49:06 | DEBUG    | Task bd707dea-504d-4425-85f8-1b95fd6478d0 state=PENDING elapsed=20s — waiting …
2026-06-03 15:49:11 | DEBUG    | Task bd707dea-504d-4425-85f8-1b95fd6478d0 state=PENDING elapsed=25s — waiting …
2026-06-03 15:49:17 | DEBUG    | Task bd707dea-504d-4425-85f8-1b95fd6478d0 state=PENDING elapsed=31s — waiting …
2026-06-03 15:49:22 | DEBUG    | Task bd707dea-504d-4425-85f8-1b95fd6478d0 state=PENDING elapsed=36s — waiting …
2026-06-03 15:49:27 | DEBUG    | Task bd707dea-504d-4425-85f8-1b95fd6478d0 state=PENDING elapsed=41s — waiting …
2026-06-03 15:49:32 | DEBUG    | Task bd707dea-504d-4425-85f8-1b95fd6478d0 state=PENDING elapsed=46s — waiting …
2026-06-03 15:49:37 | DEBUG    | Task bd707dea-504d-4425-85f8-1b95fd6478d0 state=PENDING elapsed=51s — waiting …
2026-06-03 15:49:42 | DEBUG    | Task bd707dea-504d-4425-85f8-1b95fd6478d0 state=PENDING elapsed=56s — waiting …
2026-06-03 15:49:47 | DEBUG    | Task bd707dea-504d-4425-85f8-1b95fd6478d0 state=PENDING elapsed=61s — waiting …
2026-06-03 15:49:52 | DEBUG    | Task bd707dea-504d-4425-85f8-1b95fd6478d0 state=PENDING elapsed=66s — waiting …
2026-06-03 15:49:57 | DEBUG    | Task bd707dea-504d-4425-85f8-1b95fd6478d0 state=PENDING elapsed=71s — waiting …
2026-06-03 15:50:02 | DEBUG    | Task bd707dea-504d-4425-85f8-1b95fd6478d0 state=PENDING elapsed=76s — waiting …
2026-06-03 15:50:07 | DEBUG    | Task bd707dea-504d-4425-85f8-1b95fd6478d0 state=PENDING elapsed=81s — waiting …
2026-06-03 15:50:12 | DEBUG    | Task bd707dea-504d-4425-85f8-1b95fd6478d0 state=PENDING elapsed=86s — waiting …
2026-06-03 15:50:17 | DEBUG    | Task bd707dea-504d-4425-85f8-1b95fd6478d0 state=PENDING elapsed=91s — waiting …
2026-06-03 15:50:22 | DEBUG    | Task bd707dea-504d-4425-85f8-1b95fd6478d0 state=PENDING elapsed=96s — waiting …
2026-06-03 15:50:27 | DEBUG    | Task bd707dea-504d-4425-85f8-1b95fd6478d0 state=PENDING elapsed=101s — waiting …
2026-06-03 15:50:32 | DEBUG    | Task bd707dea-504d-4425-85f8-1b95fd6478d0 state=PENDING elapsed=106s — waiting …
2026-06-03 15:50:37 | DEBUG    | Task bd707dea-504d-4425-85f8-1b95fd6478d0 state=PENDING elapsed=111s — waiting …
2026-06-03 15:50:42 | DEBUG    | Task bd707dea-504d-4425-85f8-1b95fd6478d0 state=PENDING elapsed=116s — waiting …
2026-06-03 15:50:47 | DEBUG    | Task bd707dea-504d-4425-85f8-1b95fd6478d0 state=PENDING elapsed=121s — waiting …
2026-06-03 15:50:52 | DEBUG    | Task bd707dea-504d-4425-85f8-1b95fd6478d0 state=PENDING elapsed=126s — waiting …
2026-06-03 15:50:57 | DEBUG    | Task bd707dea-504d-4425-85f8-1b95fd6478d0 state=PENDING elapsed=131s — waiting …
2026-06-03 15:51:02 | DEBUG    | Task bd707dea-504d-4425-85f8-1b95fd6478d0 state=PENDING elapsed=136s — waiting …
2026-06-03 15:51:07 | DEBUG    | Task bd707dea-504d-4425-85f8-1b95fd6478d0 state=PENDING elapsed=141s — waiting …
2026-06-03 15:51:12 | DEBUG    | Task bd707dea-504d-4425-85f8-1b95fd6478d0 state=PENDING elapsed=146s — waiting …
2026-06-03 15:51:17 | DEBUG    | Task bd707dea-504d-4425-85f8-1b95fd6478d0 state=PENDING elapsed=151s — waiting …
2026-06-03 15:51:22 | DEBUG    | Task bd707dea-504d-4425-85f8-1b95fd6478d0 state=PENDING elapsed=156s — waiting …
2026-06-03 15:51:27 | DEBUG    | Task bd707dea-504d-4425-85f8-1b95fd6478d0 state=PENDING elapsed=161s — waiting …
2026-06-03 15:51:32 | DEBUG    | Task bd707dea-504d-4425-85f8-1b95fd6478d0 state=PENDING elapsed=166s — waiting …
2026-06-03 15:51:37 | DEBUG    | Task bd707dea-504d-4425-85f8-1b95fd6478d0 state=PENDING elapsed=171s — waiting …
2026-06-03 15:51:42 | DEBUG    | Task bd707dea-504d-4425-85f8-1b95fd6478d0 state=PENDING elapsed=176s — waiting …
2026-06-03 15:51:47 | DEBUG    | Task bd707dea-504d-4425-85f8-1b95fd6478d0 state=PENDING elapsed=181s — waiting …
2026-06-03 15:51:52 | DEBUG    | Task bd707dea-504d-4425-85f8-1b95fd6478d0 state=PENDING elapsed=186s — waiting …
2026-06-03 15:51:57 | DEBUG    | Task bd707dea-504d-4425-85f8-1b95fd6478d0 state=PENDING elapsed=191s — waiting …
2026-06-03 15:52:02 | DEBUG    | Task bd707dea-504d-4425-85f8-1b95fd6478d0 state=PENDING elapsed=196s — waiting …
2026-06-03 15:52:07 | DEBUG    | Task bd707dea-504d-4425-85f8-1b95fd6478d0 state=PENDING elapsed=201s — waiting …
2026-06-03 15:52:12 | DEBUG    | Task bd707dea-504d-4425-85f8-1b95fd6478d0 state=PENDING elapsed=206s — waiting …
2026-06-03 15:52:17 | DEBUG    | Task bd707dea-504d-4425-85f8-1b95fd6478d0 state=PENDING elapsed=211s — waiting …
2026-06-03 15:52:22 | DEBUG    | Task bd707dea-504d-4425-85f8-1b95fd6478d0 state=PENDING elapsed=216s — waiting …
2026-06-03 15:52:27 | DEBUG    | Task bd707dea-504d-4425-85f8-1b95fd6478d0 state=PENDING elapsed=221s — waiting …
2026-06-03 15:52:32 | DEBUG    | Task bd707dea-504d-4425-85f8-1b95fd6478d0 state=PENDING elapsed=226s — waiting …
2026-06-03 15:52:37 | DEBUG    | Task bd707dea-504d-4425-85f8-1b95fd6478d0 state=PENDING elapsed=231s — waiting …
2026-06-03 15:52:42 | DEBUG    | Task bd707dea-504d-4425-85f8-1b95fd6478d0 state=PENDING elapsed=236s — waiting …
2026-06-03 15:52:47 | DEBUG    | Task bd707dea-504d-4425-85f8-1b95fd6478d0 state=PENDING elapsed=241s — waiting …
2026-06-03 15:52:52 | DEBUG    | Task bd707dea-504d-4425-85f8-1b95fd6478d0 state=PENDING elapsed=246s — waiting …
2026-06-03 15:52:57 | DEBUG    | Task bd707dea-504d-4425-85f8-1b95fd6478d0 state=PENDING elapsed=251s — waiting …
2026-06-03 15:53:02 | DEBUG    | Task bd707dea-504d-4425-85f8-1b95fd6478d0 state=PENDING elapsed=256s — waiting …
2026-06-03 15:53:08 | DEBUG    | Task bd707dea-504d-4425-85f8-1b95fd6478d0 state=PENDING elapsed=261s — waiting …
2026-06-03 15:53:13 | DEBUG    | Task bd707dea-504d-4425-85f8-1b95fd6478d0 state=PENDING elapsed=266s — waiting …
2026-06-03 15:53:18 | DEBUG    | Task bd707dea-504d-4425-85f8-1b95fd6478d0 state=PENDING elapsed=271s — waiting …
2026-06-03 15:53:23 | DEBUG    | Task bd707dea-504d-4425-85f8-1b95fd6478d0 state=PENDING elapsed=276s — waiting …
2026-06-03 15:53:28 | DEBUG    | Task bd707dea-504d-4425-85f8-1b95fd6478d0 state=PENDING elapsed=282s — waiting …
2026-06-03 15:53:33 | DEBUG    | Task bd707dea-504d-4425-85f8-1b95fd6478d0 state=PENDING elapsed=287s — waiting …
2026-06-03 15:53:38 | DEBUG    | Task bd707dea-504d-4425-85f8-1b95fd6478d0 state=PENDING elapsed=292s — waiting …
2026-06-03 15:53:43 | DEBUG    | Task bd707dea-504d-4425-85f8-1b95fd6478d0 state=PENDING elapsed=297s — waiting …
2026-06-03 15:53:48 | DEBUG    | Task bd707dea-504d-4425-85f8-1b95fd6478d0 state=PENDING elapsed=302s — waiting …
2026-06-03 15:53:53 | DEBUG    | Task bd707dea-504d-4425-85f8-1b95fd6478d0 state=PENDING elapsed=307s — waiting …
2026-06-03 15:53:59 | DEBUG    | Task bd707dea-504d-4425-85f8-1b95fd6478d0 state=PENDING elapsed=313s — waiting …
2026-06-03 15:54:04 | DEBUG    | Task bd707dea-504d-4425-85f8-1b95fd6478d0 state=PENDING elapsed=318s — waiting …
2026-06-03 15:54:09 | DEBUG    | Task bd707dea-504d-4425-85f8-1b95fd6478d0 state=PENDING elapsed=323s — waiting …
2026-06-03 15:54:14 | DEBUG    | Task bd707dea-504d-4425-85f8-1b95fd6478d0 state=PENDING elapsed=328s — waiting …
2026-06-03 15:54:19 | DEBUG    | Task bd707dea-504d-4425-85f8-1b95fd6478d0 state=PENDING elapsed=333s — waiting …
2026-06-03 15:54:24 | DEBUG    | Task bd707dea-504d-4425-85f8-1b95fd6478d0 state=PENDING elapsed=338s — waiting …
2026-06-03 15:54:29 | DEBUG    | Task bd707dea-504d-4425-85f8-1b95fd6478d0 state=PENDING elapsed=343s — waiting …
2026-06-03 15:54:34 | DEBUG    | Task bd707dea-504d-4425-85f8-1b95fd6478d0 state=PENDING elapsed=348s — waiting …
2026-06-03 15:54:39 | DEBUG    | Task bd707dea-504d-4425-85f8-1b95fd6478d0 state=PENDING elapsed=353s — waiting …
2026-06-03 15:54:44 | DEBUG    | Task bd707dea-504d-4425-85f8-1b95fd6478d0 state=PENDING elapsed=358s — waiting …
2026-06-03 15:54:49 | DEBUG    | Task bd707dea-504d-4425-85f8-1b95fd6478d0 state=PENDING elapsed=363s — waiting …
2026-06-03 15:54:54 | DEBUG    | Task bd707dea-504d-4425-85f8-1b95fd6478d0 state=PENDING elapsed=368s — waiting …
2026-06-03 15:54:59 | DEBUG    | Task bd707dea-504d-4425-85f8-1b95fd6478d0 state=PENDING elapsed=373s — waiting …
2026-06-03 15:55:04 | DEBUG    | Task bd707dea-504d-4425-85f8-1b95fd6478d0 state=PENDING elapsed=378s — waiting …
2026-06-03 15:55:09 | DEBUG    | Task bd707dea-504d-4425-85f8-1b95fd6478d0 state=PENDING elapsed=383s — waiting …
2026-06-03 15:55:14 | DEBUG    | Task bd707dea-504d-4425-85f8-1b95fd6478d0 state=PENDING elapsed=388s — waiting …
2026-06-03 15:55:19 | DEBUG    | Task bd707dea-504d-4425-85f8-1b95fd6478d0 state=PENDING elapsed=393s — waiting …
2026-06-03 15:55:24 | DEBUG    | Task bd707dea-504d-4425-85f8-1b95fd6478d0 state=PENDING elapsed=398s — waiting …
2026-06-03 15:55:29 | DEBUG    | Task bd707dea-504d-4425-85f8-1b95fd6478d0 state=PENDING elapsed=403s — waiting …
2026-06-03 15:55:34 | DEBUG    | Task bd707dea-504d-4425-85f8-1b95fd6478d0 state=PENDING elapsed=408s — waiting …
2026-06-03 15:55:39 | DEBUG    | Task bd707dea-504d-4425-85f8-1b95fd6478d0 state=PENDING elapsed=413s — waiting …
2026-06-03 15:55:44 | DEBUG    | Task bd707dea-504d-4425-85f8-1b95fd6478d0 state=PENDING elapsed=418s — waiting …
2026-06-03 15:55:49 | DEBUG    | Task bd707dea-504d-4425-85f8-1b95fd6478d0 state=PENDING elapsed=423s — waiting …
2026-06-03 15:55:54 | DEBUG    | Task bd707dea-504d-4425-85f8-1b95fd6478d0 state=PENDING elapsed=428s — waiting …
2026-06-03 15:55:59 | DEBUG    | Task bd707dea-504d-4425-85f8-1b95fd6478d0 state=PENDING elapsed=433s — waiting …
2026-06-03 15:56:04 | DEBUG    | Task bd707dea-504d-4425-85f8-1b95fd6478d0 state=PENDING elapsed=438s — waiting …
2026-06-03 15:56:09 | DEBUG    | Task bd707dea-504d-4425-85f8-1b95fd6478d0 state=PENDING elapsed=443s — waiting …
2026-06-03 15:56:14 | DEBUG    | Task bd707dea-504d-4425-85f8-1b95fd6478d0 state=PENDING elapsed=448s — waiting …
2026-06-03 15:56:19 | DEBUG    | Task bd707dea-504d-4425-85f8-1b95fd6478d0 state=PENDING elapsed=453s — waiting …
2026-06-03 15:56:25 | DEBUG    | Task bd707dea-504d-4425-85f8-1b95fd6478d0 state=PENDING elapsed=458s — waiting …
2026-06-03 15:56:30 | DEBUG    | Task bd707dea-504d-4425-85f8-1b95fd6478d0 state=PENDING elapsed=464s — waiting …
2026-06-03 15:56:35 | DEBUG    | Task bd707dea-504d-4425-85f8-1b95fd6478d0 state=PENDING elapsed=469s — waiting …
2026-06-03 15:56:40 | DEBUG    | Task bd707dea-504d-4425-85f8-1b95fd6478d0 state=PENDING elapsed=474s — waiting …
2026-06-03 15:56:45 | DEBUG    | Task bd707dea-504d-4425-85f8-1b95fd6478d0 state=PENDING elapsed=479s — waiting …
2026-06-03 15:56:50 | DEBUG    | Task bd707dea-504d-4425-85f8-1b95fd6478d0 state=PENDING elapsed=484s — waiting …
2026-06-03 15:56:55 | DEBUG    | Task bd707dea-504d-4425-85f8-1b95fd6478d0 state=PENDING elapsed=489s — waiting …
2026-06-03 15:57:00 | DEBUG    | Task bd707dea-504d-4425-85f8-1b95fd6478d0 state=PENDING elapsed=494s — waiting …
2026-06-03 15:57:16 | DEBUG    | Task bd707dea-504d-4425-85f8-1b95fd6478d0 state=PENDING elapsed=510s — waiting …
2026-06-03 15:57:21 | DEBUG    | Task bd707dea-504d-4425-85f8-1b95fd6478d0 state=PENDING elapsed=515s — waiting …
2026-06-03 15:57:26 | DEBUG    | Task bd707dea-504d-4425-85f8-1b95fd6478d0 state=PENDING elapsed=520s — waiting …
2026-06-03 15:57:31 | DEBUG    | Task bd707dea-504d-4425-85f8-1b95fd6478d0 state=PENDING elapsed=525s — waiting …
2026-06-03 15:57:36 | DEBUG    | Task bd707dea-504d-4425-85f8-1b95fd6478d0 state=PENDING elapsed=530s — waiting …
2026-06-03 15:57:41 | DEBUG    | Task bd707dea-504d-4425-85f8-1b95fd6478d0 state=PENDING elapsed=535s — waiting …
2026-06-03 15:57:51 | INFO     | Task bd707dea-504d-4425-85f8-1b95fd6478d0 FINISHED in 545s
2026-06-03 15:57:51 | INFO     | ✅ batch 4/47 (16 files) complete
2026-06-03 15:57:51 | INFO     | --- batch 5/47 (16 files) ---
2026-06-03 15:57:51 | DEBUG    |   Files: CWP-174_Tsvankin_Inversion_of_moveout_velocities.pdf, CWP-175_Tsvankin_Analysis_for_transversely_isotropic_media.pdf, CWP-176_Alkhalifah_Anisotropy_Processing.pdf, CWP-177_Boyi_Ou_MSthesis_SP1995.pdf, CWP-182_Scales_Probabilistic_Characterization_of_Geologic_Info.pdf, CWP-183_Deng_Using_Multi-resolution_analysis.pdf, CWP-184_Gouveia_A_study_of_model_covariances.pdf, CWP-185_Project_Review_1995.pdf, CWP-186_Timo_Tjan_SU1995.pdf, CWP-191_Cohen.pdf, CWP-193-Blestein&Cohen.pdf, CWP-195_Gabriel_Alvarez_De_La_Hoz_MS_thesis_FA1995.pdf, CWP-196_Tong_Chen_MS_thesis_FA1995.pdf, CWP-235_Andreas_Ruger_PhDthesis_reduced.pdf, CWP-236_Tariq_Alkhalifah_PhDthesis.pdf, CWP-237_Trino_Salinas.pdf
2026-06-03 15:57:52 | INFO     | Upload accepted → task_id=d172f2d4-2e86-4e39-9506-3b3ec62a5af6
2026-06-03 15:57:53 | DEBUG    | Task d172f2d4-2e86-4e39-9506-3b3ec62a5af6 state=PENDING elapsed=0s — waiting …
2026-06-03 15:57:58 | DEBUG    | Task d172f2d4-2e86-4e39-9506-3b3ec62a5af6 state=PENDING elapsed=5s — waiting …
2026-06-03 15:58:03 | DEBUG    | Task d172f2d4-2e86-4e39-9506-3b3ec62a5af6 state=PENDING elapsed=10s — waiting …
2026-06-03 15:58:08 | DEBUG    | Task d172f2d4-2e86-4e39-9506-3b3ec62a5af6 state=PENDING elapsed=15s — waiting …
2026-06-03 15:58:13 | DEBUG    | Task d172f2d4-2e86-4e39-9506-3b3ec62a5af6 state=PENDING elapsed=20s — waiting …
2026-06-03 15:58:18 | DEBUG    | Task d172f2d4-2e86-4e39-9506-3b3ec62a5af6 state=PENDING elapsed=25s — waiting …
2026-06-03 15:58:23 | DEBUG    | Task d172f2d4-2e86-4e39-9506-3b3ec62a5af6 state=PENDING elapsed=30s — waiting …
2026-06-03 15:58:28 | DEBUG    | Task d172f2d4-2e86-4e39-9506-3b3ec62a5af6 state=PENDING elapsed=35s — waiting …
2026-06-03 15:58:33 | DEBUG    | Task d172f2d4-2e86-4e39-9506-3b3ec62a5af6 state=PENDING elapsed=40s — waiting …
2026-06-03 15:58:38 | DEBUG    | Task d172f2d4-2e86-4e39-9506-3b3ec62a5af6 state=PENDING elapsed=45s — waiting …
2026-06-03 15:58:43 | DEBUG    | Task d172f2d4-2e86-4e39-9506-3b3ec62a5af6 state=PENDING elapsed=50s — waiting …
2026-06-03 15:58:48 | DEBUG    | Task d172f2d4-2e86-4e39-9506-3b3ec62a5af6 state=PENDING elapsed=55s — waiting …
2026-06-03 15:58:53 | DEBUG    | Task d172f2d4-2e86-4e39-9506-3b3ec62a5af6 state=PENDING elapsed=60s — waiting …
2026-06-03 15:58:58 | DEBUG    | Task d172f2d4-2e86-4e39-9506-3b3ec62a5af6 state=PENDING elapsed=65s — waiting …
2026-06-03 15:59:03 | DEBUG    | Task d172f2d4-2e86-4e39-9506-3b3ec62a5af6 state=PENDING elapsed=70s — waiting …
2026-06-03 15:59:08 | DEBUG    | Task d172f2d4-2e86-4e39-9506-3b3ec62a5af6 state=PENDING elapsed=75s — waiting …
2026-06-03 15:59:13 | DEBUG    | Task d172f2d4-2e86-4e39-9506-3b3ec62a5af6 state=PENDING elapsed=80s — waiting …
2026-06-03 15:59:18 | DEBUG    | Task d172f2d4-2e86-4e39-9506-3b3ec62a5af6 state=PENDING elapsed=85s — waiting …
2026-06-03 15:59:23 | DEBUG    | Task d172f2d4-2e86-4e39-9506-3b3ec62a5af6 state=PENDING elapsed=90s — waiting …
2026-06-03 15:59:28 | DEBUG    | Task d172f2d4-2e86-4e39-9506-3b3ec62a5af6 state=PENDING elapsed=95s — waiting …
2026-06-03 15:59:33 | DEBUG    | Task d172f2d4-2e86-4e39-9506-3b3ec62a5af6 state=PENDING elapsed=100s — waiting …
2026-06-03 15:59:38 | DEBUG    | Task d172f2d4-2e86-4e39-9506-3b3ec62a5af6 state=PENDING elapsed=105s — waiting …
2026-06-03 15:59:43 | DEBUG    | Task d172f2d4-2e86-4e39-9506-3b3ec62a5af6 state=PENDING elapsed=110s — waiting …
2026-06-03 15:59:48 | DEBUG    | Task d172f2d4-2e86-4e39-9506-3b3ec62a5af6 state=PENDING elapsed=115s — waiting …
2026-06-03 15:59:53 | DEBUG    | Task d172f2d4-2e86-4e39-9506-3b3ec62a5af6 state=PENDING elapsed=120s — waiting …
2026-06-03 15:59:58 | DEBUG    | Task d172f2d4-2e86-4e39-9506-3b3ec62a5af6 state=PENDING elapsed=125s — waiting …
2026-06-03 16:00:03 | DEBUG    | Task d172f2d4-2e86-4e39-9506-3b3ec62a5af6 state=PENDING elapsed=130s — waiting …
2026-06-03 16:00:08 | DEBUG    | Task d172f2d4-2e86-4e39-9506-3b3ec62a5af6 state=PENDING elapsed=135s — waiting …
2026-06-03 16:00:13 | DEBUG    | Task d172f2d4-2e86-4e39-9506-3b3ec62a5af6 state=PENDING elapsed=140s — waiting …
2026-06-03 16:00:18 | DEBUG    | Task d172f2d4-2e86-4e39-9506-3b3ec62a5af6 state=PENDING elapsed=145s — waiting …
2026-06-03 16:00:23 | DEBUG    | Task d172f2d4-2e86-4e39-9506-3b3ec62a5af6 state=PENDING elapsed=150s — waiting …
2026-06-03 16:00:28 | DEBUG    | Task d172f2d4-2e86-4e39-9506-3b3ec62a5af6 state=PENDING elapsed=155s — waiting …
2026-06-03 16:00:33 | DEBUG    | Task d172f2d4-2e86-4e39-9506-3b3ec62a5af6 state=PENDING elapsed=160s — waiting …
2026-06-03 16:00:38 | DEBUG    | Task d172f2d4-2e86-4e39-9506-3b3ec62a5af6 state=PENDING elapsed=165s — waiting …
2026-06-03 16:00:43 | DEBUG    | Task d172f2d4-2e86-4e39-9506-3b3ec62a5af6 state=PENDING elapsed=170s — waiting …
2026-06-03 16:00:48 | DEBUG    | Task d172f2d4-2e86-4e39-9506-3b3ec62a5af6 state=PENDING elapsed=175s — waiting …
2026-06-03 16:00:53 | DEBUG    | Task d172f2d4-2e86-4e39-9506-3b3ec62a5af6 state=PENDING elapsed=180s — waiting …
2026-06-03 16:00:58 | DEBUG    | Task d172f2d4-2e86-4e39-9506-3b3ec62a5af6 state=PENDING elapsed=185s — waiting …
2026-06-03 16:01:03 | DEBUG    | Task d172f2d4-2e86-4e39-9506-3b3ec62a5af6 state=PENDING elapsed=190s — waiting …
2026-06-03 16:01:08 | DEBUG    | Task d172f2d4-2e86-4e39-9506-3b3ec62a5af6 state=PENDING elapsed=195s — waiting …
2026-06-03 16:01:13 | DEBUG    | Task d172f2d4-2e86-4e39-9506-3b3ec62a5af6 state=PENDING elapsed=200s — waiting …
2026-06-03 16:01:18 | DEBUG    | Task d172f2d4-2e86-4e39-9506-3b3ec62a5af6 state=PENDING elapsed=205s — waiting …
2026-06-03 16:01:24 | DEBUG    | Task d172f2d4-2e86-4e39-9506-3b3ec62a5af6 state=PENDING elapsed=212s — waiting …
2026-06-03 16:01:29 | DEBUG    | Task d172f2d4-2e86-4e39-9506-3b3ec62a5af6 state=PENDING elapsed=217s — waiting …
2026-06-03 16:01:34 | DEBUG    | Task d172f2d4-2e86-4e39-9506-3b3ec62a5af6 state=PENDING elapsed=222s — waiting …
2026-06-03 16:01:39 | DEBUG    | Task d172f2d4-2e86-4e39-9506-3b3ec62a5af6 state=PENDING elapsed=227s — waiting …
2026-06-03 16:01:48 | DEBUG    | Task d172f2d4-2e86-4e39-9506-3b3ec62a5af6 state=PENDING elapsed=235s — waiting …
2026-06-03 16:01:53 | DEBUG    | Task d172f2d4-2e86-4e39-9506-3b3ec62a5af6 state=PENDING elapsed=240s — waiting …
2026-06-03 16:01:58 | DEBUG    | Task d172f2d4-2e86-4e39-9506-3b3ec62a5af6 state=PENDING elapsed=245s — waiting …
2026-06-03 16:02:03 | DEBUG    | Task d172f2d4-2e86-4e39-9506-3b3ec62a5af6 state=PENDING elapsed=250s — waiting …
2026-06-03 16:02:08 | DEBUG    | Task d172f2d4-2e86-4e39-9506-3b3ec62a5af6 state=PENDING elapsed=255s — waiting …
2026-06-03 16:02:13 | DEBUG    | Task d172f2d4-2e86-4e39-9506-3b3ec62a5af6 state=PENDING elapsed=260s — waiting …
2026-06-03 16:02:18 | DEBUG    | Task d172f2d4-2e86-4e39-9506-3b3ec62a5af6 state=PENDING elapsed=265s — waiting …
2026-06-03 16:02:23 | DEBUG    | Task d172f2d4-2e86-4e39-9506-3b3ec62a5af6 state=PENDING elapsed=270s — waiting …
2026-06-03 16:02:28 | DEBUG    | Task d172f2d4-2e86-4e39-9506-3b3ec62a5af6 state=PENDING elapsed=275s — waiting …
2026-06-03 16:02:33 | DEBUG    | Task d172f2d4-2e86-4e39-9506-3b3ec62a5af6 state=PENDING elapsed=280s — waiting …
2026-06-03 16:02:38 | DEBUG    | Task d172f2d4-2e86-4e39-9506-3b3ec62a5af6 state=PENDING elapsed=285s — waiting …
2026-06-03 16:02:43 | DEBUG    | Task d172f2d4-2e86-4e39-9506-3b3ec62a5af6 state=PENDING elapsed=290s — waiting …
2026-06-03 16:02:48 | DEBUG    | Task d172f2d4-2e86-4e39-9506-3b3ec62a5af6 state=PENDING elapsed=295s — waiting …
2026-06-03 16:02:53 | DEBUG    | Task d172f2d4-2e86-4e39-9506-3b3ec62a5af6 state=PENDING elapsed=300s — waiting …
2026-06-03 16:02:58 | DEBUG    | Task d172f2d4-2e86-4e39-9506-3b3ec62a5af6 state=PENDING elapsed=305s — waiting …
2026-06-03 16:03:03 | DEBUG    | Task d172f2d4-2e86-4e39-9506-3b3ec62a5af6 state=PENDING elapsed=310s — waiting …
2026-06-03 16:03:08 | DEBUG    | Task d172f2d4-2e86-4e39-9506-3b3ec62a5af6 state=PENDING elapsed=315s — waiting …
2026-06-03 16:03:13 | DEBUG    | Task d172f2d4-2e86-4e39-9506-3b3ec62a5af6 state=PENDING elapsed=320s — waiting …
2026-06-03 16:03:18 | DEBUG    | Task d172f2d4-2e86-4e39-9506-3b3ec62a5af6 state=PENDING elapsed=325s — waiting …
2026-06-03 16:03:23 | DEBUG    | Task d172f2d4-2e86-4e39-9506-3b3ec62a5af6 state=PENDING elapsed=330s — waiting …
2026-06-03 16:03:28 | DEBUG    | Task d172f2d4-2e86-4e39-9506-3b3ec62a5af6 state=PENDING elapsed=335s — waiting …
2026-06-03 16:03:33 | DEBUG    | Task d172f2d4-2e86-4e39-9506-3b3ec62a5af6 state=PENDING elapsed=340s — waiting …
2026-06-03 16:03:38 | DEBUG    | Task d172f2d4-2e86-4e39-9506-3b3ec62a5af6 state=PENDING elapsed=345s — waiting …
2026-06-03 16:03:43 | DEBUG    | Task d172f2d4-2e86-4e39-9506-3b3ec62a5af6 state=PENDING elapsed=350s — waiting …
2026-06-03 16:03:48 | DEBUG    | Task d172f2d4-2e86-4e39-9506-3b3ec62a5af6 state=PENDING elapsed=355s — waiting …
2026-06-03 16:03:53 | DEBUG    | Task d172f2d4-2e86-4e39-9506-3b3ec62a5af6 state=PENDING elapsed=360s — waiting …
2026-06-03 16:03:58 | DEBUG    | Task d172f2d4-2e86-4e39-9506-3b3ec62a5af6 state=PENDING elapsed=365s — waiting …
2026-06-03 16:04:03 | DEBUG    | Task d172f2d4-2e86-4e39-9506-3b3ec62a5af6 state=PENDING elapsed=370s — waiting …
2026-06-03 16:04:08 | DEBUG    | Task d172f2d4-2e86-4e39-9506-3b3ec62a5af6 state=PENDING elapsed=375s — waiting …
2026-06-03 16:04:13 | DEBUG    | Task d172f2d4-2e86-4e39-9506-3b3ec62a5af6 state=PENDING elapsed=380s — waiting …
2026-06-03 16:04:18 | DEBUG    | Task d172f2d4-2e86-4e39-9506-3b3ec62a5af6 state=PENDING elapsed=385s — waiting …
2026-06-03 16:04:23 | DEBUG    | Task d172f2d4-2e86-4e39-9506-3b3ec62a5af6 state=PENDING elapsed=390s — waiting …
2026-06-03 16:04:28 | DEBUG    | Task d172f2d4-2e86-4e39-9506-3b3ec62a5af6 state=PENDING elapsed=395s — waiting …
2026-06-03 16:04:33 | DEBUG    | Task d172f2d4-2e86-4e39-9506-3b3ec62a5af6 state=PENDING elapsed=400s — waiting …
2026-06-03 16:04:38 | DEBUG    | Task d172f2d4-2e86-4e39-9506-3b3ec62a5af6 state=PENDING elapsed=405s — waiting …
2026-06-03 16:04:43 | DEBUG    | Task d172f2d4-2e86-4e39-9506-3b3ec62a5af6 state=PENDING elapsed=410s — waiting …
2026-06-03 16:04:48 | DEBUG    | Task d172f2d4-2e86-4e39-9506-3b3ec62a5af6 state=PENDING elapsed=415s — waiting …
2026-06-03 16:04:53 | DEBUG    | Task d172f2d4-2e86-4e39-9506-3b3ec62a5af6 state=PENDING elapsed=420s — waiting …
2026-06-03 16:04:58 | DEBUG    | Task d172f2d4-2e86-4e39-9506-3b3ec62a5af6 state=PENDING elapsed=425s — waiting …
2026-06-03 16:05:03 | DEBUG    | Task d172f2d4-2e86-4e39-9506-3b3ec62a5af6 state=PENDING elapsed=430s — waiting …
2026-06-03 16:05:08 | DEBUG    | Task d172f2d4-2e86-4e39-9506-3b3ec62a5af6 state=PENDING elapsed=435s — waiting …
2026-06-03 16:05:15 | DEBUG    | Task d172f2d4-2e86-4e39-9506-3b3ec62a5af6 state=PENDING elapsed=442s — waiting …
2026-06-03 16:05:20 | DEBUG    | Task d172f2d4-2e86-4e39-9506-3b3ec62a5af6 state=PENDING elapsed=447s — waiting …
2026-06-03 16:05:28 | INFO     | Task d172f2d4-2e86-4e39-9506-3b3ec62a5af6 FINISHED in 455s
2026-06-03 16:05:28 | INFO     | ✅ batch 5/47 (16 files) complete
2026-06-03 16:05:28 | INFO     | --- batch 6/47 (16 files) ---
2026-06-03 16:05:28 | DEBUG    |   Files: CWP-239_Hongling_Lydia_Deng_PhD.pdf, CWP-240_Gabriel_Perez_MS.pdf, CWP-284_Herman_Jaramillo_PhD.pdf, CWP-357_Lan_Wang_PhD.pdf, CWP-358_Baoniu_Han_MSthesis.pdf, CWP-395_Jerome_Rousseau_PhD.pdf, CWP-400_Peter_Jilek_PhD.pdf, CWP-426_deHoop_et_al._2002.pdf, CWP-434_Valmore_Celis_MSthesis.pdf, CWP-437_Cardona_PhDthesis.pdf, CWP-442_Andres_Pech_PhD.pdf, CWP-461__vanWijk_PhDthesis.pdf, CWP-462_Albena_Mateeva_PhDthesis_SP2003.pdf, CWP-464_Debashish_Sarkar_PhDthesis.pdf, CWP-465_Dewangan&Tsvankin_report.pdf, CWP-470_Dongje_Cheng_MSthesis_2004.pdf
2026-06-03 16:05:30 | INFO     | Upload accepted → task_id=915b6e8a-5b95-401b-b5a4-70f6dc34dea0
2026-06-03 16:05:30 | DEBUG    | Task 915b6e8a-5b95-401b-b5a4-70f6dc34dea0 state=PENDING elapsed=0s — waiting …
2026-06-03 16:05:35 | DEBUG    | Task 915b6e8a-5b95-401b-b5a4-70f6dc34dea0 state=PENDING elapsed=5s — waiting …
2026-06-03 16:05:40 | DEBUG    | Task 915b6e8a-5b95-401b-b5a4-70f6dc34dea0 state=PENDING elapsed=10s — waiting …
2026-06-03 16:05:45 | DEBUG    | Task 915b6e8a-5b95-401b-b5a4-70f6dc34dea0 state=PENDING elapsed=15s — waiting …
2026-06-03 16:05:50 | DEBUG    | Task 915b6e8a-5b95-401b-b5a4-70f6dc34dea0 state=PENDING elapsed=20s — waiting …
2026-06-03 16:05:55 | DEBUG    | Task 915b6e8a-5b95-401b-b5a4-70f6dc34dea0 state=PENDING elapsed=25s — waiting …
2026-06-03 16:06:00 | DEBUG    | Task 915b6e8a-5b95-401b-b5a4-70f6dc34dea0 state=PENDING elapsed=30s — waiting …
2026-06-03 16:06:05 | DEBUG    | Task 915b6e8a-5b95-401b-b5a4-70f6dc34dea0 state=PENDING elapsed=35s — waiting …
2026-06-03 16:06:10 | DEBUG    | Task 915b6e8a-5b95-401b-b5a4-70f6dc34dea0 state=PENDING elapsed=40s — waiting …
2026-06-03 16:06:15 | DEBUG    | Task 915b6e8a-5b95-401b-b5a4-70f6dc34dea0 state=PENDING elapsed=45s — waiting …
2026-06-03 16:06:20 | DEBUG    | Task 915b6e8a-5b95-401b-b5a4-70f6dc34dea0 state=PENDING elapsed=50s — waiting …
2026-06-03 16:06:25 | DEBUG    | Task 915b6e8a-5b95-401b-b5a4-70f6dc34dea0 state=PENDING elapsed=55s — waiting …
2026-06-03 16:06:30 | DEBUG    | Task 915b6e8a-5b95-401b-b5a4-70f6dc34dea0 state=PENDING elapsed=60s — waiting …
2026-06-03 16:06:35 | DEBUG    | Task 915b6e8a-5b95-401b-b5a4-70f6dc34dea0 state=PENDING elapsed=65s — waiting …
2026-06-03 16:06:40 | DEBUG    | Task 915b6e8a-5b95-401b-b5a4-70f6dc34dea0 state=PENDING elapsed=70s — waiting …
2026-06-03 16:06:45 | DEBUG    | Task 915b6e8a-5b95-401b-b5a4-70f6dc34dea0 state=PENDING elapsed=75s — waiting …
2026-06-03 16:06:50 | DEBUG    | Task 915b6e8a-5b95-401b-b5a4-70f6dc34dea0 state=PENDING elapsed=80s — waiting …
2026-06-03 16:06:55 | DEBUG    | Task 915b6e8a-5b95-401b-b5a4-70f6dc34dea0 state=PENDING elapsed=85s — waiting …
2026-06-03 16:07:00 | DEBUG    | Task 915b6e8a-5b95-401b-b5a4-70f6dc34dea0 state=PENDING elapsed=90s — waiting …
2026-06-03 16:07:05 | DEBUG    | Task 915b6e8a-5b95-401b-b5a4-70f6dc34dea0 state=PENDING elapsed=95s — waiting …
2026-06-03 16:07:10 | DEBUG    | Task 915b6e8a-5b95-401b-b5a4-70f6dc34dea0 state=PENDING elapsed=100s — waiting …
2026-06-03 16:07:15 | DEBUG    | Task 915b6e8a-5b95-401b-b5a4-70f6dc34dea0 state=PENDING elapsed=105s — waiting …
2026-06-03 16:07:20 | DEBUG    | Task 915b6e8a-5b95-401b-b5a4-70f6dc34dea0 state=PENDING elapsed=110s — waiting …
2026-06-03 16:07:26 | DEBUG    | Task 915b6e8a-5b95-401b-b5a4-70f6dc34dea0 state=PENDING elapsed=115s — waiting …
2026-06-03 16:07:31 | DEBUG    | Task 915b6e8a-5b95-401b-b5a4-70f6dc34dea0 state=PENDING elapsed=121s — waiting …
2026-06-03 16:07:36 | DEBUG    | Task 915b6e8a-5b95-401b-b5a4-70f6dc34dea0 state=PENDING elapsed=126s — waiting …
2026-06-03 16:07:41 | DEBUG    | Task 915b6e8a-5b95-401b-b5a4-70f6dc34dea0 state=PENDING elapsed=131s — waiting …
2026-06-03 16:07:46 | DEBUG    | Task 915b6e8a-5b95-401b-b5a4-70f6dc34dea0 state=PENDING elapsed=136s — waiting …
2026-06-03 16:07:57 | DEBUG    | Task 915b6e8a-5b95-401b-b5a4-70f6dc34dea0 state=PENDING elapsed=147s — waiting …
2026-06-03 16:08:02 | DEBUG    | Task 915b6e8a-5b95-401b-b5a4-70f6dc34dea0 state=PENDING elapsed=152s — waiting …
2026-06-03 16:08:07 | DEBUG    | Task 915b6e8a-5b95-401b-b5a4-70f6dc34dea0 state=PENDING elapsed=157s — waiting …
2026-06-03 16:08:12 | DEBUG    | Task 915b6e8a-5b95-401b-b5a4-70f6dc34dea0 state=PENDING elapsed=162s — waiting …
2026-06-03 16:08:17 | DEBUG    | Task 915b6e8a-5b95-401b-b5a4-70f6dc34dea0 state=PENDING elapsed=167s — waiting …
2026-06-03 16:08:22 | DEBUG    | Task 915b6e8a-5b95-401b-b5a4-70f6dc34dea0 state=PENDING elapsed=172s — waiting …
2026-06-03 16:08:27 | DEBUG    | Task 915b6e8a-5b95-401b-b5a4-70f6dc34dea0 state=PENDING elapsed=177s — waiting …
2026-06-03 16:08:32 | DEBUG    | Task 915b6e8a-5b95-401b-b5a4-70f6dc34dea0 state=PENDING elapsed=182s — waiting …
2026-06-03 16:08:37 | DEBUG    | Task 915b6e8a-5b95-401b-b5a4-70f6dc34dea0 state=PENDING elapsed=187s — waiting …
2026-06-03 16:08:42 | DEBUG    | Task 915b6e8a-5b95-401b-b5a4-70f6dc34dea0 state=PENDING elapsed=192s — waiting …
2026-06-03 16:08:47 | DEBUG    | Task 915b6e8a-5b95-401b-b5a4-70f6dc34dea0 state=PENDING elapsed=197s — waiting …
2026-06-03 16:08:52 | DEBUG    | Task 915b6e8a-5b95-401b-b5a4-70f6dc34dea0 state=PENDING elapsed=202s — waiting …
2026-06-03 16:08:57 | DEBUG    | Task 915b6e8a-5b95-401b-b5a4-70f6dc34dea0 state=PENDING elapsed=207s — waiting …
2026-06-03 16:09:02 | DEBUG    | Task 915b6e8a-5b95-401b-b5a4-70f6dc34dea0 state=PENDING elapsed=212s — waiting …
2026-06-03 16:09:07 | DEBUG    | Task 915b6e8a-5b95-401b-b5a4-70f6dc34dea0 state=PENDING elapsed=217s — waiting …
2026-06-03 16:09:12 | DEBUG    | Task 915b6e8a-5b95-401b-b5a4-70f6dc34dea0 state=PENDING elapsed=222s — waiting …
2026-06-03 16:09:17 | DEBUG    | Task 915b6e8a-5b95-401b-b5a4-70f6dc34dea0 state=PENDING elapsed=227s — waiting …
2026-06-03 16:09:22 | DEBUG    | Task 915b6e8a-5b95-401b-b5a4-70f6dc34dea0 state=PENDING elapsed=232s — waiting …
2026-06-03 16:09:28 | DEBUG    | Task 915b6e8a-5b95-401b-b5a4-70f6dc34dea0 state=PENDING elapsed=237s — waiting …
2026-06-03 16:09:33 | DEBUG    | Task 915b6e8a-5b95-401b-b5a4-70f6dc34dea0 state=PENDING elapsed=242s — waiting …
2026-06-03 16:09:38 | DEBUG    | Task 915b6e8a-5b95-401b-b5a4-70f6dc34dea0 state=PENDING elapsed=247s — waiting …
2026-06-03 16:09:43 | DEBUG    | Task 915b6e8a-5b95-401b-b5a4-70f6dc34dea0 state=PENDING elapsed=253s — waiting …
2026-06-03 16:09:49 | DEBUG    | Task 915b6e8a-5b95-401b-b5a4-70f6dc34dea0 state=PENDING elapsed=259s — waiting …
2026-06-03 16:09:54 | DEBUG    | Task 915b6e8a-5b95-401b-b5a4-70f6dc34dea0 state=PENDING elapsed=264s — waiting …
2026-06-03 16:09:59 | DEBUG    | Task 915b6e8a-5b95-401b-b5a4-70f6dc34dea0 state=PENDING elapsed=269s — waiting …
2026-06-03 16:10:04 | DEBUG    | Task 915b6e8a-5b95-401b-b5a4-70f6dc34dea0 state=PENDING elapsed=274s — waiting …
2026-06-03 16:10:09 | DEBUG    | Task 915b6e8a-5b95-401b-b5a4-70f6dc34dea0 state=PENDING elapsed=279s — waiting …
2026-06-03 16:10:14 | DEBUG    | Task 915b6e8a-5b95-401b-b5a4-70f6dc34dea0 state=PENDING elapsed=284s — waiting …
2026-06-03 16:10:19 | DEBUG    | Task 915b6e8a-5b95-401b-b5a4-70f6dc34dea0 state=PENDING elapsed=289s — waiting …
2026-06-03 16:10:24 | DEBUG    | Task 915b6e8a-5b95-401b-b5a4-70f6dc34dea0 state=PENDING elapsed=294s — waiting …
2026-06-03 16:10:29 | DEBUG    | Task 915b6e8a-5b95-401b-b5a4-70f6dc34dea0 state=PENDING elapsed=299s — waiting …
2026-06-03 16:10:34 | DEBUG    | Task 915b6e8a-5b95-401b-b5a4-70f6dc34dea0 state=PENDING elapsed=304s — waiting …
2026-06-03 16:10:39 | DEBUG    | Task 915b6e8a-5b95-401b-b5a4-70f6dc34dea0 state=PENDING elapsed=309s — waiting …
2026-06-03 16:10:44 | DEBUG    | Task 915b6e8a-5b95-401b-b5a4-70f6dc34dea0 state=PENDING elapsed=314s — waiting …
2026-06-03 16:10:49 | DEBUG    | Task 915b6e8a-5b95-401b-b5a4-70f6dc34dea0 state=PENDING elapsed=319s — waiting …
2026-06-03 16:10:54 | DEBUG    | Task 915b6e8a-5b95-401b-b5a4-70f6dc34dea0 state=PENDING elapsed=324s — waiting …
2026-06-03 16:10:59 | DEBUG    | Task 915b6e8a-5b95-401b-b5a4-70f6dc34dea0 state=PENDING elapsed=329s — waiting …
2026-06-03 16:11:04 | DEBUG    | Task 915b6e8a-5b95-401b-b5a4-70f6dc34dea0 state=PENDING elapsed=334s — waiting …
2026-06-03 16:11:09 | DEBUG    | Task 915b6e8a-5b95-401b-b5a4-70f6dc34dea0 state=PENDING elapsed=339s — waiting …
2026-06-03 16:11:14 | DEBUG    | Task 915b6e8a-5b95-401b-b5a4-70f6dc34dea0 state=PENDING elapsed=344s — waiting …
2026-06-03 16:11:19 | DEBUG    | Task 915b6e8a-5b95-401b-b5a4-70f6dc34dea0 state=PENDING elapsed=349s — waiting …
2026-06-03 16:11:24 | DEBUG    | Task 915b6e8a-5b95-401b-b5a4-70f6dc34dea0 state=PENDING elapsed=354s — waiting …
2026-06-03 16:11:29 | DEBUG    | Task 915b6e8a-5b95-401b-b5a4-70f6dc34dea0 state=PENDING elapsed=359s — waiting …
2026-06-03 16:11:34 | DEBUG    | Task 915b6e8a-5b95-401b-b5a4-70f6dc34dea0 state=PENDING elapsed=364s — waiting …
2026-06-03 16:11:39 | DEBUG    | Task 915b6e8a-5b95-401b-b5a4-70f6dc34dea0 state=PENDING elapsed=369s — waiting …
2026-06-03 16:11:44 | DEBUG    | Task 915b6e8a-5b95-401b-b5a4-70f6dc34dea0 state=PENDING elapsed=374s — waiting …
2026-06-03 16:11:49 | DEBUG    | Task 915b6e8a-5b95-401b-b5a4-70f6dc34dea0 state=PENDING elapsed=379s — waiting …
2026-06-03 16:11:54 | DEBUG    | Task 915b6e8a-5b95-401b-b5a4-70f6dc34dea0 state=PENDING elapsed=384s — waiting …
2026-06-03 16:11:59 | DEBUG    | Task 915b6e8a-5b95-401b-b5a4-70f6dc34dea0 state=PENDING elapsed=389s — waiting …
2026-06-03 16:12:04 | DEBUG    | Task 915b6e8a-5b95-401b-b5a4-70f6dc34dea0 state=PENDING elapsed=394s — waiting …
2026-06-03 16:12:09 | DEBUG    | Task 915b6e8a-5b95-401b-b5a4-70f6dc34dea0 state=PENDING elapsed=399s — waiting …
2026-06-03 16:12:14 | DEBUG    | Task 915b6e8a-5b95-401b-b5a4-70f6dc34dea0 state=PENDING elapsed=404s — waiting …
2026-06-03 16:12:19 | DEBUG    | Task 915b6e8a-5b95-401b-b5a4-70f6dc34dea0 state=PENDING elapsed=409s — waiting …
2026-06-03 16:12:24 | DEBUG    | Task 915b6e8a-5b95-401b-b5a4-70f6dc34dea0 state=PENDING elapsed=414s — waiting …
2026-06-03 16:12:29 | DEBUG    | Task 915b6e8a-5b95-401b-b5a4-70f6dc34dea0 state=PENDING elapsed=419s — waiting …
2026-06-03 16:12:34 | DEBUG    | Task 915b6e8a-5b95-401b-b5a4-70f6dc34dea0 state=PENDING elapsed=424s — waiting …
2026-06-03 16:12:39 | DEBUG    | Task 915b6e8a-5b95-401b-b5a4-70f6dc34dea0 state=PENDING elapsed=429s — waiting …
2026-06-03 16:12:44 | DEBUG    | Task 915b6e8a-5b95-401b-b5a4-70f6dc34dea0 state=PENDING elapsed=434s — waiting …
2026-06-03 16:12:49 | DEBUG    | Task 915b6e8a-5b95-401b-b5a4-70f6dc34dea0 state=PENDING elapsed=439s — waiting …
2026-06-03 16:12:54 | DEBUG    | Task 915b6e8a-5b95-401b-b5a4-70f6dc34dea0 state=PENDING elapsed=444s — waiting …
2026-06-03 16:12:59 | DEBUG    | Task 915b6e8a-5b95-401b-b5a4-70f6dc34dea0 state=PENDING elapsed=449s — waiting …
2026-06-03 16:13:04 | DEBUG    | Task 915b6e8a-5b95-401b-b5a4-70f6dc34dea0 state=PENDING elapsed=454s — waiting …
2026-06-03 16:13:09 | DEBUG    | Task 915b6e8a-5b95-401b-b5a4-70f6dc34dea0 state=PENDING elapsed=459s — waiting …
2026-06-03 16:13:14 | DEBUG    | Task 915b6e8a-5b95-401b-b5a4-70f6dc34dea0 state=PENDING elapsed=464s — waiting …
2026-06-03 16:13:19 | DEBUG    | Task 915b6e8a-5b95-401b-b5a4-70f6dc34dea0 state=PENDING elapsed=469s — waiting …
2026-06-03 16:13:24 | DEBUG    | Task 915b6e8a-5b95-401b-b5a4-70f6dc34dea0 state=PENDING elapsed=474s — waiting …
2026-06-03 16:13:29 | DEBUG    | Task 915b6e8a-5b95-401b-b5a4-70f6dc34dea0 state=PENDING elapsed=479s — waiting …
2026-06-03 16:13:34 | DEBUG    | Task 915b6e8a-5b95-401b-b5a4-70f6dc34dea0 state=PENDING elapsed=484s — waiting …
2026-06-03 16:13:39 | DEBUG    | Task 915b6e8a-5b95-401b-b5a4-70f6dc34dea0 state=PENDING elapsed=489s — waiting …
2026-06-03 16:13:44 | DEBUG    | Task 915b6e8a-5b95-401b-b5a4-70f6dc34dea0 state=PENDING elapsed=494s — waiting …
2026-06-03 16:13:49 | DEBUG    | Task 915b6e8a-5b95-401b-b5a4-70f6dc34dea0 state=PENDING elapsed=499s — waiting …
2026-06-03 16:13:54 | DEBUG    | Task 915b6e8a-5b95-401b-b5a4-70f6dc34dea0 state=PENDING elapsed=504s — waiting …
2026-06-03 16:13:59 | DEBUG    | Task 915b6e8a-5b95-401b-b5a4-70f6dc34dea0 state=PENDING elapsed=509s — waiting …
2026-06-03 16:14:04 | DEBUG    | Task 915b6e8a-5b95-401b-b5a4-70f6dc34dea0 state=PENDING elapsed=514s — waiting …
2026-06-03 16:14:09 | DEBUG    | Task 915b6e8a-5b95-401b-b5a4-70f6dc34dea0 state=PENDING elapsed=519s — waiting …
2026-06-03 16:14:14 | DEBUG    | Task 915b6e8a-5b95-401b-b5a4-70f6dc34dea0 state=PENDING elapsed=524s — waiting …
2026-06-03 16:14:19 | DEBUG    | Task 915b6e8a-5b95-401b-b5a4-70f6dc34dea0 state=PENDING elapsed=529s — waiting …
2026-06-03 16:14:24 | DEBUG    | Task 915b6e8a-5b95-401b-b5a4-70f6dc34dea0 state=PENDING elapsed=534s — waiting …
2026-06-03 16:14:29 | DEBUG    | Task 915b6e8a-5b95-401b-b5a4-70f6dc34dea0 state=PENDING elapsed=539s — waiting …
2026-06-03 16:14:34 | DEBUG    | Task 915b6e8a-5b95-401b-b5a4-70f6dc34dea0 state=PENDING elapsed=544s — waiting …
2026-06-03 16:14:39 | DEBUG    | Task 915b6e8a-5b95-401b-b5a4-70f6dc34dea0 state=PENDING elapsed=549s — waiting …
2026-06-03 16:14:44 | DEBUG    | Task 915b6e8a-5b95-401b-b5a4-70f6dc34dea0 state=PENDING elapsed=554s — waiting …
2026-06-03 16:14:49 | DEBUG    | Task 915b6e8a-5b95-401b-b5a4-70f6dc34dea0 state=PENDING elapsed=559s — waiting …
2026-06-03 16:14:54 | DEBUG    | Task 915b6e8a-5b95-401b-b5a4-70f6dc34dea0 state=PENDING elapsed=564s — waiting …
2026-06-03 16:14:59 | DEBUG    | Task 915b6e8a-5b95-401b-b5a4-70f6dc34dea0 state=PENDING elapsed=569s — waiting …
2026-06-03 16:15:04 | DEBUG    | Task 915b6e8a-5b95-401b-b5a4-70f6dc34dea0 state=PENDING elapsed=574s — waiting …
2026-06-03 16:15:09 | DEBUG    | Task 915b6e8a-5b95-401b-b5a4-70f6dc34dea0 state=PENDING elapsed=579s — waiting …
2026-06-03 16:15:14 | DEBUG    | Task 915b6e8a-5b95-401b-b5a4-70f6dc34dea0 state=PENDING elapsed=584s — waiting …
2026-06-03 16:15:19 | DEBUG    | Task 915b6e8a-5b95-401b-b5a4-70f6dc34dea0 state=PENDING elapsed=589s — waiting …
2026-06-03 16:15:24 | DEBUG    | Task 915b6e8a-5b95-401b-b5a4-70f6dc34dea0 state=PENDING elapsed=594s — waiting …
2026-06-03 16:15:29 | DEBUG    | Task 915b6e8a-5b95-401b-b5a4-70f6dc34dea0 state=PENDING elapsed=599s — waiting …
2026-06-03 16:15:34 | DEBUG    | Task 915b6e8a-5b95-401b-b5a4-70f6dc34dea0 state=PENDING elapsed=604s — waiting …
2026-06-03 16:15:39 | DEBUG    | Task 915b6e8a-5b95-401b-b5a4-70f6dc34dea0 state=PENDING elapsed=609s — waiting …
2026-06-03 16:15:44 | DEBUG    | Task 915b6e8a-5b95-401b-b5a4-70f6dc34dea0 state=PENDING elapsed=614s — waiting …
2026-06-03 16:15:49 | DEBUG    | Task 915b6e8a-5b95-401b-b5a4-70f6dc34dea0 state=PENDING elapsed=619s — waiting …
2026-06-03 16:15:59 | INFO     | Task 915b6e8a-5b95-401b-b5a4-70f6dc34dea0 FINISHED in 629s
2026-06-03 16:15:59 | INFO     | ✅ batch 6/47 (16 files) complete
2026-06-03 16:15:59 | INFO     | --- batch 7/47 (16 files) ---
2026-06-03 16:15:59 | DEBUG    |   Files: CWP-489_Carlos_Pacheco_MSthesis_2004.pdf, CWP-492_Gret_PHDthesis_2004.pdf, CWP-494_Matthew_Haney_PhDthesis_2004.pdf, CWP-516_Project_Review_May10-12-2005.pdf, CWP-549-Douma-Huub.pdf, CWP-560_Xiaoxia_Xu_PhDthesis.pdf, CWP-572_Mehtaetal_report.pdf, CWP-579-Part-I_Project_Review_May21-24-2007.pdf, CWP-579-PartII-Project-Review_May21-24-2007.pdf, CWP-580_Kurang_Mehta_PhDthesis.pdf, CWP-581_Ivan_Vasconcelos_PhDthesis.pdf, CWP-617T_Fuck.pdf, CWP-618_Gabriela-Melo-MSThesis.pdf, CWP-639-Jyoti_Behura-PhDthesis.pdf, CWP-640_Xuan_Ran.pdf, CWP-643_Derek_Parks_MSthesis.pdf
2026-06-03 16:16:01 | INFO     | Upload accepted → task_id=f59a32d6-a86c-483e-9e1b-4e7174d7549c
2026-06-03 16:16:01 | DEBUG    | Task f59a32d6-a86c-483e-9e1b-4e7174d7549c state=PENDING elapsed=0s — waiting …
2026-06-03 16:16:06 | DEBUG    | Task f59a32d6-a86c-483e-9e1b-4e7174d7549c state=PENDING elapsed=5s — waiting …
2026-06-03 16:16:11 | DEBUG    | Task f59a32d6-a86c-483e-9e1b-4e7174d7549c state=PENDING elapsed=10s — waiting …
2026-06-03 16:16:16 | DEBUG    | Task f59a32d6-a86c-483e-9e1b-4e7174d7549c state=PENDING elapsed=15s — waiting …
2026-06-03 16:16:21 | DEBUG    | Task f59a32d6-a86c-483e-9e1b-4e7174d7549c state=PENDING elapsed=20s — waiting …
2026-06-03 16:16:26 | DEBUG    | Task f59a32d6-a86c-483e-9e1b-4e7174d7549c state=PENDING elapsed=25s — waiting …
2026-06-03 16:16:31 | DEBUG    | Task f59a32d6-a86c-483e-9e1b-4e7174d7549c state=PENDING elapsed=30s — waiting …
2026-06-03 16:16:36 | DEBUG    | Task f59a32d6-a86c-483e-9e1b-4e7174d7549c state=PENDING elapsed=35s — waiting …
2026-06-03 16:16:41 | DEBUG    | Task f59a32d6-a86c-483e-9e1b-4e7174d7549c state=PENDING elapsed=40s — waiting …
2026-06-03 16:16:46 | DEBUG    | Task f59a32d6-a86c-483e-9e1b-4e7174d7549c state=PENDING elapsed=45s — waiting …
2026-06-03 16:16:51 | DEBUG    | Task f59a32d6-a86c-483e-9e1b-4e7174d7549c state=PENDING elapsed=50s — waiting …
2026-06-03 16:16:56 | DEBUG    | Task f59a32d6-a86c-483e-9e1b-4e7174d7549c state=PENDING elapsed=55s — waiting …
2026-06-03 16:17:01 | DEBUG    | Task f59a32d6-a86c-483e-9e1b-4e7174d7549c state=PENDING elapsed=60s — waiting …
2026-06-03 16:17:06 | DEBUG    | Task f59a32d6-a86c-483e-9e1b-4e7174d7549c state=PENDING elapsed=65s — waiting …
2026-06-03 16:17:16 | DEBUG    | Task f59a32d6-a86c-483e-9e1b-4e7174d7549c state=PENDING elapsed=74s — waiting …
2026-06-03 16:17:21 | DEBUG    | Task f59a32d6-a86c-483e-9e1b-4e7174d7549c state=PENDING elapsed=79s — waiting …
2026-06-03 16:17:26 | DEBUG    | Task f59a32d6-a86c-483e-9e1b-4e7174d7549c state=PENDING elapsed=84s — waiting …
2026-06-03 16:17:31 | DEBUG    | Task f59a32d6-a86c-483e-9e1b-4e7174d7549c state=PENDING elapsed=89s — waiting …
2026-06-03 16:17:36 | DEBUG    | Task f59a32d6-a86c-483e-9e1b-4e7174d7549c state=PENDING elapsed=94s — waiting …
2026-06-03 16:17:41 | DEBUG    | Task f59a32d6-a86c-483e-9e1b-4e7174d7549c state=PENDING elapsed=99s — waiting …
2026-06-03 16:17:46 | DEBUG    | Task f59a32d6-a86c-483e-9e1b-4e7174d7549c state=PENDING elapsed=104s — waiting …
2026-06-03 16:17:51 | DEBUG    | Task f59a32d6-a86c-483e-9e1b-4e7174d7549c state=PENDING elapsed=109s — waiting …
2026-06-03 16:17:56 | DEBUG    | Task f59a32d6-a86c-483e-9e1b-4e7174d7549c state=PENDING elapsed=114s — waiting …
2026-06-03 16:18:01 | DEBUG    | Task f59a32d6-a86c-483e-9e1b-4e7174d7549c state=PENDING elapsed=119s — waiting …
2026-06-03 16:18:06 | DEBUG    | Task f59a32d6-a86c-483e-9e1b-4e7174d7549c state=PENDING elapsed=124s — waiting …
2026-06-03 16:18:11 | DEBUG    | Task f59a32d6-a86c-483e-9e1b-4e7174d7549c state=PENDING elapsed=129s — waiting …
2026-06-03 16:18:18 | DEBUG    | Task f59a32d6-a86c-483e-9e1b-4e7174d7549c state=PENDING elapsed=136s — waiting …
2026-06-03 16:18:23 | DEBUG    | Task f59a32d6-a86c-483e-9e1b-4e7174d7549c state=PENDING elapsed=142s — waiting …
2026-06-03 16:18:28 | DEBUG    | Task f59a32d6-a86c-483e-9e1b-4e7174d7549c state=PENDING elapsed=147s — waiting …
2026-06-03 16:18:33 | DEBUG    | Task f59a32d6-a86c-483e-9e1b-4e7174d7549c state=PENDING elapsed=152s — waiting …
2026-06-03 16:18:38 | DEBUG    | Task f59a32d6-a86c-483e-9e1b-4e7174d7549c state=PENDING elapsed=157s — waiting …
2026-06-03 16:18:43 | DEBUG    | Task f59a32d6-a86c-483e-9e1b-4e7174d7549c state=PENDING elapsed=162s — waiting …
2026-06-03 16:18:48 | DEBUG    | Task f59a32d6-a86c-483e-9e1b-4e7174d7549c state=PENDING elapsed=167s — waiting …
2026-06-03 16:19:00 | DEBUG    | Task f59a32d6-a86c-483e-9e1b-4e7174d7549c state=PENDING elapsed=179s — waiting …
2026-06-03 16:19:05 | DEBUG    | Task f59a32d6-a86c-483e-9e1b-4e7174d7549c state=PENDING elapsed=184s — waiting …
2026-06-03 16:19:10 | DEBUG    | Task f59a32d6-a86c-483e-9e1b-4e7174d7549c state=PENDING elapsed=189s — waiting …
2026-06-03 16:19:15 | DEBUG    | Task f59a32d6-a86c-483e-9e1b-4e7174d7549c state=PENDING elapsed=194s — waiting …
2026-06-03 16:19:20 | DEBUG    | Task f59a32d6-a86c-483e-9e1b-4e7174d7549c state=PENDING elapsed=199s — waiting …
2026-06-03 16:19:26 | DEBUG    | Task f59a32d6-a86c-483e-9e1b-4e7174d7549c state=PENDING elapsed=204s — waiting …
2026-06-03 16:19:31 | DEBUG    | Task f59a32d6-a86c-483e-9e1b-4e7174d7549c state=PENDING elapsed=209s — waiting …
2026-06-03 16:19:36 | DEBUG    | Task f59a32d6-a86c-483e-9e1b-4e7174d7549c state=PENDING elapsed=214s — waiting …
2026-06-03 16:19:41 | DEBUG    | Task f59a32d6-a86c-483e-9e1b-4e7174d7549c state=PENDING elapsed=219s — waiting …
2026-06-03 16:19:47 | DEBUG    | Task f59a32d6-a86c-483e-9e1b-4e7174d7549c state=PENDING elapsed=226s — waiting …
2026-06-03 16:19:52 | DEBUG    | Task f59a32d6-a86c-483e-9e1b-4e7174d7549c state=PENDING elapsed=231s — waiting …
2026-06-03 16:19:57 | DEBUG    | Task f59a32d6-a86c-483e-9e1b-4e7174d7549c state=PENDING elapsed=236s — waiting …
2026-06-03 16:20:02 | DEBUG    | Task f59a32d6-a86c-483e-9e1b-4e7174d7549c state=PENDING elapsed=241s — waiting …
2026-06-03 16:20:07 | DEBUG    | Task f59a32d6-a86c-483e-9e1b-4e7174d7549c state=PENDING elapsed=246s — waiting …
2026-06-03 16:20:12 | DEBUG    | Task f59a32d6-a86c-483e-9e1b-4e7174d7549c state=PENDING elapsed=251s — waiting …
2026-06-03 16:20:17 | DEBUG    | Task f59a32d6-a86c-483e-9e1b-4e7174d7549c state=PENDING elapsed=256s — waiting …
2026-06-03 16:20:22 | DEBUG    | Task f59a32d6-a86c-483e-9e1b-4e7174d7549c state=PENDING elapsed=261s — waiting …
2026-06-03 16:20:27 | DEBUG    | Task f59a32d6-a86c-483e-9e1b-4e7174d7549c state=PENDING elapsed=266s — waiting …
2026-06-03 16:20:32 | DEBUG    | Task f59a32d6-a86c-483e-9e1b-4e7174d7549c state=PENDING elapsed=271s — waiting …
2026-06-03 16:20:37 | DEBUG    | Task f59a32d6-a86c-483e-9e1b-4e7174d7549c state=PENDING elapsed=276s — waiting …
2026-06-03 16:20:42 | DEBUG    | Task f59a32d6-a86c-483e-9e1b-4e7174d7549c state=PENDING elapsed=281s — waiting …
2026-06-03 16:20:47 | DEBUG    | Task f59a32d6-a86c-483e-9e1b-4e7174d7549c state=PENDING elapsed=286s — waiting …
2026-06-03 16:20:52 | DEBUG    | Task f59a32d6-a86c-483e-9e1b-4e7174d7549c state=PENDING elapsed=291s — waiting …
2026-06-03 16:20:57 | DEBUG    | Task f59a32d6-a86c-483e-9e1b-4e7174d7549c state=PENDING elapsed=296s — waiting …
2026-06-03 16:21:02 | DEBUG    | Task f59a32d6-a86c-483e-9e1b-4e7174d7549c state=PENDING elapsed=301s — waiting …
2026-06-03 16:21:07 | DEBUG    | Task f59a32d6-a86c-483e-9e1b-4e7174d7549c state=PENDING elapsed=306s — waiting …
2026-06-03 16:21:12 | DEBUG    | Task f59a32d6-a86c-483e-9e1b-4e7174d7549c state=PENDING elapsed=311s — waiting …
2026-06-03 16:21:17 | DEBUG    | Task f59a32d6-a86c-483e-9e1b-4e7174d7549c state=PENDING elapsed=316s — waiting …
2026-06-03 16:21:22 | DEBUG    | Task f59a32d6-a86c-483e-9e1b-4e7174d7549c state=PENDING elapsed=321s — waiting …
2026-06-03 16:21:27 | DEBUG    | Task f59a32d6-a86c-483e-9e1b-4e7174d7549c state=PENDING elapsed=326s — waiting …
2026-06-03 16:21:32 | DEBUG    | Task f59a32d6-a86c-483e-9e1b-4e7174d7549c state=PENDING elapsed=331s — waiting …
2026-06-03 16:21:37 | DEBUG    | Task f59a32d6-a86c-483e-9e1b-4e7174d7549c state=PENDING elapsed=336s — waiting …
2026-06-03 16:21:42 | DEBUG    | Task f59a32d6-a86c-483e-9e1b-4e7174d7549c state=PENDING elapsed=341s — waiting …
2026-06-03 16:21:47 | DEBUG    | Task f59a32d6-a86c-483e-9e1b-4e7174d7549c state=PENDING elapsed=346s — waiting …
2026-06-03 16:21:52 | DEBUG    | Task f59a32d6-a86c-483e-9e1b-4e7174d7549c state=PENDING elapsed=351s — waiting …
2026-06-03 16:21:57 | DEBUG    | Task f59a32d6-a86c-483e-9e1b-4e7174d7549c state=PENDING elapsed=356s — waiting …
2026-06-03 16:22:02 | DEBUG    | Task f59a32d6-a86c-483e-9e1b-4e7174d7549c state=PENDING elapsed=361s — waiting …
2026-06-03 16:22:07 | DEBUG    | Task f59a32d6-a86c-483e-9e1b-4e7174d7549c state=PENDING elapsed=366s — waiting …
2026-06-03 16:22:13 | DEBUG    | Task f59a32d6-a86c-483e-9e1b-4e7174d7549c state=PENDING elapsed=371s — waiting …
2026-06-03 16:22:18 | DEBUG    | Task f59a32d6-a86c-483e-9e1b-4e7174d7549c state=PENDING elapsed=376s — waiting …
2026-06-03 16:22:23 | DEBUG    | Task f59a32d6-a86c-483e-9e1b-4e7174d7549c state=PENDING elapsed=381s — waiting …
2026-06-03 16:22:28 | DEBUG    | Task f59a32d6-a86c-483e-9e1b-4e7174d7549c state=PENDING elapsed=386s — waiting …
2026-06-03 16:22:38 | INFO     | Task f59a32d6-a86c-483e-9e1b-4e7174d7549c FINISHED in 397s
2026-06-03 16:22:38 | INFO     | ✅ batch 7/47 (16 files) complete
2026-06-03 16:22:38 | INFO     | --- batch 8/47 (16 files) ---
2026-06-03 16:22:38 | DEBUG    |   Files: CWP-671_Project_Review_2010.pdf, CWP-673_Yongxia_Liu.pdf, CWP-674_Yong_Ma_MSthesis.pdf, CWP-675_Yan_PhDthesis.pdf, CWP-676_Yanzhong_Fan.pdf, CWP-677_Christopher_Engelsma_MSthesis.pdf, CWP-678-min.pdf, CWP-679.pdf, CWP-680.pdf, CWP-681.pdf, CWP-682.pdf, CWP-683-min.pdf, CWP-684.pdf, CWP-685.pdf, CWP-686.pdf, CWP-687-min.pdf
2026-06-03 16:22:40 | INFO     | Upload accepted → task_id=9fad7dd9-f10c-42f7-bbb8-85a5944923b0
2026-06-03 16:22:40 | DEBUG    | Task 9fad7dd9-f10c-42f7-bbb8-85a5944923b0 state=PENDING elapsed=0s — waiting …
2026-06-03 16:22:45 | DEBUG    | Task 9fad7dd9-f10c-42f7-bbb8-85a5944923b0 state=PENDING elapsed=5s — waiting …
2026-06-03 16:22:50 | DEBUG    | Task 9fad7dd9-f10c-42f7-bbb8-85a5944923b0 state=PENDING elapsed=10s — waiting …
2026-06-03 16:22:55 | DEBUG    | Task 9fad7dd9-f10c-42f7-bbb8-85a5944923b0 state=PENDING elapsed=15s — waiting …
2026-06-03 16:23:00 | DEBUG    | Task 9fad7dd9-f10c-42f7-bbb8-85a5944923b0 state=PENDING elapsed=20s — waiting …
2026-06-03 16:23:05 | DEBUG    | Task 9fad7dd9-f10c-42f7-bbb8-85a5944923b0 state=PENDING elapsed=25s — waiting …
2026-06-03 16:23:10 | DEBUG    | Task 9fad7dd9-f10c-42f7-bbb8-85a5944923b0 state=PENDING elapsed=30s — waiting …
2026-06-03 16:23:16 | DEBUG    | Task 9fad7dd9-f10c-42f7-bbb8-85a5944923b0 state=PENDING elapsed=35s — waiting …
2026-06-03 16:23:21 | DEBUG    | Task 9fad7dd9-f10c-42f7-bbb8-85a5944923b0 state=PENDING elapsed=40s — waiting …
2026-06-03 16:23:26 | DEBUG    | Task 9fad7dd9-f10c-42f7-bbb8-85a5944923b0 state=PENDING elapsed=45s — waiting …
2026-06-03 16:23:31 | DEBUG    | Task 9fad7dd9-f10c-42f7-bbb8-85a5944923b0 state=PENDING elapsed=50s — waiting …
2026-06-03 16:23:36 | DEBUG    | Task 9fad7dd9-f10c-42f7-bbb8-85a5944923b0 state=PENDING elapsed=55s — waiting …
2026-06-03 16:23:41 | DEBUG    | Task 9fad7dd9-f10c-42f7-bbb8-85a5944923b0 state=PENDING elapsed=60s — waiting …
2026-06-03 16:23:46 | DEBUG    | Task 9fad7dd9-f10c-42f7-bbb8-85a5944923b0 state=PENDING elapsed=65s — waiting …
2026-06-03 16:23:51 | DEBUG    | Task 9fad7dd9-f10c-42f7-bbb8-85a5944923b0 state=PENDING elapsed=70s — waiting …
2026-06-03 16:23:56 | DEBUG    | Task 9fad7dd9-f10c-42f7-bbb8-85a5944923b0 state=PENDING elapsed=75s — waiting …
2026-06-03 16:24:01 | DEBUG    | Task 9fad7dd9-f10c-42f7-bbb8-85a5944923b0 state=PENDING elapsed=80s — waiting …
2026-06-03 16:24:06 | DEBUG    | Task 9fad7dd9-f10c-42f7-bbb8-85a5944923b0 state=PENDING elapsed=85s — waiting …
2026-06-03 16:24:11 | DEBUG    | Task 9fad7dd9-f10c-42f7-bbb8-85a5944923b0 state=PENDING elapsed=90s — waiting …
2026-06-03 16:24:16 | DEBUG    | Task 9fad7dd9-f10c-42f7-bbb8-85a5944923b0 state=PENDING elapsed=95s — waiting …
2026-06-03 16:24:21 | DEBUG    | Task 9fad7dd9-f10c-42f7-bbb8-85a5944923b0 state=PENDING elapsed=100s — waiting …
2026-06-03 16:24:26 | DEBUG    | Task 9fad7dd9-f10c-42f7-bbb8-85a5944923b0 state=PENDING elapsed=105s — waiting …
2026-06-03 16:24:31 | DEBUG    | Task 9fad7dd9-f10c-42f7-bbb8-85a5944923b0 state=PENDING elapsed=110s — waiting …
2026-06-03 16:24:36 | DEBUG    | Task 9fad7dd9-f10c-42f7-bbb8-85a5944923b0 state=PENDING elapsed=115s — waiting …
2026-06-03 16:24:41 | DEBUG    | Task 9fad7dd9-f10c-42f7-bbb8-85a5944923b0 state=PENDING elapsed=120s — waiting …
2026-06-03 16:24:46 | DEBUG    | Task 9fad7dd9-f10c-42f7-bbb8-85a5944923b0 state=PENDING elapsed=125s — waiting …
2026-06-03 16:24:51 | DEBUG    | Task 9fad7dd9-f10c-42f7-bbb8-85a5944923b0 state=PENDING elapsed=130s — waiting …
2026-06-03 16:24:56 | DEBUG    | Task 9fad7dd9-f10c-42f7-bbb8-85a5944923b0 state=PENDING elapsed=135s — waiting …
2026-06-03 16:25:01 | DEBUG    | Task 9fad7dd9-f10c-42f7-bbb8-85a5944923b0 state=PENDING elapsed=140s — waiting …
2026-06-03 16:25:09 | DEBUG    | Task 9fad7dd9-f10c-42f7-bbb8-85a5944923b0 state=PENDING elapsed=148s — waiting …
2026-06-03 16:25:14 | DEBUG    | Task 9fad7dd9-f10c-42f7-bbb8-85a5944923b0 state=PENDING elapsed=153s — waiting …
2026-06-03 16:25:19 | DEBUG    | Task 9fad7dd9-f10c-42f7-bbb8-85a5944923b0 state=PENDING elapsed=158s — waiting …
2026-06-03 16:25:24 | DEBUG    | Task 9fad7dd9-f10c-42f7-bbb8-85a5944923b0 state=PENDING elapsed=163s — waiting …
2026-06-03 16:25:29 | DEBUG    | Task 9fad7dd9-f10c-42f7-bbb8-85a5944923b0 state=PENDING elapsed=168s — waiting …
2026-06-03 16:25:34 | DEBUG    | Task 9fad7dd9-f10c-42f7-bbb8-85a5944923b0 state=PENDING elapsed=173s — waiting …
2026-06-03 16:25:39 | DEBUG    | Task 9fad7dd9-f10c-42f7-bbb8-85a5944923b0 state=PENDING elapsed=178s — waiting …
2026-06-03 16:25:44 | DEBUG    | Task 9fad7dd9-f10c-42f7-bbb8-85a5944923b0 state=PENDING elapsed=183s — waiting …
2026-06-03 16:25:49 | DEBUG    | Task 9fad7dd9-f10c-42f7-bbb8-85a5944923b0 state=PENDING elapsed=188s — waiting …
2026-06-03 16:25:54 | DEBUG    | Task 9fad7dd9-f10c-42f7-bbb8-85a5944923b0 state=PENDING elapsed=193s — waiting …
2026-06-03 16:25:59 | DEBUG    | Task 9fad7dd9-f10c-42f7-bbb8-85a5944923b0 state=PENDING elapsed=198s — waiting …
2026-06-03 16:26:04 | DEBUG    | Task 9fad7dd9-f10c-42f7-bbb8-85a5944923b0 state=PENDING elapsed=203s — waiting …
2026-06-03 16:26:09 | DEBUG    | Task 9fad7dd9-f10c-42f7-bbb8-85a5944923b0 state=PENDING elapsed=208s — waiting …
2026-06-03 16:26:14 | DEBUG    | Task 9fad7dd9-f10c-42f7-bbb8-85a5944923b0 state=PENDING elapsed=213s — waiting …
2026-06-03 16:26:19 | DEBUG    | Task 9fad7dd9-f10c-42f7-bbb8-85a5944923b0 state=PENDING elapsed=218s — waiting …
2026-06-03 16:26:24 | DEBUG    | Task 9fad7dd9-f10c-42f7-bbb8-85a5944923b0 state=PENDING elapsed=223s — waiting …
2026-06-03 16:26:29 | DEBUG    | Task 9fad7dd9-f10c-42f7-bbb8-85a5944923b0 state=PENDING elapsed=228s — waiting …
2026-06-03 16:26:34 | DEBUG    | Task 9fad7dd9-f10c-42f7-bbb8-85a5944923b0 state=PENDING elapsed=233s — waiting …
2026-06-03 16:26:39 | DEBUG    | Task 9fad7dd9-f10c-42f7-bbb8-85a5944923b0 state=PENDING elapsed=238s — waiting …
2026-06-03 16:26:44 | DEBUG    | Task 9fad7dd9-f10c-42f7-bbb8-85a5944923b0 state=PENDING elapsed=243s — waiting …
2026-06-03 16:26:49 | DEBUG    | Task 9fad7dd9-f10c-42f7-bbb8-85a5944923b0 state=PENDING elapsed=248s — waiting …
2026-06-03 16:26:54 | DEBUG    | Task 9fad7dd9-f10c-42f7-bbb8-85a5944923b0 state=PENDING elapsed=253s — waiting …
2026-06-03 16:26:59 | DEBUG    | Task 9fad7dd9-f10c-42f7-bbb8-85a5944923b0 state=PENDING elapsed=258s — waiting …
2026-06-03 16:27:04 | DEBUG    | Task 9fad7dd9-f10c-42f7-bbb8-85a5944923b0 state=PENDING elapsed=263s — waiting …
2026-06-03 16:27:09 | DEBUG    | Task 9fad7dd9-f10c-42f7-bbb8-85a5944923b0 state=PENDING elapsed=268s — waiting …
2026-06-03 16:27:14 | DEBUG    | Task 9fad7dd9-f10c-42f7-bbb8-85a5944923b0 state=PENDING elapsed=273s — waiting …
2026-06-03 16:27:19 | DEBUG    | Task 9fad7dd9-f10c-42f7-bbb8-85a5944923b0 state=PENDING elapsed=278s — waiting …
2026-06-03 16:27:24 | DEBUG    | Task 9fad7dd9-f10c-42f7-bbb8-85a5944923b0 state=PENDING elapsed=283s — waiting …
2026-06-03 16:27:29 | DEBUG    | Task 9fad7dd9-f10c-42f7-bbb8-85a5944923b0 state=PENDING elapsed=288s — waiting …
2026-06-03 16:27:34 | DEBUG    | Task 9fad7dd9-f10c-42f7-bbb8-85a5944923b0 state=PENDING elapsed=293s — waiting …
2026-06-03 16:27:39 | DEBUG    | Task 9fad7dd9-f10c-42f7-bbb8-85a5944923b0 state=PENDING elapsed=298s — waiting …
2026-06-03 16:27:44 | DEBUG    | Task 9fad7dd9-f10c-42f7-bbb8-85a5944923b0 state=PENDING elapsed=303s — waiting …
2026-06-03 16:27:49 | DEBUG    | Task 9fad7dd9-f10c-42f7-bbb8-85a5944923b0 state=PENDING elapsed=308s — waiting …
2026-06-03 16:27:54 | DEBUG    | Task 9fad7dd9-f10c-42f7-bbb8-85a5944923b0 state=PENDING elapsed=313s — waiting …
2026-06-03 16:27:59 | DEBUG    | Task 9fad7dd9-f10c-42f7-bbb8-85a5944923b0 state=PENDING elapsed=318s — waiting …
2026-06-03 16:28:04 | DEBUG    | Task 9fad7dd9-f10c-42f7-bbb8-85a5944923b0 state=PENDING elapsed=323s — waiting …
2026-06-03 16:28:10 | DEBUG    | Task 9fad7dd9-f10c-42f7-bbb8-85a5944923b0 state=PENDING elapsed=329s — waiting …
2026-06-03 16:28:27 | DEBUG    | Task 9fad7dd9-f10c-42f7-bbb8-85a5944923b0 state=PENDING elapsed=346s — waiting …
2026-06-03 16:28:32 | DEBUG    | Task 9fad7dd9-f10c-42f7-bbb8-85a5944923b0 state=PENDING elapsed=351s — waiting …
2026-06-03 16:28:37 | DEBUG    | Task 9fad7dd9-f10c-42f7-bbb8-85a5944923b0 state=PENDING elapsed=356s — waiting …
2026-06-03 16:28:42 | DEBUG    | Task 9fad7dd9-f10c-42f7-bbb8-85a5944923b0 state=PENDING elapsed=361s — waiting …
2026-06-03 16:28:47 | DEBUG    | Task 9fad7dd9-f10c-42f7-bbb8-85a5944923b0 state=PENDING elapsed=366s — waiting …
2026-06-03 16:28:52 | DEBUG    | Task 9fad7dd9-f10c-42f7-bbb8-85a5944923b0 state=PENDING elapsed=371s — waiting …
2026-06-03 16:28:57 | DEBUG    | Task 9fad7dd9-f10c-42f7-bbb8-85a5944923b0 state=PENDING elapsed=376s — waiting …
2026-06-03 16:29:02 | DEBUG    | Task 9fad7dd9-f10c-42f7-bbb8-85a5944923b0 state=PENDING elapsed=382s — waiting …
2026-06-03 16:29:07 | DEBUG    | Task 9fad7dd9-f10c-42f7-bbb8-85a5944923b0 state=PENDING elapsed=387s — waiting …
2026-06-03 16:29:12 | DEBUG    | Task 9fad7dd9-f10c-42f7-bbb8-85a5944923b0 state=PENDING elapsed=392s — waiting …
2026-06-03 16:29:17 | DEBUG    | Task 9fad7dd9-f10c-42f7-bbb8-85a5944923b0 state=PENDING elapsed=397s — waiting …
2026-06-03 16:29:22 | DEBUG    | Task 9fad7dd9-f10c-42f7-bbb8-85a5944923b0 state=PENDING elapsed=402s — waiting …
2026-06-03 16:29:27 | DEBUG    | Task 9fad7dd9-f10c-42f7-bbb8-85a5944923b0 state=PENDING elapsed=407s — waiting …
2026-06-03 16:29:32 | DEBUG    | Task 9fad7dd9-f10c-42f7-bbb8-85a5944923b0 state=PENDING elapsed=412s — waiting …
2026-06-03 16:29:37 | DEBUG    | Task 9fad7dd9-f10c-42f7-bbb8-85a5944923b0 state=PENDING elapsed=417s — waiting …
2026-06-03 16:29:44 | DEBUG    | Task 9fad7dd9-f10c-42f7-bbb8-85a5944923b0 state=PENDING elapsed=424s — waiting …
2026-06-03 16:29:49 | DEBUG    | Task 9fad7dd9-f10c-42f7-bbb8-85a5944923b0 state=PENDING elapsed=429s — waiting …
2026-06-03 16:29:54 | DEBUG    | Task 9fad7dd9-f10c-42f7-bbb8-85a5944923b0 state=PENDING elapsed=434s — waiting …
2026-06-03 16:29:59 | DEBUG    | Task 9fad7dd9-f10c-42f7-bbb8-85a5944923b0 state=PENDING elapsed=439s — waiting …
2026-06-03 16:30:04 | DEBUG    | Task 9fad7dd9-f10c-42f7-bbb8-85a5944923b0 state=PENDING elapsed=444s — waiting …
2026-06-03 16:30:09 | DEBUG    | Task 9fad7dd9-f10c-42f7-bbb8-85a5944923b0 state=PENDING elapsed=449s — waiting …
2026-06-03 16:30:14 | DEBUG    | Task 9fad7dd9-f10c-42f7-bbb8-85a5944923b0 state=PENDING elapsed=454s — waiting …
2026-06-03 16:30:19 | DEBUG    | Task 9fad7dd9-f10c-42f7-bbb8-85a5944923b0 state=PENDING elapsed=459s — waiting …
2026-06-03 16:30:24 | DEBUG    | Task 9fad7dd9-f10c-42f7-bbb8-85a5944923b0 state=PENDING elapsed=464s — waiting …
2026-06-03 16:30:29 | DEBUG    | Task 9fad7dd9-f10c-42f7-bbb8-85a5944923b0 state=PENDING elapsed=469s — waiting …
2026-06-03 16:30:34 | DEBUG    | Task 9fad7dd9-f10c-42f7-bbb8-85a5944923b0 state=PENDING elapsed=474s — waiting …
2026-06-03 16:30:39 | DEBUG    | Task 9fad7dd9-f10c-42f7-bbb8-85a5944923b0 state=PENDING elapsed=479s — waiting …
2026-06-03 16:30:44 | DEBUG    | Task 9fad7dd9-f10c-42f7-bbb8-85a5944923b0 state=PENDING elapsed=484s — waiting …
2026-06-03 16:30:49 | DEBUG    | Task 9fad7dd9-f10c-42f7-bbb8-85a5944923b0 state=PENDING elapsed=489s — waiting …
2026-06-03 16:30:54 | DEBUG    | Task 9fad7dd9-f10c-42f7-bbb8-85a5944923b0 state=PENDING elapsed=494s — waiting …
2026-06-03 16:30:59 | DEBUG    | Task 9fad7dd9-f10c-42f7-bbb8-85a5944923b0 state=PENDING elapsed=499s — waiting …
2026-06-03 16:31:04 | INFO     | Task 9fad7dd9-f10c-42f7-bbb8-85a5944923b0 FINISHED in 504s
2026-06-03 16:31:04 | INFO     | ✅ batch 8/47 (16 files) complete
2026-06-03 16:31:04 | INFO     | --- batch 9/47 (16 files) ---
2026-06-03 16:31:04 | DEBUG    |   Files: CWP-690-min.pdf, CWP-694-min.pdf, CWP-695-min.pdf, CWP-696-min.pdf, CWP-698-1.pdf, CWP-748-min.pdf, CWP-749.pdf, CWP-750-min.pdf, CWP-751.pdf, CWP-752.pdf, CWP-753.pdf, CWP-754.pdf, CWP-755.pdf, CWP-756.pdf, CWP-757.pdf, CWP-758-min.pdf
2026-06-03 16:31:07 | INFO     | Upload accepted → task_id=00f1a708-1554-4393-9b38-f5d4dad1ba2b
2026-06-03 16:31:07 | DEBUG    | Task 00f1a708-1554-4393-9b38-f5d4dad1ba2b state=PENDING elapsed=0s — waiting …
2026-06-03 16:31:12 | DEBUG    | Task 00f1a708-1554-4393-9b38-f5d4dad1ba2b state=PENDING elapsed=5s — waiting …
2026-06-03 16:31:17 | DEBUG    | Task 00f1a708-1554-4393-9b38-f5d4dad1ba2b state=PENDING elapsed=10s — waiting …
2026-06-03 16:31:22 | DEBUG    | Task 00f1a708-1554-4393-9b38-f5d4dad1ba2b state=PENDING elapsed=15s — waiting …
2026-06-03 16:31:27 | DEBUG    | Task 00f1a708-1554-4393-9b38-f5d4dad1ba2b state=PENDING elapsed=20s — waiting …
2026-06-03 16:31:32 | DEBUG    | Task 00f1a708-1554-4393-9b38-f5d4dad1ba2b state=PENDING elapsed=25s — waiting …
2026-06-03 16:31:37 | DEBUG    | Task 00f1a708-1554-4393-9b38-f5d4dad1ba2b state=PENDING elapsed=30s — waiting …
2026-06-03 16:31:45 | DEBUG    | Task 00f1a708-1554-4393-9b38-f5d4dad1ba2b state=PENDING elapsed=39s — waiting …
2026-06-03 16:31:50 | DEBUG    | Task 00f1a708-1554-4393-9b38-f5d4dad1ba2b state=PENDING elapsed=44s — waiting …
2026-06-03 16:31:55 | DEBUG    | Task 00f1a708-1554-4393-9b38-f5d4dad1ba2b state=PENDING elapsed=49s — waiting …
2026-06-03 16:32:00 | DEBUG    | Task 00f1a708-1554-4393-9b38-f5d4dad1ba2b state=PENDING elapsed=54s — waiting …
2026-06-03 16:32:05 | INFO     | Task 00f1a708-1554-4393-9b38-f5d4dad1ba2b FINISHED in 59s
2026-06-03 16:32:05 | INFO     | ✅ batch 9/47 (16 files) complete
2026-06-03 16:32:05 | INFO     | --- batch 10/47 (16 files) ---
2026-06-03 16:32:05 | DEBUG    |   Files: CWP-759.pdf, CWP-760.pdf, CWP-761.pdf, CWP-762.pdf, CWP-763.pdf, CWP-764-min.pdf, CWP-765.pdf, CWP-766.pdf, CWP-767.pdf, CWP-768.pdf, CWP-769-min.pdf, CWP-770.pdf, CWP-771.pdf, CWP-772.pdf, CWP-773-min.pdf, CWP-774-min.pdf
2026-06-03 16:32:07 | INFO     | Upload accepted → task_id=ebd3e681-5a75-4f9a-9702-eef1e9ea5ab1
2026-06-03 16:32:07 | DEBUG    | Task ebd3e681-5a75-4f9a-9702-eef1e9ea5ab1 state=PENDING elapsed=0s — waiting …
2026-06-03 16:32:12 | DEBUG    | Task ebd3e681-5a75-4f9a-9702-eef1e9ea5ab1 state=PENDING elapsed=5s — waiting …
2026-06-03 16:32:17 | DEBUG    | Task ebd3e681-5a75-4f9a-9702-eef1e9ea5ab1 state=PENDING elapsed=10s — waiting …
2026-06-03 16:32:22 | DEBUG    | Task ebd3e681-5a75-4f9a-9702-eef1e9ea5ab1 state=PENDING elapsed=15s — waiting …
2026-06-03 16:32:27 | DEBUG    | Task ebd3e681-5a75-4f9a-9702-eef1e9ea5ab1 state=PENDING elapsed=20s — waiting …
2026-06-03 16:32:32 | DEBUG    | Task ebd3e681-5a75-4f9a-9702-eef1e9ea5ab1 state=PENDING elapsed=25s — waiting …
2026-06-03 16:32:37 | DEBUG    | Task ebd3e681-5a75-4f9a-9702-eef1e9ea5ab1 state=PENDING elapsed=30s — waiting …
2026-06-03 16:32:42 | DEBUG    | Task ebd3e681-5a75-4f9a-9702-eef1e9ea5ab1 state=PENDING elapsed=35s — waiting …
2026-06-03 16:32:49 | INFO     | Task ebd3e681-5a75-4f9a-9702-eef1e9ea5ab1 FINISHED in 41s
2026-06-03 16:32:49 | INFO     | ✅ batch 10/47 (16 files) complete
2026-06-03 16:32:49 | INFO     | --- batch 11/47 (16 files) ---
2026-06-03 16:32:49 | DEBUG    |   Files: CWP-775.pdf, CWP-776.pdf, CWP-777.pdf, CWP-778.pdf, CWP-779-2013-Project-Review.pdf, CWP-882_Arora_Tsvankin_CWP_REPORT_2017_ReviseD.pdf, CWP-883_Bai_Tsvankin_report_2017.pdf, CWP-884_Guitton_Wang_Trainor-Guitton_report_2017.pdf, CWP-885_Guitton_report_2017-reduced.pdf, CWP-887_JarilloMichel_Tsvankin_report_2017.pdf, CWP-888_Jia_Guitton_Singh_Snieder_report_2017.pdf, CWP-889_Kamath_Tsvankin_Naeini_report_2017.pdf, CWP-890_Li_et_al_report_2017.pdf, CWP-891_LimChenNing_report_2017-reduced.pdf, CWP-892_Prunty_Snieder_report_2017.pdf, CWP-893_Rapstine_Sava_report_2017.pdf
2026-06-03 16:32:51 | INFO     | Upload accepted → task_id=0d64338d-ddd4-42a7-bd7b-4683f9ae3d75
2026-06-03 16:32:51 | DEBUG    | Task 0d64338d-ddd4-42a7-bd7b-4683f9ae3d75 state=PENDING elapsed=0s — waiting …
2026-06-03 16:32:56 | DEBUG    | Task 0d64338d-ddd4-42a7-bd7b-4683f9ae3d75 state=PENDING elapsed=5s — waiting …
2026-06-03 16:33:01 | DEBUG    | Task 0d64338d-ddd4-42a7-bd7b-4683f9ae3d75 state=PENDING elapsed=10s — waiting …
2026-06-03 16:33:06 | DEBUG    | Task 0d64338d-ddd4-42a7-bd7b-4683f9ae3d75 state=PENDING elapsed=15s — waiting …
2026-06-03 16:33:11 | DEBUG    | Task 0d64338d-ddd4-42a7-bd7b-4683f9ae3d75 state=PENDING elapsed=20s — waiting …
2026-06-03 16:33:16 | DEBUG    | Task 0d64338d-ddd4-42a7-bd7b-4683f9ae3d75 state=PENDING elapsed=25s — waiting …
2026-06-03 16:33:21 | DEBUG    | Task 0d64338d-ddd4-42a7-bd7b-4683f9ae3d75 state=PENDING elapsed=30s — waiting …
2026-06-03 16:33:26 | DEBUG    | Task 0d64338d-ddd4-42a7-bd7b-4683f9ae3d75 state=PENDING elapsed=35s — waiting …
2026-06-03 16:33:31 | DEBUG    | Task 0d64338d-ddd4-42a7-bd7b-4683f9ae3d75 state=PENDING elapsed=40s — waiting …
2026-06-03 16:33:36 | DEBUG    | Task 0d64338d-ddd4-42a7-bd7b-4683f9ae3d75 state=PENDING elapsed=45s — waiting …
2026-06-03 16:33:41 | DEBUG    | Task 0d64338d-ddd4-42a7-bd7b-4683f9ae3d75 state=PENDING elapsed=50s — waiting …
2026-06-03 16:33:47 | DEBUG    | Task 0d64338d-ddd4-42a7-bd7b-4683f9ae3d75 state=PENDING elapsed=56s — waiting …
2026-06-03 16:33:52 | DEBUG    | Task 0d64338d-ddd4-42a7-bd7b-4683f9ae3d75 state=PENDING elapsed=61s — waiting …
2026-06-03 16:33:57 | DEBUG    | Task 0d64338d-ddd4-42a7-bd7b-4683f9ae3d75 state=PENDING elapsed=66s — waiting …
2026-06-03 16:34:02 | DEBUG    | Task 0d64338d-ddd4-42a7-bd7b-4683f9ae3d75 state=PENDING elapsed=71s — waiting …
2026-06-03 16:34:07 | DEBUG    | Task 0d64338d-ddd4-42a7-bd7b-4683f9ae3d75 state=PENDING elapsed=76s — waiting …
2026-06-03 16:34:12 | DEBUG    | Task 0d64338d-ddd4-42a7-bd7b-4683f9ae3d75 state=PENDING elapsed=81s — waiting …
2026-06-03 16:34:18 | DEBUG    | Task 0d64338d-ddd4-42a7-bd7b-4683f9ae3d75 state=PENDING elapsed=87s — waiting …
2026-06-03 16:34:23 | DEBUG    | Task 0d64338d-ddd4-42a7-bd7b-4683f9ae3d75 state=PENDING elapsed=92s — waiting …
2026-06-03 16:34:28 | DEBUG    | Task 0d64338d-ddd4-42a7-bd7b-4683f9ae3d75 state=PENDING elapsed=97s — waiting …
2026-06-03 16:34:33 | DEBUG    | Task 0d64338d-ddd4-42a7-bd7b-4683f9ae3d75 state=PENDING elapsed=102s — waiting …
2026-06-03 16:34:38 | DEBUG    | Task 0d64338d-ddd4-42a7-bd7b-4683f9ae3d75 state=PENDING elapsed=107s — waiting …
2026-06-03 16:34:43 | DEBUG    | Task 0d64338d-ddd4-42a7-bd7b-4683f9ae3d75 state=PENDING elapsed=112s — waiting …
2026-06-03 16:34:48 | DEBUG    | Task 0d64338d-ddd4-42a7-bd7b-4683f9ae3d75 state=PENDING elapsed=117s — waiting …
2026-06-03 16:34:53 | DEBUG    | Task 0d64338d-ddd4-42a7-bd7b-4683f9ae3d75 state=PENDING elapsed=122s — waiting …
2026-06-03 16:34:58 | DEBUG    | Task 0d64338d-ddd4-42a7-bd7b-4683f9ae3d75 state=PENDING elapsed=127s — waiting …
2026-06-03 16:35:03 | DEBUG    | Task 0d64338d-ddd4-42a7-bd7b-4683f9ae3d75 state=PENDING elapsed=132s — waiting …
2026-06-03 16:35:08 | DEBUG    | Task 0d64338d-ddd4-42a7-bd7b-4683f9ae3d75 state=PENDING elapsed=137s — waiting …
2026-06-03 16:35:13 | DEBUG    | Task 0d64338d-ddd4-42a7-bd7b-4683f9ae3d75 state=PENDING elapsed=142s — waiting …
2026-06-03 16:35:18 | DEBUG    | Task 0d64338d-ddd4-42a7-bd7b-4683f9ae3d75 state=PENDING elapsed=147s — waiting …
2026-06-03 16:35:23 | DEBUG    | Task 0d64338d-ddd4-42a7-bd7b-4683f9ae3d75 state=PENDING elapsed=152s — waiting …
2026-06-03 16:35:28 | DEBUG    | Task 0d64338d-ddd4-42a7-bd7b-4683f9ae3d75 state=PENDING elapsed=157s — waiting …
2026-06-03 16:35:33 | DEBUG    | Task 0d64338d-ddd4-42a7-bd7b-4683f9ae3d75 state=PENDING elapsed=162s — waiting …
2026-06-03 16:35:38 | DEBUG    | Task 0d64338d-ddd4-42a7-bd7b-4683f9ae3d75 state=PENDING elapsed=167s — waiting …
2026-06-03 16:35:43 | DEBUG    | Task 0d64338d-ddd4-42a7-bd7b-4683f9ae3d75 state=PENDING elapsed=172s — waiting …
2026-06-03 16:35:48 | DEBUG    | Task 0d64338d-ddd4-42a7-bd7b-4683f9ae3d75 state=PENDING elapsed=177s — waiting …
2026-06-03 16:35:53 | DEBUG    | Task 0d64338d-ddd4-42a7-bd7b-4683f9ae3d75 state=PENDING elapsed=182s — waiting …
2026-06-03 16:35:58 | DEBUG    | Task 0d64338d-ddd4-42a7-bd7b-4683f9ae3d75 state=PENDING elapsed=187s — waiting …
2026-06-03 16:36:03 | DEBUG    | Task 0d64338d-ddd4-42a7-bd7b-4683f9ae3d75 state=PENDING elapsed=192s — waiting …
2026-06-03 16:36:08 | DEBUG    | Task 0d64338d-ddd4-42a7-bd7b-4683f9ae3d75 state=PENDING elapsed=197s — waiting …
2026-06-03 16:36:13 | DEBUG    | Task 0d64338d-ddd4-42a7-bd7b-4683f9ae3d75 state=PENDING elapsed=202s — waiting …
2026-06-03 16:36:18 | DEBUG    | Task 0d64338d-ddd4-42a7-bd7b-4683f9ae3d75 state=PENDING elapsed=207s — waiting …
2026-06-03 16:36:23 | DEBUG    | Task 0d64338d-ddd4-42a7-bd7b-4683f9ae3d75 state=PENDING elapsed=212s — waiting …
2026-06-03 16:36:28 | DEBUG    | Task 0d64338d-ddd4-42a7-bd7b-4683f9ae3d75 state=PENDING elapsed=217s — waiting …
2026-06-03 16:36:33 | DEBUG    | Task 0d64338d-ddd4-42a7-bd7b-4683f9ae3d75 state=PENDING elapsed=222s — waiting …
2026-06-03 16:36:38 | DEBUG    | Task 0d64338d-ddd4-42a7-bd7b-4683f9ae3d75 state=PENDING elapsed=228s — waiting …
2026-06-03 16:36:43 | DEBUG    | Task 0d64338d-ddd4-42a7-bd7b-4683f9ae3d75 state=PENDING elapsed=233s — waiting …
2026-06-03 16:36:48 | DEBUG    | Task 0d64338d-ddd4-42a7-bd7b-4683f9ae3d75 state=PENDING elapsed=238s — waiting …
2026-06-03 16:36:53 | DEBUG    | Task 0d64338d-ddd4-42a7-bd7b-4683f9ae3d75 state=PENDING elapsed=243s — waiting …
2026-06-03 16:36:58 | DEBUG    | Task 0d64338d-ddd4-42a7-bd7b-4683f9ae3d75 state=PENDING elapsed=248s — waiting …
2026-06-03 16:37:03 | DEBUG    | Task 0d64338d-ddd4-42a7-bd7b-4683f9ae3d75 state=PENDING elapsed=253s — waiting …
2026-06-03 16:37:08 | DEBUG    | Task 0d64338d-ddd4-42a7-bd7b-4683f9ae3d75 state=PENDING elapsed=258s — waiting …
2026-06-03 16:37:13 | DEBUG    | Task 0d64338d-ddd4-42a7-bd7b-4683f9ae3d75 state=PENDING elapsed=263s — waiting …
2026-06-03 16:37:18 | DEBUG    | Task 0d64338d-ddd4-42a7-bd7b-4683f9ae3d75 state=PENDING elapsed=268s — waiting …
2026-06-03 16:37:23 | DEBUG    | Task 0d64338d-ddd4-42a7-bd7b-4683f9ae3d75 state=PENDING elapsed=273s — waiting …
2026-06-03 16:37:28 | DEBUG    | Task 0d64338d-ddd4-42a7-bd7b-4683f9ae3d75 state=PENDING elapsed=278s — waiting …
2026-06-03 16:37:33 | DEBUG    | Task 0d64338d-ddd4-42a7-bd7b-4683f9ae3d75 state=PENDING elapsed=283s — waiting …
2026-06-03 16:37:38 | DEBUG    | Task 0d64338d-ddd4-42a7-bd7b-4683f9ae3d75 state=PENDING elapsed=288s — waiting …
2026-06-03 16:37:43 | DEBUG    | Task 0d64338d-ddd4-42a7-bd7b-4683f9ae3d75 state=PENDING elapsed=293s — waiting …
2026-06-03 16:37:48 | DEBUG    | Task 0d64338d-ddd4-42a7-bd7b-4683f9ae3d75 state=PENDING elapsed=298s — waiting …
2026-06-03 16:37:53 | DEBUG    | Task 0d64338d-ddd4-42a7-bd7b-4683f9ae3d75 state=PENDING elapsed=303s — waiting …
2026-06-03 16:37:58 | DEBUG    | Task 0d64338d-ddd4-42a7-bd7b-4683f9ae3d75 state=PENDING elapsed=308s — waiting …
2026-06-03 16:38:03 | DEBUG    | Task 0d64338d-ddd4-42a7-bd7b-4683f9ae3d75 state=PENDING elapsed=313s — waiting …
2026-06-03 16:38:08 | DEBUG    | Task 0d64338d-ddd4-42a7-bd7b-4683f9ae3d75 state=PENDING elapsed=318s — waiting …
2026-06-03 16:38:13 | DEBUG    | Task 0d64338d-ddd4-42a7-bd7b-4683f9ae3d75 state=PENDING elapsed=323s — waiting …
2026-06-03 16:38:18 | DEBUG    | Task 0d64338d-ddd4-42a7-bd7b-4683f9ae3d75 state=PENDING elapsed=328s — waiting …
2026-06-03 16:38:24 | DEBUG    | Task 0d64338d-ddd4-42a7-bd7b-4683f9ae3d75 state=PENDING elapsed=333s — waiting …
2026-06-03 16:38:29 | DEBUG    | Task 0d64338d-ddd4-42a7-bd7b-4683f9ae3d75 state=PENDING elapsed=338s — waiting …
2026-06-03 16:38:34 | DEBUG    | Task 0d64338d-ddd4-42a7-bd7b-4683f9ae3d75 state=PENDING elapsed=343s — waiting …
2026-06-03 16:38:39 | DEBUG    | Task 0d64338d-ddd4-42a7-bd7b-4683f9ae3d75 state=PENDING elapsed=348s — waiting …
2026-06-03 16:38:44 | DEBUG    | Task 0d64338d-ddd4-42a7-bd7b-4683f9ae3d75 state=PENDING elapsed=353s — waiting …
2026-06-03 16:38:53 | INFO     | Task 0d64338d-ddd4-42a7-bd7b-4683f9ae3d75 FINISHED in 362s
2026-06-03 16:38:53 | INFO     | ✅ batch 11/47 (16 files) complete
2026-06-03 16:38:53 | INFO     | --- batch 12/47 (16 files) ---
2026-06-03 16:38:53 | DEBUG    |   Files: CWP-894_Rocha_Sava_Guitton_report_2017-reduced.pdf, CWP-895_Rocha_Sava_report_2017-reduced.pdf, CWP-897_Planes_Snieder_Singh_report_2017.pdf, CWP-898-Liu.pdf, CWP-899-Rocha.pdf, CWP-901-Arora.pdf, CWP-902-Bai.pdf, CWP-903-Lim-DAS.compressed.pdf, CWP-904-Lim-RTM-2.pdf, CWP-905-Lim-SMI.pdf, CWP-906-Jarillo.pdf, CWP-907-Jia.pdf, CWP-908-Konuk.pdf, CWP-909-Aragao.pdf, CWP-910-Rocha.pdf, CWP-911-Singh.pdf
2026-06-03 16:38:54 | INFO     | Upload accepted → task_id=4e5fab8d-580c-4894-a6ea-6e485600a149
2026-06-03 16:38:54 | DEBUG    | Task 4e5fab8d-580c-4894-a6ea-6e485600a149 state=PENDING elapsed=0s — waiting …
2026-06-03 16:38:59 | DEBUG    | Task 4e5fab8d-580c-4894-a6ea-6e485600a149 state=PENDING elapsed=5s — waiting …
2026-06-03 16:39:04 | DEBUG    | Task 4e5fab8d-580c-4894-a6ea-6e485600a149 state=PENDING elapsed=10s — waiting …
2026-06-03 16:39:09 | DEBUG    | Task 4e5fab8d-580c-4894-a6ea-6e485600a149 state=PENDING elapsed=15s — waiting …
2026-06-03 16:39:14 | DEBUG    | Task 4e5fab8d-580c-4894-a6ea-6e485600a149 state=PENDING elapsed=20s — waiting …
2026-06-03 16:39:19 | DEBUG    | Task 4e5fab8d-580c-4894-a6ea-6e485600a149 state=PENDING elapsed=25s — waiting …
2026-06-03 16:39:24 | DEBUG    | Task 4e5fab8d-580c-4894-a6ea-6e485600a149 state=PENDING elapsed=30s — waiting …
2026-06-03 16:39:29 | DEBUG    | Task 4e5fab8d-580c-4894-a6ea-6e485600a149 state=PENDING elapsed=35s — waiting …
2026-06-03 16:39:34 | DEBUG    | Task 4e5fab8d-580c-4894-a6ea-6e485600a149 state=PENDING elapsed=40s — waiting …
2026-06-03 16:39:39 | INFO     | Task 4e5fab8d-580c-4894-a6ea-6e485600a149 FINISHED in 45s
2026-06-03 16:39:39 | INFO     | ✅ batch 12/47 (16 files) complete
2026-06-03 16:39:39 | INFO     | --- batch 13/47 (16 files) ---
2026-06-03 16:39:39 | DEBUG    |   Files: CWP-912-Li-X-DAET.pdf, CWP-913-Li-X-bifurcation.compressed.pdf, CWP-914-Prunty.pdf, CWP-915-Snieder-ilovepdf-compressed.pdf, CWP-916-Shragge-min.pdf, CWP-917-Li-V-TTI.pdf, CWP-918-Li-V-VTI.pdf, CWP-920-Yue.pdf, CWP-921-Rapstine.pdf, CWP-948_Thomas_rapstine_thesis_phd1.pdf, CWP-949-Pawelec_Wakin_Sava_report.pdf, CWP-950_Singh.pdf, CWP-951_Singh.pdf, CWP-952_Singh.pdf, CWP-953_Yang_Shragge-1.pdf, CWP-954_Oren_and_Shragge.pdf
2026-06-03 16:39:42 | INFO     | Upload accepted → task_id=87308974-fef0-409b-aa87-bf0d91792a21
2026-06-03 16:39:42 | DEBUG    | Task 87308974-fef0-409b-aa87-bf0d91792a21 state=PENDING elapsed=0s — waiting …
2026-06-03 16:39:47 | DEBUG    | Task 87308974-fef0-409b-aa87-bf0d91792a21 state=PENDING elapsed=5s — waiting …
2026-06-03 16:39:52 | DEBUG    | Task 87308974-fef0-409b-aa87-bf0d91792a21 state=PENDING elapsed=10s — waiting …
2026-06-03 16:39:57 | DEBUG    | Task 87308974-fef0-409b-aa87-bf0d91792a21 state=PENDING elapsed=15s — waiting …
2026-06-03 16:40:02 | DEBUG    | Task 87308974-fef0-409b-aa87-bf0d91792a21 state=PENDING elapsed=20s — waiting …
2026-06-03 16:40:07 | DEBUG    | Task 87308974-fef0-409b-aa87-bf0d91792a21 state=PENDING elapsed=25s — waiting …
2026-06-03 16:40:12 | DEBUG    | Task 87308974-fef0-409b-aa87-bf0d91792a21 state=PENDING elapsed=31s — waiting …
2026-06-03 16:40:17 | DEBUG    | Task 87308974-fef0-409b-aa87-bf0d91792a21 state=PENDING elapsed=36s — waiting …
2026-06-03 16:40:22 | DEBUG    | Task 87308974-fef0-409b-aa87-bf0d91792a21 state=PENDING elapsed=41s — waiting …
2026-06-03 16:40:27 | DEBUG    | Task 87308974-fef0-409b-aa87-bf0d91792a21 state=PENDING elapsed=46s — waiting …
2026-06-03 16:40:32 | DEBUG    | Task 87308974-fef0-409b-aa87-bf0d91792a21 state=PENDING elapsed=51s — waiting …
2026-06-03 16:40:37 | DEBUG    | Task 87308974-fef0-409b-aa87-bf0d91792a21 state=PENDING elapsed=56s — waiting …
2026-06-03 16:40:42 | DEBUG    | Task 87308974-fef0-409b-aa87-bf0d91792a21 state=PENDING elapsed=61s — waiting …
2026-06-03 16:40:47 | DEBUG    | Task 87308974-fef0-409b-aa87-bf0d91792a21 state=PENDING elapsed=66s — waiting …
2026-06-03 16:40:52 | DEBUG    | Task 87308974-fef0-409b-aa87-bf0d91792a21 state=PENDING elapsed=71s — waiting …
2026-06-03 16:40:57 | DEBUG    | Task 87308974-fef0-409b-aa87-bf0d91792a21 state=PENDING elapsed=76s — waiting …
2026-06-03 16:41:02 | DEBUG    | Task 87308974-fef0-409b-aa87-bf0d91792a21 state=PENDING elapsed=81s — waiting …
2026-06-03 16:41:07 | DEBUG    | Task 87308974-fef0-409b-aa87-bf0d91792a21 state=PENDING elapsed=86s — waiting …
2026-06-03 16:41:12 | DEBUG    | Task 87308974-fef0-409b-aa87-bf0d91792a21 state=PENDING elapsed=91s — waiting …
2026-06-03 16:41:17 | DEBUG    | Task 87308974-fef0-409b-aa87-bf0d91792a21 state=PENDING elapsed=96s — waiting …
2026-06-03 16:41:23 | INFO     | Task 87308974-fef0-409b-aa87-bf0d91792a21 FINISHED in 101s
2026-06-03 16:41:23 | INFO     | ✅ batch 13/47 (16 files) complete
2026-06-03 16:41:23 | INFO     | --- batch 14/47 (16 files) ---
2026-06-03 16:41:23 | DEBUG    |   Files: CWP-955_Jaimes_and_Snieder.pdf, CWP-956_Aragao_and_Sava.pdf, CWP-957_Aragao_and_Sava.pdf, CWP-958_Aragao_and_Sava.pdf, CWP-959_Sethi.pdf, CWP-960_ZHU_SHRAGGE_CWP2020.pdf, CWP-961_Snieder-Schonfelder-Surf_Rot_CWP.pdf, CWP-962-Schonfelder-Bozdag-Snieder-Surf_Rot_obs_CWP.pdf, CWP-971_Singh_et_al_2.pdf, CWP-972_Liu.pdf, CWP-973_Bayesian_facies_classification.pdf, CWP-974_Snieder.pdf, CWP-975_Kirazetal.pdf, CWP-976_Jaimes_and_Snieder.pdf, CWP-977_Kirazetal.pdf, CWP-978_Pawelec_Sava_2021.pdf
2026-06-03 16:41:25 | INFO     | Upload accepted → task_id=dccf339f-725b-4fa4-a77d-f9e2020359d2
2026-06-03 16:41:25 | DEBUG    | Task dccf339f-725b-4fa4-a77d-f9e2020359d2 state=PENDING elapsed=0s — waiting …
2026-06-03 16:41:31 | DEBUG    | Task dccf339f-725b-4fa4-a77d-f9e2020359d2 state=PENDING elapsed=6s — waiting …
2026-06-03 16:41:36 | DEBUG    | Task dccf339f-725b-4fa4-a77d-f9e2020359d2 state=PENDING elapsed=11s — waiting …
2026-06-03 16:41:41 | DEBUG    | Task dccf339f-725b-4fa4-a77d-f9e2020359d2 state=PENDING elapsed=16s — waiting …
2026-06-03 16:41:46 | DEBUG    | Task dccf339f-725b-4fa4-a77d-f9e2020359d2 state=PENDING elapsed=21s — waiting …
2026-06-03 16:41:51 | DEBUG    | Task dccf339f-725b-4fa4-a77d-f9e2020359d2 state=PENDING elapsed=26s — waiting …
2026-06-03 16:41:56 | DEBUG    | Task dccf339f-725b-4fa4-a77d-f9e2020359d2 state=PENDING elapsed=31s — waiting …
2026-06-03 16:42:01 | DEBUG    | Task dccf339f-725b-4fa4-a77d-f9e2020359d2 state=PENDING elapsed=36s — waiting …
2026-06-03 16:42:06 | DEBUG    | Task dccf339f-725b-4fa4-a77d-f9e2020359d2 state=PENDING elapsed=41s — waiting …
2026-06-03 16:42:11 | DEBUG    | Task dccf339f-725b-4fa4-a77d-f9e2020359d2 state=PENDING elapsed=46s — waiting …
2026-06-03 16:42:17 | INFO     | Task dccf339f-725b-4fa4-a77d-f9e2020359d2 FINISHED in 52s
2026-06-03 16:42:17 | INFO     | ✅ batch 14/47 (16 files) complete
2026-06-03 16:42:17 | INFO     | --- batch 15/47 (16 files) ---
2026-06-03 16:42:17 | DEBUG    |   Files: CWP-979_Oren_Shragge.pdf, CWP-980_Aragao_and_Sava.pdf, CWP-981_Konuk_Shragge.pdf, CWP-982_Almuteri_Sava_2021.pdf, CWP-983-Yang_Shragge_2021.pdf, CWP-984_Alzahrani_Shragge.pdf, CWP-985_Sethi_et_al.pdf, CWP-986_Konuk_Shragge_operator_learning.pdf, CWP-987_Can_Oren_PhD_Thesis_SP22.pdf, CWP-990_Cullen_Young_MSc_Thesis-_SP2022.pdf, CWP-991_Chambers_Shragge.pdf, CWP-993_Snieder.pdf, CWP-994_Snieder_Wakin.pdf, CWP-995_Oren_Shragge.pdf, CWP-996_Kiraz_Snieder.pdf, CWP-997_Sethi.pdf
2026-06-03 16:42:20 | INFO     | Upload accepted → task_id=1d6caea8-979d-4603-a963-8e583433946f
2026-06-03 16:42:20 | DEBUG    | Task 1d6caea8-979d-4603-a963-8e583433946f state=PENDING elapsed=0s — waiting …
2026-06-03 16:42:25 | DEBUG    | Task 1d6caea8-979d-4603-a963-8e583433946f state=PENDING elapsed=5s — waiting …
2026-06-03 16:42:30 | DEBUG    | Task 1d6caea8-979d-4603-a963-8e583433946f state=PENDING elapsed=10s — waiting …
2026-06-03 16:42:35 | DEBUG    | Task 1d6caea8-979d-4603-a963-8e583433946f state=PENDING elapsed=15s — waiting …
2026-06-03 16:42:40 | DEBUG    | Task 1d6caea8-979d-4603-a963-8e583433946f state=PENDING elapsed=20s — waiting …
2026-06-03 16:42:45 | DEBUG    | Task 1d6caea8-979d-4603-a963-8e583433946f state=PENDING elapsed=25s — waiting …
2026-06-03 16:42:50 | DEBUG    | Task 1d6caea8-979d-4603-a963-8e583433946f state=PENDING elapsed=30s — waiting …
2026-06-03 16:42:55 | DEBUG    | Task 1d6caea8-979d-4603-a963-8e583433946f state=PENDING elapsed=35s — waiting …
2026-06-03 16:43:00 | DEBUG    | Task 1d6caea8-979d-4603-a963-8e583433946f state=PENDING elapsed=40s — waiting …
2026-06-03 16:43:07 | DEBUG    | Task 1d6caea8-979d-4603-a963-8e583433946f state=PENDING elapsed=47s — waiting …
2026-06-03 16:43:12 | DEBUG    | Task 1d6caea8-979d-4603-a963-8e583433946f state=PENDING elapsed=52s — waiting …
2026-06-03 16:43:17 | DEBUG    | Task 1d6caea8-979d-4603-a963-8e583433946f state=PENDING elapsed=57s — waiting …
2026-06-03 16:43:22 | DEBUG    | Task 1d6caea8-979d-4603-a963-8e583433946f state=PENDING elapsed=62s — waiting …
2026-06-03 16:43:27 | DEBUG    | Task 1d6caea8-979d-4603-a963-8e583433946f state=PENDING elapsed=67s — waiting …
2026-06-03 16:43:32 | DEBUG    | Task 1d6caea8-979d-4603-a963-8e583433946f state=PENDING elapsed=72s — waiting …
2026-06-03 16:43:37 | DEBUG    | Task 1d6caea8-979d-4603-a963-8e583433946f state=PENDING elapsed=77s — waiting …
2026-06-03 16:43:42 | DEBUG    | Task 1d6caea8-979d-4603-a963-8e583433946f state=PENDING elapsed=82s — waiting …
2026-06-03 16:43:47 | DEBUG    | Task 1d6caea8-979d-4603-a963-8e583433946f state=PENDING elapsed=87s — waiting …
2026-06-03 16:43:52 | DEBUG    | Task 1d6caea8-979d-4603-a963-8e583433946f state=PENDING elapsed=92s — waiting …
2026-06-03 16:43:57 | DEBUG    | Task 1d6caea8-979d-4603-a963-8e583433946f state=PENDING elapsed=97s — waiting …
2026-06-03 16:44:02 | DEBUG    | Task 1d6caea8-979d-4603-a963-8e583433946f state=PENDING elapsed=102s — waiting …
2026-06-03 16:44:07 | INFO     | Task 1d6caea8-979d-4603-a963-8e583433946f FINISHED in 107s
2026-06-03 16:44:07 | INFO     | ✅ batch 15/47 (16 files) complete
2026-06-03 16:44:07 | INFO     | --- batch 16/47 (16 files) ---
2026-06-03 16:44:07 | DEBUG    |   Files: CWP-998_Liu_etal.pdf, CWP-999_Jaimes_Snieder.pdf, CWP705-min.pdf, CWP706.pdf, CWP707-min.pdf, CWP708.pdf, CWP709.pdf, CWP710.pdf, CWP711.pdf, CWP712.pdf, CWP713.pdf, CWP714-min.pdf, CWP715.pdf, CWP716-min-12.pdf, CWP717.pdf, CWP718.pdf
2026-06-03 16:44:09 | INFO     | Upload accepted → task_id=6861a888-4f46-4330-8987-fd7bd958b0ab
2026-06-03 16:44:09 | DEBUG    | Task 6861a888-4f46-4330-8987-fd7bd958b0ab state=PENDING elapsed=0s — waiting …
2026-06-03 16:44:14 | DEBUG    | Task 6861a888-4f46-4330-8987-fd7bd958b0ab state=PENDING elapsed=5s — waiting …
2026-06-03 16:44:19 | DEBUG    | Task 6861a888-4f46-4330-8987-fd7bd958b0ab state=PENDING elapsed=10s — waiting …
2026-06-03 16:44:24 | DEBUG    | Task 6861a888-4f46-4330-8987-fd7bd958b0ab state=PENDING elapsed=15s — waiting …
2026-06-03 16:44:29 | DEBUG    | Task 6861a888-4f46-4330-8987-fd7bd958b0ab state=PENDING elapsed=20s — waiting …
2026-06-03 16:44:35 | DEBUG    | Task 6861a888-4f46-4330-8987-fd7bd958b0ab state=PENDING elapsed=26s — waiting …
2026-06-03 16:44:40 | DEBUG    | Task 6861a888-4f46-4330-8987-fd7bd958b0ab state=PENDING elapsed=31s — waiting …
2026-06-03 16:44:45 | DEBUG    | Task 6861a888-4f46-4330-8987-fd7bd958b0ab state=PENDING elapsed=36s — waiting …
2026-06-03 16:44:50 | DEBUG    | Task 6861a888-4f46-4330-8987-fd7bd958b0ab state=PENDING elapsed=41s — waiting …
2026-06-03 16:44:55 | DEBUG    | Task 6861a888-4f46-4330-8987-fd7bd958b0ab state=PENDING elapsed=46s — waiting …
2026-06-03 16:45:01 | INFO     | Task 6861a888-4f46-4330-8987-fd7bd958b0ab FINISHED in 51s
2026-06-03 16:45:01 | INFO     | ✅ batch 16/47 (16 files) complete
2026-06-03 16:45:01 | INFO     | --- batch 17/47 (16 files) ---
2026-06-03 16:45:01 | DEBUG    |   Files: CWP719.pdf, CWP720.pdf, CWP721-min.pdf, CWP722-min.pdf, CWP723-min.pdf, CWP724-min.pdf, CWP725-min.pdf, CWP726-min.pdf, CWP727.pdf, CWP728.pdf, CWP729-1-min.pdf, CWP730.pdf, CWP731.pdf, CWP732_NoriNakata.pdf, CWP733_NoriNakata.pdf, CWP734_NoriNakata.pdf
2026-06-03 16:45:03 | INFO     | Upload accepted → task_id=100f3c03-0122-495c-945b-572a91388b5e
2026-06-03 16:45:03 | DEBUG    | Task 100f3c03-0122-495c-945b-572a91388b5e state=PENDING elapsed=0s — waiting …
2026-06-03 16:45:08 | DEBUG    | Task 100f3c03-0122-495c-945b-572a91388b5e state=PENDING elapsed=5s — waiting …
2026-06-03 16:45:13 | DEBUG    | Task 100f3c03-0122-495c-945b-572a91388b5e state=PENDING elapsed=10s — waiting …
2026-06-03 16:45:18 | DEBUG    | Task 100f3c03-0122-495c-945b-572a91388b5e state=PENDING elapsed=15s — waiting …
2026-06-03 16:45:23 | DEBUG    | Task 100f3c03-0122-495c-945b-572a91388b5e state=PENDING elapsed=20s — waiting …
2026-06-03 16:45:29 | DEBUG    | Task 100f3c03-0122-495c-945b-572a91388b5e state=PENDING elapsed=26s — waiting …
2026-06-03 16:45:34 | DEBUG    | Task 100f3c03-0122-495c-945b-572a91388b5e state=PENDING elapsed=31s — waiting …
2026-06-03 16:45:39 | DEBUG    | Task 100f3c03-0122-495c-945b-572a91388b5e state=PENDING elapsed=36s — waiting …
2026-06-03 16:45:44 | DEBUG    | Task 100f3c03-0122-495c-945b-572a91388b5e state=PENDING elapsed=41s — waiting …
2026-06-03 16:45:49 | DEBUG    | Task 100f3c03-0122-495c-945b-572a91388b5e state=PENDING elapsed=46s — waiting …
2026-06-03 16:45:54 | INFO     | Task 100f3c03-0122-495c-945b-572a91388b5e FINISHED in 51s
2026-06-03 16:45:54 | INFO     | ✅ batch 17/47 (16 files) complete
2026-06-03 16:45:54 | INFO     | --- batch 18/47 (16 files) ---
2026-06-03 16:45:54 | DEBUG    |   Files: CWP735.pdf, CWP736.pdf, CWP737.pdf, CWP_052_Jorden_report.pdf, CWP_137_ProjectReview_1993.pdf, Image-Domain_Wavefield_Tomogra.pdf, Jarillo_Michel_Tsvankin_CWP_938_Report_2019.pdf, Jarillo_Michel_Tsvankin_CWP_944_Report_2019.pdf, Jia_Snieder_CWP_940_Report_2019.pdf, Jian_Snieder_CWP_-939_Report_2019.pdf, Kohnke_Sava_CWP_933_Report_2019.pdf, Konuk_Shragge_CWP_928_Report_2019.pdf, OdetteAragaoElasticTomography-v2.pdf, Oren_Shragge_CWP_929_Report_2019.pdf, PawelecThesis-12.pdf, Pawelec_Sava_CWP_930_Report_2019.pdf
2026-06-03 16:45:57 | INFO     | Upload accepted → task_id=5b5640e9-2ed1-43c2-a4b0-5bd28515dc99
2026-06-03 16:45:57 | DEBUG    | Task 5b5640e9-2ed1-43c2-a4b0-5bd28515dc99 state=PENDING elapsed=0s — waiting …
2026-06-03 16:46:02 | DEBUG    | Task 5b5640e9-2ed1-43c2-a4b0-5bd28515dc99 state=PENDING elapsed=5s — waiting …
2026-06-03 16:46:07 | DEBUG    | Task 5b5640e9-2ed1-43c2-a4b0-5bd28515dc99 state=PENDING elapsed=10s — waiting …
2026-06-03 16:46:12 | DEBUG    | Task 5b5640e9-2ed1-43c2-a4b0-5bd28515dc99 state=PENDING elapsed=15s — waiting …
2026-06-03 16:46:17 | DEBUG    | Task 5b5640e9-2ed1-43c2-a4b0-5bd28515dc99 state=PENDING elapsed=20s — waiting …
2026-06-03 16:46:22 | DEBUG    | Task 5b5640e9-2ed1-43c2-a4b0-5bd28515dc99 state=PENDING elapsed=25s — waiting …
2026-06-03 16:46:27 | DEBUG    | Task 5b5640e9-2ed1-43c2-a4b0-5bd28515dc99 state=PENDING elapsed=30s — waiting …
2026-06-03 16:46:32 | DEBUG    | Task 5b5640e9-2ed1-43c2-a4b0-5bd28515dc99 state=PENDING elapsed=35s — waiting …
2026-06-03 16:46:37 | DEBUG    | Task 5b5640e9-2ed1-43c2-a4b0-5bd28515dc99 state=PENDING elapsed=40s — waiting …
2026-06-03 16:46:42 | DEBUG    | Task 5b5640e9-2ed1-43c2-a4b0-5bd28515dc99 state=PENDING elapsed=45s — waiting …
2026-06-03 16:46:47 | DEBUG    | Task 5b5640e9-2ed1-43c2-a4b0-5bd28515dc99 state=PENDING elapsed=50s — waiting …
2026-06-03 16:46:52 | DEBUG    | Task 5b5640e9-2ed1-43c2-a4b0-5bd28515dc99 state=PENDING elapsed=55s — waiting …
2026-06-03 16:46:57 | DEBUG    | Task 5b5640e9-2ed1-43c2-a4b0-5bd28515dc99 state=PENDING elapsed=60s — waiting …
2026-06-03 16:47:02 | DEBUG    | Task 5b5640e9-2ed1-43c2-a4b0-5bd28515dc99 state=PENDING elapsed=65s — waiting …
2026-06-03 16:47:07 | DEBUG    | Task 5b5640e9-2ed1-43c2-a4b0-5bd28515dc99 state=PENDING elapsed=70s — waiting …
2026-06-03 16:47:12 | DEBUG    | Task 5b5640e9-2ed1-43c2-a4b0-5bd28515dc99 state=PENDING elapsed=75s — waiting …
2026-06-03 16:47:17 | DEBUG    | Task 5b5640e9-2ed1-43c2-a4b0-5bd28515dc99 state=PENDING elapsed=80s — waiting …
2026-06-03 16:47:22 | DEBUG    | Task 5b5640e9-2ed1-43c2-a4b0-5bd28515dc99 state=PENDING elapsed=85s — waiting …
2026-06-03 16:47:27 | DEBUG    | Task 5b5640e9-2ed1-43c2-a4b0-5bd28515dc99 state=PENDING elapsed=90s — waiting …
2026-06-03 16:47:32 | DEBUG    | Task 5b5640e9-2ed1-43c2-a4b0-5bd28515dc99 state=PENDING elapsed=95s — waiting …
2026-06-03 16:47:37 | DEBUG    | Task 5b5640e9-2ed1-43c2-a4b0-5bd28515dc99 state=PENDING elapsed=100s — waiting …
2026-06-03 16:47:42 | DEBUG    | Task 5b5640e9-2ed1-43c2-a4b0-5bd28515dc99 state=PENDING elapsed=105s — waiting …
2026-06-03 16:47:47 | DEBUG    | Task 5b5640e9-2ed1-43c2-a4b0-5bd28515dc99 state=PENDING elapsed=110s — waiting …
2026-06-03 16:47:52 | DEBUG    | Task 5b5640e9-2ed1-43c2-a4b0-5bd28515dc99 state=PENDING elapsed=115s — waiting …
2026-06-03 16:47:57 | DEBUG    | Task 5b5640e9-2ed1-43c2-a4b0-5bd28515dc99 state=PENDING elapsed=120s — waiting …
2026-06-03 16:48:02 | DEBUG    | Task 5b5640e9-2ed1-43c2-a4b0-5bd28515dc99 state=PENDING elapsed=125s — waiting …
2026-06-03 16:48:07 | DEBUG    | Task 5b5640e9-2ed1-43c2-a4b0-5bd28515dc99 state=PENDING elapsed=130s — waiting …
2026-06-03 16:48:12 | DEBUG    | Task 5b5640e9-2ed1-43c2-a4b0-5bd28515dc99 state=PENDING elapsed=135s — waiting …
2026-06-03 16:48:17 | DEBUG    | Task 5b5640e9-2ed1-43c2-a4b0-5bd28515dc99 state=PENDING elapsed=140s — waiting …
2026-06-03 16:48:24 | DEBUG    | Task 5b5640e9-2ed1-43c2-a4b0-5bd28515dc99 state=PENDING elapsed=147s — waiting …
2026-06-03 16:48:29 | DEBUG    | Task 5b5640e9-2ed1-43c2-a4b0-5bd28515dc99 state=PENDING elapsed=152s — waiting …
2026-06-03 16:48:34 | DEBUG    | Task 5b5640e9-2ed1-43c2-a4b0-5bd28515dc99 state=PENDING elapsed=157s — waiting …
2026-06-03 16:48:39 | DEBUG    | Task 5b5640e9-2ed1-43c2-a4b0-5bd28515dc99 state=PENDING elapsed=162s — waiting …
2026-06-03 16:48:44 | DEBUG    | Task 5b5640e9-2ed1-43c2-a4b0-5bd28515dc99 state=PENDING elapsed=167s — waiting …
2026-06-03 16:48:49 | DEBUG    | Task 5b5640e9-2ed1-43c2-a4b0-5bd28515dc99 state=PENDING elapsed=172s — waiting …
2026-06-03 16:48:54 | DEBUG    | Task 5b5640e9-2ed1-43c2-a4b0-5bd28515dc99 state=PENDING elapsed=177s — waiting …
2026-06-03 16:48:59 | DEBUG    | Task 5b5640e9-2ed1-43c2-a4b0-5bd28515dc99 state=PENDING elapsed=182s — waiting …
2026-06-03 16:49:04 | DEBUG    | Task 5b5640e9-2ed1-43c2-a4b0-5bd28515dc99 state=PENDING elapsed=187s — waiting …
2026-06-03 16:49:09 | DEBUG    | Task 5b5640e9-2ed1-43c2-a4b0-5bd28515dc99 state=PENDING elapsed=192s — waiting …
2026-06-03 16:49:14 | DEBUG    | Task 5b5640e9-2ed1-43c2-a4b0-5bd28515dc99 state=PENDING elapsed=197s — waiting …
2026-06-03 16:49:19 | DEBUG    | Task 5b5640e9-2ed1-43c2-a4b0-5bd28515dc99 state=PENDING elapsed=202s — waiting …
2026-06-03 16:49:24 | DEBUG    | Task 5b5640e9-2ed1-43c2-a4b0-5bd28515dc99 state=PENDING elapsed=207s — waiting …
2026-06-03 16:49:29 | DEBUG    | Task 5b5640e9-2ed1-43c2-a4b0-5bd28515dc99 state=PENDING elapsed=212s — waiting …
2026-06-03 16:49:34 | DEBUG    | Task 5b5640e9-2ed1-43c2-a4b0-5bd28515dc99 state=PENDING elapsed=217s — waiting …
2026-06-03 16:49:39 | DEBUG    | Task 5b5640e9-2ed1-43c2-a4b0-5bd28515dc99 state=PENDING elapsed=222s — waiting …
2026-06-03 16:49:44 | DEBUG    | Task 5b5640e9-2ed1-43c2-a4b0-5bd28515dc99 state=PENDING elapsed=227s — waiting …
2026-06-03 16:49:49 | DEBUG    | Task 5b5640e9-2ed1-43c2-a4b0-5bd28515dc99 state=PENDING elapsed=232s — waiting …
2026-06-03 16:49:55 | DEBUG    | Task 5b5640e9-2ed1-43c2-a4b0-5bd28515dc99 state=PENDING elapsed=238s — waiting …
2026-06-03 16:50:00 | DEBUG    | Task 5b5640e9-2ed1-43c2-a4b0-5bd28515dc99 state=PENDING elapsed=243s — waiting …
2026-06-03 16:50:05 | DEBUG    | Task 5b5640e9-2ed1-43c2-a4b0-5bd28515dc99 state=PENDING elapsed=248s — waiting …
2026-06-03 16:50:10 | DEBUG    | Task 5b5640e9-2ed1-43c2-a4b0-5bd28515dc99 state=PENDING elapsed=253s — waiting …
2026-06-03 16:50:15 | DEBUG    | Task 5b5640e9-2ed1-43c2-a4b0-5bd28515dc99 state=PENDING elapsed=258s — waiting …
2026-06-03 16:50:20 | DEBUG    | Task 5b5640e9-2ed1-43c2-a4b0-5bd28515dc99 state=PENDING elapsed=263s — waiting …
2026-06-03 16:50:25 | INFO     | Task 5b5640e9-2ed1-43c2-a4b0-5bd28515dc99 FINISHED in 268s
2026-06-03 16:50:25 | INFO     | ✅ batch 18/47 (16 files) complete
2026-06-03 16:50:25 | INFO     | --- batch 19/47 (16 files) ---
2026-06-03 16:50:25 | DEBUG    |   Files: Prunty_Snieder_CWP_931_Report_2019.pdf, RochaThesis-min-12.pdf, Saengduean_Snieder_CWP_942_Report_2019.pdf, Sens-Schonfelder_Snieder_CWP_941_Report_2019.pdf, Sethi_Shragge_Tsvankin_CWP_932_Report_2019.pdf, Singh_Tsvankin_CWP_934_Report_2019.pdf, Vol32-3_art4.pdf, Yang_Shragge_CWP_935_Report_2019.pdf, compressed_CWP-900-Li-X-MS-thesis-min.pdf, cwp-031.pdf, cwp-032.pdf, cwp-038.pdf, cwp-049.pdf, cwp-074.pdf, cwp-081.pdf, cwp-090.pdf
2026-06-03 16:50:28 | INFO     | Upload accepted → task_id=11fba137-bba3-42fb-8549-cf07af635b6d
2026-06-03 16:50:28 | DEBUG    | Task 11fba137-bba3-42fb-8549-cf07af635b6d state=PENDING elapsed=0s — waiting …
2026-06-03 16:50:33 | DEBUG    | Task 11fba137-bba3-42fb-8549-cf07af635b6d state=PENDING elapsed=5s — waiting …
2026-06-03 16:50:38 | DEBUG    | Task 11fba137-bba3-42fb-8549-cf07af635b6d state=PENDING elapsed=10s — waiting …
2026-06-03 16:50:44 | DEBUG    | Task 11fba137-bba3-42fb-8549-cf07af635b6d state=PENDING elapsed=16s — waiting …
2026-06-03 16:50:49 | DEBUG    | Task 11fba137-bba3-42fb-8549-cf07af635b6d state=PENDING elapsed=21s — waiting …
2026-06-03 16:50:54 | DEBUG    | Task 11fba137-bba3-42fb-8549-cf07af635b6d state=PENDING elapsed=26s — waiting …
2026-06-03 16:50:59 | DEBUG    | Task 11fba137-bba3-42fb-8549-cf07af635b6d state=PENDING elapsed=31s — waiting …
2026-06-03 16:51:04 | DEBUG    | Task 11fba137-bba3-42fb-8549-cf07af635b6d state=PENDING elapsed=36s — waiting …
2026-06-03 16:51:09 | DEBUG    | Task 11fba137-bba3-42fb-8549-cf07af635b6d state=PENDING elapsed=41s — waiting …
2026-06-03 16:51:14 | DEBUG    | Task 11fba137-bba3-42fb-8549-cf07af635b6d state=PENDING elapsed=46s — waiting …
2026-06-03 16:51:19 | DEBUG    | Task 11fba137-bba3-42fb-8549-cf07af635b6d state=PENDING elapsed=51s — waiting …
2026-06-03 16:51:24 | DEBUG    | Task 11fba137-bba3-42fb-8549-cf07af635b6d state=PENDING elapsed=56s — waiting …
2026-06-03 16:51:29 | DEBUG    | Task 11fba137-bba3-42fb-8549-cf07af635b6d state=PENDING elapsed=61s — waiting …
2026-06-03 16:51:35 | DEBUG    | Task 11fba137-bba3-42fb-8549-cf07af635b6d state=PENDING elapsed=67s — waiting …
2026-06-03 16:51:40 | DEBUG    | Task 11fba137-bba3-42fb-8549-cf07af635b6d state=PENDING elapsed=72s — waiting …
2026-06-03 16:51:45 | DEBUG    | Task 11fba137-bba3-42fb-8549-cf07af635b6d state=PENDING elapsed=77s — waiting …
2026-06-03 16:51:50 | DEBUG    | Task 11fba137-bba3-42fb-8549-cf07af635b6d state=PENDING elapsed=82s — waiting …
2026-06-03 16:51:55 | DEBUG    | Task 11fba137-bba3-42fb-8549-cf07af635b6d state=PENDING elapsed=87s — waiting …
2026-06-03 16:52:00 | DEBUG    | Task 11fba137-bba3-42fb-8549-cf07af635b6d state=PENDING elapsed=92s — waiting …
2026-06-03 16:52:05 | DEBUG    | Task 11fba137-bba3-42fb-8549-cf07af635b6d state=PENDING elapsed=97s — waiting …
2026-06-03 16:52:10 | DEBUG    | Task 11fba137-bba3-42fb-8549-cf07af635b6d state=PENDING elapsed=102s — waiting …
2026-06-03 16:52:15 | DEBUG    | Task 11fba137-bba3-42fb-8549-cf07af635b6d state=PENDING elapsed=107s — waiting …
2026-06-03 16:52:20 | DEBUG    | Task 11fba137-bba3-42fb-8549-cf07af635b6d state=PENDING elapsed=112s — waiting …
2026-06-03 16:52:25 | DEBUG    | Task 11fba137-bba3-42fb-8549-cf07af635b6d state=PENDING elapsed=117s — waiting …
2026-06-03 16:52:30 | DEBUG    | Task 11fba137-bba3-42fb-8549-cf07af635b6d state=PENDING elapsed=122s — waiting …
2026-06-03 16:52:35 | DEBUG    | Task 11fba137-bba3-42fb-8549-cf07af635b6d state=PENDING elapsed=127s — waiting …
2026-06-03 16:52:40 | DEBUG    | Task 11fba137-bba3-42fb-8549-cf07af635b6d state=PENDING elapsed=132s — waiting …
2026-06-03 16:52:45 | INFO     | Task 11fba137-bba3-42fb-8549-cf07af635b6d FINISHED in 137s
2026-06-03 16:52:45 | INFO     | ✅ batch 19/47 (16 files) complete
2026-06-03 16:52:45 | INFO     | --- batch 20/47 (16 files) ---
2026-06-03 16:52:45 | DEBUG    |   Files: cwp-095.pdf, cwp-096.pdf, cwp-098.pdf, cwp-099.pdf, cwp-103PI.pdf, cwp-103PII.pdf, cwp-104R.pdf, cwp-105.pdf, cwp-107A.pdf, cwp-107B.pdf, cwp-108.pdf, cwp-109.pdf, cwp-113.pdf, cwp-115R.pdf, cwp-118R.pdf, cwp-119R.pdf
2026-06-03 16:52:47 | INFO     | Upload accepted → task_id=51fe85d7-d60c-4669-89f7-8ba1bbd29be6
2026-06-03 16:52:48 | DEBUG    | Task 51fe85d7-d60c-4669-89f7-8ba1bbd29be6 state=PENDING elapsed=0s — waiting …
2026-06-03 16:52:53 | DEBUG    | Task 51fe85d7-d60c-4669-89f7-8ba1bbd29be6 state=PENDING elapsed=5s — waiting …
2026-06-03 16:52:58 | DEBUG    | Task 51fe85d7-d60c-4669-89f7-8ba1bbd29be6 state=PENDING elapsed=10s — waiting …
2026-06-03 16:53:03 | DEBUG    | Task 51fe85d7-d60c-4669-89f7-8ba1bbd29be6 state=PENDING elapsed=15s — waiting …
2026-06-03 16:53:08 | DEBUG    | Task 51fe85d7-d60c-4669-89f7-8ba1bbd29be6 state=PENDING elapsed=20s — waiting …
2026-06-03 16:53:13 | DEBUG    | Task 51fe85d7-d60c-4669-89f7-8ba1bbd29be6 state=PENDING elapsed=25s — waiting …
2026-06-03 16:53:20 | DEBUG    | Task 51fe85d7-d60c-4669-89f7-8ba1bbd29be6 state=PENDING elapsed=32s — waiting …
2026-06-03 16:53:25 | DEBUG    | Task 51fe85d7-d60c-4669-89f7-8ba1bbd29be6 state=PENDING elapsed=37s — waiting …
2026-06-03 16:53:30 | DEBUG    | Task 51fe85d7-d60c-4669-89f7-8ba1bbd29be6 state=PENDING elapsed=42s — waiting …
2026-06-03 16:53:35 | DEBUG    | Task 51fe85d7-d60c-4669-89f7-8ba1bbd29be6 state=PENDING elapsed=47s — waiting …
2026-06-03 16:53:40 | DEBUG    | Task 51fe85d7-d60c-4669-89f7-8ba1bbd29be6 state=PENDING elapsed=52s — waiting …
2026-06-03 16:53:45 | DEBUG    | Task 51fe85d7-d60c-4669-89f7-8ba1bbd29be6 state=PENDING elapsed=57s — waiting …
2026-06-03 16:53:50 | DEBUG    | Task 51fe85d7-d60c-4669-89f7-8ba1bbd29be6 state=PENDING elapsed=62s — waiting …
2026-06-03 16:53:55 | DEBUG    | Task 51fe85d7-d60c-4669-89f7-8ba1bbd29be6 state=PENDING elapsed=67s — waiting …
2026-06-03 16:54:02 | DEBUG    | Task 51fe85d7-d60c-4669-89f7-8ba1bbd29be6 state=PENDING elapsed=75s — waiting …
2026-06-03 16:54:07 | INFO     | Task 51fe85d7-d60c-4669-89f7-8ba1bbd29be6 FINISHED in 80s
2026-06-03 16:54:07 | INFO     | ✅ batch 20/47 (16 files) complete
2026-06-03 16:54:07 | INFO     | --- batch 21/47 (16 files) ---
2026-06-03 16:54:07 | DEBUG    |   Files: cwp-122P.pdf, cwp-124P2.pdf, cwp-125.pdf, cwp-126.pdf, cwp-127.pdf, cwp-128.pdf, cwp-129.pdf, cwp-130.pdf, cwp-133P.pdf, cwp-134R.pdf, cwp-135.pdf, cwp-136.pdf, cwp-141P.pdf, cwp-142P.pdf, cwp-143P.pdf, cwp-144.pdf
2026-06-03 16:54:10 | INFO     | Upload accepted → task_id=d75a32e2-ce70-4002-917c-701bd149ae8f
2026-06-03 16:54:10 | DEBUG    | Task d75a32e2-ce70-4002-917c-701bd149ae8f state=PENDING elapsed=0s — waiting …
2026-06-03 16:54:15 | DEBUG    | Task d75a32e2-ce70-4002-917c-701bd149ae8f state=PENDING elapsed=5s — waiting …
2026-06-03 16:54:20 | DEBUG    | Task d75a32e2-ce70-4002-917c-701bd149ae8f state=PENDING elapsed=10s — waiting …
2026-06-03 16:54:25 | DEBUG    | Task d75a32e2-ce70-4002-917c-701bd149ae8f state=PENDING elapsed=15s — waiting …
2026-06-03 16:54:30 | DEBUG    | Task d75a32e2-ce70-4002-917c-701bd149ae8f state=PENDING elapsed=20s — waiting …
2026-06-03 16:54:35 | DEBUG    | Task d75a32e2-ce70-4002-917c-701bd149ae8f state=PENDING elapsed=25s — waiting …
2026-06-03 16:54:42 | DEBUG    | Task d75a32e2-ce70-4002-917c-701bd149ae8f state=PENDING elapsed=32s — waiting …
2026-06-03 16:54:47 | DEBUG    | Task d75a32e2-ce70-4002-917c-701bd149ae8f state=PENDING elapsed=37s — waiting …
2026-06-03 16:54:52 | DEBUG    | Task d75a32e2-ce70-4002-917c-701bd149ae8f state=PENDING elapsed=42s — waiting …
2026-06-03 16:54:57 | DEBUG    | Task d75a32e2-ce70-4002-917c-701bd149ae8f state=PENDING elapsed=47s — waiting …
2026-06-03 16:55:02 | DEBUG    | Task d75a32e2-ce70-4002-917c-701bd149ae8f state=PENDING elapsed=52s — waiting …
2026-06-03 16:55:07 | DEBUG    | Task d75a32e2-ce70-4002-917c-701bd149ae8f state=PENDING elapsed=57s — waiting …
2026-06-03 16:55:12 | DEBUG    | Task d75a32e2-ce70-4002-917c-701bd149ae8f state=PENDING elapsed=62s — waiting …
2026-06-03 16:55:17 | DEBUG    | Task d75a32e2-ce70-4002-917c-701bd149ae8f state=PENDING elapsed=67s — waiting …
2026-06-03 16:55:22 | DEBUG    | Task d75a32e2-ce70-4002-917c-701bd149ae8f state=PENDING elapsed=72s — waiting …
2026-06-03 16:55:27 | DEBUG    | Task d75a32e2-ce70-4002-917c-701bd149ae8f state=PENDING elapsed=77s — waiting …
2026-06-03 16:55:34 | INFO     | Task d75a32e2-ce70-4002-917c-701bd149ae8f FINISHED in 85s
2026-06-03 16:55:34 | INFO     | ✅ batch 21/47 (16 files) complete
2026-06-03 16:55:34 | INFO     | --- batch 22/47 (16 files) ---
2026-06-03 16:55:34 | DEBUG    |   Files: cwp-145.pdf, cwp-146.pdf, cwp-147.pdf, cwp-148.pdf, cwp-149.pdf, cwp-150.pdf, cwp-151.pdf, cwp-152.pdf, cwp-154.pdf, cwp-155P.pdf, cwp-156.pdf, cwp-162.pdf, cwp-164.pdf, cwp-170.pdf, cwp-171.pdf, cwp-177.pdf
2026-06-03 16:55:39 | INFO     | Upload accepted → task_id=10dab0b8-1249-40a7-a591-45e483e24d34
2026-06-03 16:55:39 | DEBUG    | Task 10dab0b8-1249-40a7-a591-45e483e24d34 state=PENDING elapsed=0s — waiting …
2026-06-03 16:55:44 | DEBUG    | Task 10dab0b8-1249-40a7-a591-45e483e24d34 state=PENDING elapsed=5s — waiting …
2026-06-03 16:55:49 | DEBUG    | Task 10dab0b8-1249-40a7-a591-45e483e24d34 state=PENDING elapsed=10s — waiting …
2026-06-03 16:55:54 | DEBUG    | Task 10dab0b8-1249-40a7-a591-45e483e24d34 state=PENDING elapsed=15s — waiting …
2026-06-03 16:55:59 | DEBUG    | Task 10dab0b8-1249-40a7-a591-45e483e24d34 state=PENDING elapsed=20s — waiting …
2026-06-03 16:56:04 | DEBUG    | Task 10dab0b8-1249-40a7-a591-45e483e24d34 state=PENDING elapsed=25s — waiting …
2026-06-03 16:56:09 | DEBUG    | Task 10dab0b8-1249-40a7-a591-45e483e24d34 state=PENDING elapsed=30s — waiting …
2026-06-03 16:56:14 | DEBUG    | Task 10dab0b8-1249-40a7-a591-45e483e24d34 state=PENDING elapsed=35s — waiting …
2026-06-03 16:56:19 | DEBUG    | Task 10dab0b8-1249-40a7-a591-45e483e24d34 state=PENDING elapsed=40s — waiting …
2026-06-03 16:56:24 | DEBUG    | Task 10dab0b8-1249-40a7-a591-45e483e24d34 state=PENDING elapsed=45s — waiting …
2026-06-03 16:56:29 | DEBUG    | Task 10dab0b8-1249-40a7-a591-45e483e24d34 state=PENDING elapsed=50s — waiting …
2026-06-03 16:56:34 | DEBUG    | Task 10dab0b8-1249-40a7-a591-45e483e24d34 state=PENDING elapsed=55s — waiting …
2026-06-03 16:56:40 | DEBUG    | Task 10dab0b8-1249-40a7-a591-45e483e24d34 state=PENDING elapsed=61s — waiting …
2026-06-03 16:56:45 | DEBUG    | Task 10dab0b8-1249-40a7-a591-45e483e24d34 state=PENDING elapsed=66s — waiting …
2026-06-03 16:56:50 | DEBUG    | Task 10dab0b8-1249-40a7-a591-45e483e24d34 state=PENDING elapsed=71s — waiting …
2026-06-03 16:56:55 | DEBUG    | Task 10dab0b8-1249-40a7-a591-45e483e24d34 state=PENDING elapsed=76s — waiting …
2026-06-03 16:57:00 | DEBUG    | Task 10dab0b8-1249-40a7-a591-45e483e24d34 state=PENDING elapsed=81s — waiting …
2026-06-03 16:57:05 | DEBUG    | Task 10dab0b8-1249-40a7-a591-45e483e24d34 state=PENDING elapsed=86s — waiting …
2026-06-03 16:57:10 | DEBUG    | Task 10dab0b8-1249-40a7-a591-45e483e24d34 state=PENDING elapsed=91s — waiting …
2026-06-03 16:57:15 | DEBUG    | Task 10dab0b8-1249-40a7-a591-45e483e24d34 state=PENDING elapsed=96s — waiting …
2026-06-03 16:57:20 | DEBUG    | Task 10dab0b8-1249-40a7-a591-45e483e24d34 state=PENDING elapsed=101s — waiting …
2026-06-03 16:57:28 | INFO     | Task 10dab0b8-1249-40a7-a591-45e483e24d34 FINISHED in 108s
2026-06-03 16:57:28 | INFO     | ✅ batch 22/47 (16 files) complete
2026-06-03 16:57:28 | INFO     | --- batch 23/47 (16 files) ---
2026-06-03 16:57:28 | DEBUG    |   Files: cwp-178.pdf, cwp-179.pdf, cwp-180.pdf, cwp-187.pdf, cwp-188.pdf, cwp-190P.pdf, cwp-197.pdf, cwp-198P.pdf, cwp-199.pdf, cwp-200.pdf, cwp-205P.pdf, cwp-206P.pdf, cwp-207.pdf, cwp-208.pdf, cwp-209.pdf, cwp-210.pdf
2026-06-03 16:57:30 | INFO     | Upload accepted → task_id=1769c862-ac5b-40fa-94bc-f93d9062661d
2026-06-03 16:57:30 | DEBUG    | Task 1769c862-ac5b-40fa-94bc-f93d9062661d state=PENDING elapsed=0s — waiting …
2026-06-03 16:57:35 | DEBUG    | Task 1769c862-ac5b-40fa-94bc-f93d9062661d state=PENDING elapsed=5s — waiting …
2026-06-03 16:57:40 | DEBUG    | Task 1769c862-ac5b-40fa-94bc-f93d9062661d state=PENDING elapsed=10s — waiting …
2026-06-03 16:57:45 | DEBUG    | Task 1769c862-ac5b-40fa-94bc-f93d9062661d state=PENDING elapsed=15s — waiting …
2026-06-03 16:57:50 | DEBUG    | Task 1769c862-ac5b-40fa-94bc-f93d9062661d state=PENDING elapsed=20s — waiting …
2026-06-03 16:57:55 | DEBUG    | Task 1769c862-ac5b-40fa-94bc-f93d9062661d state=PENDING elapsed=25s — waiting …
2026-06-03 16:58:00 | DEBUG    | Task 1769c862-ac5b-40fa-94bc-f93d9062661d state=PENDING elapsed=30s — waiting …
2026-06-03 16:58:05 | DEBUG    | Task 1769c862-ac5b-40fa-94bc-f93d9062661d state=PENDING elapsed=35s — waiting …
2026-06-03 16:58:10 | DEBUG    | Task 1769c862-ac5b-40fa-94bc-f93d9062661d state=PENDING elapsed=40s — waiting …
2026-06-03 16:58:15 | DEBUG    | Task 1769c862-ac5b-40fa-94bc-f93d9062661d state=PENDING elapsed=45s — waiting …
2026-06-03 16:58:20 | DEBUG    | Task 1769c862-ac5b-40fa-94bc-f93d9062661d state=PENDING elapsed=50s — waiting …
2026-06-03 16:58:25 | DEBUG    | Task 1769c862-ac5b-40fa-94bc-f93d9062661d state=PENDING elapsed=55s — waiting …
2026-06-03 16:58:32 | DEBUG    | Task 1769c862-ac5b-40fa-94bc-f93d9062661d state=PENDING elapsed=62s — waiting …
2026-06-03 16:58:37 | DEBUG    | Task 1769c862-ac5b-40fa-94bc-f93d9062661d state=PENDING elapsed=67s — waiting …
2026-06-03 16:58:44 | INFO     | Task 1769c862-ac5b-40fa-94bc-f93d9062661d FINISHED in 73s
2026-06-03 16:58:44 | INFO     | ✅ batch 23/47 (16 files) complete
2026-06-03 16:58:44 | INFO     | --- batch 24/47 (16 files) ---
2026-06-03 16:58:44 | DEBUG    |   Files: cwp-211P.pdf, cwp-212.pdf, cwp-213.pdf, cwp-214.pdf, cwp-215.pdf, cwp-216P.pdf, cwp-217.pdf, cwp-218.pdf, cwp-219P.pdf, cwp-220.pdf, cwp-222.pdf, cwp-225.pdf, cwp-226.pdf, cwp-227.pdf, cwp-228.pdf, cwp-231.pdf
2026-06-03 16:58:47 | INFO     | Upload accepted → task_id=5b44e6c2-df31-4ddf-b532-c15893914838
2026-06-03 16:58:47 | DEBUG    | Task 5b44e6c2-df31-4ddf-b532-c15893914838 state=PENDING elapsed=0s — waiting …
2026-06-03 16:58:52 | DEBUG    | Task 5b44e6c2-df31-4ddf-b532-c15893914838 state=PENDING elapsed=5s — waiting …
2026-06-03 16:58:57 | DEBUG    | Task 5b44e6c2-df31-4ddf-b532-c15893914838 state=PENDING elapsed=10s — waiting …
2026-06-03 16:59:02 | DEBUG    | Task 5b44e6c2-df31-4ddf-b532-c15893914838 state=PENDING elapsed=15s — waiting …
2026-06-03 16:59:07 | DEBUG    | Task 5b44e6c2-df31-4ddf-b532-c15893914838 state=PENDING elapsed=20s — waiting …
2026-06-03 16:59:12 | DEBUG    | Task 5b44e6c2-df31-4ddf-b532-c15893914838 state=PENDING elapsed=25s — waiting …
2026-06-03 16:59:18 | DEBUG    | Task 5b44e6c2-df31-4ddf-b532-c15893914838 state=PENDING elapsed=31s — waiting …
2026-06-03 16:59:23 | DEBUG    | Task 5b44e6c2-df31-4ddf-b532-c15893914838 state=PENDING elapsed=36s — waiting …
2026-06-03 16:59:28 | DEBUG    | Task 5b44e6c2-df31-4ddf-b532-c15893914838 state=PENDING elapsed=41s — waiting …
2026-06-03 16:59:33 | DEBUG    | Task 5b44e6c2-df31-4ddf-b532-c15893914838 state=PENDING elapsed=46s — waiting …
2026-06-03 16:59:38 | DEBUG    | Task 5b44e6c2-df31-4ddf-b532-c15893914838 state=PENDING elapsed=51s — waiting …
2026-06-03 16:59:43 | DEBUG    | Task 5b44e6c2-df31-4ddf-b532-c15893914838 state=PENDING elapsed=56s — waiting …
2026-06-03 16:59:48 | DEBUG    | Task 5b44e6c2-df31-4ddf-b532-c15893914838 state=PENDING elapsed=61s — waiting …
2026-06-03 16:59:53 | DEBUG    | Task 5b44e6c2-df31-4ddf-b532-c15893914838 state=PENDING elapsed=66s — waiting …
2026-06-03 17:00:00 | DEBUG    | Task 5b44e6c2-df31-4ddf-b532-c15893914838 state=PENDING elapsed=73s — waiting …
2026-06-03 17:00:05 | DEBUG    | Task 5b44e6c2-df31-4ddf-b532-c15893914838 state=PENDING elapsed=78s — waiting …
2026-06-03 17:00:10 | DEBUG    | Task 5b44e6c2-df31-4ddf-b532-c15893914838 state=PENDING elapsed=83s — waiting …
2026-06-03 17:00:15 | DEBUG    | Task 5b44e6c2-df31-4ddf-b532-c15893914838 state=PENDING elapsed=88s — waiting …
2026-06-03 17:00:20 | DEBUG    | Task 5b44e6c2-df31-4ddf-b532-c15893914838 state=PENDING elapsed=93s — waiting …
2026-06-03 17:00:25 | INFO     | Task 5b44e6c2-df31-4ddf-b532-c15893914838 FINISHED in 98s
2026-06-03 17:00:25 | INFO     | ✅ batch 24/47 (16 files) complete
2026-06-03 17:00:25 | INFO     | --- batch 25/47 (16 files) ---
2026-06-03 17:00:25 | DEBUG    |   Files: cwp-241P.pdf, cwp-242.pdf, cwp-243.pdf, cwp-244.pdf, cwp-245P.pdf, cwp-246P.pdf, cwp-248P.pdf, cwp-249.pdf, cwp-250.pdf, cwp-251.pdf, cwp-252.pdf, cwp-253P.pdf, cwp-254.pdf, cwp-255.pdf, cwp-256.pdf, cwp-257.pdf
2026-06-03 17:00:27 | INFO     | Upload accepted → task_id=1f4b3653-e133-4326-8a0c-851f79cb3b4b
2026-06-03 17:00:27 | DEBUG    | Task 1f4b3653-e133-4326-8a0c-851f79cb3b4b state=PENDING elapsed=0s — waiting …
2026-06-03 17:00:32 | DEBUG    | Task 1f4b3653-e133-4326-8a0c-851f79cb3b4b state=PENDING elapsed=5s — waiting …
2026-06-03 17:00:37 | DEBUG    | Task 1f4b3653-e133-4326-8a0c-851f79cb3b4b state=PENDING elapsed=10s — waiting …
2026-06-03 17:00:43 | DEBUG    | Task 1f4b3653-e133-4326-8a0c-851f79cb3b4b state=PENDING elapsed=15s — waiting …
2026-06-03 17:00:48 | DEBUG    | Task 1f4b3653-e133-4326-8a0c-851f79cb3b4b state=PENDING elapsed=20s — waiting …
2026-06-03 17:00:53 | DEBUG    | Task 1f4b3653-e133-4326-8a0c-851f79cb3b4b state=PENDING elapsed=25s — waiting …
2026-06-03 17:00:58 | DEBUG    | Task 1f4b3653-e133-4326-8a0c-851f79cb3b4b state=PENDING elapsed=30s — waiting …
2026-06-03 17:01:03 | DEBUG    | Task 1f4b3653-e133-4326-8a0c-851f79cb3b4b state=PENDING elapsed=35s — waiting …
2026-06-03 17:01:11 | DEBUG    | Task 1f4b3653-e133-4326-8a0c-851f79cb3b4b state=PENDING elapsed=43s — waiting …
2026-06-03 17:01:16 | DEBUG    | Task 1f4b3653-e133-4326-8a0c-851f79cb3b4b state=PENDING elapsed=48s — waiting …
2026-06-03 17:01:21 | DEBUG    | Task 1f4b3653-e133-4326-8a0c-851f79cb3b4b state=PENDING elapsed=53s — waiting …
2026-06-03 17:01:26 | DEBUG    | Task 1f4b3653-e133-4326-8a0c-851f79cb3b4b state=PENDING elapsed=58s — waiting …
2026-06-03 17:01:31 | DEBUG    | Task 1f4b3653-e133-4326-8a0c-851f79cb3b4b state=PENDING elapsed=63s — waiting …
2026-06-03 17:01:36 | DEBUG    | Task 1f4b3653-e133-4326-8a0c-851f79cb3b4b state=PENDING elapsed=68s — waiting …
2026-06-03 17:01:41 | DEBUG    | Task 1f4b3653-e133-4326-8a0c-851f79cb3b4b state=PENDING elapsed=73s — waiting …
2026-06-03 17:01:46 | INFO     | Task 1f4b3653-e133-4326-8a0c-851f79cb3b4b FINISHED in 78s
2026-06-03 17:01:46 | INFO     | ✅ batch 25/47 (16 files) complete
2026-06-03 17:01:46 | INFO     | --- batch 26/47 (16 files) ---
2026-06-03 17:01:46 | DEBUG    |   Files: cwp-258.pdf, cwp-260P.pdf, cwp-261P.pdf, cwp-262.pdf, cwp-263P.pdf, cwp-264P.pdf, cwp-265.pdf, cwp-266R.pdf, cwp-267P.pdf, cwp-268.pdf, cwp-269.pdf, cwp-270.pdf, cwp-271.pdf, cwp-272.pdf, cwp-273.pdf, cwp-274.pdf
2026-06-03 17:01:51 | INFO     | Upload accepted → task_id=16d34480-ac55-4412-b589-e26cfa913e75
2026-06-03 17:01:51 | DEBUG    | Task 16d34480-ac55-4412-b589-e26cfa913e75 state=PENDING elapsed=0s — waiting …
2026-06-03 17:01:56 | DEBUG    | Task 16d34480-ac55-4412-b589-e26cfa913e75 state=PENDING elapsed=5s — waiting …
2026-06-03 17:02:01 | DEBUG    | Task 16d34480-ac55-4412-b589-e26cfa913e75 state=PENDING elapsed=10s — waiting …
2026-06-03 17:02:06 | DEBUG    | Task 16d34480-ac55-4412-b589-e26cfa913e75 state=PENDING elapsed=15s — waiting …
2026-06-03 17:02:11 | DEBUG    | Task 16d34480-ac55-4412-b589-e26cfa913e75 state=PENDING elapsed=20s — waiting …
2026-06-03 17:02:16 | DEBUG    | Task 16d34480-ac55-4412-b589-e26cfa913e75 state=PENDING elapsed=25s — waiting …
2026-06-03 17:02:21 | DEBUG    | Task 16d34480-ac55-4412-b589-e26cfa913e75 state=PENDING elapsed=30s — waiting …
2026-06-03 17:02:26 | DEBUG    | Task 16d34480-ac55-4412-b589-e26cfa913e75 state=PENDING elapsed=35s — waiting …
2026-06-03 17:02:31 | DEBUG    | Task 16d34480-ac55-4412-b589-e26cfa913e75 state=PENDING elapsed=40s — waiting …
2026-06-03 17:02:36 | DEBUG    | Task 16d34480-ac55-4412-b589-e26cfa913e75 state=PENDING elapsed=45s — waiting …
2026-06-03 17:02:41 | DEBUG    | Task 16d34480-ac55-4412-b589-e26cfa913e75 state=PENDING elapsed=50s — waiting …
2026-06-03 17:02:46 | DEBUG    | Task 16d34480-ac55-4412-b589-e26cfa913e75 state=PENDING elapsed=55s — waiting …
2026-06-03 17:02:51 | DEBUG    | Task 16d34480-ac55-4412-b589-e26cfa913e75 state=PENDING elapsed=60s — waiting …
2026-06-03 17:02:56 | DEBUG    | Task 16d34480-ac55-4412-b589-e26cfa913e75 state=PENDING elapsed=65s — waiting …
2026-06-03 17:03:01 | DEBUG    | Task 16d34480-ac55-4412-b589-e26cfa913e75 state=PENDING elapsed=70s — waiting …
2026-06-03 17:03:06 | DEBUG    | Task 16d34480-ac55-4412-b589-e26cfa913e75 state=PENDING elapsed=75s — waiting …
2026-06-03 17:03:11 | DEBUG    | Task 16d34480-ac55-4412-b589-e26cfa913e75 state=PENDING elapsed=80s — waiting …
2026-06-03 17:03:16 | DEBUG    | Task 16d34480-ac55-4412-b589-e26cfa913e75 state=PENDING elapsed=85s — waiting …
2026-06-03 17:03:24 | INFO     | Task 16d34480-ac55-4412-b589-e26cfa913e75 FINISHED in 93s
2026-06-03 17:03:24 | INFO     | ✅ batch 26/47 (16 files) complete
2026-06-03 17:03:24 | INFO     | --- batch 27/47 (16 files) ---
2026-06-03 17:03:24 | DEBUG    |   Files: cwp-275.pdf, cwp-277.pdf, cwp-278.pdf, cwp-279.pdf, cwp-280.pdf, cwp-281P.pdf, cwp-282P.pdf, cwp-287P.pdf, cwp-289.pdf, cwp-292P.pdf, cwp-294.pdf, cwp-295p.pdf, cwp-297P.pdf, cwp-300P.pdf, cwp-301P.pdf, cwp-302P.pdf
2026-06-03 17:03:27 | INFO     | Upload accepted → task_id=c99468a3-a283-4aa8-bbe4-04d3061e6aa9
2026-06-03 17:03:27 | DEBUG    | Task c99468a3-a283-4aa8-bbe4-04d3061e6aa9 state=PENDING elapsed=0s — waiting …
2026-06-03 17:03:32 | DEBUG    | Task c99468a3-a283-4aa8-bbe4-04d3061e6aa9 state=PENDING elapsed=5s — waiting …
2026-06-03 17:03:37 | DEBUG    | Task c99468a3-a283-4aa8-bbe4-04d3061e6aa9 state=PENDING elapsed=10s — waiting …
2026-06-03 17:03:42 | DEBUG    | Task c99468a3-a283-4aa8-bbe4-04d3061e6aa9 state=PENDING elapsed=15s — waiting …
2026-06-03 17:03:47 | DEBUG    | Task c99468a3-a283-4aa8-bbe4-04d3061e6aa9 state=PENDING elapsed=20s — waiting …
2026-06-03 17:03:55 | DEBUG    | Task c99468a3-a283-4aa8-bbe4-04d3061e6aa9 state=PENDING elapsed=28s — waiting …
2026-06-03 17:04:00 | DEBUG    | Task c99468a3-a283-4aa8-bbe4-04d3061e6aa9 state=PENDING elapsed=33s — waiting …
2026-06-03 17:04:05 | DEBUG    | Task c99468a3-a283-4aa8-bbe4-04d3061e6aa9 state=PENDING elapsed=38s — waiting …
2026-06-03 17:04:10 | DEBUG    | Task c99468a3-a283-4aa8-bbe4-04d3061e6aa9 state=PENDING elapsed=43s — waiting …
2026-06-03 17:04:15 | DEBUG    | Task c99468a3-a283-4aa8-bbe4-04d3061e6aa9 state=PENDING elapsed=48s — waiting …
2026-06-03 17:04:20 | DEBUG    | Task c99468a3-a283-4aa8-bbe4-04d3061e6aa9 state=PENDING elapsed=53s — waiting …
2026-06-03 17:04:25 | DEBUG    | Task c99468a3-a283-4aa8-bbe4-04d3061e6aa9 state=PENDING elapsed=58s — waiting …
2026-06-03 17:04:30 | DEBUG    | Task c99468a3-a283-4aa8-bbe4-04d3061e6aa9 state=PENDING elapsed=63s — waiting …
2026-06-03 17:04:37 | DEBUG    | Task c99468a3-a283-4aa8-bbe4-04d3061e6aa9 state=PENDING elapsed=69s — waiting …
2026-06-03 17:04:44 | INFO     | Task c99468a3-a283-4aa8-bbe4-04d3061e6aa9 FINISHED in 76s
2026-06-03 17:04:44 | INFO     | ✅ batch 27/47 (16 files) complete
2026-06-03 17:04:44 | INFO     | --- batch 28/47 (16 files) ---
2026-06-03 17:04:44 | DEBUG    |   Files: cwp-303.pdf, cwp-304.pdf, cwp-305.pdf, cwp-306.pdf, cwp-307.pdf, cwp-308.pdf, cwp-309.pdf, cwp-310.pdf, cwp-311.pdf, cwp-312.pdf, cwp-313.pdf, cwp-314.pdf, cwp-315.pdf, cwp-316.pdf, cwp-317.pdf, cwp-318.pdf
2026-06-03 17:04:46 | INFO     | Upload accepted → task_id=f407059b-b129-46d4-b2af-7d9dc3f4a90e
2026-06-03 17:04:46 | DEBUG    | Task f407059b-b129-46d4-b2af-7d9dc3f4a90e state=PENDING elapsed=0s — waiting …
2026-06-03 17:04:51 | DEBUG    | Task f407059b-b129-46d4-b2af-7d9dc3f4a90e state=PENDING elapsed=5s — waiting …
2026-06-03 17:04:56 | DEBUG    | Task f407059b-b129-46d4-b2af-7d9dc3f4a90e state=PENDING elapsed=10s — waiting …
2026-06-03 17:05:01 | DEBUG    | Task f407059b-b129-46d4-b2af-7d9dc3f4a90e state=PENDING elapsed=15s — waiting …
2026-06-03 17:05:06 | DEBUG    | Task f407059b-b129-46d4-b2af-7d9dc3f4a90e state=PENDING elapsed=20s — waiting …
2026-06-03 17:05:11 | DEBUG    | Task f407059b-b129-46d4-b2af-7d9dc3f4a90e state=PENDING elapsed=25s — waiting …
2026-06-03 17:05:16 | DEBUG    | Task f407059b-b129-46d4-b2af-7d9dc3f4a90e state=PENDING elapsed=30s — waiting …
2026-06-03 17:05:21 | DEBUG    | Task f407059b-b129-46d4-b2af-7d9dc3f4a90e state=PENDING elapsed=35s — waiting …
2026-06-03 17:05:26 | DEBUG    | Task f407059b-b129-46d4-b2af-7d9dc3f4a90e state=PENDING elapsed=40s — waiting …
2026-06-03 17:05:31 | DEBUG    | Task f407059b-b129-46d4-b2af-7d9dc3f4a90e state=PENDING elapsed=45s — waiting …
2026-06-03 17:05:36 | DEBUG    | Task f407059b-b129-46d4-b2af-7d9dc3f4a90e state=PENDING elapsed=50s — waiting …
2026-06-03 17:05:43 | DEBUG    | Task f407059b-b129-46d4-b2af-7d9dc3f4a90e state=PENDING elapsed=57s — waiting …
2026-06-03 17:05:48 | DEBUG    | Task f407059b-b129-46d4-b2af-7d9dc3f4a90e state=PENDING elapsed=62s — waiting …
2026-06-03 17:05:53 | DEBUG    | Task f407059b-b129-46d4-b2af-7d9dc3f4a90e state=PENDING elapsed=67s — waiting …
2026-06-03 17:05:58 | DEBUG    | Task f407059b-b129-46d4-b2af-7d9dc3f4a90e state=PENDING elapsed=72s — waiting …
2026-06-03 17:06:03 | DEBUG    | Task f407059b-b129-46d4-b2af-7d9dc3f4a90e state=PENDING elapsed=77s — waiting …
2026-06-03 17:06:08 | DEBUG    | Task f407059b-b129-46d4-b2af-7d9dc3f4a90e state=PENDING elapsed=82s — waiting …
2026-06-03 17:06:14 | INFO     | Task f407059b-b129-46d4-b2af-7d9dc3f4a90e FINISHED in 87s
2026-06-03 17:06:14 | INFO     | ✅ batch 28/47 (16 files) complete
2026-06-03 17:06:14 | INFO     | --- batch 29/47 (16 files) ---
2026-06-03 17:06:14 | DEBUG    |   Files: cwp-319.pdf, cwp-321P.pdf, cwp-322.pdf, cwp-323P.pdf, cwp-324P.pdf, cwp-325.pdf, cwp-326.pdf, cwp-356.pdf, cwp-357.pdf, cwp-358.pdf, cwp-359.pdf, cwp-360p.pdf, cwp-364p.pdf, cwp-373P.pdf, cwp-393.pdf, cwp-432.pdf
2026-06-03 17:06:17 | INFO     | Upload accepted → task_id=f2c0029a-4bc7-4878-961b-7f0f6bf250a1
2026-06-03 17:06:17 | DEBUG    | Task f2c0029a-4bc7-4878-961b-7f0f6bf250a1 state=PENDING elapsed=0s — waiting …
2026-06-03 17:06:22 | DEBUG    | Task f2c0029a-4bc7-4878-961b-7f0f6bf250a1 state=PENDING elapsed=5s — waiting …
2026-06-03 17:06:27 | DEBUG    | Task f2c0029a-4bc7-4878-961b-7f0f6bf250a1 state=PENDING elapsed=10s — waiting …
2026-06-03 17:06:32 | DEBUG    | Task f2c0029a-4bc7-4878-961b-7f0f6bf250a1 state=PENDING elapsed=15s — waiting …
2026-06-03 17:06:41 | DEBUG    | Task f2c0029a-4bc7-4878-961b-7f0f6bf250a1 state=PENDING elapsed=24s — waiting …
2026-06-03 17:06:46 | DEBUG    | Task f2c0029a-4bc7-4878-961b-7f0f6bf250a1 state=PENDING elapsed=29s — waiting …
2026-06-03 17:06:51 | DEBUG    | Task f2c0029a-4bc7-4878-961b-7f0f6bf250a1 state=PENDING elapsed=34s — waiting …
2026-06-03 17:06:56 | DEBUG    | Task f2c0029a-4bc7-4878-961b-7f0f6bf250a1 state=PENDING elapsed=39s — waiting …
2026-06-03 17:07:01 | DEBUG    | Task f2c0029a-4bc7-4878-961b-7f0f6bf250a1 state=PENDING elapsed=44s — waiting …
2026-06-03 17:07:06 | DEBUG    | Task f2c0029a-4bc7-4878-961b-7f0f6bf250a1 state=PENDING elapsed=49s — waiting …
2026-06-03 17:07:11 | DEBUG    | Task f2c0029a-4bc7-4878-961b-7f0f6bf250a1 state=PENDING elapsed=54s — waiting …
2026-06-03 17:07:16 | DEBUG    | Task f2c0029a-4bc7-4878-961b-7f0f6bf250a1 state=PENDING elapsed=59s — waiting …
2026-06-03 17:07:21 | DEBUG    | Task f2c0029a-4bc7-4878-961b-7f0f6bf250a1 state=PENDING elapsed=64s — waiting …
2026-06-03 17:07:26 | DEBUG    | Task f2c0029a-4bc7-4878-961b-7f0f6bf250a1 state=PENDING elapsed=69s — waiting …
2026-06-03 17:07:31 | DEBUG    | Task f2c0029a-4bc7-4878-961b-7f0f6bf250a1 state=PENDING elapsed=74s — waiting …
2026-06-03 17:07:36 | DEBUG    | Task f2c0029a-4bc7-4878-961b-7f0f6bf250a1 state=PENDING elapsed=79s — waiting …
2026-06-03 17:07:41 | DEBUG    | Task f2c0029a-4bc7-4878-961b-7f0f6bf250a1 state=PENDING elapsed=84s — waiting …
2026-06-03 17:07:46 | DEBUG    | Task f2c0029a-4bc7-4878-961b-7f0f6bf250a1 state=PENDING elapsed=89s — waiting …
2026-06-03 17:07:52 | DEBUG    | Task f2c0029a-4bc7-4878-961b-7f0f6bf250a1 state=PENDING elapsed=95s — waiting …
2026-06-03 17:07:57 | DEBUG    | Task f2c0029a-4bc7-4878-961b-7f0f6bf250a1 state=PENDING elapsed=100s — waiting …
2026-06-03 17:08:03 | DEBUG    | Task f2c0029a-4bc7-4878-961b-7f0f6bf250a1 state=PENDING elapsed=106s — waiting …
2026-06-03 17:08:08 | DEBUG    | Task f2c0029a-4bc7-4878-961b-7f0f6bf250a1 state=PENDING elapsed=111s — waiting …
2026-06-03 17:08:15 | INFO     | Task f2c0029a-4bc7-4878-961b-7f0f6bf250a1 FINISHED in 118s
2026-06-03 17:08:15 | INFO     | ✅ batch 29/47 (16 files) complete
2026-06-03 17:08:15 | INFO     | --- batch 30/47 (16 files) ---
2026-06-03 17:08:15 | DEBUG    |   Files: cwp-493.pdf, cwp-615.pdf, cwp-616.pdf, cwp-619.pdf, cwp-620.pdf, cwp-621.pdf, cwp-622.pdf, cwp-623.pdf, cwp-624.pdf, cwp-625.pdf, cwp-626.pdf, cwp-627.pdf, cwp-628.pdf, cwp-629.pdf, cwp-630.pdf, cwp-631.pdf
2026-06-03 17:08:19 | INFO     | Upload accepted → task_id=42f3d348-28c1-4d10-b365-acfd4379854b
2026-06-03 17:08:19 | DEBUG    | Task 42f3d348-28c1-4d10-b365-acfd4379854b state=PENDING elapsed=0s — waiting …
2026-06-03 17:08:24 | DEBUG    | Task 42f3d348-28c1-4d10-b365-acfd4379854b state=PENDING elapsed=5s — waiting …
2026-06-03 17:08:29 | DEBUG    | Task 42f3d348-28c1-4d10-b365-acfd4379854b state=PENDING elapsed=10s — waiting …
2026-06-03 17:08:34 | DEBUG    | Task 42f3d348-28c1-4d10-b365-acfd4379854b state=PENDING elapsed=15s — waiting …
2026-06-03 17:08:39 | DEBUG    | Task 42f3d348-28c1-4d10-b365-acfd4379854b state=PENDING elapsed=20s — waiting …
2026-06-03 17:08:44 | DEBUG    | Task 42f3d348-28c1-4d10-b365-acfd4379854b state=PENDING elapsed=25s — waiting …
2026-06-03 17:08:49 | DEBUG    | Task 42f3d348-28c1-4d10-b365-acfd4379854b state=PENDING elapsed=30s — waiting …
2026-06-03 17:08:54 | DEBUG    | Task 42f3d348-28c1-4d10-b365-acfd4379854b state=PENDING elapsed=35s — waiting …
2026-06-03 17:08:59 | DEBUG    | Task 42f3d348-28c1-4d10-b365-acfd4379854b state=PENDING elapsed=40s — waiting …
2026-06-03 17:09:04 | DEBUG    | Task 42f3d348-28c1-4d10-b365-acfd4379854b state=PENDING elapsed=45s — waiting …
2026-06-03 17:09:09 | DEBUG    | Task 42f3d348-28c1-4d10-b365-acfd4379854b state=PENDING elapsed=50s — waiting …
2026-06-03 17:09:14 | INFO     | Task 42f3d348-28c1-4d10-b365-acfd4379854b FINISHED in 55s
2026-06-03 17:09:14 | INFO     | ✅ batch 30/47 (16 files) complete
2026-06-03 17:09:14 | INFO     | --- batch 31/47 (16 files) ---
2026-06-03 17:09:14 | DEBUG    |   Files: cwp-632.pdf, cwp-633.pdf, cwp-634-min.pdf, cwp-635-1.pdf, cwp-642P.pdf, cwp-644.pdf, cwp-645-min.pdf, cwp-646.pdf, cwp-647.pdf, cwp-649.pdf, cwp-650.pdf, cwp-651.pdf, cwp-652.pdf, cwp-653-min.pdf, cwp-654.pdf, cwp-655.pdf
2026-06-03 17:09:17 | INFO     | Upload accepted → task_id=fd2e363a-5733-48bb-a9a2-6b76e6b2bf9c
2026-06-03 17:09:17 | DEBUG    | Task fd2e363a-5733-48bb-a9a2-6b76e6b2bf9c state=PENDING elapsed=0s — waiting …
2026-06-03 17:09:26 | DEBUG    | Task fd2e363a-5733-48bb-a9a2-6b76e6b2bf9c state=PENDING elapsed=9s — waiting …
2026-06-03 17:09:31 | DEBUG    | Task fd2e363a-5733-48bb-a9a2-6b76e6b2bf9c state=PENDING elapsed=14s — waiting …
2026-06-03 17:09:36 | DEBUG    | Task fd2e363a-5733-48bb-a9a2-6b76e6b2bf9c state=PENDING elapsed=19s — waiting …
2026-06-03 17:09:41 | DEBUG    | Task fd2e363a-5733-48bb-a9a2-6b76e6b2bf9c state=PENDING elapsed=24s — waiting …
2026-06-03 17:09:46 | DEBUG    | Task fd2e363a-5733-48bb-a9a2-6b76e6b2bf9c state=PENDING elapsed=29s — waiting …
2026-06-03 17:09:51 | DEBUG    | Task fd2e363a-5733-48bb-a9a2-6b76e6b2bf9c state=PENDING elapsed=34s — waiting …
2026-06-03 17:09:56 | DEBUG    | Task fd2e363a-5733-48bb-a9a2-6b76e6b2bf9c state=PENDING elapsed=39s — waiting …
2026-06-03 17:10:01 | DEBUG    | Task fd2e363a-5733-48bb-a9a2-6b76e6b2bf9c state=PENDING elapsed=44s — waiting …
2026-06-03 17:10:06 | DEBUG    | Task fd2e363a-5733-48bb-a9a2-6b76e6b2bf9c state=PENDING elapsed=49s — waiting …
2026-06-03 17:10:11 | INFO     | Task fd2e363a-5733-48bb-a9a2-6b76e6b2bf9c FINISHED in 54s
2026-06-03 17:10:11 | INFO     | ✅ batch 31/47 (16 files) complete
2026-06-03 17:10:11 | INFO     | --- batch 32/47 (16 files) ---
2026-06-03 17:10:11 | DEBUG    |   Files: cwp-656-min.pdf, cwp-659.pdf, cwp-660.pdf, cwp-661-min.pdf, cwp-662.pdf, cwp-663.pdf, cwp-664.pdf, cwp-665.pdf, cwp-666.pdf, cwp-667.pdf, cwp-668-min.pdf, cwp-669.pdf, cwp-670-min.pdf, cwp-842.pdf, cwp-843.pdf, cwp327.pdf
2026-06-03 17:10:14 | INFO     | Upload accepted → task_id=479e967c-19ea-46d4-84f2-9dd6dbd5f63f
2026-06-03 17:10:14 | DEBUG    | Task 479e967c-19ea-46d4-84f2-9dd6dbd5f63f state=PENDING elapsed=0s — waiting …
2026-06-03 17:10:20 | DEBUG    | Task 479e967c-19ea-46d4-84f2-9dd6dbd5f63f state=PENDING elapsed=5s — waiting …
2026-06-03 17:10:25 | DEBUG    | Task 479e967c-19ea-46d4-84f2-9dd6dbd5f63f state=PENDING elapsed=10s — waiting …
2026-06-03 17:10:30 | DEBUG    | Task 479e967c-19ea-46d4-84f2-9dd6dbd5f63f state=PENDING elapsed=15s — waiting …
2026-06-03 17:10:35 | DEBUG    | Task 479e967c-19ea-46d4-84f2-9dd6dbd5f63f state=PENDING elapsed=20s — waiting …
2026-06-03 17:10:40 | DEBUG    | Task 479e967c-19ea-46d4-84f2-9dd6dbd5f63f state=PENDING elapsed=25s — waiting …
2026-06-03 17:10:45 | DEBUG    | Task 479e967c-19ea-46d4-84f2-9dd6dbd5f63f state=PENDING elapsed=30s — waiting …
2026-06-03 17:10:50 | DEBUG    | Task 479e967c-19ea-46d4-84f2-9dd6dbd5f63f state=PENDING elapsed=35s — waiting …
2026-06-03 17:10:55 | DEBUG    | Task 479e967c-19ea-46d4-84f2-9dd6dbd5f63f state=PENDING elapsed=40s — waiting …
2026-06-03 17:11:00 | DEBUG    | Task 479e967c-19ea-46d4-84f2-9dd6dbd5f63f state=PENDING elapsed=45s — waiting …
2026-06-03 17:11:05 | DEBUG    | Task 479e967c-19ea-46d4-84f2-9dd6dbd5f63f state=PENDING elapsed=50s — waiting …
2026-06-03 17:11:12 | INFO     | Task 479e967c-19ea-46d4-84f2-9dd6dbd5f63f FINISHED in 57s
2026-06-03 17:11:12 | INFO     | ✅ batch 32/47 (16 files) complete
2026-06-03 17:11:12 | INFO     | --- batch 33/47 (16 files) ---
2026-06-03 17:11:12 | DEBUG    |   Files: cwp328.pdf, cwp329.pdf, cwp330.pdf, cwp331.pdf, cwp332.pdf, cwp333.pdf, cwp334.pdf, cwp335.pdf, cwp336.pdf, cwp337.pdf, cwp338.pdf, cwp339.pdf, cwp340.pdf, cwp341.pdf, cwp342.pdf, cwp343.pdf
2026-06-03 17:11:18 | INFO     | Upload accepted → task_id=fca9797a-c2ea-4604-a60a-4ef126a484fc
2026-06-03 17:11:18 | DEBUG    | Task fca9797a-c2ea-4604-a60a-4ef126a484fc state=PENDING elapsed=0s — waiting …
2026-06-03 17:11:23 | DEBUG    | Task fca9797a-c2ea-4604-a60a-4ef126a484fc state=PENDING elapsed=5s — waiting …
2026-06-03 17:11:28 | DEBUG    | Task fca9797a-c2ea-4604-a60a-4ef126a484fc state=PENDING elapsed=10s — waiting …
2026-06-03 17:11:33 | DEBUG    | Task fca9797a-c2ea-4604-a60a-4ef126a484fc state=PENDING elapsed=15s — waiting …
2026-06-03 17:11:38 | DEBUG    | Task fca9797a-c2ea-4604-a60a-4ef126a484fc state=PENDING elapsed=20s — waiting …
2026-06-03 17:11:43 | DEBUG    | Task fca9797a-c2ea-4604-a60a-4ef126a484fc state=PENDING elapsed=25s — waiting …
2026-06-03 17:11:48 | DEBUG    | Task fca9797a-c2ea-4604-a60a-4ef126a484fc state=PENDING elapsed=30s — waiting …
2026-06-03 17:11:53 | DEBUG    | Task fca9797a-c2ea-4604-a60a-4ef126a484fc state=PENDING elapsed=35s — waiting …
2026-06-03 17:11:58 | DEBUG    | Task fca9797a-c2ea-4604-a60a-4ef126a484fc state=PENDING elapsed=40s — waiting …
2026-06-03 17:12:04 | DEBUG    | Task fca9797a-c2ea-4604-a60a-4ef126a484fc state=PENDING elapsed=45s — waiting …
2026-06-03 17:12:09 | DEBUG    | Task fca9797a-c2ea-4604-a60a-4ef126a484fc state=PENDING elapsed=50s — waiting …
2026-06-03 17:12:14 | DEBUG    | Task fca9797a-c2ea-4604-a60a-4ef126a484fc state=PENDING elapsed=55s — waiting …
2026-06-03 17:12:19 | DEBUG    | Task fca9797a-c2ea-4604-a60a-4ef126a484fc state=PENDING elapsed=60s — waiting …
2026-06-03 17:12:25 | INFO     | Task fca9797a-c2ea-4604-a60a-4ef126a484fc FINISHED in 66s
2026-06-03 17:12:25 | INFO     | ✅ batch 33/47 (16 files) complete
2026-06-03 17:12:25 | INFO     | --- batch 34/47 (16 files) ---
2026-06-03 17:12:25 | DEBUG    |   Files: cwp344R.pdf, cwp362p.pdf, cwp367.pdf, cwp385p.pdf, cwp398p.pdf, cwp401p.pdf, cwp402p.pdf, cwp405.pdf, cwp406.pdf, cwp407.pdf, cwp408.pdf, cwp409.pdf, cwp410.pdf, cwp411.pdf, cwp412.pdf, cwp413.pdf
2026-06-03 17:12:29 | INFO     | Upload accepted → task_id=a87a20de-fb1e-4c07-abe2-f956b7438b0f
2026-06-03 17:12:29 | DEBUG    | Task a87a20de-fb1e-4c07-abe2-f956b7438b0f state=PENDING elapsed=0s — waiting …
2026-06-03 17:12:34 | DEBUG    | Task a87a20de-fb1e-4c07-abe2-f956b7438b0f state=PENDING elapsed=5s — waiting …
2026-06-03 17:12:39 | DEBUG    | Task a87a20de-fb1e-4c07-abe2-f956b7438b0f state=PENDING elapsed=10s — waiting …
2026-06-03 17:12:44 | DEBUG    | Task a87a20de-fb1e-4c07-abe2-f956b7438b0f state=PENDING elapsed=15s — waiting …
2026-06-03 17:12:49 | DEBUG    | Task a87a20de-fb1e-4c07-abe2-f956b7438b0f state=PENDING elapsed=20s — waiting …
2026-06-03 17:12:54 | DEBUG    | Task a87a20de-fb1e-4c07-abe2-f956b7438b0f state=PENDING elapsed=25s — waiting …
2026-06-03 17:12:59 | DEBUG    | Task a87a20de-fb1e-4c07-abe2-f956b7438b0f state=PENDING elapsed=30s — waiting …
2026-06-03 17:13:04 | DEBUG    | Task a87a20de-fb1e-4c07-abe2-f956b7438b0f state=PENDING elapsed=35s — waiting …
2026-06-03 17:13:09 | DEBUG    | Task a87a20de-fb1e-4c07-abe2-f956b7438b0f state=PENDING elapsed=40s — waiting …
2026-06-03 17:13:14 | DEBUG    | Task a87a20de-fb1e-4c07-abe2-f956b7438b0f state=PENDING elapsed=45s — waiting …
2026-06-03 17:13:21 | DEBUG    | Task a87a20de-fb1e-4c07-abe2-f956b7438b0f state=PENDING elapsed=52s — waiting …
2026-06-03 17:13:26 | DEBUG    | Task a87a20de-fb1e-4c07-abe2-f956b7438b0f state=PENDING elapsed=57s — waiting …
2026-06-03 17:13:31 | DEBUG    | Task a87a20de-fb1e-4c07-abe2-f956b7438b0f state=PENDING elapsed=62s — waiting …
2026-06-03 17:13:36 | DEBUG    | Task a87a20de-fb1e-4c07-abe2-f956b7438b0f state=PENDING elapsed=67s — waiting …
2026-06-03 17:13:41 | DEBUG    | Task a87a20de-fb1e-4c07-abe2-f956b7438b0f state=PENDING elapsed=72s — waiting …
2026-06-03 17:13:46 | DEBUG    | Task a87a20de-fb1e-4c07-abe2-f956b7438b0f state=PENDING elapsed=77s — waiting …
2026-06-03 17:13:51 | DEBUG    | Task a87a20de-fb1e-4c07-abe2-f956b7438b0f state=PENDING elapsed=82s — waiting …
2026-06-03 17:13:56 | DEBUG    | Task a87a20de-fb1e-4c07-abe2-f956b7438b0f state=PENDING elapsed=87s — waiting …
2026-06-03 17:14:01 | DEBUG    | Task a87a20de-fb1e-4c07-abe2-f956b7438b0f state=PENDING elapsed=92s — waiting …
2026-06-03 17:14:06 | DEBUG    | Task a87a20de-fb1e-4c07-abe2-f956b7438b0f state=PENDING elapsed=97s — waiting …
2026-06-03 17:14:11 | DEBUG    | Task a87a20de-fb1e-4c07-abe2-f956b7438b0f state=PENDING elapsed=102s — waiting …
2026-06-03 17:14:16 | DEBUG    | Task a87a20de-fb1e-4c07-abe2-f956b7438b0f state=PENDING elapsed=107s — waiting …
2026-06-03 17:14:21 | DEBUG    | Task a87a20de-fb1e-4c07-abe2-f956b7438b0f state=PENDING elapsed=112s — waiting …
2026-06-03 17:14:26 | DEBUG    | Task a87a20de-fb1e-4c07-abe2-f956b7438b0f state=PENDING elapsed=117s — waiting …
2026-06-03 17:14:31 | DEBUG    | Task a87a20de-fb1e-4c07-abe2-f956b7438b0f state=PENDING elapsed=122s — waiting …
2026-06-03 17:14:36 | DEBUG    | Task a87a20de-fb1e-4c07-abe2-f956b7438b0f state=PENDING elapsed=127s — waiting …
2026-06-03 17:14:41 | DEBUG    | Task a87a20de-fb1e-4c07-abe2-f956b7438b0f state=PENDING elapsed=132s — waiting …
2026-06-03 17:14:46 | DEBUG    | Task a87a20de-fb1e-4c07-abe2-f956b7438b0f state=PENDING elapsed=137s — waiting …
2026-06-03 17:14:51 | DEBUG    | Task a87a20de-fb1e-4c07-abe2-f956b7438b0f state=PENDING elapsed=142s — waiting …
2026-06-03 17:14:56 | DEBUG    | Task a87a20de-fb1e-4c07-abe2-f956b7438b0f state=PENDING elapsed=147s — waiting …
2026-06-03 17:15:01 | DEBUG    | Task a87a20de-fb1e-4c07-abe2-f956b7438b0f state=PENDING elapsed=152s — waiting …
2026-06-03 17:15:06 | DEBUG    | Task a87a20de-fb1e-4c07-abe2-f956b7438b0f state=PENDING elapsed=157s — waiting …
2026-06-03 17:15:11 | DEBUG    | Task a87a20de-fb1e-4c07-abe2-f956b7438b0f state=PENDING elapsed=162s — waiting …
2026-06-03 17:15:16 | DEBUG    | Task a87a20de-fb1e-4c07-abe2-f956b7438b0f state=PENDING elapsed=167s — waiting …
2026-06-03 17:15:21 | DEBUG    | Task a87a20de-fb1e-4c07-abe2-f956b7438b0f state=PENDING elapsed=172s — waiting …
2026-06-03 17:15:26 | DEBUG    | Task a87a20de-fb1e-4c07-abe2-f956b7438b0f state=PENDING elapsed=177s — waiting …
2026-06-03 17:15:34 | DEBUG    | Task a87a20de-fb1e-4c07-abe2-f956b7438b0f state=PENDING elapsed=185s — waiting …
2026-06-03 17:15:39 | DEBUG    | Task a87a20de-fb1e-4c07-abe2-f956b7438b0f state=PENDING elapsed=190s — waiting …
2026-06-03 17:15:44 | DEBUG    | Task a87a20de-fb1e-4c07-abe2-f956b7438b0f state=PENDING elapsed=195s — waiting …
2026-06-03 17:15:49 | DEBUG    | Task a87a20de-fb1e-4c07-abe2-f956b7438b0f state=PENDING elapsed=200s — waiting …
2026-06-03 17:15:55 | DEBUG    | Task a87a20de-fb1e-4c07-abe2-f956b7438b0f state=PENDING elapsed=206s — waiting …
2026-06-03 17:16:00 | DEBUG    | Task a87a20de-fb1e-4c07-abe2-f956b7438b0f state=PENDING elapsed=211s — waiting …
2026-06-03 17:16:05 | DEBUG    | Task a87a20de-fb1e-4c07-abe2-f956b7438b0f state=PENDING elapsed=216s — waiting …
2026-06-03 17:16:10 | DEBUG    | Task a87a20de-fb1e-4c07-abe2-f956b7438b0f state=PENDING elapsed=221s — waiting …
2026-06-03 17:16:15 | DEBUG    | Task a87a20de-fb1e-4c07-abe2-f956b7438b0f state=PENDING elapsed=226s — waiting …
2026-06-03 17:16:26 | DEBUG    | Task a87a20de-fb1e-4c07-abe2-f956b7438b0f state=PENDING elapsed=236s — waiting …
2026-06-03 17:16:33 | INFO     | Task a87a20de-fb1e-4c07-abe2-f956b7438b0f FINISHED in 244s
2026-06-03 17:16:33 | INFO     | ✅ batch 34/47 (16 files) complete
2026-06-03 17:16:33 | INFO     | --- batch 35/47 (16 files) ---
2026-06-03 17:16:33 | DEBUG    |   Files: cwp414.pdf, cwp415.pdf, cwp416.pdf, cwp417.pdf, cwp418.pdf, cwp419.pdf, cwp420.pdf, cwp421.pdf, cwp422.pdf, cwp424.pdf, cwp431.pdf, cwp436P.pdf, cwp438P.pdf, cwp439P.pdf, cwp440P.pdf, cwp441P.pdf
2026-06-03 17:16:37 | INFO     | Upload accepted → task_id=25f9f05d-227e-4103-a27e-2025935b8769
2026-06-03 17:16:37 | DEBUG    | Task 25f9f05d-227e-4103-a27e-2025935b8769 state=PENDING elapsed=0s — waiting …
2026-06-03 17:16:42 | DEBUG    | Task 25f9f05d-227e-4103-a27e-2025935b8769 state=PENDING elapsed=5s — waiting …
2026-06-03 17:16:47 | DEBUG    | Task 25f9f05d-227e-4103-a27e-2025935b8769 state=PENDING elapsed=10s — waiting …
2026-06-03 17:16:52 | DEBUG    | Task 25f9f05d-227e-4103-a27e-2025935b8769 state=PENDING elapsed=15s — waiting …
2026-06-03 17:16:57 | DEBUG    | Task 25f9f05d-227e-4103-a27e-2025935b8769 state=PENDING elapsed=20s — waiting …
2026-06-03 17:17:02 | DEBUG    | Task 25f9f05d-227e-4103-a27e-2025935b8769 state=PENDING elapsed=25s — waiting …
2026-06-03 17:17:07 | DEBUG    | Task 25f9f05d-227e-4103-a27e-2025935b8769 state=PENDING elapsed=30s — waiting …
2026-06-03 17:17:12 | DEBUG    | Task 25f9f05d-227e-4103-a27e-2025935b8769 state=PENDING elapsed=35s — waiting …
2026-06-03 17:17:17 | DEBUG    | Task 25f9f05d-227e-4103-a27e-2025935b8769 state=PENDING elapsed=40s — waiting …
2026-06-03 17:17:22 | DEBUG    | Task 25f9f05d-227e-4103-a27e-2025935b8769 state=PENDING elapsed=45s — waiting …
2026-06-03 17:17:29 | DEBUG    | Task 25f9f05d-227e-4103-a27e-2025935b8769 state=PENDING elapsed=52s — waiting …
2026-06-03 17:17:34 | DEBUG    | Task 25f9f05d-227e-4103-a27e-2025935b8769 state=PENDING elapsed=57s — waiting …
2026-06-03 17:17:39 | DEBUG    | Task 25f9f05d-227e-4103-a27e-2025935b8769 state=PENDING elapsed=62s — waiting …
2026-06-03 17:17:44 | DEBUG    | Task 25f9f05d-227e-4103-a27e-2025935b8769 state=PENDING elapsed=67s — waiting …
2026-06-03 17:17:49 | DEBUG    | Task 25f9f05d-227e-4103-a27e-2025935b8769 state=PENDING elapsed=72s — waiting …
2026-06-03 17:17:54 | INFO     | Task 25f9f05d-227e-4103-a27e-2025935b8769 FINISHED in 77s
2026-06-03 17:17:54 | INFO     | ✅ batch 35/47 (16 files) complete
2026-06-03 17:17:54 | INFO     | --- batch 36/47 (16 files) ---
2026-06-03 17:17:54 | DEBUG    |   Files: cwp443P.pdf, cwp444.pdf, cwp445.pdf, cwp446.pdf, cwp447.pdf, cwp448.pdf, cwp449.pdf, cwp450.pdf, cwp451.pdf, cwp452.pdf, cwp453.pdf, cwp454.pdf, cwp455.pdf, cwp456.pdf, cwp457.pdf, cwp458.pdf
2026-06-03 17:17:57 | INFO     | Upload accepted → task_id=ffc80c26-5804-46fb-a17b-52d77487373a
2026-06-03 17:17:57 | DEBUG    | Task ffc80c26-5804-46fb-a17b-52d77487373a state=PENDING elapsed=0s — waiting …
2026-06-03 17:18:02 | DEBUG    | Task ffc80c26-5804-46fb-a17b-52d77487373a state=PENDING elapsed=5s — waiting …
2026-06-03 17:18:07 | DEBUG    | Task ffc80c26-5804-46fb-a17b-52d77487373a state=PENDING elapsed=10s — waiting …
2026-06-03 17:18:12 | DEBUG    | Task ffc80c26-5804-46fb-a17b-52d77487373a state=PENDING elapsed=15s — waiting …
2026-06-03 17:18:20 | DEBUG    | Task ffc80c26-5804-46fb-a17b-52d77487373a state=PENDING elapsed=23s — waiting …
2026-06-03 17:18:25 | DEBUG    | Task ffc80c26-5804-46fb-a17b-52d77487373a state=PENDING elapsed=28s — waiting …
2026-06-03 17:18:30 | INFO     | Task ffc80c26-5804-46fb-a17b-52d77487373a FINISHED in 33s
2026-06-03 17:18:30 | INFO     | ✅ batch 36/47 (16 files) complete
2026-06-03 17:18:30 | INFO     | --- batch 37/47 (16 files) ---
2026-06-03 17:18:30 | DEBUG    |   Files: cwp459.pdf, cwp467.pdf, cwp471.pdf, cwp472.pdf, cwp473.pdf, cwp474-1.pdf, cwp475.pdf, cwp477.pdf, cwp478.pdf, cwp479.pdf, cwp480.pdf, cwp481.pdf, cwp482.pdf, cwp483.pdf, cwp484.pdf, cwp485.pdf
2026-06-03 17:18:36 | INFO     | Upload accepted → task_id=eda98ec7-96ee-492c-9ce6-87ec2b5c1edd
2026-06-03 17:18:36 | DEBUG    | Task eda98ec7-96ee-492c-9ce6-87ec2b5c1edd state=PENDING elapsed=0s — waiting …
2026-06-03 17:18:41 | DEBUG    | Task eda98ec7-96ee-492c-9ce6-87ec2b5c1edd state=PENDING elapsed=5s — waiting …
2026-06-03 17:18:46 | DEBUG    | Task eda98ec7-96ee-492c-9ce6-87ec2b5c1edd state=PENDING elapsed=10s — waiting …
2026-06-03 17:18:51 | DEBUG    | Task eda98ec7-96ee-492c-9ce6-87ec2b5c1edd state=PENDING elapsed=15s — waiting …
2026-06-03 17:18:56 | DEBUG    | Task eda98ec7-96ee-492c-9ce6-87ec2b5c1edd state=PENDING elapsed=20s — waiting …
2026-06-03 17:19:01 | DEBUG    | Task eda98ec7-96ee-492c-9ce6-87ec2b5c1edd state=PENDING elapsed=25s — waiting …
2026-06-03 17:19:06 | DEBUG    | Task eda98ec7-96ee-492c-9ce6-87ec2b5c1edd state=PENDING elapsed=30s — waiting …
2026-06-03 17:19:11 | DEBUG    | Task eda98ec7-96ee-492c-9ce6-87ec2b5c1edd state=PENDING elapsed=35s — waiting …
2026-06-03 17:19:16 | DEBUG    | Task eda98ec7-96ee-492c-9ce6-87ec2b5c1edd state=PENDING elapsed=40s — waiting …
2026-06-03 17:19:21 | DEBUG    | Task eda98ec7-96ee-492c-9ce6-87ec2b5c1edd state=PENDING elapsed=45s — waiting …
2026-06-03 17:19:26 | DEBUG    | Task eda98ec7-96ee-492c-9ce6-87ec2b5c1edd state=PENDING elapsed=50s — waiting …
2026-06-03 17:19:31 | DEBUG    | Task eda98ec7-96ee-492c-9ce6-87ec2b5c1edd state=PENDING elapsed=55s — waiting …
2026-06-03 17:19:36 | DEBUG    | Task eda98ec7-96ee-492c-9ce6-87ec2b5c1edd state=PENDING elapsed=60s — waiting …
2026-06-03 17:19:41 | DEBUG    | Task eda98ec7-96ee-492c-9ce6-87ec2b5c1edd state=PENDING elapsed=65s — waiting …
2026-06-03 17:19:46 | DEBUG    | Task eda98ec7-96ee-492c-9ce6-87ec2b5c1edd state=PENDING elapsed=70s — waiting …
2026-06-03 17:19:51 | DEBUG    | Task eda98ec7-96ee-492c-9ce6-87ec2b5c1edd state=PENDING elapsed=75s — waiting …
2026-06-03 17:19:58 | INFO     | Task eda98ec7-96ee-492c-9ce6-87ec2b5c1edd FINISHED in 82s
2026-06-03 17:19:58 | INFO     | ✅ batch 37/47 (16 files) complete
2026-06-03 17:19:58 | INFO     | --- batch 38/47 (16 files) ---
2026-06-03 17:19:58 | DEBUG    |   Files: cwp486-1.pdf, cwp486.pdf, cwp496P.pdf, cwp498.pdf, cwp499.pdf, cwp500.pdf, cwp501.pdf, cwp502.pdf, cwp503.pdf, cwp504.pdf, cwp505.pdf, cwp506.pdf, cwp507.pdf, cwp508.pdf, cwp509.pdf, cwp510.pdf
2026-06-03 17:20:02 | INFO     | Upload accepted → task_id=90a0fe22-5853-4823-a9f8-5f67de6eb87b
2026-06-03 17:20:02 | DEBUG    | Task 90a0fe22-5853-4823-a9f8-5f67de6eb87b state=PENDING elapsed=0s — waiting …
2026-06-03 17:20:07 | DEBUG    | Task 90a0fe22-5853-4823-a9f8-5f67de6eb87b state=PENDING elapsed=5s — waiting …
2026-06-03 17:20:12 | DEBUG    | Task 90a0fe22-5853-4823-a9f8-5f67de6eb87b state=PENDING elapsed=10s — waiting …
2026-06-03 17:20:17 | DEBUG    | Task 90a0fe22-5853-4823-a9f8-5f67de6eb87b state=PENDING elapsed=15s — waiting …
2026-06-03 17:20:22 | DEBUG    | Task 90a0fe22-5853-4823-a9f8-5f67de6eb87b state=PENDING elapsed=20s — waiting …
2026-06-03 17:20:27 | DEBUG    | Task 90a0fe22-5853-4823-a9f8-5f67de6eb87b state=PENDING elapsed=25s — waiting …
2026-06-03 17:20:32 | DEBUG    | Task 90a0fe22-5853-4823-a9f8-5f67de6eb87b state=PENDING elapsed=30s — waiting …
2026-06-03 17:20:37 | DEBUG    | Task 90a0fe22-5853-4823-a9f8-5f67de6eb87b state=PENDING elapsed=35s — waiting …
2026-06-03 17:20:42 | DEBUG    | Task 90a0fe22-5853-4823-a9f8-5f67de6eb87b state=PENDING elapsed=40s — waiting …
2026-06-03 17:20:47 | DEBUG    | Task 90a0fe22-5853-4823-a9f8-5f67de6eb87b state=PENDING elapsed=45s — waiting …
2026-06-03 17:20:52 | DEBUG    | Task 90a0fe22-5853-4823-a9f8-5f67de6eb87b state=PENDING elapsed=50s — waiting …
2026-06-03 17:20:59 | DEBUG    | Task 90a0fe22-5853-4823-a9f8-5f67de6eb87b state=PENDING elapsed=57s — waiting …
2026-06-03 17:21:05 | DEBUG    | Task 90a0fe22-5853-4823-a9f8-5f67de6eb87b state=PENDING elapsed=62s — waiting …
2026-06-03 17:21:10 | INFO     | Task 90a0fe22-5853-4823-a9f8-5f67de6eb87b FINISHED in 67s
2026-06-03 17:21:10 | INFO     | ✅ batch 38/47 (16 files) complete
2026-06-03 17:21:10 | INFO     | --- batch 39/47 (16 files) ---
2026-06-03 17:21:10 | DEBUG    |   Files: cwp511.pdf, cwp512.pdf, cwp513.pdf, cwp514.pdf, cwp515.pdf, cwp524.pdf, cwp525.pdf, cwp526.pdf, cwp527.pdf, cwp528.pdf, cwp529.pdf, cwp530.pdf, cwp531.pdf, cwp532.pdf, cwp533-min.pdf, cwp534.pdf
2026-06-03 17:21:13 | INFO     | Upload accepted → task_id=277c80cc-1756-491a-b60a-1e33457d7ef5
2026-06-03 17:21:14 | DEBUG    | Task 277c80cc-1756-491a-b60a-1e33457d7ef5 state=PENDING elapsed=0s — waiting …
2026-06-03 17:21:19 | DEBUG    | Task 277c80cc-1756-491a-b60a-1e33457d7ef5 state=PENDING elapsed=5s — waiting …
2026-06-03 17:21:24 | DEBUG    | Task 277c80cc-1756-491a-b60a-1e33457d7ef5 state=PENDING elapsed=10s — waiting …
2026-06-03 17:21:29 | DEBUG    | Task 277c80cc-1756-491a-b60a-1e33457d7ef5 state=PENDING elapsed=15s — waiting …
2026-06-03 17:21:34 | DEBUG    | Task 277c80cc-1756-491a-b60a-1e33457d7ef5 state=PENDING elapsed=20s — waiting …
2026-06-03 17:21:39 | DEBUG    | Task 277c80cc-1756-491a-b60a-1e33457d7ef5 state=PENDING elapsed=25s — waiting …
2026-06-03 17:21:44 | DEBUG    | Task 277c80cc-1756-491a-b60a-1e33457d7ef5 state=PENDING elapsed=30s — waiting …
2026-06-03 17:21:49 | DEBUG    | Task 277c80cc-1756-491a-b60a-1e33457d7ef5 state=PENDING elapsed=35s — waiting …
2026-06-03 17:21:54 | DEBUG    | Task 277c80cc-1756-491a-b60a-1e33457d7ef5 state=PENDING elapsed=40s — waiting …
2026-06-03 17:21:59 | DEBUG    | Task 277c80cc-1756-491a-b60a-1e33457d7ef5 state=PENDING elapsed=45s — waiting …
2026-06-03 17:22:04 | DEBUG    | Task 277c80cc-1756-491a-b60a-1e33457d7ef5 state=PENDING elapsed=50s — waiting …
2026-06-03 17:22:11 | INFO     | Task 277c80cc-1756-491a-b60a-1e33457d7ef5 FINISHED in 57s
2026-06-03 17:22:11 | INFO     | ✅ batch 39/47 (16 files) complete
2026-06-03 17:22:11 | INFO     | --- batch 40/47 (16 files) ---
2026-06-03 17:22:11 | DEBUG    |   Files: cwp535.pdf, cwp536.pdf, cwp537.pdf, cwp538.pdf, cwp539.pdf, cwp540.pdf, cwp541.pdf, cwp542.pdf, cwp543.pdf, cwp544.pdf, cwp545-min.pdf, cwp546.pdf, cwp547.pdf, cwp555.pdf, cwp556.pdf, cwp559.pdf
2026-06-03 17:22:14 | INFO     | Upload accepted → task_id=1dccbcc3-c9de-4181-b44f-7ff2c95723f2
2026-06-03 17:22:14 | DEBUG    | Task 1dccbcc3-c9de-4181-b44f-7ff2c95723f2 state=PENDING elapsed=0s — waiting …
2026-06-03 17:22:19 | DEBUG    | Task 1dccbcc3-c9de-4181-b44f-7ff2c95723f2 state=PENDING elapsed=5s — waiting …
2026-06-03 17:22:24 | DEBUG    | Task 1dccbcc3-c9de-4181-b44f-7ff2c95723f2 state=PENDING elapsed=10s — waiting …
2026-06-03 17:22:32 | DEBUG    | Task 1dccbcc3-c9de-4181-b44f-7ff2c95723f2 state=PENDING elapsed=19s — waiting …
2026-06-03 17:22:37 | DEBUG    | Task 1dccbcc3-c9de-4181-b44f-7ff2c95723f2 state=PENDING elapsed=24s — waiting …
2026-06-03 17:22:42 | INFO     | Task 1dccbcc3-c9de-4181-b44f-7ff2c95723f2 FINISHED in 29s
2026-06-03 17:22:42 | INFO     | ✅ batch 40/47 (16 files) complete
2026-06-03 17:22:42 | INFO     | --- batch 41/47 (16 files) ---
2026-06-03 17:22:42 | DEBUG    |   Files: cwp561.pdf, cwp562.pdf, cwp563.pdf, cwp564.pdf, cwp566.pdf, cwp567.pdf, cwp568.pdf, cwp569.pdf, cwp570.pdf, cwp571.pdf, cwp573.pdf, cwp574.pdf, cwp575.pdf, cwp576.pdf, cwp577.pdf, cwp578.pdf
2026-06-03 17:22:47 | INFO     | Upload accepted → task_id=c7d627bf-90fa-4084-9e38-cd1885e21d92
2026-06-03 17:22:47 | DEBUG    | Task c7d627bf-90fa-4084-9e38-cd1885e21d92 state=PENDING elapsed=0s — waiting …
2026-06-03 17:22:52 | DEBUG    | Task c7d627bf-90fa-4084-9e38-cd1885e21d92 state=PENDING elapsed=5s — waiting …
2026-06-03 17:22:57 | DEBUG    | Task c7d627bf-90fa-4084-9e38-cd1885e21d92 state=PENDING elapsed=10s — waiting …
2026-06-03 17:23:02 | DEBUG    | Task c7d627bf-90fa-4084-9e38-cd1885e21d92 state=PENDING elapsed=15s — waiting …
2026-06-03 17:23:07 | DEBUG    | Task c7d627bf-90fa-4084-9e38-cd1885e21d92 state=PENDING elapsed=20s — waiting …
2026-06-03 17:23:12 | DEBUG    | Task c7d627bf-90fa-4084-9e38-cd1885e21d92 state=PENDING elapsed=25s — waiting …
2026-06-03 17:23:17 | DEBUG    | Task c7d627bf-90fa-4084-9e38-cd1885e21d92 state=PENDING elapsed=30s — waiting …
2026-06-03 17:23:22 | DEBUG    | Task c7d627bf-90fa-4084-9e38-cd1885e21d92 state=PENDING elapsed=35s — waiting …
2026-06-03 17:23:27 | DEBUG    | Task c7d627bf-90fa-4084-9e38-cd1885e21d92 state=PENDING elapsed=40s — waiting …
2026-06-03 17:23:32 | DEBUG    | Task c7d627bf-90fa-4084-9e38-cd1885e21d92 state=PENDING elapsed=45s — waiting …
2026-06-03 17:23:38 | DEBUG    | Task c7d627bf-90fa-4084-9e38-cd1885e21d92 state=PENDING elapsed=50s — waiting …
2026-06-03 17:23:43 | DEBUG    | Task c7d627bf-90fa-4084-9e38-cd1885e21d92 state=PENDING elapsed=55s — waiting …
2026-06-03 17:23:50 | INFO     | Task c7d627bf-90fa-4084-9e38-cd1885e21d92 FINISHED in 62s
2026-06-03 17:23:50 | INFO     | ✅ batch 41/47 (16 files) complete
2026-06-03 17:23:50 | INFO     | --- batch 42/47 (16 files) ---
2026-06-03 17:23:50 | DEBUG    |   Files: cwp584.pdf, cwp587.pdf, cwp588.pdf, cwp589.pdf, cwp590.pdf, cwp591.pdf, cwp592.pdf, cwp593.pdf, cwp594.pdf, cwp595.pdf, cwp596.pdf, cwp597.pdf, cwp598.pdf, cwp599.pdf, cwp600.pdf, cwp601.pdf
2026-06-03 17:23:54 | INFO     | Upload accepted → task_id=99c86572-9286-429d-854f-7ae22f58f52e
2026-06-03 17:23:54 | DEBUG    | Task 99c86572-9286-429d-854f-7ae22f58f52e state=PENDING elapsed=0s — waiting …
2026-06-03 17:23:59 | DEBUG    | Task 99c86572-9286-429d-854f-7ae22f58f52e state=PENDING elapsed=5s — waiting …
2026-06-03 17:24:04 | DEBUG    | Task 99c86572-9286-429d-854f-7ae22f58f52e state=PENDING elapsed=10s — waiting …
2026-06-03 17:24:09 | DEBUG    | Task 99c86572-9286-429d-854f-7ae22f58f52e state=PENDING elapsed=15s — waiting …
2026-06-03 17:24:14 | DEBUG    | Task 99c86572-9286-429d-854f-7ae22f58f52e state=PENDING elapsed=20s — waiting …
2026-06-03 17:24:19 | DEBUG    | Task 99c86572-9286-429d-854f-7ae22f58f52e state=PENDING elapsed=25s — waiting …
2026-06-03 17:24:24 | DEBUG    | Task 99c86572-9286-429d-854f-7ae22f58f52e state=PENDING elapsed=30s — waiting …
2026-06-03 17:24:29 | DEBUG    | Task 99c86572-9286-429d-854f-7ae22f58f52e state=PENDING elapsed=35s — waiting …
2026-06-03 17:24:37 | DEBUG    | Task 99c86572-9286-429d-854f-7ae22f58f52e state=PENDING elapsed=43s — waiting …
2026-06-03 17:24:47 | INFO     | Task 99c86572-9286-429d-854f-7ae22f58f52e FINISHED in 52s
2026-06-03 17:24:47 | INFO     | ✅ batch 42/47 (16 files) complete
2026-06-03 17:24:47 | INFO     | --- batch 43/47 (16 files) ---
2026-06-03 17:24:47 | DEBUG    |   Files: cwp602.pdf, cwp603.pdf, cwp604.pdf, cwp605.pdf, cwp606.pdf, cwp607.pdf, cwp608.pdf, cwp688.pdf, cwp689.pdf, cwp690-min.pdf, cwp691.pdf, cwp692.pdf, cwp693.pdf, cwp694-min.pdf, cwp695-min.pdf, cwp696-min.pdf
2026-06-03 17:24:52 | INFO     | Upload accepted → task_id=f353fe4b-2b55-4cde-9d11-4276610d02a7
2026-06-03 17:24:52 | DEBUG    | Task f353fe4b-2b55-4cde-9d11-4276610d02a7 state=PENDING elapsed=0s — waiting …
2026-06-03 17:24:57 | DEBUG    | Task f353fe4b-2b55-4cde-9d11-4276610d02a7 state=PENDING elapsed=5s — waiting …
2026-06-03 17:25:02 | DEBUG    | Task f353fe4b-2b55-4cde-9d11-4276610d02a7 state=PENDING elapsed=10s — waiting …
2026-06-03 17:25:07 | DEBUG    | Task f353fe4b-2b55-4cde-9d11-4276610d02a7 state=PENDING elapsed=15s — waiting …
2026-06-03 17:25:12 | DEBUG    | Task f353fe4b-2b55-4cde-9d11-4276610d02a7 state=PENDING elapsed=20s — waiting …
2026-06-03 17:25:17 | DEBUG    | Task f353fe4b-2b55-4cde-9d11-4276610d02a7 state=PENDING elapsed=25s — waiting …
2026-06-03 17:25:22 | DEBUG    | Task f353fe4b-2b55-4cde-9d11-4276610d02a7 state=PENDING elapsed=30s — waiting …
2026-06-03 17:25:27 | DEBUG    | Task f353fe4b-2b55-4cde-9d11-4276610d02a7 state=PENDING elapsed=35s — waiting …
2026-06-03 17:25:32 | DEBUG    | Task f353fe4b-2b55-4cde-9d11-4276610d02a7 state=PENDING elapsed=40s — waiting …
2026-06-03 17:25:41 | DEBUG    | Task f353fe4b-2b55-4cde-9d11-4276610d02a7 state=PENDING elapsed=49s — waiting …
2026-06-03 17:25:48 | INFO     | Task f353fe4b-2b55-4cde-9d11-4276610d02a7 FINISHED in 56s
2026-06-03 17:25:48 | INFO     | ✅ batch 43/47 (16 files) complete
2026-06-03 17:25:48 | INFO     | --- batch 44/47 (16 files) ---
2026-06-03 17:25:48 | DEBUG    |   Files: cwp697.pdf, cwp698-min.pdf, cwp699.pdf, cwp700.pdf, cwp740.pdf, cwp743.compressed.pdf, cwp744.pdf, cwp745.pdf, cwp746-1.pdf, cwp747.compressed1.pdf, cwp780-min.pdf, cwp783.pdf, cwp784.pdf, cwp785.pdf, cwp786-min.pdf, cwp787.pdf
2026-06-03 17:25:54 | INFO     | Upload accepted → task_id=39426cc8-a841-45a0-9d40-d500032e65d4
2026-06-03 17:25:54 | DEBUG    | Task 39426cc8-a841-45a0-9d40-d500032e65d4 state=PENDING elapsed=0s — waiting …
2026-06-03 17:25:59 | DEBUG    | Task 39426cc8-a841-45a0-9d40-d500032e65d4 state=PENDING elapsed=5s — waiting …
2026-06-03 17:26:04 | DEBUG    | Task 39426cc8-a841-45a0-9d40-d500032e65d4 state=PENDING elapsed=10s — waiting …
2026-06-03 17:26:09 | DEBUG    | Task 39426cc8-a841-45a0-9d40-d500032e65d4 state=PENDING elapsed=15s — waiting …
2026-06-03 17:26:14 | DEBUG    | Task 39426cc8-a841-45a0-9d40-d500032e65d4 state=PENDING elapsed=20s — waiting …
2026-06-03 17:26:19 | DEBUG    | Task 39426cc8-a841-45a0-9d40-d500032e65d4 state=PENDING elapsed=25s — waiting …
2026-06-03 17:26:24 | DEBUG    | Task 39426cc8-a841-45a0-9d40-d500032e65d4 state=PENDING elapsed=30s — waiting …
2026-06-03 17:26:29 | DEBUG    | Task 39426cc8-a841-45a0-9d40-d500032e65d4 state=PENDING elapsed=35s — waiting …
2026-06-03 17:26:34 | DEBUG    | Task 39426cc8-a841-45a0-9d40-d500032e65d4 state=PENDING elapsed=40s — waiting …
2026-06-03 17:26:41 | DEBUG    | Task 39426cc8-a841-45a0-9d40-d500032e65d4 state=PENDING elapsed=47s — waiting …
2026-06-03 17:26:47 | DEBUG    | Task 39426cc8-a841-45a0-9d40-d500032e65d4 state=PENDING elapsed=53s — waiting …
2026-06-03 17:26:52 | DEBUG    | Task 39426cc8-a841-45a0-9d40-d500032e65d4 state=PENDING elapsed=58s — waiting …
2026-06-03 17:26:57 | DEBUG    | Task 39426cc8-a841-45a0-9d40-d500032e65d4 state=PENDING elapsed=63s — waiting …
2026-06-03 17:27:02 | DEBUG    | Task 39426cc8-a841-45a0-9d40-d500032e65d4 state=PENDING elapsed=68s — waiting …
2026-06-03 17:27:07 | DEBUG    | Task 39426cc8-a841-45a0-9d40-d500032e65d4 state=PENDING elapsed=73s — waiting …
2026-06-03 17:27:12 | DEBUG    | Task 39426cc8-a841-45a0-9d40-d500032e65d4 state=PENDING elapsed=78s — waiting …
2026-06-03 17:27:17 | DEBUG    | Task 39426cc8-a841-45a0-9d40-d500032e65d4 state=PENDING elapsed=83s — waiting …
2026-06-03 17:27:22 | DEBUG    | Task 39426cc8-a841-45a0-9d40-d500032e65d4 state=PENDING elapsed=88s — waiting …
2026-06-03 17:27:27 | DEBUG    | Task 39426cc8-a841-45a0-9d40-d500032e65d4 state=PENDING elapsed=93s — waiting …
2026-06-03 17:27:32 | DEBUG    | Task 39426cc8-a841-45a0-9d40-d500032e65d4 state=PENDING elapsed=98s — waiting …
2026-06-03 17:27:37 | DEBUG    | Task 39426cc8-a841-45a0-9d40-d500032e65d4 state=PENDING elapsed=103s — waiting …
2026-06-03 17:27:42 | DEBUG    | Task 39426cc8-a841-45a0-9d40-d500032e65d4 state=PENDING elapsed=108s — waiting …
2026-06-03 17:27:47 | DEBUG    | Task 39426cc8-a841-45a0-9d40-d500032e65d4 state=PENDING elapsed=113s — waiting …
2026-06-03 17:27:52 | DEBUG    | Task 39426cc8-a841-45a0-9d40-d500032e65d4 state=PENDING elapsed=118s — waiting …
2026-06-03 17:27:57 | DEBUG    | Task 39426cc8-a841-45a0-9d40-d500032e65d4 state=PENDING elapsed=123s — waiting …
2026-06-03 17:28:02 | DEBUG    | Task 39426cc8-a841-45a0-9d40-d500032e65d4 state=PENDING elapsed=128s — waiting …
2026-06-03 17:28:07 | DEBUG    | Task 39426cc8-a841-45a0-9d40-d500032e65d4 state=PENDING elapsed=133s — waiting …
2026-06-03 17:28:12 | DEBUG    | Task 39426cc8-a841-45a0-9d40-d500032e65d4 state=PENDING elapsed=138s — waiting …
2026-06-03 17:28:17 | DEBUG    | Task 39426cc8-a841-45a0-9d40-d500032e65d4 state=PENDING elapsed=143s — waiting …
2026-06-03 17:28:22 | DEBUG    | Task 39426cc8-a841-45a0-9d40-d500032e65d4 state=PENDING elapsed=148s — waiting …
2026-06-03 17:28:27 | DEBUG    | Task 39426cc8-a841-45a0-9d40-d500032e65d4 state=PENDING elapsed=153s — waiting …
2026-06-03 17:28:32 | DEBUG    | Task 39426cc8-a841-45a0-9d40-d500032e65d4 state=PENDING elapsed=158s — waiting …
2026-06-03 17:28:37 | DEBUG    | Task 39426cc8-a841-45a0-9d40-d500032e65d4 state=PENDING elapsed=163s — waiting …
2026-06-03 17:28:42 | DEBUG    | Task 39426cc8-a841-45a0-9d40-d500032e65d4 state=PENDING elapsed=168s — waiting …
2026-06-03 17:28:47 | DEBUG    | Task 39426cc8-a841-45a0-9d40-d500032e65d4 state=PENDING elapsed=173s — waiting …
2026-06-03 17:28:52 | DEBUG    | Task 39426cc8-a841-45a0-9d40-d500032e65d4 state=PENDING elapsed=178s — waiting …
2026-06-03 17:28:57 | DEBUG    | Task 39426cc8-a841-45a0-9d40-d500032e65d4 state=PENDING elapsed=184s — waiting …
2026-06-03 17:29:06 | DEBUG    | Task 39426cc8-a841-45a0-9d40-d500032e65d4 state=PENDING elapsed=192s — waiting …
2026-06-03 17:29:12 | DEBUG    | Task 39426cc8-a841-45a0-9d40-d500032e65d4 state=PENDING elapsed=198s — waiting …
2026-06-03 17:29:17 | DEBUG    | Task 39426cc8-a841-45a0-9d40-d500032e65d4 state=PENDING elapsed=203s — waiting …
2026-06-03 17:29:31 | INFO     | Task 39426cc8-a841-45a0-9d40-d500032e65d4 FINISHED in 217s
2026-06-03 17:29:31 | INFO     | ✅ batch 44/47 (16 files) complete
2026-06-03 17:29:31 | INFO     | --- batch 45/47 (16 files) ---
2026-06-03 17:29:31 | DEBUG    |   Files: cwp788.pdf, cwp789.pdf, cwp790R.pdf, cwp791-min.pdf, cwp792-min.pdf, cwp793.pdf, cwp794.pdf, cwp795.pdf, cwp796.pdf, cwp797.pdf, cwp798-min.pdf, cwp799-min.pdf, cwp800.pdf, cwp801-min.pdf, cwp802.pdf, cwp803.pdf
2026-06-03 17:29:36 | INFO     | Upload accepted → task_id=0c1e3b7e-405b-486f-8b8f-00a17e6263b9
2026-06-03 17:29:36 | DEBUG    | Task 0c1e3b7e-405b-486f-8b8f-00a17e6263b9 state=PENDING elapsed=0s — waiting …
2026-06-03 17:29:41 | DEBUG    | Task 0c1e3b7e-405b-486f-8b8f-00a17e6263b9 state=PENDING elapsed=5s — waiting …
2026-06-03 17:29:46 | DEBUG    | Task 0c1e3b7e-405b-486f-8b8f-00a17e6263b9 state=PENDING elapsed=10s — waiting …
2026-06-03 17:29:51 | DEBUG    | Task 0c1e3b7e-405b-486f-8b8f-00a17e6263b9 state=PENDING elapsed=15s — waiting …
2026-06-03 17:29:56 | DEBUG    | Task 0c1e3b7e-405b-486f-8b8f-00a17e6263b9 state=PENDING elapsed=20s — waiting …
2026-06-03 17:30:01 | DEBUG    | Task 0c1e3b7e-405b-486f-8b8f-00a17e6263b9 state=PENDING elapsed=25s — waiting …
2026-06-03 17:30:08 | DEBUG    | Task 0c1e3b7e-405b-486f-8b8f-00a17e6263b9 state=PENDING elapsed=32s — waiting …
2026-06-03 17:30:14 | DEBUG    | Task 0c1e3b7e-405b-486f-8b8f-00a17e6263b9 state=PENDING elapsed=37s — waiting …
2026-06-03 17:30:19 | DEBUG    | Task 0c1e3b7e-405b-486f-8b8f-00a17e6263b9 state=PENDING elapsed=42s — waiting …
2026-06-03 17:30:24 | DEBUG    | Task 0c1e3b7e-405b-486f-8b8f-00a17e6263b9 state=PENDING elapsed=47s — waiting …
2026-06-03 17:30:29 | DEBUG    | Task 0c1e3b7e-405b-486f-8b8f-00a17e6263b9 state=PENDING elapsed=52s — waiting …
2026-06-03 17:30:36 | INFO     | Task 0c1e3b7e-405b-486f-8b8f-00a17e6263b9 FINISHED in 60s
2026-06-03 17:30:36 | INFO     | ✅ batch 45/47 (16 files) complete
2026-06-03 17:30:36 | INFO     | --- batch 46/47 (16 files) ---
2026-06-03 17:30:36 | DEBUG    |   Files: cwp804.pdf, cwp805.pdf, cwp806.pdf, cwp807.pdf, cwp808-min.pdf, cwp809.pdf, cwp810.pdf, cwp811-min.pdf, cwp812-min.pdf, cwp813-min.pdf, cwp814.pdf, cwp815.pdf, cwp816-2.pdf, cwp817.pdf, cwp818.pdf, cwp820-ilovepdf-compressed2.pdf
2026-06-03 17:30:41 | INFO     | Upload accepted → task_id=1f992618-90e5-4a8f-8b53-4cbae9454eb9
2026-06-03 17:30:41 | DEBUG    | Task 1f992618-90e5-4a8f-8b53-4cbae9454eb9 state=PENDING elapsed=0s — waiting …
2026-06-03 17:30:46 | DEBUG    | Task 1f992618-90e5-4a8f-8b53-4cbae9454eb9 state=PENDING elapsed=5s — waiting …
2026-06-03 17:30:51 | DEBUG    | Task 1f992618-90e5-4a8f-8b53-4cbae9454eb9 state=PENDING elapsed=10s — waiting …
2026-06-03 17:30:56 | DEBUG    | Task 1f992618-90e5-4a8f-8b53-4cbae9454eb9 state=PENDING elapsed=15s — waiting …
2026-06-03 17:31:01 | DEBUG    | Task 1f992618-90e5-4a8f-8b53-4cbae9454eb9 state=PENDING elapsed=20s — waiting …
2026-06-03 17:31:07 | DEBUG    | Task 1f992618-90e5-4a8f-8b53-4cbae9454eb9 state=PENDING elapsed=26s — waiting …
2026-06-03 17:31:12 | DEBUG    | Task 1f992618-90e5-4a8f-8b53-4cbae9454eb9 state=PENDING elapsed=31s — waiting …
2026-06-03 17:31:17 | DEBUG    | Task 1f992618-90e5-4a8f-8b53-4cbae9454eb9 state=PENDING elapsed=36s — waiting …
2026-06-03 17:31:22 | DEBUG    | Task 1f992618-90e5-4a8f-8b53-4cbae9454eb9 state=PENDING elapsed=41s — waiting …
2026-06-03 17:31:27 | DEBUG    | Task 1f992618-90e5-4a8f-8b53-4cbae9454eb9 state=PENDING elapsed=46s — waiting …
2026-06-03 17:31:32 | DEBUG    | Task 1f992618-90e5-4a8f-8b53-4cbae9454eb9 state=PENDING elapsed=51s — waiting …
2026-06-03 17:31:37 | DEBUG    | Task 1f992618-90e5-4a8f-8b53-4cbae9454eb9 state=PENDING elapsed=56s — waiting …
2026-06-03 17:31:43 | INFO     | Task 1f992618-90e5-4a8f-8b53-4cbae9454eb9 FINISHED in 62s
2026-06-03 17:31:43 | INFO     | ✅ batch 46/47 (16 files) complete
2026-06-03 17:31:43 | INFO     | --- batch 47/47 (14 files) ---
2026-06-03 17:31:43 | DEBUG    |   Files: cwp821-ilovepdf-compressed-1.pdf, cwp822-min.pdf, cwp824.pdf, cwp825.pdf, cwp826.compressed.pdf, cwp827.pdf, cwp828.pdf, cwp829.pdf, cwp830.pdf, cwp831.pdf, cwp832.pdf, cwp833.pdf, cwp834.pdf, cwp836.pdf
2026-06-03 17:31:47 | INFO     | Upload accepted → task_id=a0f1cc79-4294-43c4-9c3b-2fc4b0ae8a64
2026-06-03 17:31:47 | DEBUG    | Task a0f1cc79-4294-43c4-9c3b-2fc4b0ae8a64 state=PENDING elapsed=0s — waiting …
2026-06-03 17:31:53 | DEBUG    | Task a0f1cc79-4294-43c4-9c3b-2fc4b0ae8a64 state=PENDING elapsed=6s — waiting …
2026-06-03 17:31:59 | DEBUG    | Task a0f1cc79-4294-43c4-9c3b-2fc4b0ae8a64 state=PENDING elapsed=11s — waiting …
2026-06-03 17:32:04 | DEBUG    | Task a0f1cc79-4294-43c4-9c3b-2fc4b0ae8a64 state=PENDING elapsed=16s — waiting …
2026-06-03 17:32:09 | DEBUG    | Task a0f1cc79-4294-43c4-9c3b-2fc4b0ae8a64 state=PENDING elapsed=21s — waiting …
2026-06-03 17:32:14 | DEBUG    | Task a0f1cc79-4294-43c4-9c3b-2fc4b0ae8a64 state=PENDING elapsed=26s — waiting …
2026-06-03 17:32:19 | DEBUG    | Task a0f1cc79-4294-43c4-9c3b-2fc4b0ae8a64 state=PENDING elapsed=31s — waiting …
2026-06-03 17:32:24 | DEBUG    | Task a0f1cc79-4294-43c4-9c3b-2fc4b0ae8a64 state=PENDING elapsed=36s — waiting …
2026-06-03 17:32:29 | DEBUG    | Task a0f1cc79-4294-43c4-9c3b-2fc4b0ae8a64 state=PENDING elapsed=41s — waiting …
2026-06-03 17:32:34 | DEBUG    | Task a0f1cc79-4294-43c4-9c3b-2fc4b0ae8a64 state=PENDING elapsed=46s — waiting …
2026-06-03 17:32:39 | DEBUG    | Task a0f1cc79-4294-43c4-9c3b-2fc4b0ae8a64 state=PENDING elapsed=51s — waiting …
2026-06-03 17:32:44 | DEBUG    | Task a0f1cc79-4294-43c4-9c3b-2fc4b0ae8a64 state=PENDING elapsed=56s — waiting …
2026-06-03 17:32:49 | DEBUG    | Task a0f1cc79-4294-43c4-9c3b-2fc4b0ae8a64 state=PENDING elapsed=61s — waiting …
2026-06-03 17:32:54 | DEBUG    | Task a0f1cc79-4294-43c4-9c3b-2fc4b0ae8a64 state=PENDING elapsed=66s — waiting …
2026-06-03 17:32:59 | DEBUG    | Task a0f1cc79-4294-43c4-9c3b-2fc4b0ae8a64 state=PENDING elapsed=71s — waiting …
2026-06-03 17:33:05 | DEBUG    | Task a0f1cc79-4294-43c4-9c3b-2fc4b0ae8a64 state=PENDING elapsed=78s — waiting …
2026-06-03 17:33:10 | DEBUG    | Task a0f1cc79-4294-43c4-9c3b-2fc4b0ae8a64 state=PENDING elapsed=83s — waiting …
2026-06-03 17:33:15 | DEBUG    | Task a0f1cc79-4294-43c4-9c3b-2fc4b0ae8a64 state=PENDING elapsed=88s — waiting …
2026-06-03 17:33:20 | DEBUG    | Task a0f1cc79-4294-43c4-9c3b-2fc4b0ae8a64 state=PENDING elapsed=93s — waiting …
2026-06-03 17:33:25 | DEBUG    | Task a0f1cc79-4294-43c4-9c3b-2fc4b0ae8a64 state=PENDING elapsed=98s — waiting …
2026-06-03 17:33:30 | DEBUG    | Task a0f1cc79-4294-43c4-9c3b-2fc4b0ae8a64 state=PENDING elapsed=103s — waiting …
2026-06-03 17:33:35 | DEBUG    | Task a0f1cc79-4294-43c4-9c3b-2fc4b0ae8a64 state=PENDING elapsed=108s — waiting …
2026-06-03 17:33:40 | DEBUG    | Task a0f1cc79-4294-43c4-9c3b-2fc4b0ae8a64 state=PENDING elapsed=113s — waiting …
2026-06-03 17:33:46 | INFO     | Task a0f1cc79-4294-43c4-9c3b-2fc4b0ae8a64 FINISHED in 118s
2026-06-03 17:33:46 | INFO     | ✅ batch 47/47 (14 files) complete
2026-06-03 17:33:46 | INFO     | === SUCCESS  ingested=750  skipped=0 ===
