2026-06-03 15:14:56 | INFO     | === START  dir='/gaia/b04s/CONSORCIOS/DEEPWAVE'  collection='DEEPWAVE' ===
2026-06-03 15:14:56 | INFO     | Discovered 241 supported file(s)
2026-06-03 15:15:05 | INFO     | Collection 'DEEPWAVE' created: {"message":"Collection DEEPWAVE created successfully.","collection_name":"DEEPWAVE"}
2026-06-03 15:15:08 | INFO     | list_documents: 0 existing doc(s) in 'DEEPWAVE' (total reported: 0)
2026-06-03 15:15:08 | INFO     | Classification: 241 new, 0 already present
2026-06-03 15:15:08 | INFO     | Uploading 16 batch(es) of up to 16 file(s) each
2026-06-03 15:15:08 | INFO     | --- batch 1/16 (16 files) ---
2026-06-03 15:15:08 | DEBUG    |   Files: Business Meeting Minutes.pdf, DeepWave Consortium - 1st Meeting Agenda.pdf, 1.1 Enabling full-waveform inversion to recover salt bodies in challenging conditions.pdf, 1.2 Prior probability regularized FWI using generative diffusion models.pdf, 1.3 RockAVO Data-driven Direct Petrophysical Inversion of Pre-Stack Seismic Data.pdf, 1.4 Joint Microseismic Event Detection and Location Based on a Detection Transformer.pdf, 2.1 Self-supervised blind-spot networks for random and coherent noise suppression.pdf, 2.2 SSDeblend - integrating self-supervised denoising in inversion based seismic deblending.pdf, 2.3 Deep Learning-based regularization of seismic inversion.pdf, 2.4 End-to-end seismic processing with deep learning - StorSeismic.pdf, 2.5 Efficient Seismic Facies Classification Using Transformer-based Masked Autoencoders.pdf, 3.1 A flexible seismic tomography framework using machine learning.pdf, 3.2 Simultaneous local slope estimation and interpolation with PINNs.pdf, 3.3 Microseismic source imaging using PINNs with hard constraints - an application to field data.pdf, 3.4 D-SWE Data-driven discovery of a seismic wave equation.pdf, 4.1 Regularized Probabilistic Seismic Inversion with CNN-based Plug-and-Play Framework.pdf
2026-06-03 15:15:11 | INFO     | Upload accepted → task_id=09e5a5b7-7450-4fe8-b4c5-98666670a6cb
2026-06-03 15:15:11 | DEBUG    | Task 09e5a5b7-7450-4fe8-b4c5-98666670a6cb state=PENDING elapsed=0s — waiting …
2026-06-03 15:15:17 | DEBUG    | Task 09e5a5b7-7450-4fe8-b4c5-98666670a6cb state=PENDING elapsed=6s — waiting …
2026-06-03 15:15:22 | DEBUG    | Task 09e5a5b7-7450-4fe8-b4c5-98666670a6cb state=PENDING elapsed=11s — waiting …
2026-06-03 15:15:27 | DEBUG    | Task 09e5a5b7-7450-4fe8-b4c5-98666670a6cb state=PENDING elapsed=16s — waiting …
2026-06-03 15:15:39 | DEBUG    | Task 09e5a5b7-7450-4fe8-b4c5-98666670a6cb state=PENDING elapsed=28s — waiting …
2026-06-03 15:15:58 | DEBUG    | Task 09e5a5b7-7450-4fe8-b4c5-98666670a6cb state=PENDING elapsed=47s — waiting …
2026-06-03 15:16:03 | DEBUG    | Task 09e5a5b7-7450-4fe8-b4c5-98666670a6cb state=PENDING elapsed=52s — waiting …
2026-06-03 15:16:08 | DEBUG    | Task 09e5a5b7-7450-4fe8-b4c5-98666670a6cb state=PENDING elapsed=57s — waiting …
2026-06-03 15:16:13 | DEBUG    | Task 09e5a5b7-7450-4fe8-b4c5-98666670a6cb state=PENDING elapsed=62s — waiting …
2026-06-03 15:16:18 | DEBUG    | Task 09e5a5b7-7450-4fe8-b4c5-98666670a6cb state=PENDING elapsed=67s — waiting …
2026-06-03 15:16:23 | DEBUG    | Task 09e5a5b7-7450-4fe8-b4c5-98666670a6cb state=PENDING elapsed=72s — waiting …
2026-06-03 15:16:28 | DEBUG    | Task 09e5a5b7-7450-4fe8-b4c5-98666670a6cb state=PENDING elapsed=77s — waiting …
2026-06-03 15:16:33 | DEBUG    | Task 09e5a5b7-7450-4fe8-b4c5-98666670a6cb state=PENDING elapsed=82s — waiting …
2026-06-03 15:16:38 | DEBUG    | Task 09e5a5b7-7450-4fe8-b4c5-98666670a6cb state=PENDING elapsed=87s — waiting …
2026-06-03 15:16:43 | DEBUG    | Task 09e5a5b7-7450-4fe8-b4c5-98666670a6cb state=PENDING elapsed=92s — waiting …
2026-06-03 15:16:48 | DEBUG    | Task 09e5a5b7-7450-4fe8-b4c5-98666670a6cb state=PENDING elapsed=97s — waiting …
2026-06-03 15:16:53 | DEBUG    | Task 09e5a5b7-7450-4fe8-b4c5-98666670a6cb state=PENDING elapsed=102s — waiting …
2026-06-03 15:16:58 | DEBUG    | Task 09e5a5b7-7450-4fe8-b4c5-98666670a6cb state=PENDING elapsed=107s — waiting …
2026-06-03 15:17:03 | DEBUG    | Task 09e5a5b7-7450-4fe8-b4c5-98666670a6cb state=PENDING elapsed=112s — waiting …
2026-06-03 15:17:08 | DEBUG    | Task 09e5a5b7-7450-4fe8-b4c5-98666670a6cb state=PENDING elapsed=117s — waiting …
2026-06-03 15:17:13 | DEBUG    | Task 09e5a5b7-7450-4fe8-b4c5-98666670a6cb state=PENDING elapsed=122s — waiting …
2026-06-03 15:17:18 | DEBUG    | Task 09e5a5b7-7450-4fe8-b4c5-98666670a6cb state=PENDING elapsed=127s — waiting …
2026-06-03 15:17:23 | DEBUG    | Task 09e5a5b7-7450-4fe8-b4c5-98666670a6cb state=PENDING elapsed=132s — waiting …
2026-06-03 15:17:28 | DEBUG    | Task 09e5a5b7-7450-4fe8-b4c5-98666670a6cb state=PENDING elapsed=137s — waiting …
2026-06-03 15:17:33 | DEBUG    | Task 09e5a5b7-7450-4fe8-b4c5-98666670a6cb state=PENDING elapsed=142s — waiting …
2026-06-03 15:17:38 | DEBUG    | Task 09e5a5b7-7450-4fe8-b4c5-98666670a6cb state=PENDING elapsed=147s — waiting …
2026-06-03 15:17:43 | DEBUG    | Task 09e5a5b7-7450-4fe8-b4c5-98666670a6cb state=PENDING elapsed=152s — waiting …
2026-06-03 15:17:48 | DEBUG    | Task 09e5a5b7-7450-4fe8-b4c5-98666670a6cb state=PENDING elapsed=157s — waiting …
2026-06-03 15:17:54 | INFO     | Task 09e5a5b7-7450-4fe8-b4c5-98666670a6cb FINISHED in 163s
2026-06-03 15:17:54 | INFO     | ✅ batch 1/16 (16 files) complete
2026-06-03 15:17:54 | INFO     | --- batch 2/16 (16 files) ---
2026-06-03 15:17:54 | DEBUG    |   Files: 4.2 GPU Programming at the fingertip - the NVIDIA-KAUST Hackathon.pdf, 4.3 DeepWave_GitHub.pdf, DW0001_PnP_SVGD.pdf, DW0003_NeuralNetworkBasedEikonalTomo.pdf, DW0004_PINN_slope.pdf, DW0005_PINNImagingForMicroseismic.pdf, DW0006_DiffusionFWI.pdf, DW0009_UnetFWISalt.pdf, DW0010_Joint_MEDL_with_DETR.pdf, DeepWave Consortium - Annual Meeting Houston Agenda.pdf, 1.1 PINNslope - seismic data interpolation and local slope estimation with physics informed neural networks.pdf, 1.2 Gabor-based learnable sparse representation for self-supervised denoising.pdf, 1.3 Transformer-ing the old paradigm of seismic processing - An end-to-end deep learning-based approach.pdf, 2.1 Meta-Processing - A robust framework for multi-tasks seismic processing.pdf, 2.2 Probabilistic seismic interpolation with the implicit prior of a deep denoiser.pdf, 2.3 A Deep learning-based approach for NMO velocity prediction.pdf
2026-06-03 15:17:56 | INFO     | Upload accepted → task_id=d605be47-0b4f-4fc2-a4d9-3ee660573c3f
2026-06-03 15:17:56 | DEBUG    | Task d605be47-0b4f-4fc2-a4d9-3ee660573c3f state=PENDING elapsed=0s — waiting …
2026-06-03 15:18:01 | DEBUG    | Task d605be47-0b4f-4fc2-a4d9-3ee660573c3f state=PENDING elapsed=5s — waiting …
2026-06-03 15:18:06 | DEBUG    | Task d605be47-0b4f-4fc2-a4d9-3ee660573c3f state=PENDING elapsed=10s — waiting …
2026-06-03 15:18:11 | DEBUG    | Task d605be47-0b4f-4fc2-a4d9-3ee660573c3f state=PENDING elapsed=15s — waiting …
2026-06-03 15:18:16 | DEBUG    | Task d605be47-0b4f-4fc2-a4d9-3ee660573c3f state=PENDING elapsed=20s — waiting …
2026-06-03 15:18:21 | DEBUG    | Task d605be47-0b4f-4fc2-a4d9-3ee660573c3f state=PENDING elapsed=25s — waiting …
2026-06-03 15:18:26 | DEBUG    | Task d605be47-0b4f-4fc2-a4d9-3ee660573c3f state=PENDING elapsed=30s — waiting …
2026-06-03 15:18:31 | DEBUG    | Task d605be47-0b4f-4fc2-a4d9-3ee660573c3f state=PENDING elapsed=35s — waiting …
2026-06-03 15:18:36 | DEBUG    | Task d605be47-0b4f-4fc2-a4d9-3ee660573c3f state=PENDING elapsed=40s — waiting …
2026-06-03 15:18:41 | DEBUG    | Task d605be47-0b4f-4fc2-a4d9-3ee660573c3f state=PENDING elapsed=45s — waiting …
2026-06-03 15:18:46 | DEBUG    | Task d605be47-0b4f-4fc2-a4d9-3ee660573c3f state=PENDING elapsed=50s — waiting …
2026-06-03 15:18:51 | DEBUG    | Task d605be47-0b4f-4fc2-a4d9-3ee660573c3f state=PENDING elapsed=55s — waiting …
2026-06-03 15:18:56 | DEBUG    | Task d605be47-0b4f-4fc2-a4d9-3ee660573c3f state=PENDING elapsed=60s — waiting …
2026-06-03 15:19:01 | DEBUG    | Task d605be47-0b4f-4fc2-a4d9-3ee660573c3f state=PENDING elapsed=65s — waiting …
2026-06-03 15:19:06 | DEBUG    | Task d605be47-0b4f-4fc2-a4d9-3ee660573c3f state=PENDING elapsed=70s — waiting …
2026-06-03 15:19:11 | DEBUG    | Task d605be47-0b4f-4fc2-a4d9-3ee660573c3f state=PENDING elapsed=75s — waiting …
2026-06-03 15:19:16 | DEBUG    | Task d605be47-0b4f-4fc2-a4d9-3ee660573c3f state=PENDING elapsed=80s — waiting …
2026-06-03 15:19:21 | DEBUG    | Task d605be47-0b4f-4fc2-a4d9-3ee660573c3f state=PENDING elapsed=85s — waiting …
2026-06-03 15:19:26 | DEBUG    | Task d605be47-0b4f-4fc2-a4d9-3ee660573c3f state=PENDING elapsed=90s — waiting …
2026-06-03 15:19:31 | DEBUG    | Task d605be47-0b4f-4fc2-a4d9-3ee660573c3f state=PENDING elapsed=95s — waiting …
2026-06-03 15:19:36 | DEBUG    | Task d605be47-0b4f-4fc2-a4d9-3ee660573c3f state=PENDING elapsed=100s — waiting …
2026-06-03 15:19:41 | DEBUG    | Task d605be47-0b4f-4fc2-a4d9-3ee660573c3f state=PENDING elapsed=105s — waiting …
2026-06-03 15:19:46 | DEBUG    | Task d605be47-0b4f-4fc2-a4d9-3ee660573c3f state=PENDING elapsed=110s — waiting …
2026-06-03 15:19:51 | DEBUG    | Task d605be47-0b4f-4fc2-a4d9-3ee660573c3f state=PENDING elapsed=115s — waiting …
2026-06-03 15:19:56 | DEBUG    | Task d605be47-0b4f-4fc2-a4d9-3ee660573c3f state=PENDING elapsed=120s — waiting …
2026-06-03 15:20:01 | DEBUG    | Task d605be47-0b4f-4fc2-a4d9-3ee660573c3f state=PENDING elapsed=125s — waiting …
2026-06-03 15:20:06 | DEBUG    | Task d605be47-0b4f-4fc2-a4d9-3ee660573c3f state=PENDING elapsed=130s — waiting …
2026-06-03 15:20:11 | DEBUG    | Task d605be47-0b4f-4fc2-a4d9-3ee660573c3f state=PENDING elapsed=135s — waiting …
2026-06-03 15:20:16 | DEBUG    | Task d605be47-0b4f-4fc2-a4d9-3ee660573c3f state=PENDING elapsed=140s — waiting …
2026-06-03 15:20:21 | DEBUG    | Task d605be47-0b4f-4fc2-a4d9-3ee660573c3f state=PENDING elapsed=145s — waiting …
2026-06-03 15:20:26 | DEBUG    | Task d605be47-0b4f-4fc2-a4d9-3ee660573c3f state=PENDING elapsed=150s — waiting …
2026-06-03 15:20:31 | DEBUG    | Task d605be47-0b4f-4fc2-a4d9-3ee660573c3f state=PENDING elapsed=155s — waiting …
2026-06-03 15:20:36 | DEBUG    | Task d605be47-0b4f-4fc2-a4d9-3ee660573c3f state=PENDING elapsed=160s — waiting …
2026-06-03 15:20:41 | DEBUG    | Task d605be47-0b4f-4fc2-a4d9-3ee660573c3f state=PENDING elapsed=165s — waiting …
2026-06-03 15:20:46 | DEBUG    | Task d605be47-0b4f-4fc2-a4d9-3ee660573c3f state=PENDING elapsed=170s — waiting …
2026-06-03 15:20:51 | DEBUG    | Task d605be47-0b4f-4fc2-a4d9-3ee660573c3f state=PENDING elapsed=175s — waiting …
2026-06-03 15:20:56 | DEBUG    | Task d605be47-0b4f-4fc2-a4d9-3ee660573c3f state=PENDING elapsed=180s — waiting …
2026-06-03 15:21:01 | DEBUG    | Task d605be47-0b4f-4fc2-a4d9-3ee660573c3f state=PENDING elapsed=185s — waiting …
2026-06-03 15:21:06 | DEBUG    | Task d605be47-0b4f-4fc2-a4d9-3ee660573c3f state=PENDING elapsed=190s — waiting …
2026-06-03 15:21:11 | DEBUG    | Task d605be47-0b4f-4fc2-a4d9-3ee660573c3f state=PENDING elapsed=195s — waiting …
2026-06-03 15:21:16 | DEBUG    | Task d605be47-0b4f-4fc2-a4d9-3ee660573c3f state=PENDING elapsed=200s — waiting …
2026-06-03 15:21:21 | DEBUG    | Task d605be47-0b4f-4fc2-a4d9-3ee660573c3f state=PENDING elapsed=205s — waiting …
2026-06-03 15:21:26 | DEBUG    | Task d605be47-0b4f-4fc2-a4d9-3ee660573c3f state=PENDING elapsed=210s — waiting …
2026-06-03 15:21:31 | DEBUG    | Task d605be47-0b4f-4fc2-a4d9-3ee660573c3f state=PENDING elapsed=215s — waiting …
2026-06-03 15:21:36 | DEBUG    | Task d605be47-0b4f-4fc2-a4d9-3ee660573c3f state=PENDING elapsed=220s — waiting …
2026-06-03 15:21:41 | DEBUG    | Task d605be47-0b4f-4fc2-a4d9-3ee660573c3f state=PENDING elapsed=225s — waiting …
2026-06-03 15:21:46 | DEBUG    | Task d605be47-0b4f-4fc2-a4d9-3ee660573c3f state=PENDING elapsed=230s — waiting …
2026-06-03 15:21:51 | DEBUG    | Task d605be47-0b4f-4fc2-a4d9-3ee660573c3f state=PENDING elapsed=235s — waiting …
2026-06-03 15:21:56 | DEBUG    | Task d605be47-0b4f-4fc2-a4d9-3ee660573c3f state=PENDING elapsed=240s — waiting …
2026-06-03 15:22:01 | DEBUG    | Task d605be47-0b4f-4fc2-a4d9-3ee660573c3f state=PENDING elapsed=245s — waiting …
2026-06-03 15:22:06 | DEBUG    | Task d605be47-0b4f-4fc2-a4d9-3ee660573c3f state=PENDING elapsed=250s — waiting …
2026-06-03 15:22:11 | DEBUG    | Task d605be47-0b4f-4fc2-a4d9-3ee660573c3f state=PENDING elapsed=255s — waiting …
2026-06-03 15:22:16 | DEBUG    | Task d605be47-0b4f-4fc2-a4d9-3ee660573c3f state=PENDING elapsed=260s — waiting …
2026-06-03 15:22:21 | DEBUG    | Task d605be47-0b4f-4fc2-a4d9-3ee660573c3f state=PENDING elapsed=265s — waiting …
2026-06-03 15:22:26 | DEBUG    | Task d605be47-0b4f-4fc2-a4d9-3ee660573c3f state=PENDING elapsed=270s — waiting …
2026-06-03 15:22:31 | DEBUG    | Task d605be47-0b4f-4fc2-a4d9-3ee660573c3f state=PENDING elapsed=275s — waiting …
2026-06-03 15:22:36 | DEBUG    | Task d605be47-0b4f-4fc2-a4d9-3ee660573c3f state=PENDING elapsed=280s — waiting …
2026-06-03 15:22:41 | INFO     | Task d605be47-0b4f-4fc2-a4d9-3ee660573c3f FINISHED in 285s
2026-06-03 15:22:41 | INFO     | ✅ batch 2/16 (16 files) complete
2026-06-03 15:22:41 | INFO     | --- batch 3/16 (16 files) ---
2026-06-03 15:22:41 | DEBUG    |   Files: 3.1 Efficient physics-informed neural networks training via incorporating the Gabor basis functions into network design.pdf, 3.2 Focusing function prediction based on U-Net to accelerate Marchenko imaging.pdf, 3.3 A flexible seismic tomography (and modelling) using PINN.pdf, 3.4 Joint microseismic event detection and location using a detection transformer - applications to field data.pdf, 4.1 KeyNote - Physics-guided Machine Learning - from Supervised Deep Networks to Unsupervised Lightweight Models.pdf, 4.2 Prior regularized 2D and 3D full waveform inversion using 2D generative diffusion model.pdf, 4.3 Deep learning-based inverse Hessian for full-waveform inversion.pdf, 4.4 The model wavenumber Uncertainty in full waveform inversion.pdf, 5.1 IntraSeismic – Using Coordinate-based Learning for Seismic Inversion.pdf, 5.2 Plug-and-Play regularized 3D seismic inversion with  2D pre-trained denoisers.pdf, 5.3 A Field Data Application of Seis2Rock - Data-driven Direct Petrophysical Inversion of Pre-stack Seismic Data.pdf, 5.4 Probabilistic seismic inversion applications with Neural-network assisted Stein Variation Gradient Descent.pdf, DeepWave_Annual_Report-2023.pdf, DW0001_EAGE2023_PnP_SVGD.pdf, DW0002_EAGE2023_DeepSeisInv.pdf, DW0003_EAGE2023_DataAndModelHardConstraintsPINNsNearSurfaceTomography.pdf
2026-06-03 15:22:45 | INFO     | Upload accepted → task_id=45a3bc33-ea24-4a65-9737-0022f00e49cc
2026-06-03 15:22:45 | DEBUG    | Task 45a3bc33-ea24-4a65-9737-0022f00e49cc state=PENDING elapsed=0s — waiting …
2026-06-03 15:22:50 | DEBUG    | Task 45a3bc33-ea24-4a65-9737-0022f00e49cc state=PENDING elapsed=5s — waiting …
2026-06-03 15:22:55 | DEBUG    | Task 45a3bc33-ea24-4a65-9737-0022f00e49cc state=PENDING elapsed=10s — waiting …
2026-06-03 15:23:00 | DEBUG    | Task 45a3bc33-ea24-4a65-9737-0022f00e49cc state=PENDING elapsed=15s — waiting …
2026-06-03 15:23:05 | DEBUG    | Task 45a3bc33-ea24-4a65-9737-0022f00e49cc state=PENDING elapsed=20s — waiting …
2026-06-03 15:23:10 | DEBUG    | Task 45a3bc33-ea24-4a65-9737-0022f00e49cc state=PENDING elapsed=25s — waiting …
2026-06-03 15:23:15 | DEBUG    | Task 45a3bc33-ea24-4a65-9737-0022f00e49cc state=PENDING elapsed=30s — waiting …
2026-06-03 15:23:20 | DEBUG    | Task 45a3bc33-ea24-4a65-9737-0022f00e49cc state=PENDING elapsed=35s — waiting …
2026-06-03 15:23:25 | DEBUG    | Task 45a3bc33-ea24-4a65-9737-0022f00e49cc state=PENDING elapsed=40s — waiting …
2026-06-03 15:23:32 | DEBUG    | Task 45a3bc33-ea24-4a65-9737-0022f00e49cc state=PENDING elapsed=47s — waiting …
2026-06-03 15:23:37 | DEBUG    | Task 45a3bc33-ea24-4a65-9737-0022f00e49cc state=PENDING elapsed=52s — waiting …
2026-06-03 15:23:42 | DEBUG    | Task 45a3bc33-ea24-4a65-9737-0022f00e49cc state=PENDING elapsed=57s — waiting …
2026-06-03 15:23:47 | DEBUG    | Task 45a3bc33-ea24-4a65-9737-0022f00e49cc state=PENDING elapsed=62s — waiting …
2026-06-03 15:23:52 | DEBUG    | Task 45a3bc33-ea24-4a65-9737-0022f00e49cc state=PENDING elapsed=67s — waiting …
2026-06-03 15:23:57 | DEBUG    | Task 45a3bc33-ea24-4a65-9737-0022f00e49cc state=PENDING elapsed=72s — waiting …
2026-06-03 15:24:02 | DEBUG    | Task 45a3bc33-ea24-4a65-9737-0022f00e49cc state=PENDING elapsed=77s — waiting …
2026-06-03 15:24:07 | DEBUG    | Task 45a3bc33-ea24-4a65-9737-0022f00e49cc state=PENDING elapsed=82s — waiting …
2026-06-03 15:24:12 | DEBUG    | Task 45a3bc33-ea24-4a65-9737-0022f00e49cc state=PENDING elapsed=87s — waiting …
2026-06-03 15:24:17 | DEBUG    | Task 45a3bc33-ea24-4a65-9737-0022f00e49cc state=PENDING elapsed=92s — waiting …
2026-06-03 15:24:22 | DEBUG    | Task 45a3bc33-ea24-4a65-9737-0022f00e49cc state=PENDING elapsed=97s — waiting …
2026-06-03 15:24:27 | DEBUG    | Task 45a3bc33-ea24-4a65-9737-0022f00e49cc state=PENDING elapsed=102s — waiting …
2026-06-03 15:24:32 | DEBUG    | Task 45a3bc33-ea24-4a65-9737-0022f00e49cc state=PENDING elapsed=107s — waiting …
2026-06-03 15:24:37 | DEBUG    | Task 45a3bc33-ea24-4a65-9737-0022f00e49cc state=PENDING elapsed=112s — waiting …
2026-06-03 15:24:42 | DEBUG    | Task 45a3bc33-ea24-4a65-9737-0022f00e49cc state=PENDING elapsed=117s — waiting …
2026-06-03 15:24:47 | DEBUG    | Task 45a3bc33-ea24-4a65-9737-0022f00e49cc state=PENDING elapsed=122s — waiting …
2026-06-03 15:24:52 | DEBUG    | Task 45a3bc33-ea24-4a65-9737-0022f00e49cc state=PENDING elapsed=127s — waiting …
2026-06-03 15:24:57 | DEBUG    | Task 45a3bc33-ea24-4a65-9737-0022f00e49cc state=PENDING elapsed=132s — waiting …
2026-06-03 15:25:02 | DEBUG    | Task 45a3bc33-ea24-4a65-9737-0022f00e49cc state=PENDING elapsed=137s — waiting …
2026-06-03 15:25:07 | DEBUG    | Task 45a3bc33-ea24-4a65-9737-0022f00e49cc state=PENDING elapsed=142s — waiting …
2026-06-03 15:25:12 | DEBUG    | Task 45a3bc33-ea24-4a65-9737-0022f00e49cc state=PENDING elapsed=147s — waiting …
2026-06-03 15:25:17 | DEBUG    | Task 45a3bc33-ea24-4a65-9737-0022f00e49cc state=PENDING elapsed=152s — waiting …
2026-06-03 15:25:22 | DEBUG    | Task 45a3bc33-ea24-4a65-9737-0022f00e49cc state=PENDING elapsed=157s — waiting …
2026-06-03 15:25:27 | DEBUG    | Task 45a3bc33-ea24-4a65-9737-0022f00e49cc state=PENDING elapsed=162s — waiting …
2026-06-03 15:25:32 | DEBUG    | Task 45a3bc33-ea24-4a65-9737-0022f00e49cc state=PENDING elapsed=167s — waiting …
2026-06-03 15:25:37 | DEBUG    | Task 45a3bc33-ea24-4a65-9737-0022f00e49cc state=PENDING elapsed=172s — waiting …
2026-06-03 15:25:44 | DEBUG    | Task 45a3bc33-ea24-4a65-9737-0022f00e49cc state=PENDING elapsed=178s — waiting …
2026-06-03 15:25:49 | DEBUG    | Task 45a3bc33-ea24-4a65-9737-0022f00e49cc state=PENDING elapsed=183s — waiting …
2026-06-03 15:25:54 | DEBUG    | Task 45a3bc33-ea24-4a65-9737-0022f00e49cc state=PENDING elapsed=188s — waiting …
2026-06-03 15:25:59 | DEBUG    | Task 45a3bc33-ea24-4a65-9737-0022f00e49cc state=PENDING elapsed=193s — waiting …
2026-06-03 15:26:04 | DEBUG    | Task 45a3bc33-ea24-4a65-9737-0022f00e49cc state=PENDING elapsed=198s — waiting …
2026-06-03 15:26:09 | DEBUG    | Task 45a3bc33-ea24-4a65-9737-0022f00e49cc state=PENDING elapsed=203s — waiting …
2026-06-03 15:26:14 | DEBUG    | Task 45a3bc33-ea24-4a65-9737-0022f00e49cc state=PENDING elapsed=208s — waiting …
2026-06-03 15:26:19 | DEBUG    | Task 45a3bc33-ea24-4a65-9737-0022f00e49cc state=PENDING elapsed=213s — waiting …
2026-06-03 15:26:24 | DEBUG    | Task 45a3bc33-ea24-4a65-9737-0022f00e49cc state=PENDING elapsed=218s — waiting …
2026-06-03 15:26:29 | DEBUG    | Task 45a3bc33-ea24-4a65-9737-0022f00e49cc state=PENDING elapsed=223s — waiting …
2026-06-03 15:26:34 | DEBUG    | Task 45a3bc33-ea24-4a65-9737-0022f00e49cc state=PENDING elapsed=228s — waiting …
2026-06-03 15:26:39 | DEBUG    | Task 45a3bc33-ea24-4a65-9737-0022f00e49cc state=PENDING elapsed=233s — waiting …
2026-06-03 15:26:44 | DEBUG    | Task 45a3bc33-ea24-4a65-9737-0022f00e49cc state=PENDING elapsed=238s — waiting …
2026-06-03 15:26:49 | DEBUG    | Task 45a3bc33-ea24-4a65-9737-0022f00e49cc state=PENDING elapsed=243s — waiting …
2026-06-03 15:26:54 | DEBUG    | Task 45a3bc33-ea24-4a65-9737-0022f00e49cc state=PENDING elapsed=248s — waiting …
2026-06-03 15:26:59 | DEBUG    | Task 45a3bc33-ea24-4a65-9737-0022f00e49cc state=PENDING elapsed=253s — waiting …
2026-06-03 15:27:04 | DEBUG    | Task 45a3bc33-ea24-4a65-9737-0022f00e49cc state=PENDING elapsed=258s — waiting …
2026-06-03 15:27:09 | DEBUG    | Task 45a3bc33-ea24-4a65-9737-0022f00e49cc state=PENDING elapsed=263s — waiting …
2026-06-03 15:27:14 | DEBUG    | Task 45a3bc33-ea24-4a65-9737-0022f00e49cc state=PENDING elapsed=268s — waiting …
2026-06-03 15:27:19 | DEBUG    | Task 45a3bc33-ea24-4a65-9737-0022f00e49cc state=PENDING elapsed=273s — waiting …
2026-06-03 15:27:24 | DEBUG    | Task 45a3bc33-ea24-4a65-9737-0022f00e49cc state=PENDING elapsed=278s — waiting …
2026-06-03 15:27:29 | DEBUG    | Task 45a3bc33-ea24-4a65-9737-0022f00e49cc state=PENDING elapsed=283s — waiting …
2026-06-03 15:27:34 | DEBUG    | Task 45a3bc33-ea24-4a65-9737-0022f00e49cc state=PENDING elapsed=288s — waiting …
2026-06-03 15:27:39 | DEBUG    | Task 45a3bc33-ea24-4a65-9737-0022f00e49cc state=PENDING elapsed=293s — waiting …
2026-06-03 15:27:44 | DEBUG    | Task 45a3bc33-ea24-4a65-9737-0022f00e49cc state=PENDING elapsed=298s — waiting …
2026-06-03 15:27:49 | DEBUG    | Task 45a3bc33-ea24-4a65-9737-0022f00e49cc state=PENDING elapsed=303s — waiting …
2026-06-03 15:27:54 | DEBUG    | Task 45a3bc33-ea24-4a65-9737-0022f00e49cc state=PENDING elapsed=308s — waiting …
2026-06-03 15:27:59 | DEBUG    | Task 45a3bc33-ea24-4a65-9737-0022f00e49cc state=PENDING elapsed=313s — waiting …
2026-06-03 15:28:04 | DEBUG    | Task 45a3bc33-ea24-4a65-9737-0022f00e49cc state=PENDING elapsed=318s — waiting …
2026-06-03 15:28:09 | DEBUG    | Task 45a3bc33-ea24-4a65-9737-0022f00e49cc state=PENDING elapsed=323s — waiting …
2026-06-03 15:28:14 | DEBUG    | Task 45a3bc33-ea24-4a65-9737-0022f00e49cc state=PENDING elapsed=328s — waiting …
2026-06-03 15:28:19 | DEBUG    | Task 45a3bc33-ea24-4a65-9737-0022f00e49cc state=PENDING elapsed=333s — waiting …
2026-06-03 15:28:24 | DEBUG    | Task 45a3bc33-ea24-4a65-9737-0022f00e49cc state=PENDING elapsed=339s — waiting …
2026-06-03 15:28:29 | DEBUG    | Task 45a3bc33-ea24-4a65-9737-0022f00e49cc state=PENDING elapsed=344s — waiting …
2026-06-03 15:28:34 | DEBUG    | Task 45a3bc33-ea24-4a65-9737-0022f00e49cc state=PENDING elapsed=349s — waiting …
2026-06-03 15:28:39 | DEBUG    | Task 45a3bc33-ea24-4a65-9737-0022f00e49cc state=PENDING elapsed=354s — waiting …
2026-06-03 15:28:44 | DEBUG    | Task 45a3bc33-ea24-4a65-9737-0022f00e49cc state=PENDING elapsed=359s — waiting …
2026-06-03 15:28:49 | DEBUG    | Task 45a3bc33-ea24-4a65-9737-0022f00e49cc state=PENDING elapsed=364s — waiting …
2026-06-03 15:28:54 | DEBUG    | Task 45a3bc33-ea24-4a65-9737-0022f00e49cc state=PENDING elapsed=369s — waiting …
2026-06-03 15:28:59 | DEBUG    | Task 45a3bc33-ea24-4a65-9737-0022f00e49cc state=PENDING elapsed=374s — waiting …
2026-06-03 15:29:04 | DEBUG    | Task 45a3bc33-ea24-4a65-9737-0022f00e49cc state=PENDING elapsed=379s — waiting …
2026-06-03 15:29:09 | DEBUG    | Task 45a3bc33-ea24-4a65-9737-0022f00e49cc state=PENDING elapsed=384s — waiting …
2026-06-03 15:29:14 | DEBUG    | Task 45a3bc33-ea24-4a65-9737-0022f00e49cc state=PENDING elapsed=389s — waiting …
2026-06-03 15:29:19 | DEBUG    | Task 45a3bc33-ea24-4a65-9737-0022f00e49cc state=PENDING elapsed=394s — waiting …
2026-06-03 15:29:24 | DEBUG    | Task 45a3bc33-ea24-4a65-9737-0022f00e49cc state=PENDING elapsed=399s — waiting …
2026-06-03 15:29:29 | DEBUG    | Task 45a3bc33-ea24-4a65-9737-0022f00e49cc state=PENDING elapsed=404s — waiting …
2026-06-03 15:29:34 | DEBUG    | Task 45a3bc33-ea24-4a65-9737-0022f00e49cc state=PENDING elapsed=409s — waiting …
2026-06-03 15:29:39 | DEBUG    | Task 45a3bc33-ea24-4a65-9737-0022f00e49cc state=PENDING elapsed=414s — waiting …
2026-06-03 15:29:44 | DEBUG    | Task 45a3bc33-ea24-4a65-9737-0022f00e49cc state=PENDING elapsed=419s — waiting …
2026-06-03 15:29:49 | DEBUG    | Task 45a3bc33-ea24-4a65-9737-0022f00e49cc state=PENDING elapsed=424s — waiting …
2026-06-03 15:29:54 | DEBUG    | Task 45a3bc33-ea24-4a65-9737-0022f00e49cc state=PENDING elapsed=429s — waiting …
2026-06-03 15:29:59 | DEBUG    | Task 45a3bc33-ea24-4a65-9737-0022f00e49cc state=PENDING elapsed=434s — waiting …
2026-06-03 15:30:04 | DEBUG    | Task 45a3bc33-ea24-4a65-9737-0022f00e49cc state=PENDING elapsed=439s — waiting …
2026-06-03 15:30:09 | DEBUG    | Task 45a3bc33-ea24-4a65-9737-0022f00e49cc state=PENDING elapsed=444s — waiting …
2026-06-03 15:30:14 | DEBUG    | Task 45a3bc33-ea24-4a65-9737-0022f00e49cc state=PENDING elapsed=449s — waiting …
2026-06-03 15:30:19 | DEBUG    | Task 45a3bc33-ea24-4a65-9737-0022f00e49cc state=PENDING elapsed=454s — waiting …
2026-06-03 15:30:24 | DEBUG    | Task 45a3bc33-ea24-4a65-9737-0022f00e49cc state=PENDING elapsed=459s — waiting …
2026-06-03 15:30:29 | DEBUG    | Task 45a3bc33-ea24-4a65-9737-0022f00e49cc state=PENDING elapsed=464s — waiting …
2026-06-03 15:30:34 | DEBUG    | Task 45a3bc33-ea24-4a65-9737-0022f00e49cc state=PENDING elapsed=469s — waiting …
2026-06-03 15:30:39 | DEBUG    | Task 45a3bc33-ea24-4a65-9737-0022f00e49cc state=PENDING elapsed=474s — waiting …
2026-06-03 15:30:44 | DEBUG    | Task 45a3bc33-ea24-4a65-9737-0022f00e49cc state=PENDING elapsed=479s — waiting …
2026-06-03 15:30:49 | DEBUG    | Task 45a3bc33-ea24-4a65-9737-0022f00e49cc state=PENDING elapsed=484s — waiting …
2026-06-03 15:30:54 | DEBUG    | Task 45a3bc33-ea24-4a65-9737-0022f00e49cc state=PENDING elapsed=489s — waiting …
2026-06-03 15:30:59 | DEBUG    | Task 45a3bc33-ea24-4a65-9737-0022f00e49cc state=PENDING elapsed=494s — waiting …
2026-06-03 15:31:04 | DEBUG    | Task 45a3bc33-ea24-4a65-9737-0022f00e49cc state=PENDING elapsed=499s — waiting …
2026-06-03 15:31:09 | DEBUG    | Task 45a3bc33-ea24-4a65-9737-0022f00e49cc state=PENDING elapsed=504s — waiting …
2026-06-03 15:31:14 | DEBUG    | Task 45a3bc33-ea24-4a65-9737-0022f00e49cc state=PENDING elapsed=509s — waiting …
2026-06-03 15:31:19 | DEBUG    | Task 45a3bc33-ea24-4a65-9737-0022f00e49cc state=PENDING elapsed=514s — waiting …
2026-06-03 15:31:24 | DEBUG    | Task 45a3bc33-ea24-4a65-9737-0022f00e49cc state=PENDING elapsed=519s — waiting …
2026-06-03 15:31:29 | DEBUG    | Task 45a3bc33-ea24-4a65-9737-0022f00e49cc state=PENDING elapsed=524s — waiting …
2026-06-03 15:31:34 | DEBUG    | Task 45a3bc33-ea24-4a65-9737-0022f00e49cc state=PENDING elapsed=529s — waiting …
2026-06-03 15:31:39 | DEBUG    | Task 45a3bc33-ea24-4a65-9737-0022f00e49cc state=PENDING elapsed=534s — waiting …
2026-06-03 15:31:44 | DEBUG    | Task 45a3bc33-ea24-4a65-9737-0022f00e49cc state=PENDING elapsed=539s — waiting …
2026-06-03 15:31:49 | DEBUG    | Task 45a3bc33-ea24-4a65-9737-0022f00e49cc state=PENDING elapsed=544s — waiting …
2026-06-03 15:31:54 | DEBUG    | Task 45a3bc33-ea24-4a65-9737-0022f00e49cc state=PENDING elapsed=549s — waiting …
2026-06-03 15:31:59 | DEBUG    | Task 45a3bc33-ea24-4a65-9737-0022f00e49cc state=PENDING elapsed=554s — waiting …
2026-06-03 15:32:04 | DEBUG    | Task 45a3bc33-ea24-4a65-9737-0022f00e49cc state=PENDING elapsed=559s — waiting …
2026-06-03 15:32:09 | DEBUG    | Task 45a3bc33-ea24-4a65-9737-0022f00e49cc state=PENDING elapsed=564s — waiting …
2026-06-03 15:32:14 | DEBUG    | Task 45a3bc33-ea24-4a65-9737-0022f00e49cc state=PENDING elapsed=569s — waiting …
2026-06-03 15:32:19 | DEBUG    | Task 45a3bc33-ea24-4a65-9737-0022f00e49cc state=PENDING elapsed=574s — waiting …
2026-06-03 15:32:24 | DEBUG    | Task 45a3bc33-ea24-4a65-9737-0022f00e49cc state=PENDING elapsed=579s — waiting …
2026-06-03 15:32:29 | DEBUG    | Task 45a3bc33-ea24-4a65-9737-0022f00e49cc state=PENDING elapsed=584s — waiting …
2026-06-03 15:32:34 | DEBUG    | Task 45a3bc33-ea24-4a65-9737-0022f00e49cc state=PENDING elapsed=589s — waiting …
2026-06-03 15:32:39 | DEBUG    | Task 45a3bc33-ea24-4a65-9737-0022f00e49cc state=PENDING elapsed=594s — waiting …
2026-06-03 15:32:44 | DEBUG    | Task 45a3bc33-ea24-4a65-9737-0022f00e49cc state=PENDING elapsed=599s — waiting …
2026-06-03 15:32:49 | DEBUG    | Task 45a3bc33-ea24-4a65-9737-0022f00e49cc state=PENDING elapsed=604s — waiting …
2026-06-03 15:32:54 | DEBUG    | Task 45a3bc33-ea24-4a65-9737-0022f00e49cc state=PENDING elapsed=609s — waiting …
2026-06-03 15:32:59 | DEBUG    | Task 45a3bc33-ea24-4a65-9737-0022f00e49cc state=PENDING elapsed=614s — waiting …
2026-06-03 15:33:04 | DEBUG    | Task 45a3bc33-ea24-4a65-9737-0022f00e49cc state=PENDING elapsed=619s — waiting …
2026-06-03 15:33:09 | DEBUG    | Task 45a3bc33-ea24-4a65-9737-0022f00e49cc state=PENDING elapsed=624s — waiting …
2026-06-03 15:33:14 | DEBUG    | Task 45a3bc33-ea24-4a65-9737-0022f00e49cc state=PENDING elapsed=629s — waiting …
2026-06-03 15:33:19 | DEBUG    | Task 45a3bc33-ea24-4a65-9737-0022f00e49cc state=PENDING elapsed=634s — waiting …
2026-06-03 15:33:24 | DEBUG    | Task 45a3bc33-ea24-4a65-9737-0022f00e49cc state=PENDING elapsed=639s — waiting …
2026-06-03 15:33:29 | DEBUG    | Task 45a3bc33-ea24-4a65-9737-0022f00e49cc state=PENDING elapsed=644s — waiting …
2026-06-03 15:33:34 | DEBUG    | Task 45a3bc33-ea24-4a65-9737-0022f00e49cc state=PENDING elapsed=649s — waiting …
2026-06-03 15:33:39 | DEBUG    | Task 45a3bc33-ea24-4a65-9737-0022f00e49cc state=PENDING elapsed=654s — waiting …
2026-06-03 15:33:44 | DEBUG    | Task 45a3bc33-ea24-4a65-9737-0022f00e49cc state=PENDING elapsed=659s — waiting …
2026-06-03 15:33:49 | DEBUG    | Task 45a3bc33-ea24-4a65-9737-0022f00e49cc state=PENDING elapsed=664s — waiting …
2026-06-03 15:33:54 | DEBUG    | Task 45a3bc33-ea24-4a65-9737-0022f00e49cc state=PENDING elapsed=669s — waiting …
2026-06-03 15:33:59 | DEBUG    | Task 45a3bc33-ea24-4a65-9737-0022f00e49cc state=PENDING elapsed=674s — waiting …
2026-06-03 15:34:04 | DEBUG    | Task 45a3bc33-ea24-4a65-9737-0022f00e49cc state=PENDING elapsed=679s — waiting …
2026-06-03 15:34:09 | DEBUG    | Task 45a3bc33-ea24-4a65-9737-0022f00e49cc state=PENDING elapsed=684s — waiting …
2026-06-03 15:34:14 | DEBUG    | Task 45a3bc33-ea24-4a65-9737-0022f00e49cc state=PENDING elapsed=689s — waiting …
2026-06-03 15:34:19 | DEBUG    | Task 45a3bc33-ea24-4a65-9737-0022f00e49cc state=PENDING elapsed=694s — waiting …
2026-06-03 15:34:24 | DEBUG    | Task 45a3bc33-ea24-4a65-9737-0022f00e49cc state=PENDING elapsed=699s — waiting …
2026-06-03 15:34:29 | DEBUG    | Task 45a3bc33-ea24-4a65-9737-0022f00e49cc state=PENDING elapsed=704s — waiting …
2026-06-03 15:34:34 | DEBUG    | Task 45a3bc33-ea24-4a65-9737-0022f00e49cc state=PENDING elapsed=709s — waiting …
2026-06-03 15:34:39 | DEBUG    | Task 45a3bc33-ea24-4a65-9737-0022f00e49cc state=PENDING elapsed=714s — waiting …
2026-06-03 15:34:44 | DEBUG    | Task 45a3bc33-ea24-4a65-9737-0022f00e49cc state=PENDING elapsed=719s — waiting …
2026-06-03 15:34:49 | DEBUG    | Task 45a3bc33-ea24-4a65-9737-0022f00e49cc state=PENDING elapsed=724s — waiting …
2026-06-03 15:34:54 | DEBUG    | Task 45a3bc33-ea24-4a65-9737-0022f00e49cc state=PENDING elapsed=729s — waiting …
2026-06-03 15:34:59 | DEBUG    | Task 45a3bc33-ea24-4a65-9737-0022f00e49cc state=PENDING elapsed=734s — waiting …
2026-06-03 15:35:04 | DEBUG    | Task 45a3bc33-ea24-4a65-9737-0022f00e49cc state=PENDING elapsed=739s — waiting …
2026-06-03 15:35:09 | DEBUG    | Task 45a3bc33-ea24-4a65-9737-0022f00e49cc state=PENDING elapsed=744s — waiting …
2026-06-03 15:35:14 | DEBUG    | Task 45a3bc33-ea24-4a65-9737-0022f00e49cc state=PENDING elapsed=749s — waiting …
2026-06-03 15:35:19 | DEBUG    | Task 45a3bc33-ea24-4a65-9737-0022f00e49cc state=PENDING elapsed=754s — waiting …
2026-06-03 15:35:24 | DEBUG    | Task 45a3bc33-ea24-4a65-9737-0022f00e49cc state=PENDING elapsed=759s — waiting …
2026-06-03 15:35:29 | DEBUG    | Task 45a3bc33-ea24-4a65-9737-0022f00e49cc state=PENDING elapsed=764s — waiting …
2026-06-03 15:35:45 | DEBUG    | Task 45a3bc33-ea24-4a65-9737-0022f00e49cc state=PENDING elapsed=780s — waiting …
2026-06-03 15:35:50 | DEBUG    | Task 45a3bc33-ea24-4a65-9737-0022f00e49cc state=PENDING elapsed=785s — waiting …
2026-06-03 15:35:55 | DEBUG    | Task 45a3bc33-ea24-4a65-9737-0022f00e49cc state=PENDING elapsed=790s — waiting …
2026-06-03 15:36:00 | DEBUG    | Task 45a3bc33-ea24-4a65-9737-0022f00e49cc state=PENDING elapsed=795s — waiting …
2026-06-03 15:36:05 | DEBUG    | Task 45a3bc33-ea24-4a65-9737-0022f00e49cc state=PENDING elapsed=800s — waiting …
2026-06-03 15:36:10 | DEBUG    | Task 45a3bc33-ea24-4a65-9737-0022f00e49cc state=PENDING elapsed=805s — waiting …
2026-06-03 15:36:15 | DEBUG    | Task 45a3bc33-ea24-4a65-9737-0022f00e49cc state=PENDING elapsed=810s — waiting …
2026-06-03 15:36:20 | DEBUG    | Task 45a3bc33-ea24-4a65-9737-0022f00e49cc state=PENDING elapsed=815s — waiting …
2026-06-03 15:36:25 | DEBUG    | Task 45a3bc33-ea24-4a65-9737-0022f00e49cc state=PENDING elapsed=820s — waiting …
2026-06-03 15:36:30 | DEBUG    | Task 45a3bc33-ea24-4a65-9737-0022f00e49cc state=PENDING elapsed=825s — waiting …
2026-06-03 15:36:35 | DEBUG    | Task 45a3bc33-ea24-4a65-9737-0022f00e49cc state=PENDING elapsed=830s — waiting …
2026-06-03 15:36:40 | DEBUG    | Task 45a3bc33-ea24-4a65-9737-0022f00e49cc state=PENDING elapsed=835s — waiting …
2026-06-03 15:36:45 | DEBUG    | Task 45a3bc33-ea24-4a65-9737-0022f00e49cc state=PENDING elapsed=840s — waiting …
2026-06-03 15:36:50 | DEBUG    | Task 45a3bc33-ea24-4a65-9737-0022f00e49cc state=PENDING elapsed=845s — waiting …
2026-06-03 15:36:55 | DEBUG    | Task 45a3bc33-ea24-4a65-9737-0022f00e49cc state=PENDING elapsed=850s — waiting …
2026-06-03 15:37:00 | DEBUG    | Task 45a3bc33-ea24-4a65-9737-0022f00e49cc state=PENDING elapsed=855s — waiting …
2026-06-03 15:37:05 | DEBUG    | Task 45a3bc33-ea24-4a65-9737-0022f00e49cc state=PENDING elapsed=860s — waiting …
2026-06-03 15:37:10 | DEBUG    | Task 45a3bc33-ea24-4a65-9737-0022f00e49cc state=PENDING elapsed=865s — waiting …
2026-06-03 15:37:15 | DEBUG    | Task 45a3bc33-ea24-4a65-9737-0022f00e49cc state=PENDING elapsed=870s — waiting …
2026-06-03 15:37:20 | DEBUG    | Task 45a3bc33-ea24-4a65-9737-0022f00e49cc state=PENDING elapsed=875s — waiting …
2026-06-03 15:37:25 | DEBUG    | Task 45a3bc33-ea24-4a65-9737-0022f00e49cc state=PENDING elapsed=880s — waiting …
2026-06-03 15:37:30 | DEBUG    | Task 45a3bc33-ea24-4a65-9737-0022f00e49cc state=PENDING elapsed=885s — waiting …
2026-06-03 15:37:35 | DEBUG    | Task 45a3bc33-ea24-4a65-9737-0022f00e49cc state=PENDING elapsed=890s — waiting …
2026-06-03 15:37:40 | DEBUG    | Task 45a3bc33-ea24-4a65-9737-0022f00e49cc state=PENDING elapsed=895s — waiting …
2026-06-03 15:37:45 | DEBUG    | Task 45a3bc33-ea24-4a65-9737-0022f00e49cc state=PENDING elapsed=900s — waiting …
2026-06-03 15:37:50 | DEBUG    | Task 45a3bc33-ea24-4a65-9737-0022f00e49cc state=PENDING elapsed=905s — waiting …
2026-06-03 15:37:55 | DEBUG    | Task 45a3bc33-ea24-4a65-9737-0022f00e49cc state=PENDING elapsed=910s — waiting …
2026-06-03 15:38:00 | DEBUG    | Task 45a3bc33-ea24-4a65-9737-0022f00e49cc state=PENDING elapsed=915s — waiting …
2026-06-03 15:38:05 | DEBUG    | Task 45a3bc33-ea24-4a65-9737-0022f00e49cc state=PENDING elapsed=920s — waiting …
2026-06-03 15:38:10 | DEBUG    | Task 45a3bc33-ea24-4a65-9737-0022f00e49cc state=PENDING elapsed=925s — waiting …
2026-06-03 15:38:15 | DEBUG    | Task 45a3bc33-ea24-4a65-9737-0022f00e49cc state=PENDING elapsed=930s — waiting …
2026-06-03 15:38:20 | DEBUG    | Task 45a3bc33-ea24-4a65-9737-0022f00e49cc state=PENDING elapsed=935s — waiting …
2026-06-03 15:38:25 | DEBUG    | Task 45a3bc33-ea24-4a65-9737-0022f00e49cc state=PENDING elapsed=940s — waiting …
2026-06-03 15:38:30 | DEBUG    | Task 45a3bc33-ea24-4a65-9737-0022f00e49cc state=PENDING elapsed=945s — waiting …
2026-06-03 15:38:35 | DEBUG    | Task 45a3bc33-ea24-4a65-9737-0022f00e49cc state=PENDING elapsed=950s — waiting …
2026-06-03 15:38:40 | DEBUG    | Task 45a3bc33-ea24-4a65-9737-0022f00e49cc state=PENDING elapsed=955s — waiting …
2026-06-03 15:38:45 | DEBUG    | Task 45a3bc33-ea24-4a65-9737-0022f00e49cc state=PENDING elapsed=960s — waiting …
2026-06-03 15:38:50 | DEBUG    | Task 45a3bc33-ea24-4a65-9737-0022f00e49cc state=PENDING elapsed=965s — waiting …
2026-06-03 15:38:55 | DEBUG    | Task 45a3bc33-ea24-4a65-9737-0022f00e49cc state=PENDING elapsed=970s — waiting …
2026-06-03 15:39:00 | DEBUG    | Task 45a3bc33-ea24-4a65-9737-0022f00e49cc state=PENDING elapsed=975s — waiting …
2026-06-03 15:39:05 | DEBUG    | Task 45a3bc33-ea24-4a65-9737-0022f00e49cc state=PENDING elapsed=980s — waiting …
2026-06-03 15:39:10 | DEBUG    | Task 45a3bc33-ea24-4a65-9737-0022f00e49cc state=PENDING elapsed=985s — waiting …
2026-06-03 15:39:15 | DEBUG    | Task 45a3bc33-ea24-4a65-9737-0022f00e49cc state=PENDING elapsed=990s — waiting …
2026-06-03 15:39:20 | DEBUG    | Task 45a3bc33-ea24-4a65-9737-0022f00e49cc state=PENDING elapsed=995s — waiting …
2026-06-03 15:39:25 | DEBUG    | Task 45a3bc33-ea24-4a65-9737-0022f00e49cc state=PENDING elapsed=1000s — waiting …
2026-06-03 15:39:30 | DEBUG    | Task 45a3bc33-ea24-4a65-9737-0022f00e49cc state=PENDING elapsed=1005s — waiting …
2026-06-03 15:39:35 | DEBUG    | Task 45a3bc33-ea24-4a65-9737-0022f00e49cc state=PENDING elapsed=1010s — waiting …
2026-06-03 15:39:40 | DEBUG    | Task 45a3bc33-ea24-4a65-9737-0022f00e49cc state=PENDING elapsed=1015s — waiting …
2026-06-03 15:39:45 | DEBUG    | Task 45a3bc33-ea24-4a65-9737-0022f00e49cc state=PENDING elapsed=1020s — waiting …
2026-06-03 15:39:50 | DEBUG    | Task 45a3bc33-ea24-4a65-9737-0022f00e49cc state=PENDING elapsed=1025s — waiting …
2026-06-03 15:39:55 | DEBUG    | Task 45a3bc33-ea24-4a65-9737-0022f00e49cc state=PENDING elapsed=1030s — waiting …
2026-06-03 15:40:00 | DEBUG    | Task 45a3bc33-ea24-4a65-9737-0022f00e49cc state=PENDING elapsed=1035s — waiting …
2026-06-03 15:40:05 | DEBUG    | Task 45a3bc33-ea24-4a65-9737-0022f00e49cc state=PENDING elapsed=1040s — waiting …
2026-06-03 15:40:10 | DEBUG    | Task 45a3bc33-ea24-4a65-9737-0022f00e49cc state=PENDING elapsed=1045s — waiting …
2026-06-03 15:40:15 | DEBUG    | Task 45a3bc33-ea24-4a65-9737-0022f00e49cc state=PENDING elapsed=1050s — waiting …
2026-06-03 15:40:20 | DEBUG    | Task 45a3bc33-ea24-4a65-9737-0022f00e49cc state=PENDING elapsed=1055s — waiting …
2026-06-03 15:40:26 | DEBUG    | Task 45a3bc33-ea24-4a65-9737-0022f00e49cc state=PENDING elapsed=1060s — waiting …
2026-06-03 15:40:31 | DEBUG    | Task 45a3bc33-ea24-4a65-9737-0022f00e49cc state=PENDING elapsed=1065s — waiting …
2026-06-03 15:40:36 | DEBUG    | Task 45a3bc33-ea24-4a65-9737-0022f00e49cc state=PENDING elapsed=1070s — waiting …
2026-06-03 15:40:41 | DEBUG    | Task 45a3bc33-ea24-4a65-9737-0022f00e49cc state=PENDING elapsed=1075s — waiting …
2026-06-03 15:40:46 | DEBUG    | Task 45a3bc33-ea24-4a65-9737-0022f00e49cc state=PENDING elapsed=1080s — waiting …
2026-06-03 15:40:51 | DEBUG    | Task 45a3bc33-ea24-4a65-9737-0022f00e49cc state=PENDING elapsed=1085s — waiting …
2026-06-03 15:40:56 | INFO     | Task 45a3bc33-ea24-4a65-9737-0022f00e49cc FINISHED in 1090s
2026-06-03 15:40:56 | INFO     | ✅ batch 3/16 (16 files) complete
2026-06-03 15:40:56 | INFO     | --- batch 4/16 (16 files) ---
2026-06-03 15:40:56 | DEBUG    |   Files: DW0003_EAGE2023_Tomo_PINN.pdf, DW0004_EAGE2023_PINN_slope.pdf, DW0005_EAGE2023_Microseismic_PINN.pdf, DW0006_EAGE2023_DiffusionFWI.pdf, DW0007_EAGE2023_FaciesClassMAE.pdf, DW0008_EAGE2023_StorSeismic.pdf, DW0009_EAGE2023_GOM_Full_Inversion.pdf, DW0010_EAGE2023_JointMicroseismicEvent_DetectTransf.pdf, DW0011_EAGE2023_DataDrivenDisc_SeismicWaveEq.pdf, DW0013_EAGE2023_GaborPINN.pdf, DW0014_EAGE2023_FrugalUncertaintyAnalysisForFWI.pdf, DW0015_EAGE2023_ModifiedTransformerBasedNetworkForSeismicProcessingTasks.pdf, DW0016_EAGE2023_LearnableGaborKernelsCNNs.pdf, DW0004_SEG2023_PINN_slope.pdf, DW0018_SEG2023_RockAVO.pdf, DW0021_SEG2023_DeepFWIHessian.pdf
2026-06-03 15:40:57 | INFO     | Upload accepted → task_id=befe739b-3de5-4df3-9ad4-3f143914cc39
2026-06-03 15:40:57 | DEBUG    | Task befe739b-3de5-4df3-9ad4-3f143914cc39 state=PENDING elapsed=0s — waiting …
2026-06-03 15:41:02 | DEBUG    | Task befe739b-3de5-4df3-9ad4-3f143914cc39 state=PENDING elapsed=5s — waiting …
2026-06-03 15:41:07 | DEBUG    | Task befe739b-3de5-4df3-9ad4-3f143914cc39 state=PENDING elapsed=10s — waiting …
2026-06-03 15:41:12 | DEBUG    | Task befe739b-3de5-4df3-9ad4-3f143914cc39 state=PENDING elapsed=15s — waiting …
2026-06-03 15:41:17 | DEBUG    | Task befe739b-3de5-4df3-9ad4-3f143914cc39 state=PENDING elapsed=20s — waiting …
2026-06-03 15:41:22 | DEBUG    | Task befe739b-3de5-4df3-9ad4-3f143914cc39 state=PENDING elapsed=25s — waiting …
2026-06-03 15:41:27 | DEBUG    | Task befe739b-3de5-4df3-9ad4-3f143914cc39 state=PENDING elapsed=30s — waiting …
2026-06-03 15:41:32 | DEBUG    | Task befe739b-3de5-4df3-9ad4-3f143914cc39 state=PENDING elapsed=35s — waiting …
2026-06-03 15:41:37 | DEBUG    | Task befe739b-3de5-4df3-9ad4-3f143914cc39 state=PENDING elapsed=40s — waiting …
2026-06-03 15:41:42 | DEBUG    | Task befe739b-3de5-4df3-9ad4-3f143914cc39 state=PENDING elapsed=45s — waiting …
2026-06-03 15:41:47 | DEBUG    | Task befe739b-3de5-4df3-9ad4-3f143914cc39 state=PENDING elapsed=50s — waiting …
2026-06-03 15:42:20 | DEBUG    | Task befe739b-3de5-4df3-9ad4-3f143914cc39 state=PENDING elapsed=84s — waiting …
2026-06-03 15:42:27 | DEBUG    | Task befe739b-3de5-4df3-9ad4-3f143914cc39 state=PENDING elapsed=90s — waiting …
2026-06-03 15:42:32 | DEBUG    | Task befe739b-3de5-4df3-9ad4-3f143914cc39 state=PENDING elapsed=95s — waiting …
2026-06-03 15:42:37 | DEBUG    | Task befe739b-3de5-4df3-9ad4-3f143914cc39 state=PENDING elapsed=100s — waiting …
2026-06-03 15:42:42 | DEBUG    | Task befe739b-3de5-4df3-9ad4-3f143914cc39 state=PENDING elapsed=105s — waiting …
2026-06-03 15:42:47 | DEBUG    | Task befe739b-3de5-4df3-9ad4-3f143914cc39 state=PENDING elapsed=111s — waiting …
2026-06-03 15:42:54 | DEBUG    | Task befe739b-3de5-4df3-9ad4-3f143914cc39 state=PENDING elapsed=118s — waiting …
2026-06-03 15:43:01 | DEBUG    | Task befe739b-3de5-4df3-9ad4-3f143914cc39 state=PENDING elapsed=124s — waiting …
2026-06-03 15:43:06 | INFO     | Task befe739b-3de5-4df3-9ad4-3f143914cc39 FINISHED in 129s
2026-06-03 15:43:06 | INFO     | ✅ batch 4/16 (16 files) complete
2026-06-03 15:43:06 | INFO     | --- batch 5/16 (16 files) ---
2026-06-03 15:43:06 | DEBUG    |   Files: DW0022_SEG2023_DeepVAEs.pdf, DW0023_SEG2023_StochIP.pdf, DW0013_GaborPINN.pdf, DW0014_PhysicsReliableFrugalUncertaintyAnalysisforFWI.pdf, DW0015_StorSeismic.pdf, DW0016_LearnableGaborCNNforInterpretation.pdf, DW0017_MetaProcessing.pdf, DW0018_RockAVO.pdf, DW0019_SaltFWISVGD.pdf, DW0020_Gabor_SSLDenoising.pdf, DW0021_DeepFWIHessian.pdf, DW0024_PnPRegularized3DSeismicInversionWith2DPre-trained Denoisers.pdf, DW0025_ConditionDiffusion.pdf, DW0026_IntraSeismic.pdf, DW0027_SSL-LowFrequencyExtrapolation.pdf, DW0028_LearnedRegularizationsElasticFWIUsingDiffusion.pdf
2026-06-03 15:43:09 | INFO     | Upload accepted → task_id=1967762d-5f4d-4318-9c18-ccb5caac2538
2026-06-03 15:43:09 | DEBUG    | Task 1967762d-5f4d-4318-9c18-ccb5caac2538 state=PENDING elapsed=0s — waiting …
2026-06-03 15:43:16 | DEBUG    | Task 1967762d-5f4d-4318-9c18-ccb5caac2538 state=PENDING elapsed=7s — waiting …
2026-06-03 15:43:21 | DEBUG    | Task 1967762d-5f4d-4318-9c18-ccb5caac2538 state=PENDING elapsed=12s — waiting …
2026-06-03 15:43:26 | DEBUG    | Task 1967762d-5f4d-4318-9c18-ccb5caac2538 state=PENDING elapsed=17s — waiting …
2026-06-03 15:43:31 | DEBUG    | Task 1967762d-5f4d-4318-9c18-ccb5caac2538 state=PENDING elapsed=22s — waiting …
2026-06-03 15:43:36 | DEBUG    | Task 1967762d-5f4d-4318-9c18-ccb5caac2538 state=PENDING elapsed=27s — waiting …
2026-06-03 15:43:41 | DEBUG    | Task 1967762d-5f4d-4318-9c18-ccb5caac2538 state=PENDING elapsed=32s — waiting …
2026-06-03 15:43:46 | DEBUG    | Task 1967762d-5f4d-4318-9c18-ccb5caac2538 state=PENDING elapsed=37s — waiting …
2026-06-03 15:43:51 | DEBUG    | Task 1967762d-5f4d-4318-9c18-ccb5caac2538 state=PENDING elapsed=42s — waiting …
2026-06-03 15:43:56 | DEBUG    | Task 1967762d-5f4d-4318-9c18-ccb5caac2538 state=PENDING elapsed=47s — waiting …
2026-06-03 15:44:01 | DEBUG    | Task 1967762d-5f4d-4318-9c18-ccb5caac2538 state=PENDING elapsed=52s — waiting …
2026-06-03 15:44:06 | DEBUG    | Task 1967762d-5f4d-4318-9c18-ccb5caac2538 state=PENDING elapsed=57s — waiting …
2026-06-03 15:44:11 | DEBUG    | Task 1967762d-5f4d-4318-9c18-ccb5caac2538 state=PENDING elapsed=62s — waiting …
2026-06-03 15:44:16 | DEBUG    | Task 1967762d-5f4d-4318-9c18-ccb5caac2538 state=PENDING elapsed=67s — waiting …
2026-06-03 15:44:21 | DEBUG    | Task 1967762d-5f4d-4318-9c18-ccb5caac2538 state=PENDING elapsed=72s — waiting …
2026-06-03 15:44:26 | DEBUG    | Task 1967762d-5f4d-4318-9c18-ccb5caac2538 state=PENDING elapsed=77s — waiting …
2026-06-03 15:44:31 | DEBUG    | Task 1967762d-5f4d-4318-9c18-ccb5caac2538 state=PENDING elapsed=82s — waiting …
2026-06-03 15:44:36 | DEBUG    | Task 1967762d-5f4d-4318-9c18-ccb5caac2538 state=PENDING elapsed=87s — waiting …
2026-06-03 15:44:41 | DEBUG    | Task 1967762d-5f4d-4318-9c18-ccb5caac2538 state=PENDING elapsed=92s — waiting …
2026-06-03 15:44:46 | DEBUG    | Task 1967762d-5f4d-4318-9c18-ccb5caac2538 state=PENDING elapsed=97s — waiting …
2026-06-03 15:44:51 | DEBUG    | Task 1967762d-5f4d-4318-9c18-ccb5caac2538 state=PENDING elapsed=102s — waiting …
2026-06-03 15:44:56 | DEBUG    | Task 1967762d-5f4d-4318-9c18-ccb5caac2538 state=PENDING elapsed=107s — waiting …
2026-06-03 15:45:01 | DEBUG    | Task 1967762d-5f4d-4318-9c18-ccb5caac2538 state=PENDING elapsed=112s — waiting …
2026-06-03 15:45:06 | DEBUG    | Task 1967762d-5f4d-4318-9c18-ccb5caac2538 state=PENDING elapsed=117s — waiting …
2026-06-03 15:45:11 | DEBUG    | Task 1967762d-5f4d-4318-9c18-ccb5caac2538 state=PENDING elapsed=122s — waiting …
2026-06-03 15:45:16 | DEBUG    | Task 1967762d-5f4d-4318-9c18-ccb5caac2538 state=PENDING elapsed=127s — waiting …
2026-06-03 15:45:21 | DEBUG    | Task 1967762d-5f4d-4318-9c18-ccb5caac2538 state=PENDING elapsed=132s — waiting …
2026-06-03 15:45:26 | DEBUG    | Task 1967762d-5f4d-4318-9c18-ccb5caac2538 state=PENDING elapsed=137s — waiting …
2026-06-03 15:45:31 | DEBUG    | Task 1967762d-5f4d-4318-9c18-ccb5caac2538 state=PENDING elapsed=142s — waiting …
2026-06-03 15:45:36 | DEBUG    | Task 1967762d-5f4d-4318-9c18-ccb5caac2538 state=PENDING elapsed=147s — waiting …
2026-06-03 15:45:41 | DEBUG    | Task 1967762d-5f4d-4318-9c18-ccb5caac2538 state=PENDING elapsed=152s — waiting …
2026-06-03 15:45:46 | DEBUG    | Task 1967762d-5f4d-4318-9c18-ccb5caac2538 state=PENDING elapsed=157s — waiting …
2026-06-03 15:45:51 | DEBUG    | Task 1967762d-5f4d-4318-9c18-ccb5caac2538 state=PENDING elapsed=162s — waiting …
2026-06-03 15:45:56 | DEBUG    | Task 1967762d-5f4d-4318-9c18-ccb5caac2538 state=PENDING elapsed=167s — waiting …
2026-06-03 15:46:01 | DEBUG    | Task 1967762d-5f4d-4318-9c18-ccb5caac2538 state=PENDING elapsed=172s — waiting …
2026-06-03 15:46:06 | DEBUG    | Task 1967762d-5f4d-4318-9c18-ccb5caac2538 state=PENDING elapsed=177s — waiting …
2026-06-03 15:46:11 | DEBUG    | Task 1967762d-5f4d-4318-9c18-ccb5caac2538 state=PENDING elapsed=182s — waiting …
2026-06-03 15:46:16 | DEBUG    | Task 1967762d-5f4d-4318-9c18-ccb5caac2538 state=PENDING elapsed=187s — waiting …
2026-06-03 15:46:24 | INFO     | Task 1967762d-5f4d-4318-9c18-ccb5caac2538 FINISHED in 195s
2026-06-03 15:46:24 | INFO     | ✅ batch 5/16 (16 files) complete
2026-06-03 15:46:24 | INFO     | --- batch 6/16 (16 files) ---
2026-06-03 15:46:24 | DEBUG    |   Files: DW0030_StorSeismicAttentionIsAllWhatSeismicDatasetNeeds.pdf, DW0033_DASDenoising.pdf, DeepWave Consortium - Annual Meeting Houston Agenda [Links].pdf, DeepWave Consortium - Annual Meeting Houston Agenda.pdf, 1.1 FreqSiameseFWI - A Novel Deep Learning Framework for Multi-Source Full Wave Inversion.pdf, 1.2 Multi prior assisted full waveform inversion using controllable diffusion models.pdf, 1.3 Full Waveform Inversion with a deep learning-based time shift objective function.pdf, 1.4 Diffusion model for multiparameter full waveform inversion.pdf, 1.5 VelocityGPT - Leveraging a pre-trained generative transformer network to propagate priors.pdf, 2.1 DeepWave_Separation-PINN_MasterSlide_XINRU.pdf, 2.2 Latent representation learning in physics-informed neural networks for subsurface prospecting.pdf, 2.3 Enhanced neural operator based full waveform inversion via physics-informed regularization.pdf, 3.1 Deep Learning Applications in Image Enhancement and Seismic Data Denoising.pdf, 3.2 DeepWave_SHIJUN-final.pdf, 3.3 Attention is all you need in seismic data processing.pdf, 4.1 CO2 monitoring using Diffusion Models informed by Physics.pdf
2026-06-03 15:46:27 | INFO     | Upload accepted → task_id=1144f4ae-aa59-4696-b070-7236bf90d65b
2026-06-03 15:46:27 | DEBUG    | Task 1144f4ae-aa59-4696-b070-7236bf90d65b state=PENDING elapsed=0s — waiting …
2026-06-03 15:46:32 | DEBUG    | Task 1144f4ae-aa59-4696-b070-7236bf90d65b state=PENDING elapsed=5s — waiting …
2026-06-03 15:46:37 | DEBUG    | Task 1144f4ae-aa59-4696-b070-7236bf90d65b state=PENDING elapsed=10s — waiting …
2026-06-03 15:46:42 | DEBUG    | Task 1144f4ae-aa59-4696-b070-7236bf90d65b state=PENDING elapsed=15s — waiting …
2026-06-03 15:46:47 | DEBUG    | Task 1144f4ae-aa59-4696-b070-7236bf90d65b state=PENDING elapsed=20s — waiting …
2026-06-03 15:46:52 | DEBUG    | Task 1144f4ae-aa59-4696-b070-7236bf90d65b state=PENDING elapsed=25s — waiting …
2026-06-03 15:46:57 | DEBUG    | Task 1144f4ae-aa59-4696-b070-7236bf90d65b state=PENDING elapsed=30s — waiting …
2026-06-03 15:47:02 | DEBUG    | Task 1144f4ae-aa59-4696-b070-7236bf90d65b state=PENDING elapsed=35s — waiting …
2026-06-03 15:47:07 | DEBUG    | Task 1144f4ae-aa59-4696-b070-7236bf90d65b state=PENDING elapsed=40s — waiting …
2026-06-03 15:47:12 | DEBUG    | Task 1144f4ae-aa59-4696-b070-7236bf90d65b state=PENDING elapsed=45s — waiting …
2026-06-03 15:47:17 | DEBUG    | Task 1144f4ae-aa59-4696-b070-7236bf90d65b state=PENDING elapsed=50s — waiting …
2026-06-03 15:47:22 | DEBUG    | Task 1144f4ae-aa59-4696-b070-7236bf90d65b state=PENDING elapsed=55s — waiting …
2026-06-03 15:47:27 | DEBUG    | Task 1144f4ae-aa59-4696-b070-7236bf90d65b state=PENDING elapsed=60s — waiting …
2026-06-03 15:47:32 | DEBUG    | Task 1144f4ae-aa59-4696-b070-7236bf90d65b state=PENDING elapsed=65s — waiting …
2026-06-03 15:47:37 | DEBUG    | Task 1144f4ae-aa59-4696-b070-7236bf90d65b state=PENDING elapsed=70s — waiting …
2026-06-03 15:47:42 | DEBUG    | Task 1144f4ae-aa59-4696-b070-7236bf90d65b state=PENDING elapsed=75s — waiting …
2026-06-03 15:47:47 | DEBUG    | Task 1144f4ae-aa59-4696-b070-7236bf90d65b state=PENDING elapsed=80s — waiting …
2026-06-03 15:47:52 | DEBUG    | Task 1144f4ae-aa59-4696-b070-7236bf90d65b state=PENDING elapsed=85s — waiting …
2026-06-03 15:47:57 | DEBUG    | Task 1144f4ae-aa59-4696-b070-7236bf90d65b state=PENDING elapsed=90s — waiting …
2026-06-03 15:48:02 | DEBUG    | Task 1144f4ae-aa59-4696-b070-7236bf90d65b state=PENDING elapsed=95s — waiting …
2026-06-03 15:48:07 | DEBUG    | Task 1144f4ae-aa59-4696-b070-7236bf90d65b state=PENDING elapsed=100s — waiting …
2026-06-03 15:48:12 | DEBUG    | Task 1144f4ae-aa59-4696-b070-7236bf90d65b state=PENDING elapsed=105s — waiting …
2026-06-03 15:48:17 | DEBUG    | Task 1144f4ae-aa59-4696-b070-7236bf90d65b state=PENDING elapsed=110s — waiting …
2026-06-03 15:48:22 | DEBUG    | Task 1144f4ae-aa59-4696-b070-7236bf90d65b state=PENDING elapsed=115s — waiting …
2026-06-03 15:48:27 | DEBUG    | Task 1144f4ae-aa59-4696-b070-7236bf90d65b state=PENDING elapsed=120s — waiting …
2026-06-03 15:48:32 | DEBUG    | Task 1144f4ae-aa59-4696-b070-7236bf90d65b state=PENDING elapsed=125s — waiting …
2026-06-03 15:48:37 | DEBUG    | Task 1144f4ae-aa59-4696-b070-7236bf90d65b state=PENDING elapsed=130s — waiting …
2026-06-03 15:48:43 | DEBUG    | Task 1144f4ae-aa59-4696-b070-7236bf90d65b state=PENDING elapsed=137s — waiting …
2026-06-03 15:48:48 | DEBUG    | Task 1144f4ae-aa59-4696-b070-7236bf90d65b state=PENDING elapsed=142s — waiting …
2026-06-03 15:48:53 | DEBUG    | Task 1144f4ae-aa59-4696-b070-7236bf90d65b state=PENDING elapsed=147s — waiting …
2026-06-03 15:48:58 | DEBUG    | Task 1144f4ae-aa59-4696-b070-7236bf90d65b state=PENDING elapsed=152s — waiting …
2026-06-03 15:49:03 | DEBUG    | Task 1144f4ae-aa59-4696-b070-7236bf90d65b state=PENDING elapsed=157s — waiting …
2026-06-03 15:49:08 | DEBUG    | Task 1144f4ae-aa59-4696-b070-7236bf90d65b state=PENDING elapsed=162s — waiting …
2026-06-03 15:49:13 | DEBUG    | Task 1144f4ae-aa59-4696-b070-7236bf90d65b state=PENDING elapsed=167s — waiting …
2026-06-03 15:49:18 | DEBUG    | Task 1144f4ae-aa59-4696-b070-7236bf90d65b state=PENDING elapsed=172s — waiting …
2026-06-03 15:49:23 | DEBUG    | Task 1144f4ae-aa59-4696-b070-7236bf90d65b state=PENDING elapsed=177s — waiting …
2026-06-03 15:49:28 | DEBUG    | Task 1144f4ae-aa59-4696-b070-7236bf90d65b state=PENDING elapsed=182s — waiting …
2026-06-03 15:49:33 | DEBUG    | Task 1144f4ae-aa59-4696-b070-7236bf90d65b state=PENDING elapsed=187s — waiting …
2026-06-03 15:49:38 | DEBUG    | Task 1144f4ae-aa59-4696-b070-7236bf90d65b state=PENDING elapsed=192s — waiting …
2026-06-03 15:49:43 | DEBUG    | Task 1144f4ae-aa59-4696-b070-7236bf90d65b state=PENDING elapsed=197s — waiting …
2026-06-03 15:49:48 | DEBUG    | Task 1144f4ae-aa59-4696-b070-7236bf90d65b state=PENDING elapsed=202s — waiting …
2026-06-03 15:49:53 | DEBUG    | Task 1144f4ae-aa59-4696-b070-7236bf90d65b state=PENDING elapsed=207s — waiting …
2026-06-03 15:49:58 | DEBUG    | Task 1144f4ae-aa59-4696-b070-7236bf90d65b state=PENDING elapsed=212s — waiting …
2026-06-03 15:50:03 | DEBUG    | Task 1144f4ae-aa59-4696-b070-7236bf90d65b state=PENDING elapsed=217s — waiting …
2026-06-03 15:50:08 | DEBUG    | Task 1144f4ae-aa59-4696-b070-7236bf90d65b state=PENDING elapsed=222s — waiting …
2026-06-03 15:50:13 | DEBUG    | Task 1144f4ae-aa59-4696-b070-7236bf90d65b state=PENDING elapsed=227s — waiting …
2026-06-03 15:50:18 | DEBUG    | Task 1144f4ae-aa59-4696-b070-7236bf90d65b state=PENDING elapsed=232s — waiting …
2026-06-03 15:50:23 | DEBUG    | Task 1144f4ae-aa59-4696-b070-7236bf90d65b state=PENDING elapsed=237s — waiting …
2026-06-03 15:50:28 | DEBUG    | Task 1144f4ae-aa59-4696-b070-7236bf90d65b state=PENDING elapsed=242s — waiting …
2026-06-03 15:50:33 | DEBUG    | Task 1144f4ae-aa59-4696-b070-7236bf90d65b state=PENDING elapsed=247s — waiting …
2026-06-03 15:50:38 | DEBUG    | Task 1144f4ae-aa59-4696-b070-7236bf90d65b state=PENDING elapsed=252s — waiting …
2026-06-03 15:50:43 | DEBUG    | Task 1144f4ae-aa59-4696-b070-7236bf90d65b state=PENDING elapsed=257s — waiting …
2026-06-03 15:50:48 | DEBUG    | Task 1144f4ae-aa59-4696-b070-7236bf90d65b state=PENDING elapsed=262s — waiting …
2026-06-03 15:50:54 | DEBUG    | Task 1144f4ae-aa59-4696-b070-7236bf90d65b state=PENDING elapsed=267s — waiting …
2026-06-03 15:50:59 | DEBUG    | Task 1144f4ae-aa59-4696-b070-7236bf90d65b state=PENDING elapsed=272s — waiting …
2026-06-03 15:51:04 | DEBUG    | Task 1144f4ae-aa59-4696-b070-7236bf90d65b state=PENDING elapsed=277s — waiting …
2026-06-03 15:51:09 | DEBUG    | Task 1144f4ae-aa59-4696-b070-7236bf90d65b state=PENDING elapsed=282s — waiting …
2026-06-03 15:51:14 | DEBUG    | Task 1144f4ae-aa59-4696-b070-7236bf90d65b state=PENDING elapsed=287s — waiting …
2026-06-03 15:51:19 | DEBUG    | Task 1144f4ae-aa59-4696-b070-7236bf90d65b state=PENDING elapsed=292s — waiting …
2026-06-03 15:51:24 | DEBUG    | Task 1144f4ae-aa59-4696-b070-7236bf90d65b state=PENDING elapsed=297s — waiting …
2026-06-03 15:51:29 | DEBUG    | Task 1144f4ae-aa59-4696-b070-7236bf90d65b state=PENDING elapsed=302s — waiting …
2026-06-03 15:51:34 | DEBUG    | Task 1144f4ae-aa59-4696-b070-7236bf90d65b state=PENDING elapsed=307s — waiting …
2026-06-03 15:51:39 | DEBUG    | Task 1144f4ae-aa59-4696-b070-7236bf90d65b state=PENDING elapsed=312s — waiting …
2026-06-03 15:51:44 | DEBUG    | Task 1144f4ae-aa59-4696-b070-7236bf90d65b state=PENDING elapsed=317s — waiting …
2026-06-03 15:51:49 | DEBUG    | Task 1144f4ae-aa59-4696-b070-7236bf90d65b state=PENDING elapsed=322s — waiting …
2026-06-03 15:51:54 | DEBUG    | Task 1144f4ae-aa59-4696-b070-7236bf90d65b state=PENDING elapsed=327s — waiting …
2026-06-03 15:51:59 | DEBUG    | Task 1144f4ae-aa59-4696-b070-7236bf90d65b state=PENDING elapsed=332s — waiting …
2026-06-03 15:52:04 | DEBUG    | Task 1144f4ae-aa59-4696-b070-7236bf90d65b state=PENDING elapsed=337s — waiting …
2026-06-03 15:52:09 | DEBUG    | Task 1144f4ae-aa59-4696-b070-7236bf90d65b state=PENDING elapsed=342s — waiting …
2026-06-03 15:52:14 | DEBUG    | Task 1144f4ae-aa59-4696-b070-7236bf90d65b state=PENDING elapsed=347s — waiting …
2026-06-03 15:52:19 | DEBUG    | Task 1144f4ae-aa59-4696-b070-7236bf90d65b state=PENDING elapsed=352s — waiting …
2026-06-03 15:52:24 | DEBUG    | Task 1144f4ae-aa59-4696-b070-7236bf90d65b state=PENDING elapsed=357s — waiting …
2026-06-03 15:52:29 | DEBUG    | Task 1144f4ae-aa59-4696-b070-7236bf90d65b state=PENDING elapsed=362s — waiting …
2026-06-03 15:52:34 | DEBUG    | Task 1144f4ae-aa59-4696-b070-7236bf90d65b state=PENDING elapsed=367s — waiting …
2026-06-03 15:52:39 | DEBUG    | Task 1144f4ae-aa59-4696-b070-7236bf90d65b state=PENDING elapsed=372s — waiting …
2026-06-03 15:52:44 | DEBUG    | Task 1144f4ae-aa59-4696-b070-7236bf90d65b state=PENDING elapsed=377s — waiting …
2026-06-03 15:52:49 | DEBUG    | Task 1144f4ae-aa59-4696-b070-7236bf90d65b state=PENDING elapsed=382s — waiting …
2026-06-03 15:52:54 | DEBUG    | Task 1144f4ae-aa59-4696-b070-7236bf90d65b state=PENDING elapsed=387s — waiting …
2026-06-03 15:52:59 | DEBUG    | Task 1144f4ae-aa59-4696-b070-7236bf90d65b state=PENDING elapsed=392s — waiting …
2026-06-03 15:53:04 | DEBUG    | Task 1144f4ae-aa59-4696-b070-7236bf90d65b state=PENDING elapsed=397s — waiting …
2026-06-03 15:53:09 | DEBUG    | Task 1144f4ae-aa59-4696-b070-7236bf90d65b state=PENDING elapsed=402s — waiting …
2026-06-03 15:53:14 | DEBUG    | Task 1144f4ae-aa59-4696-b070-7236bf90d65b state=PENDING elapsed=407s — waiting …
2026-06-03 15:53:19 | DEBUG    | Task 1144f4ae-aa59-4696-b070-7236bf90d65b state=PENDING elapsed=412s — waiting …
2026-06-03 15:53:24 | DEBUG    | Task 1144f4ae-aa59-4696-b070-7236bf90d65b state=PENDING elapsed=417s — waiting …
2026-06-03 15:53:29 | DEBUG    | Task 1144f4ae-aa59-4696-b070-7236bf90d65b state=PENDING elapsed=422s — waiting …
2026-06-03 15:53:34 | WARNING  | Task 1144f4ae-aa59-4696-b070-7236bf90d65b: 2 document(s) failed — ["DeepWave Consortium - Annual Meeting Houston Agenda [Links].pdf", "DeepWave Consortium - Annual Meeting Houston Agenda.pdf"]
2026-06-03 15:53:34 | INFO     | Task 1144f4ae-aa59-4696-b070-7236bf90d65b FINISHED in 427s
2026-06-03 15:53:34 | WARNING  | ⚠ batch 6/16 (16 files) partial: 2 doc(s) failed — ['DeepWave Consortium - Annual Meeting Houston Agenda [Links].pdf', 'DeepWave Consortium - Annual Meeting Houston Agenda.pdf']
2026-06-03 15:53:34 | INFO     | --- batch 7/16 (16 files) ---
2026-06-03 15:53:34 | DEBUG    |   Files: 4.2 IntraSeismic on FWI.pdf, 4.3 From my microseismic experience to Deepwave - what is next.pdf, 4.4 DL-based 3D Microseismic Event Direct Location Using Simultaneous Surface and Borehole Data.pdf, 4.5 Near-surface seismic scattering noise suppression with sparsity-structured Gabor-based unsupervised network.pdf, 4.6 Slope assisted seismic signal separation with PINNs.pdf, 4.7 Enhanced U-Net Framework for Complex Salt Body Building in Full-Waveform Inversion.pdf, 4.8 FWI for micro-seismic problems - Moment tensor determination with uncertainty quantification.pdf, 5.1 Flexible subsurface multiphysics inversion and probabilistic forecasting using video diffusion models.pdf, 5.2 Bayesian Seismic Inversion with Implicit Neural Representations.pdf, 5.3 Annealed Stein Variational Gradient Descent for Improved FWI Uncertainty Estimation.pdf, 5.4 Parametric and non-parametric UQ for Deep Learning based microseismic source localization.pdf, 5.5 Conditional Image Prior for Uncertainty Quantification in Full Waveform Inversion.pdf, DeepWave_Annual_Report_2024.pdf, DW0020_EAGE2024_Gabor-basedLearnableSparseRepresentation.pdf, DW0024_EAGE2024_MACE.pdf, DW0029_EAGE2024_Neuroseismic.pdf
2026-06-03 15:53:37 | INFO     | Upload accepted → task_id=11cb3efd-c015-44d5-b38a-e2d6d17725aa
2026-06-03 15:53:37 | DEBUG    | Task 11cb3efd-c015-44d5-b38a-e2d6d17725aa state=PENDING elapsed=0s — waiting …
2026-06-03 15:53:42 | DEBUG    | Task 11cb3efd-c015-44d5-b38a-e2d6d17725aa state=PENDING elapsed=5s — waiting …
2026-06-03 15:53:47 | DEBUG    | Task 11cb3efd-c015-44d5-b38a-e2d6d17725aa state=PENDING elapsed=10s — waiting …
2026-06-03 15:53:52 | DEBUG    | Task 11cb3efd-c015-44d5-b38a-e2d6d17725aa state=PENDING elapsed=15s — waiting …
2026-06-03 15:53:59 | DEBUG    | Task 11cb3efd-c015-44d5-b38a-e2d6d17725aa state=PENDING elapsed=22s — waiting …
2026-06-03 15:54:04 | DEBUG    | Task 11cb3efd-c015-44d5-b38a-e2d6d17725aa state=PENDING elapsed=27s — waiting …
2026-06-03 15:54:09 | DEBUG    | Task 11cb3efd-c015-44d5-b38a-e2d6d17725aa state=PENDING elapsed=32s — waiting …
2026-06-03 15:54:14 | DEBUG    | Task 11cb3efd-c015-44d5-b38a-e2d6d17725aa state=PENDING elapsed=37s — waiting …
2026-06-03 15:54:19 | DEBUG    | Task 11cb3efd-c015-44d5-b38a-e2d6d17725aa state=PENDING elapsed=42s — waiting …
2026-06-03 15:54:24 | DEBUG    | Task 11cb3efd-c015-44d5-b38a-e2d6d17725aa state=PENDING elapsed=47s — waiting …
2026-06-03 15:54:29 | DEBUG    | Task 11cb3efd-c015-44d5-b38a-e2d6d17725aa state=PENDING elapsed=52s — waiting …
2026-06-03 15:54:34 | DEBUG    | Task 11cb3efd-c015-44d5-b38a-e2d6d17725aa state=PENDING elapsed=57s — waiting …
2026-06-03 15:54:39 | DEBUG    | Task 11cb3efd-c015-44d5-b38a-e2d6d17725aa state=PENDING elapsed=62s — waiting …
2026-06-03 15:54:44 | DEBUG    | Task 11cb3efd-c015-44d5-b38a-e2d6d17725aa state=PENDING elapsed=67s — waiting …
2026-06-03 15:54:49 | DEBUG    | Task 11cb3efd-c015-44d5-b38a-e2d6d17725aa state=PENDING elapsed=72s — waiting …
2026-06-03 15:54:54 | DEBUG    | Task 11cb3efd-c015-44d5-b38a-e2d6d17725aa state=PENDING elapsed=77s — waiting …
2026-06-03 15:54:59 | DEBUG    | Task 11cb3efd-c015-44d5-b38a-e2d6d17725aa state=PENDING elapsed=82s — waiting …
2026-06-03 15:55:04 | DEBUG    | Task 11cb3efd-c015-44d5-b38a-e2d6d17725aa state=PENDING elapsed=87s — waiting …
2026-06-03 15:55:09 | DEBUG    | Task 11cb3efd-c015-44d5-b38a-e2d6d17725aa state=PENDING elapsed=92s — waiting …
2026-06-03 15:55:14 | DEBUG    | Task 11cb3efd-c015-44d5-b38a-e2d6d17725aa state=PENDING elapsed=97s — waiting …
2026-06-03 15:55:19 | DEBUG    | Task 11cb3efd-c015-44d5-b38a-e2d6d17725aa state=PENDING elapsed=102s — waiting …
2026-06-03 15:55:24 | DEBUG    | Task 11cb3efd-c015-44d5-b38a-e2d6d17725aa state=PENDING elapsed=107s — waiting …
2026-06-03 15:55:29 | DEBUG    | Task 11cb3efd-c015-44d5-b38a-e2d6d17725aa state=PENDING elapsed=112s — waiting …
2026-06-03 15:55:34 | DEBUG    | Task 11cb3efd-c015-44d5-b38a-e2d6d17725aa state=PENDING elapsed=117s — waiting …
2026-06-03 15:55:39 | DEBUG    | Task 11cb3efd-c015-44d5-b38a-e2d6d17725aa state=PENDING elapsed=122s — waiting …
2026-06-03 15:55:44 | DEBUG    | Task 11cb3efd-c015-44d5-b38a-e2d6d17725aa state=PENDING elapsed=127s — waiting …
2026-06-03 15:55:49 | DEBUG    | Task 11cb3efd-c015-44d5-b38a-e2d6d17725aa state=PENDING elapsed=132s — waiting …
2026-06-03 15:55:54 | DEBUG    | Task 11cb3efd-c015-44d5-b38a-e2d6d17725aa state=PENDING elapsed=137s — waiting …
2026-06-03 15:55:59 | DEBUG    | Task 11cb3efd-c015-44d5-b38a-e2d6d17725aa state=PENDING elapsed=142s — waiting …
2026-06-03 15:56:04 | DEBUG    | Task 11cb3efd-c015-44d5-b38a-e2d6d17725aa state=PENDING elapsed=147s — waiting …
2026-06-03 15:56:09 | DEBUG    | Task 11cb3efd-c015-44d5-b38a-e2d6d17725aa state=PENDING elapsed=152s — waiting …
2026-06-03 15:56:14 | DEBUG    | Task 11cb3efd-c015-44d5-b38a-e2d6d17725aa state=PENDING elapsed=157s — waiting …
2026-06-03 15:56:19 | DEBUG    | Task 11cb3efd-c015-44d5-b38a-e2d6d17725aa state=PENDING elapsed=162s — waiting …
2026-06-03 15:56:25 | DEBUG    | Task 11cb3efd-c015-44d5-b38a-e2d6d17725aa state=PENDING elapsed=168s — waiting …
2026-06-03 15:56:30 | DEBUG    | Task 11cb3efd-c015-44d5-b38a-e2d6d17725aa state=PENDING elapsed=173s — waiting …
2026-06-03 15:56:35 | DEBUG    | Task 11cb3efd-c015-44d5-b38a-e2d6d17725aa state=PENDING elapsed=178s — waiting …
2026-06-03 15:56:40 | DEBUG    | Task 11cb3efd-c015-44d5-b38a-e2d6d17725aa state=PENDING elapsed=183s — waiting …
2026-06-03 15:56:45 | DEBUG    | Task 11cb3efd-c015-44d5-b38a-e2d6d17725aa state=PENDING elapsed=188s — waiting …
2026-06-03 15:56:50 | DEBUG    | Task 11cb3efd-c015-44d5-b38a-e2d6d17725aa state=PENDING elapsed=193s — waiting …
2026-06-03 15:56:55 | DEBUG    | Task 11cb3efd-c015-44d5-b38a-e2d6d17725aa state=PENDING elapsed=198s — waiting …
2026-06-03 15:57:00 | DEBUG    | Task 11cb3efd-c015-44d5-b38a-e2d6d17725aa state=PENDING elapsed=203s — waiting …
2026-06-03 15:57:16 | DEBUG    | Task 11cb3efd-c015-44d5-b38a-e2d6d17725aa state=PENDING elapsed=219s — waiting …
2026-06-03 15:57:21 | DEBUG    | Task 11cb3efd-c015-44d5-b38a-e2d6d17725aa state=PENDING elapsed=224s — waiting …
2026-06-03 15:57:26 | DEBUG    | Task 11cb3efd-c015-44d5-b38a-e2d6d17725aa state=PENDING elapsed=229s — waiting …
2026-06-03 15:57:31 | DEBUG    | Task 11cb3efd-c015-44d5-b38a-e2d6d17725aa state=PENDING elapsed=234s — waiting …
2026-06-03 15:57:36 | DEBUG    | Task 11cb3efd-c015-44d5-b38a-e2d6d17725aa state=PENDING elapsed=239s — waiting …
2026-06-03 15:57:41 | DEBUG    | Task 11cb3efd-c015-44d5-b38a-e2d6d17725aa state=PENDING elapsed=244s — waiting …
2026-06-03 15:57:51 | DEBUG    | Task 11cb3efd-c015-44d5-b38a-e2d6d17725aa state=PENDING elapsed=254s — waiting …
2026-06-03 15:57:56 | DEBUG    | Task 11cb3efd-c015-44d5-b38a-e2d6d17725aa state=PENDING elapsed=259s — waiting …
2026-06-03 15:58:01 | DEBUG    | Task 11cb3efd-c015-44d5-b38a-e2d6d17725aa state=PENDING elapsed=264s — waiting …
2026-06-03 15:58:07 | DEBUG    | Task 11cb3efd-c015-44d5-b38a-e2d6d17725aa state=PENDING elapsed=270s — waiting …
2026-06-03 15:58:12 | DEBUG    | Task 11cb3efd-c015-44d5-b38a-e2d6d17725aa state=PENDING elapsed=275s — waiting …
2026-06-03 15:58:17 | DEBUG    | Task 11cb3efd-c015-44d5-b38a-e2d6d17725aa state=PENDING elapsed=280s — waiting …
2026-06-03 15:58:22 | DEBUG    | Task 11cb3efd-c015-44d5-b38a-e2d6d17725aa state=PENDING elapsed=285s — waiting …
2026-06-03 15:58:27 | DEBUG    | Task 11cb3efd-c015-44d5-b38a-e2d6d17725aa state=PENDING elapsed=290s — waiting …
2026-06-03 15:58:32 | DEBUG    | Task 11cb3efd-c015-44d5-b38a-e2d6d17725aa state=PENDING elapsed=295s — waiting …
2026-06-03 15:58:37 | DEBUG    | Task 11cb3efd-c015-44d5-b38a-e2d6d17725aa state=PENDING elapsed=300s — waiting …
2026-06-03 15:58:42 | DEBUG    | Task 11cb3efd-c015-44d5-b38a-e2d6d17725aa state=PENDING elapsed=305s — waiting …
2026-06-03 15:58:47 | DEBUG    | Task 11cb3efd-c015-44d5-b38a-e2d6d17725aa state=PENDING elapsed=310s — waiting …
2026-06-03 15:58:52 | DEBUG    | Task 11cb3efd-c015-44d5-b38a-e2d6d17725aa state=PENDING elapsed=315s — waiting …
2026-06-03 15:58:57 | DEBUG    | Task 11cb3efd-c015-44d5-b38a-e2d6d17725aa state=PENDING elapsed=320s — waiting …
2026-06-03 15:59:02 | DEBUG    | Task 11cb3efd-c015-44d5-b38a-e2d6d17725aa state=PENDING elapsed=325s — waiting …
2026-06-03 15:59:07 | DEBUG    | Task 11cb3efd-c015-44d5-b38a-e2d6d17725aa state=PENDING elapsed=330s — waiting …
2026-06-03 15:59:12 | DEBUG    | Task 11cb3efd-c015-44d5-b38a-e2d6d17725aa state=PENDING elapsed=335s — waiting …
2026-06-03 15:59:17 | DEBUG    | Task 11cb3efd-c015-44d5-b38a-e2d6d17725aa state=PENDING elapsed=340s — waiting …
2026-06-03 15:59:22 | DEBUG    | Task 11cb3efd-c015-44d5-b38a-e2d6d17725aa state=PENDING elapsed=345s — waiting …
2026-06-03 15:59:27 | DEBUG    | Task 11cb3efd-c015-44d5-b38a-e2d6d17725aa state=PENDING elapsed=350s — waiting …
2026-06-03 15:59:32 | DEBUG    | Task 11cb3efd-c015-44d5-b38a-e2d6d17725aa state=PENDING elapsed=355s — waiting …
2026-06-03 15:59:37 | DEBUG    | Task 11cb3efd-c015-44d5-b38a-e2d6d17725aa state=PENDING elapsed=360s — waiting …
2026-06-03 15:59:42 | DEBUG    | Task 11cb3efd-c015-44d5-b38a-e2d6d17725aa state=PENDING elapsed=365s — waiting …
2026-06-03 15:59:47 | DEBUG    | Task 11cb3efd-c015-44d5-b38a-e2d6d17725aa state=PENDING elapsed=370s — waiting …
2026-06-03 15:59:52 | DEBUG    | Task 11cb3efd-c015-44d5-b38a-e2d6d17725aa state=PENDING elapsed=375s — waiting …
2026-06-03 15:59:57 | DEBUG    | Task 11cb3efd-c015-44d5-b38a-e2d6d17725aa state=PENDING elapsed=380s — waiting …
2026-06-03 16:00:02 | DEBUG    | Task 11cb3efd-c015-44d5-b38a-e2d6d17725aa state=PENDING elapsed=385s — waiting …
2026-06-03 16:00:07 | DEBUG    | Task 11cb3efd-c015-44d5-b38a-e2d6d17725aa state=PENDING elapsed=390s — waiting …
2026-06-03 16:00:12 | DEBUG    | Task 11cb3efd-c015-44d5-b38a-e2d6d17725aa state=PENDING elapsed=395s — waiting …
2026-06-03 16:00:17 | DEBUG    | Task 11cb3efd-c015-44d5-b38a-e2d6d17725aa state=PENDING elapsed=400s — waiting …
2026-06-03 16:00:22 | DEBUG    | Task 11cb3efd-c015-44d5-b38a-e2d6d17725aa state=PENDING elapsed=405s — waiting …
2026-06-03 16:00:27 | DEBUG    | Task 11cb3efd-c015-44d5-b38a-e2d6d17725aa state=PENDING elapsed=410s — waiting …
2026-06-03 16:00:32 | DEBUG    | Task 11cb3efd-c015-44d5-b38a-e2d6d17725aa state=PENDING elapsed=415s — waiting …
2026-06-03 16:00:37 | DEBUG    | Task 11cb3efd-c015-44d5-b38a-e2d6d17725aa state=PENDING elapsed=420s — waiting …
2026-06-03 16:00:42 | DEBUG    | Task 11cb3efd-c015-44d5-b38a-e2d6d17725aa state=PENDING elapsed=425s — waiting …
2026-06-03 16:00:47 | DEBUG    | Task 11cb3efd-c015-44d5-b38a-e2d6d17725aa state=PENDING elapsed=430s — waiting …
2026-06-03 16:00:52 | DEBUG    | Task 11cb3efd-c015-44d5-b38a-e2d6d17725aa state=PENDING elapsed=435s — waiting …
2026-06-03 16:00:58 | DEBUG    | Task 11cb3efd-c015-44d5-b38a-e2d6d17725aa state=PENDING elapsed=441s — waiting …
2026-06-03 16:01:03 | DEBUG    | Task 11cb3efd-c015-44d5-b38a-e2d6d17725aa state=PENDING elapsed=446s — waiting …
2026-06-03 16:01:08 | DEBUG    | Task 11cb3efd-c015-44d5-b38a-e2d6d17725aa state=PENDING elapsed=451s — waiting …
2026-06-03 16:01:13 | DEBUG    | Task 11cb3efd-c015-44d5-b38a-e2d6d17725aa state=PENDING elapsed=456s — waiting …
2026-06-03 16:01:18 | DEBUG    | Task 11cb3efd-c015-44d5-b38a-e2d6d17725aa state=PENDING elapsed=461s — waiting …
2026-06-03 16:01:23 | DEBUG    | Task 11cb3efd-c015-44d5-b38a-e2d6d17725aa state=PENDING elapsed=466s — waiting …
2026-06-03 16:01:28 | DEBUG    | Task 11cb3efd-c015-44d5-b38a-e2d6d17725aa state=PENDING elapsed=471s — waiting …
2026-06-03 16:01:34 | DEBUG    | Task 11cb3efd-c015-44d5-b38a-e2d6d17725aa state=PENDING elapsed=477s — waiting …
2026-06-03 16:01:39 | DEBUG    | Task 11cb3efd-c015-44d5-b38a-e2d6d17725aa state=PENDING elapsed=482s — waiting …
2026-06-03 16:01:48 | INFO     | Task 11cb3efd-c015-44d5-b38a-e2d6d17725aa FINISHED in 491s
2026-06-03 16:01:48 | INFO     | ✅ batch 7/16 (16 files) complete
2026-06-03 16:01:48 | INFO     | --- batch 8/16 (16 files) ---
2026-06-03 16:01:48 | DEBUG    |   Files: DW0031_EAGE2024_Transformer-basedNetworkLandSeismicGroundRollSuppression.pdf, DW0032_EAGE2024_3DMicroseismicEventDirectLocation3C.pdf, DW0034_EAGE2024_SSDeblend3D.pdf, DW0035_EAGE2024_LocalSlopeGuidedSeismicSignalSeparation.pdf, DW0036_EAGE2024_RegularizedSeis2Rock.pdf, DW0037_EAGE2024_LatentPINN.pdf, DW0038_EAGE2024_4DIntraSeismic.pdf, DW0039_EAGE2024_UQMicroseismicLocation.pdf, DW0040_EAGE2024_EfficientTransformerSeismicImageEnhancement.pdf, DW0041_EAGE2024_VelocityGPT.pdf, DW0042_EAGE2024_SiameseFWI.pdf, DW0043_EAGE2024_SSL_MetaProcessing.pdf, DW0044_EAGE2024_ConditionalDiffusionFWI.pdf, DW0045_EAGE2024_DiffusionbasedSubsurfaceMultiphysicsMonitoringForecasting.pdf, DW0009_IMAGE2024_IntegratingUNetintoFWIforSaltBodyBuilding.pdf, DW0021_IMAGE2024_EnhancingFWIwithDLApproxInverseHessian.pdf
2026-06-03 16:01:50 | INFO     | Upload accepted → task_id=6c613fd6-1c00-4916-84b9-23bc1f571b7a
2026-06-03 16:01:50 | DEBUG    | Task 6c613fd6-1c00-4916-84b9-23bc1f571b7a state=PENDING elapsed=0s — waiting …
2026-06-03 16:01:55 | DEBUG    | Task 6c613fd6-1c00-4916-84b9-23bc1f571b7a state=PENDING elapsed=5s — waiting …
2026-06-03 16:02:00 | DEBUG    | Task 6c613fd6-1c00-4916-84b9-23bc1f571b7a state=PENDING elapsed=10s — waiting …
2026-06-03 16:02:05 | DEBUG    | Task 6c613fd6-1c00-4916-84b9-23bc1f571b7a state=PENDING elapsed=15s — waiting …
2026-06-03 16:02:10 | DEBUG    | Task 6c613fd6-1c00-4916-84b9-23bc1f571b7a state=PENDING elapsed=20s — waiting …
2026-06-03 16:02:15 | DEBUG    | Task 6c613fd6-1c00-4916-84b9-23bc1f571b7a state=PENDING elapsed=25s — waiting …
2026-06-03 16:02:20 | DEBUG    | Task 6c613fd6-1c00-4916-84b9-23bc1f571b7a state=PENDING elapsed=30s — waiting …
2026-06-03 16:02:25 | DEBUG    | Task 6c613fd6-1c00-4916-84b9-23bc1f571b7a state=PENDING elapsed=35s — waiting …
2026-06-03 16:02:30 | DEBUG    | Task 6c613fd6-1c00-4916-84b9-23bc1f571b7a state=PENDING elapsed=40s — waiting …
2026-06-03 16:02:35 | DEBUG    | Task 6c613fd6-1c00-4916-84b9-23bc1f571b7a state=PENDING elapsed=45s — waiting …
2026-06-03 16:02:40 | DEBUG    | Task 6c613fd6-1c00-4916-84b9-23bc1f571b7a state=PENDING elapsed=50s — waiting …
2026-06-03 16:02:45 | DEBUG    | Task 6c613fd6-1c00-4916-84b9-23bc1f571b7a state=PENDING elapsed=55s — waiting …
2026-06-03 16:02:50 | DEBUG    | Task 6c613fd6-1c00-4916-84b9-23bc1f571b7a state=PENDING elapsed=60s — waiting …
2026-06-03 16:02:55 | DEBUG    | Task 6c613fd6-1c00-4916-84b9-23bc1f571b7a state=PENDING elapsed=65s — waiting …
2026-06-03 16:03:00 | DEBUG    | Task 6c613fd6-1c00-4916-84b9-23bc1f571b7a state=PENDING elapsed=70s — waiting …
2026-06-03 16:03:05 | DEBUG    | Task 6c613fd6-1c00-4916-84b9-23bc1f571b7a state=PENDING elapsed=75s — waiting …
2026-06-03 16:03:10 | DEBUG    | Task 6c613fd6-1c00-4916-84b9-23bc1f571b7a state=PENDING elapsed=80s — waiting …
2026-06-03 16:03:15 | DEBUG    | Task 6c613fd6-1c00-4916-84b9-23bc1f571b7a state=PENDING elapsed=85s — waiting …
2026-06-03 16:03:20 | DEBUG    | Task 6c613fd6-1c00-4916-84b9-23bc1f571b7a state=PENDING elapsed=90s — waiting …
2026-06-03 16:03:25 | DEBUG    | Task 6c613fd6-1c00-4916-84b9-23bc1f571b7a state=PENDING elapsed=95s — waiting …
2026-06-03 16:03:30 | DEBUG    | Task 6c613fd6-1c00-4916-84b9-23bc1f571b7a state=PENDING elapsed=100s — waiting …
2026-06-03 16:03:35 | DEBUG    | Task 6c613fd6-1c00-4916-84b9-23bc1f571b7a state=PENDING elapsed=105s — waiting …
2026-06-03 16:03:40 | DEBUG    | Task 6c613fd6-1c00-4916-84b9-23bc1f571b7a state=PENDING elapsed=110s — waiting …
2026-06-03 16:03:45 | DEBUG    | Task 6c613fd6-1c00-4916-84b9-23bc1f571b7a state=PENDING elapsed=115s — waiting …
2026-06-03 16:03:50 | DEBUG    | Task 6c613fd6-1c00-4916-84b9-23bc1f571b7a state=PENDING elapsed=120s — waiting …
2026-06-03 16:03:55 | DEBUG    | Task 6c613fd6-1c00-4916-84b9-23bc1f571b7a state=PENDING elapsed=125s — waiting …
2026-06-03 16:04:00 | DEBUG    | Task 6c613fd6-1c00-4916-84b9-23bc1f571b7a state=PENDING elapsed=130s — waiting …
2026-06-03 16:04:05 | DEBUG    | Task 6c613fd6-1c00-4916-84b9-23bc1f571b7a state=PENDING elapsed=135s — waiting …
2026-06-03 16:04:10 | DEBUG    | Task 6c613fd6-1c00-4916-84b9-23bc1f571b7a state=PENDING elapsed=140s — waiting …
2026-06-03 16:04:15 | DEBUG    | Task 6c613fd6-1c00-4916-84b9-23bc1f571b7a state=PENDING elapsed=145s — waiting …
2026-06-03 16:04:20 | DEBUG    | Task 6c613fd6-1c00-4916-84b9-23bc1f571b7a state=PENDING elapsed=150s — waiting …
2026-06-03 16:04:25 | DEBUG    | Task 6c613fd6-1c00-4916-84b9-23bc1f571b7a state=PENDING elapsed=155s — waiting …
2026-06-03 16:04:30 | DEBUG    | Task 6c613fd6-1c00-4916-84b9-23bc1f571b7a state=PENDING elapsed=160s — waiting …
2026-06-03 16:04:35 | DEBUG    | Task 6c613fd6-1c00-4916-84b9-23bc1f571b7a state=PENDING elapsed=165s — waiting …
2026-06-03 16:04:40 | DEBUG    | Task 6c613fd6-1c00-4916-84b9-23bc1f571b7a state=PENDING elapsed=170s — waiting …
2026-06-03 16:04:45 | DEBUG    | Task 6c613fd6-1c00-4916-84b9-23bc1f571b7a state=PENDING elapsed=175s — waiting …
2026-06-03 16:04:50 | DEBUG    | Task 6c613fd6-1c00-4916-84b9-23bc1f571b7a state=PENDING elapsed=180s — waiting …
2026-06-03 16:04:55 | DEBUG    | Task 6c613fd6-1c00-4916-84b9-23bc1f571b7a state=PENDING elapsed=185s — waiting …
2026-06-03 16:05:00 | DEBUG    | Task 6c613fd6-1c00-4916-84b9-23bc1f571b7a state=PENDING elapsed=190s — waiting …
2026-06-03 16:05:05 | DEBUG    | Task 6c613fd6-1c00-4916-84b9-23bc1f571b7a state=PENDING elapsed=195s — waiting …
2026-06-03 16:05:10 | DEBUG    | Task 6c613fd6-1c00-4916-84b9-23bc1f571b7a state=PENDING elapsed=200s — waiting …
2026-06-03 16:05:15 | DEBUG    | Task 6c613fd6-1c00-4916-84b9-23bc1f571b7a state=PENDING elapsed=205s — waiting …
2026-06-03 16:05:20 | DEBUG    | Task 6c613fd6-1c00-4916-84b9-23bc1f571b7a state=PENDING elapsed=210s — waiting …
2026-06-03 16:05:28 | DEBUG    | Task 6c613fd6-1c00-4916-84b9-23bc1f571b7a state=PENDING elapsed=218s — waiting …
2026-06-03 16:05:33 | DEBUG    | Task 6c613fd6-1c00-4916-84b9-23bc1f571b7a state=PENDING elapsed=223s — waiting …
2026-06-03 16:05:38 | DEBUG    | Task 6c613fd6-1c00-4916-84b9-23bc1f571b7a state=PENDING elapsed=228s — waiting …
2026-06-03 16:05:43 | DEBUG    | Task 6c613fd6-1c00-4916-84b9-23bc1f571b7a state=PENDING elapsed=233s — waiting …
2026-06-03 16:05:48 | DEBUG    | Task 6c613fd6-1c00-4916-84b9-23bc1f571b7a state=PENDING elapsed=238s — waiting …
2026-06-03 16:05:53 | DEBUG    | Task 6c613fd6-1c00-4916-84b9-23bc1f571b7a state=PENDING elapsed=243s — waiting …
2026-06-03 16:05:58 | DEBUG    | Task 6c613fd6-1c00-4916-84b9-23bc1f571b7a state=PENDING elapsed=248s — waiting …
2026-06-03 16:06:03 | DEBUG    | Task 6c613fd6-1c00-4916-84b9-23bc1f571b7a state=PENDING elapsed=253s — waiting …
2026-06-03 16:06:08 | DEBUG    | Task 6c613fd6-1c00-4916-84b9-23bc1f571b7a state=PENDING elapsed=258s — waiting …
2026-06-03 16:06:13 | DEBUG    | Task 6c613fd6-1c00-4916-84b9-23bc1f571b7a state=PENDING elapsed=263s — waiting …
2026-06-03 16:06:18 | INFO     | Task 6c613fd6-1c00-4916-84b9-23bc1f571b7a FINISHED in 268s
2026-06-03 16:06:18 | INFO     | ✅ batch 8/16 (16 files) complete
2026-06-03 16:06:18 | INFO     | --- batch 9/16 (16 files) ---
2026-06-03 16:06:18 | DEBUG    |   Files: DW0026_IMAGE2024_SeismicInversionwithImplicitNeuralRepresentations.pdf, DW0028_IMAGE2024_DiffusionRegularizationMultiParameterNearSurfaceElasticFWI.pdf, DW0029_IMAGE2024_PhysicsInformedFWIUsingLearnedWavefieldSolutions.pdf, DW0031_IMAGE2024_TransformerbasedNetworkEfficientGroundRollSuppression.pdf, DW0032_IMAGE2024_DeepLearningBased3DMicroseismicEventDirectLocationUsingSimultaneousSurfaceAndBoreholeDataUtahFORGE.pdf, DW0036_IMAGE2024_Seis2RockRegularization.pdf, DW0041_IMAGE2024_MulticonditionalSeismicVelocitySynthesisUsingAutoregressiveTransformerNetwork.pdf, DW0042_IMAGE2024_SiameseNetworkBasedFWIRealData.pdf, DW0046_IMAGE2024_UnsupervisedMultiStageDLNetworkSeismicDataDenoising.pdf, DW0047_IMAGE2024_LeastSquaresRTMattenuatingTTImedia.pdf, DW0048_IMAGE2024_UnitConstrainedDataDrivenDiscoveryWaveEquation.pdf, DW0049_IMAGE2024_SeismicResolutionEnhancementSelfSupervisedLearning.pdf, DW0050_IMAGE2024_WavenumberAwareDiffusionSamplingRegularizeMultiParameterElasticFWI.pdf, DW0051_IMAGE2024_ConditionalImagePriorforUncertaintyQuantificationinFWI.pdf, DW0052_IMAGE2024_APriorRegularized3DFWIUsing2DGenerativeDiffusionModels.pdf, DeepWave Consortium - 2024 Mid-year Meeting Agenda.pdf
2026-06-03 16:06:19 | INFO     | Upload accepted → task_id=6ad2d57f-b4ec-4ab8-a2ae-3c0f5b1eaa57
2026-06-03 16:06:19 | DEBUG    | Task 6ad2d57f-b4ec-4ab8-a2ae-3c0f5b1eaa57 state=PENDING elapsed=0s — waiting …
2026-06-03 16:06:24 | DEBUG    | Task 6ad2d57f-b4ec-4ab8-a2ae-3c0f5b1eaa57 state=PENDING elapsed=5s — waiting …
2026-06-03 16:06:29 | DEBUG    | Task 6ad2d57f-b4ec-4ab8-a2ae-3c0f5b1eaa57 state=PENDING elapsed=10s — waiting …
2026-06-03 16:06:34 | DEBUG    | Task 6ad2d57f-b4ec-4ab8-a2ae-3c0f5b1eaa57 state=PENDING elapsed=15s — waiting …
2026-06-03 16:06:39 | DEBUG    | Task 6ad2d57f-b4ec-4ab8-a2ae-3c0f5b1eaa57 state=PENDING elapsed=20s — waiting …
2026-06-03 16:06:45 | DEBUG    | Task 6ad2d57f-b4ec-4ab8-a2ae-3c0f5b1eaa57 state=PENDING elapsed=25s — waiting …
2026-06-03 16:06:50 | DEBUG    | Task 6ad2d57f-b4ec-4ab8-a2ae-3c0f5b1eaa57 state=PENDING elapsed=30s — waiting …
2026-06-03 16:06:55 | DEBUG    | Task 6ad2d57f-b4ec-4ab8-a2ae-3c0f5b1eaa57 state=PENDING elapsed=35s — waiting …
2026-06-03 16:07:00 | DEBUG    | Task 6ad2d57f-b4ec-4ab8-a2ae-3c0f5b1eaa57 state=PENDING elapsed=40s — waiting …
2026-06-03 16:07:05 | DEBUG    | Task 6ad2d57f-b4ec-4ab8-a2ae-3c0f5b1eaa57 state=PENDING elapsed=45s — waiting …
2026-06-03 16:07:10 | DEBUG    | Task 6ad2d57f-b4ec-4ab8-a2ae-3c0f5b1eaa57 state=PENDING elapsed=50s — waiting …
2026-06-03 16:07:15 | DEBUG    | Task 6ad2d57f-b4ec-4ab8-a2ae-3c0f5b1eaa57 state=PENDING elapsed=55s — waiting …
2026-06-03 16:07:20 | DEBUG    | Task 6ad2d57f-b4ec-4ab8-a2ae-3c0f5b1eaa57 state=PENDING elapsed=60s — waiting …
2026-06-03 16:07:25 | DEBUG    | Task 6ad2d57f-b4ec-4ab8-a2ae-3c0f5b1eaa57 state=PENDING elapsed=65s — waiting …
2026-06-03 16:07:30 | INFO     | Task 6ad2d57f-b4ec-4ab8-a2ae-3c0f5b1eaa57 FINISHED in 70s
2026-06-03 16:07:30 | INFO     | ✅ batch 9/16 (16 files) complete
2026-06-03 16:07:30 | INFO     | --- batch 10/16 (16 files) ---
2026-06-03 16:07:30 | DEBUG    |   Files: 1.1. 3D Microseismic Event Direct Location with 3-Component Surface and Borehole Data.pdf, 1.2 An efficient approach to uncertainty quantification for deep learning based microseismic source location.pdf, 1.3 DL for Moment tensor determination from surface arrays.pdf, 2.1 Harnessing Transformers for various seismic applications - land data processing and velocity model building.pdf, 2.2 Local slope guided seismic signal separation with Physics Informed Neural Networks.pdf, 2.3 Distributed Acoustic Sensing Data Denoising Using a Guided Unsupervised Deep Learning Network.pdf, 3.1 Learned frequency-domain scattered wavefield solutions using neural operator and physics-informed waveform inversion.pdf, 3.2 SDeblend3D - Leveraging self-supervised, blind-spot deep denoisers for 3D seismic deblending.pdf, 3.3 SSL Meta-Processin - A self-supervised learning framework for multi-tasks seismic processing.pdf, 4.1 Integrating new regularization strategies in Seis2Rock-based petrophysical inversion.pdf, 4.2 4D-IntraSeismic - Simultaneous 4D seismic inversion with coordinate-based learning.pdf, 5.1 Learned regularizations for multi-parameter elastic full waveform inversion using diffusion models.pdf, 5.2 DeepWave_ConditionalDiffusionFWI_FuWang.pdf, 5.3 A deep learning-based inverse Hessian for Full Waveform Inversion - Application to the Volve data.pdf, 5.4 Integrating U-Nets Into a Multiscale Full-Waveform Inversion for Salt Body Building - A Challenging Case.pdf, DW0021_DeepFWIHessianOnVolveData.pdf
2026-06-03 16:07:32 | INFO     | Upload accepted → task_id=377fe8d0-1e3e-445e-8960-ce643283cae5
2026-06-03 16:07:32 | DEBUG    | Task 377fe8d0-1e3e-445e-8960-ce643283cae5 state=PENDING elapsed=0s — waiting …
2026-06-03 16:07:37 | DEBUG    | Task 377fe8d0-1e3e-445e-8960-ce643283cae5 state=PENDING elapsed=5s — waiting …
2026-06-03 16:07:42 | DEBUG    | Task 377fe8d0-1e3e-445e-8960-ce643283cae5 state=PENDING elapsed=10s — waiting …
2026-06-03 16:07:47 | DEBUG    | Task 377fe8d0-1e3e-445e-8960-ce643283cae5 state=PENDING elapsed=15s — waiting …
2026-06-03 16:07:57 | DEBUG    | Task 377fe8d0-1e3e-445e-8960-ce643283cae5 state=PENDING elapsed=25s — waiting …
2026-06-03 16:08:02 | DEBUG    | Task 377fe8d0-1e3e-445e-8960-ce643283cae5 state=PENDING elapsed=30s — waiting …
2026-06-03 16:08:07 | DEBUG    | Task 377fe8d0-1e3e-445e-8960-ce643283cae5 state=PENDING elapsed=35s — waiting …
2026-06-03 16:08:12 | DEBUG    | Task 377fe8d0-1e3e-445e-8960-ce643283cae5 state=PENDING elapsed=40s — waiting …
2026-06-03 16:08:17 | DEBUG    | Task 377fe8d0-1e3e-445e-8960-ce643283cae5 state=PENDING elapsed=45s — waiting …
2026-06-03 16:08:22 | DEBUG    | Task 377fe8d0-1e3e-445e-8960-ce643283cae5 state=PENDING elapsed=50s — waiting …
2026-06-03 16:08:27 | DEBUG    | Task 377fe8d0-1e3e-445e-8960-ce643283cae5 state=PENDING elapsed=55s — waiting …
2026-06-03 16:08:32 | DEBUG    | Task 377fe8d0-1e3e-445e-8960-ce643283cae5 state=PENDING elapsed=60s — waiting …
2026-06-03 16:08:37 | DEBUG    | Task 377fe8d0-1e3e-445e-8960-ce643283cae5 state=PENDING elapsed=65s — waiting …
2026-06-03 16:08:42 | DEBUG    | Task 377fe8d0-1e3e-445e-8960-ce643283cae5 state=PENDING elapsed=70s — waiting …
2026-06-03 16:08:47 | DEBUG    | Task 377fe8d0-1e3e-445e-8960-ce643283cae5 state=PENDING elapsed=75s — waiting …
2026-06-03 16:08:52 | DEBUG    | Task 377fe8d0-1e3e-445e-8960-ce643283cae5 state=PENDING elapsed=80s — waiting …
2026-06-03 16:08:57 | DEBUG    | Task 377fe8d0-1e3e-445e-8960-ce643283cae5 state=PENDING elapsed=85s — waiting …
2026-06-03 16:09:02 | DEBUG    | Task 377fe8d0-1e3e-445e-8960-ce643283cae5 state=PENDING elapsed=90s — waiting …
2026-06-03 16:09:07 | DEBUG    | Task 377fe8d0-1e3e-445e-8960-ce643283cae5 state=PENDING elapsed=95s — waiting …
2026-06-03 16:09:12 | DEBUG    | Task 377fe8d0-1e3e-445e-8960-ce643283cae5 state=PENDING elapsed=100s — waiting …
2026-06-03 16:09:17 | DEBUG    | Task 377fe8d0-1e3e-445e-8960-ce643283cae5 state=PENDING elapsed=105s — waiting …
2026-06-03 16:09:22 | DEBUG    | Task 377fe8d0-1e3e-445e-8960-ce643283cae5 state=PENDING elapsed=110s — waiting …
2026-06-03 16:09:28 | INFO     | Task 377fe8d0-1e3e-445e-8960-ce643283cae5 FINISHED in 115s
2026-06-03 16:09:28 | INFO     | ✅ batch 10/16 (16 files) complete
2026-06-03 16:09:28 | INFO     | --- batch 11/16 (16 files) ---
2026-06-03 16:09:28 | DEBUG    |   Files: DW0029_NeuralFWI.pdf, DW0035_SlopeAssistedGroundRollRemovalAndSignalSeparationWithPINNs.pdf, DW0042_SiameseFWI.pdf, DW0046_SelfSupervisedMultiStageDLNetworkForSeismicDataDenoising.pdf, DW0047_GenerativeFoundationModelForAll-in-oneSeismicProcessingFramework.pdf, DW0055_B_IntraSeismic.pdf, DW0058_Annealed_SVGD_FWI.pdf, DW0059_LatentRepresentationLearningInPhysicsInformedNeuralNetworksForFWI.pdf, DW0060_FreqSiameseFWI.pdf, DW0061_DiffusionIP.pdf, Deepwave at AkerBP - Inversion.pptx, Deepwave at AkerBP - Processing.pptx, DW0047_EAGE2025_MultitaskSeismicProcessingUsingGenerativeDiffusionModels.pdf, DW0053_EAGE2025_DL-BasedTimeShiftEstimationForFWI.pdf, DW0063_EAGE2025_MultichannelWavefieldReconSlopeAssistedPINNs.pdf, DW0064_EAGE2025_GenerativeNeuralOperatorForSeismicWavefieldRepresentation.pdf
2026-06-03 16:09:32 | INFO     | Upload accepted → task_id=fd42d722-30ba-4cb7-9a81-f0b1618fd3e5
2026-06-03 16:09:32 | DEBUG    | Task fd42d722-30ba-4cb7-9a81-f0b1618fd3e5 state=PENDING elapsed=0s — waiting …
2026-06-03 16:09:38 | DEBUG    | Task fd42d722-30ba-4cb7-9a81-f0b1618fd3e5 state=PENDING elapsed=5s — waiting …
2026-06-03 16:09:43 | DEBUG    | Task fd42d722-30ba-4cb7-9a81-f0b1618fd3e5 state=PENDING elapsed=11s — waiting …
2026-06-03 16:09:49 | DEBUG    | Task fd42d722-30ba-4cb7-9a81-f0b1618fd3e5 state=PENDING elapsed=16s — waiting …
2026-06-03 16:09:54 | DEBUG    | Task fd42d722-30ba-4cb7-9a81-f0b1618fd3e5 state=PENDING elapsed=21s — waiting …
2026-06-03 16:09:59 | DEBUG    | Task fd42d722-30ba-4cb7-9a81-f0b1618fd3e5 state=PENDING elapsed=26s — waiting …
2026-06-03 16:10:04 | DEBUG    | Task fd42d722-30ba-4cb7-9a81-f0b1618fd3e5 state=PENDING elapsed=31s — waiting …
2026-06-03 16:10:09 | DEBUG    | Task fd42d722-30ba-4cb7-9a81-f0b1618fd3e5 state=PENDING elapsed=37s — waiting …
2026-06-03 16:10:14 | DEBUG    | Task fd42d722-30ba-4cb7-9a81-f0b1618fd3e5 state=PENDING elapsed=42s — waiting …
2026-06-03 16:10:19 | DEBUG    | Task fd42d722-30ba-4cb7-9a81-f0b1618fd3e5 state=PENDING elapsed=47s — waiting …
2026-06-03 16:10:24 | DEBUG    | Task fd42d722-30ba-4cb7-9a81-f0b1618fd3e5 state=PENDING elapsed=52s — waiting …
2026-06-03 16:10:29 | DEBUG    | Task fd42d722-30ba-4cb7-9a81-f0b1618fd3e5 state=PENDING elapsed=57s — waiting …
2026-06-03 16:10:34 | DEBUG    | Task fd42d722-30ba-4cb7-9a81-f0b1618fd3e5 state=PENDING elapsed=62s — waiting …
2026-06-03 16:10:39 | DEBUG    | Task fd42d722-30ba-4cb7-9a81-f0b1618fd3e5 state=PENDING elapsed=67s — waiting …
2026-06-03 16:10:44 | DEBUG    | Task fd42d722-30ba-4cb7-9a81-f0b1618fd3e5 state=PENDING elapsed=72s — waiting …
2026-06-03 16:10:49 | DEBUG    | Task fd42d722-30ba-4cb7-9a81-f0b1618fd3e5 state=PENDING elapsed=77s — waiting …
2026-06-03 16:10:54 | DEBUG    | Task fd42d722-30ba-4cb7-9a81-f0b1618fd3e5 state=PENDING elapsed=82s — waiting …
2026-06-03 16:10:59 | DEBUG    | Task fd42d722-30ba-4cb7-9a81-f0b1618fd3e5 state=PENDING elapsed=87s — waiting …
2026-06-03 16:11:04 | DEBUG    | Task fd42d722-30ba-4cb7-9a81-f0b1618fd3e5 state=PENDING elapsed=92s — waiting …
2026-06-03 16:11:09 | DEBUG    | Task fd42d722-30ba-4cb7-9a81-f0b1618fd3e5 state=PENDING elapsed=97s — waiting …
2026-06-03 16:11:14 | DEBUG    | Task fd42d722-30ba-4cb7-9a81-f0b1618fd3e5 state=PENDING elapsed=102s — waiting …
2026-06-03 16:11:19 | DEBUG    | Task fd42d722-30ba-4cb7-9a81-f0b1618fd3e5 state=PENDING elapsed=107s — waiting …
2026-06-03 16:11:24 | DEBUG    | Task fd42d722-30ba-4cb7-9a81-f0b1618fd3e5 state=PENDING elapsed=112s — waiting …
2026-06-03 16:11:29 | DEBUG    | Task fd42d722-30ba-4cb7-9a81-f0b1618fd3e5 state=PENDING elapsed=117s — waiting …
2026-06-03 16:11:34 | DEBUG    | Task fd42d722-30ba-4cb7-9a81-f0b1618fd3e5 state=PENDING elapsed=122s — waiting …
2026-06-03 16:11:39 | DEBUG    | Task fd42d722-30ba-4cb7-9a81-f0b1618fd3e5 state=PENDING elapsed=127s — waiting …
2026-06-03 16:11:44 | DEBUG    | Task fd42d722-30ba-4cb7-9a81-f0b1618fd3e5 state=PENDING elapsed=132s — waiting …
2026-06-03 16:11:49 | DEBUG    | Task fd42d722-30ba-4cb7-9a81-f0b1618fd3e5 state=PENDING elapsed=137s — waiting …
2026-06-03 16:11:54 | DEBUG    | Task fd42d722-30ba-4cb7-9a81-f0b1618fd3e5 state=PENDING elapsed=142s — waiting …
2026-06-03 16:11:59 | DEBUG    | Task fd42d722-30ba-4cb7-9a81-f0b1618fd3e5 state=PENDING elapsed=147s — waiting …
2026-06-03 16:12:04 | DEBUG    | Task fd42d722-30ba-4cb7-9a81-f0b1618fd3e5 state=PENDING elapsed=152s — waiting …
2026-06-03 16:12:09 | DEBUG    | Task fd42d722-30ba-4cb7-9a81-f0b1618fd3e5 state=PENDING elapsed=157s — waiting …
2026-06-03 16:12:14 | DEBUG    | Task fd42d722-30ba-4cb7-9a81-f0b1618fd3e5 state=PENDING elapsed=162s — waiting …
2026-06-03 16:12:19 | DEBUG    | Task fd42d722-30ba-4cb7-9a81-f0b1618fd3e5 state=PENDING elapsed=167s — waiting …
2026-06-03 16:12:24 | DEBUG    | Task fd42d722-30ba-4cb7-9a81-f0b1618fd3e5 state=PENDING elapsed=172s — waiting …
2026-06-03 16:12:29 | DEBUG    | Task fd42d722-30ba-4cb7-9a81-f0b1618fd3e5 state=PENDING elapsed=177s — waiting …
2026-06-03 16:12:34 | DEBUG    | Task fd42d722-30ba-4cb7-9a81-f0b1618fd3e5 state=PENDING elapsed=182s — waiting …
2026-06-03 16:12:39 | DEBUG    | Task fd42d722-30ba-4cb7-9a81-f0b1618fd3e5 state=PENDING elapsed=187s — waiting …
2026-06-03 16:12:44 | DEBUG    | Task fd42d722-30ba-4cb7-9a81-f0b1618fd3e5 state=PENDING elapsed=192s — waiting …
2026-06-03 16:12:49 | DEBUG    | Task fd42d722-30ba-4cb7-9a81-f0b1618fd3e5 state=PENDING elapsed=197s — waiting …
2026-06-03 16:12:54 | DEBUG    | Task fd42d722-30ba-4cb7-9a81-f0b1618fd3e5 state=PENDING elapsed=202s — waiting …
2026-06-03 16:12:59 | DEBUG    | Task fd42d722-30ba-4cb7-9a81-f0b1618fd3e5 state=PENDING elapsed=207s — waiting …
2026-06-03 16:13:04 | DEBUG    | Task fd42d722-30ba-4cb7-9a81-f0b1618fd3e5 state=PENDING elapsed=212s — waiting …
2026-06-03 16:13:09 | DEBUG    | Task fd42d722-30ba-4cb7-9a81-f0b1618fd3e5 state=PENDING elapsed=217s — waiting …
2026-06-03 16:13:14 | DEBUG    | Task fd42d722-30ba-4cb7-9a81-f0b1618fd3e5 state=PENDING elapsed=222s — waiting …
2026-06-03 16:13:19 | DEBUG    | Task fd42d722-30ba-4cb7-9a81-f0b1618fd3e5 state=PENDING elapsed=227s — waiting …
2026-06-03 16:13:24 | DEBUG    | Task fd42d722-30ba-4cb7-9a81-f0b1618fd3e5 state=PENDING elapsed=232s — waiting …
2026-06-03 16:13:29 | DEBUG    | Task fd42d722-30ba-4cb7-9a81-f0b1618fd3e5 state=PENDING elapsed=237s — waiting …
2026-06-03 16:13:34 | DEBUG    | Task fd42d722-30ba-4cb7-9a81-f0b1618fd3e5 state=PENDING elapsed=242s — waiting …
2026-06-03 16:13:39 | DEBUG    | Task fd42d722-30ba-4cb7-9a81-f0b1618fd3e5 state=PENDING elapsed=247s — waiting …
2026-06-03 16:13:44 | DEBUG    | Task fd42d722-30ba-4cb7-9a81-f0b1618fd3e5 state=PENDING elapsed=252s — waiting …
2026-06-03 16:13:49 | DEBUG    | Task fd42d722-30ba-4cb7-9a81-f0b1618fd3e5 state=PENDING elapsed=257s — waiting …
2026-06-03 16:13:54 | DEBUG    | Task fd42d722-30ba-4cb7-9a81-f0b1618fd3e5 state=PENDING elapsed=262s — waiting …
2026-06-03 16:13:59 | DEBUG    | Task fd42d722-30ba-4cb7-9a81-f0b1618fd3e5 state=PENDING elapsed=267s — waiting …
2026-06-03 16:14:04 | DEBUG    | Task fd42d722-30ba-4cb7-9a81-f0b1618fd3e5 state=PENDING elapsed=272s — waiting …
2026-06-03 16:14:09 | DEBUG    | Task fd42d722-30ba-4cb7-9a81-f0b1618fd3e5 state=PENDING elapsed=277s — waiting …
2026-06-03 16:14:14 | DEBUG    | Task fd42d722-30ba-4cb7-9a81-f0b1618fd3e5 state=PENDING elapsed=282s — waiting …
2026-06-03 16:14:19 | DEBUG    | Task fd42d722-30ba-4cb7-9a81-f0b1618fd3e5 state=PENDING elapsed=287s — waiting …
2026-06-03 16:14:24 | DEBUG    | Task fd42d722-30ba-4cb7-9a81-f0b1618fd3e5 state=PENDING elapsed=292s — waiting …
2026-06-03 16:14:29 | DEBUG    | Task fd42d722-30ba-4cb7-9a81-f0b1618fd3e5 state=PENDING elapsed=297s — waiting …
2026-06-03 16:14:34 | DEBUG    | Task fd42d722-30ba-4cb7-9a81-f0b1618fd3e5 state=PENDING elapsed=302s — waiting …
2026-06-03 16:14:39 | DEBUG    | Task fd42d722-30ba-4cb7-9a81-f0b1618fd3e5 state=PENDING elapsed=307s — waiting …
2026-06-03 16:14:44 | DEBUG    | Task fd42d722-30ba-4cb7-9a81-f0b1618fd3e5 state=PENDING elapsed=312s — waiting …
2026-06-03 16:14:49 | DEBUG    | Task fd42d722-30ba-4cb7-9a81-f0b1618fd3e5 state=PENDING elapsed=317s — waiting …
2026-06-03 16:14:54 | DEBUG    | Task fd42d722-30ba-4cb7-9a81-f0b1618fd3e5 state=PENDING elapsed=322s — waiting …
2026-06-03 16:14:59 | DEBUG    | Task fd42d722-30ba-4cb7-9a81-f0b1618fd3e5 state=PENDING elapsed=327s — waiting …
2026-06-03 16:15:04 | DEBUG    | Task fd42d722-30ba-4cb7-9a81-f0b1618fd3e5 state=PENDING elapsed=332s — waiting …
2026-06-03 16:15:09 | DEBUG    | Task fd42d722-30ba-4cb7-9a81-f0b1618fd3e5 state=PENDING elapsed=337s — waiting …
2026-06-03 16:15:14 | DEBUG    | Task fd42d722-30ba-4cb7-9a81-f0b1618fd3e5 state=PENDING elapsed=342s — waiting …
2026-06-03 16:15:19 | DEBUG    | Task fd42d722-30ba-4cb7-9a81-f0b1618fd3e5 state=PENDING elapsed=347s — waiting …
2026-06-03 16:15:24 | DEBUG    | Task fd42d722-30ba-4cb7-9a81-f0b1618fd3e5 state=PENDING elapsed=352s — waiting …
2026-06-03 16:15:29 | DEBUG    | Task fd42d722-30ba-4cb7-9a81-f0b1618fd3e5 state=PENDING elapsed=357s — waiting …
2026-06-03 16:15:34 | DEBUG    | Task fd42d722-30ba-4cb7-9a81-f0b1618fd3e5 state=PENDING elapsed=362s — waiting …
2026-06-03 16:15:39 | DEBUG    | Task fd42d722-30ba-4cb7-9a81-f0b1618fd3e5 state=PENDING elapsed=367s — waiting …
2026-06-03 16:15:44 | DEBUG    | Task fd42d722-30ba-4cb7-9a81-f0b1618fd3e5 state=PENDING elapsed=372s — waiting …
2026-06-03 16:15:49 | DEBUG    | Task fd42d722-30ba-4cb7-9a81-f0b1618fd3e5 state=PENDING elapsed=377s — waiting …
2026-06-03 16:15:59 | DEBUG    | Task fd42d722-30ba-4cb7-9a81-f0b1618fd3e5 state=PENDING elapsed=386s — waiting …
2026-06-03 16:16:04 | DEBUG    | Task fd42d722-30ba-4cb7-9a81-f0b1618fd3e5 state=PENDING elapsed=391s — waiting …
2026-06-03 16:16:09 | DEBUG    | Task fd42d722-30ba-4cb7-9a81-f0b1618fd3e5 state=PENDING elapsed=396s — waiting …
2026-06-03 16:16:14 | DEBUG    | Task fd42d722-30ba-4cb7-9a81-f0b1618fd3e5 state=PENDING elapsed=401s — waiting …
2026-06-03 16:16:19 | DEBUG    | Task fd42d722-30ba-4cb7-9a81-f0b1618fd3e5 state=PENDING elapsed=406s — waiting …
2026-06-03 16:16:24 | DEBUG    | Task fd42d722-30ba-4cb7-9a81-f0b1618fd3e5 state=PENDING elapsed=411s — waiting …
2026-06-03 16:16:29 | DEBUG    | Task fd42d722-30ba-4cb7-9a81-f0b1618fd3e5 state=PENDING elapsed=416s — waiting …
2026-06-03 16:16:34 | DEBUG    | Task fd42d722-30ba-4cb7-9a81-f0b1618fd3e5 state=PENDING elapsed=421s — waiting …
2026-06-03 16:16:39 | DEBUG    | Task fd42d722-30ba-4cb7-9a81-f0b1618fd3e5 state=PENDING elapsed=426s — waiting …
2026-06-03 16:16:44 | DEBUG    | Task fd42d722-30ba-4cb7-9a81-f0b1618fd3e5 state=PENDING elapsed=431s — waiting …
2026-06-03 16:16:49 | DEBUG    | Task fd42d722-30ba-4cb7-9a81-f0b1618fd3e5 state=PENDING elapsed=436s — waiting …
2026-06-03 16:16:54 | DEBUG    | Task fd42d722-30ba-4cb7-9a81-f0b1618fd3e5 state=PENDING elapsed=442s — waiting …
2026-06-03 16:16:59 | DEBUG    | Task fd42d722-30ba-4cb7-9a81-f0b1618fd3e5 state=PENDING elapsed=447s — waiting …
2026-06-03 16:17:04 | DEBUG    | Task fd42d722-30ba-4cb7-9a81-f0b1618fd3e5 state=PENDING elapsed=452s — waiting …
2026-06-03 16:17:09 | DEBUG    | Task fd42d722-30ba-4cb7-9a81-f0b1618fd3e5 state=PENDING elapsed=457s — waiting …
2026-06-03 16:17:16 | INFO     | Task fd42d722-30ba-4cb7-9a81-f0b1618fd3e5 FINISHED in 463s
2026-06-03 16:17:16 | INFO     | ✅ batch 11/16 (16 files) complete
2026-06-03 16:17:16 | INFO     | --- batch 12/16 (16 files) ---
2026-06-03 16:17:16 | DEBUG    |   Files: DW0065_EAGE2025_SiameseLSRTM.pdf, DW0066_EAGE2025_ImplicitFWIwithEnergyWeightedGradient.pdf, DW0067_EAGE2025_MultiresolutionHashEncodingForHighResImplicitFWI.pdf, DW0068_EAGE2025_LatentDiffusionModelBasedImagingConditionforMicroseismicEventLocation.pdf, DW0069_EAGE2025_JointInversionOfVelocityAndSourceParametersInMicroseismicFWI.pdf, DW0070_EAGE2025_MicroseismicEventLocalizationUsingConditionalDiffusionModel.pdf, DW0071_EAGE2025_AcceleratingMarchenkoImagingViaSelfsupervisedFocusingFunctionPrediction.pdf, DW0072_EAGE2025_ConditionalDiffusionModelForCO2MonitoringAndForecastingInHeterogeneousGeologicalFormations.pdf, DW0073_EAGE2025_SelfSupervisedNearSurfaceScatteringDenoisingWithGaborUNetAndImplicitSlopeRepresentation.pdf, DW0074_EAGE2025_ConditionalImagePriorWithSteinVariationalGradientDescentForUncertaintyQuantificationInFWI.pdf, DW0075_EAGE2025_SynthesizingRealisticScaleSeismicVelocityModelsUsingSpatiallyAwareGenerativeModel.pdf, DW0076_EAGE2025_ConditionallyGuidedDiffusionSamplingForEnhancedNorthVikingGrabenVelocityModelBuilding.pdf, DW0076_EAGE2025_Efficient3DVelocityModelBuildingUsingConditionalGenerativeDiffusionThroughReconstructionGuidance.pdf, DW0077_EAGE2025_FWIwithCNN-DrivenVelocityRefinement.pdf, DW0079_EAGE2025_TestingTheAbilityOfCrossWellImagingForMonitoringCO2Plumes.pdf, DW0080_EAGE2025_VelocityGPTxStorSeismic.pdf
2026-06-03 16:17:18 | INFO     | Upload accepted → task_id=f7a0740d-5a63-415f-b0ff-939e7744c178
2026-06-03 16:17:18 | DEBUG    | Task f7a0740d-5a63-415f-b0ff-939e7744c178 state=PENDING elapsed=0s — waiting …
2026-06-03 16:17:23 | DEBUG    | Task f7a0740d-5a63-415f-b0ff-939e7744c178 state=PENDING elapsed=5s — waiting …
2026-06-03 16:17:28 | DEBUG    | Task f7a0740d-5a63-415f-b0ff-939e7744c178 state=PENDING elapsed=10s — waiting …
2026-06-03 16:17:33 | DEBUG    | Task f7a0740d-5a63-415f-b0ff-939e7744c178 state=PENDING elapsed=15s — waiting …
2026-06-03 16:17:38 | DEBUG    | Task f7a0740d-5a63-415f-b0ff-939e7744c178 state=PENDING elapsed=20s — waiting …
2026-06-03 16:17:43 | DEBUG    | Task f7a0740d-5a63-415f-b0ff-939e7744c178 state=PENDING elapsed=25s — waiting …
2026-06-03 16:17:48 | DEBUG    | Task f7a0740d-5a63-415f-b0ff-939e7744c178 state=PENDING elapsed=30s — waiting …
2026-06-03 16:17:53 | DEBUG    | Task f7a0740d-5a63-415f-b0ff-939e7744c178 state=PENDING elapsed=35s — waiting …
2026-06-03 16:17:58 | DEBUG    | Task f7a0740d-5a63-415f-b0ff-939e7744c178 state=PENDING elapsed=40s — waiting …
2026-06-03 16:18:03 | DEBUG    | Task f7a0740d-5a63-415f-b0ff-939e7744c178 state=PENDING elapsed=45s — waiting …
2026-06-03 16:18:08 | DEBUG    | Task f7a0740d-5a63-415f-b0ff-939e7744c178 state=PENDING elapsed=50s — waiting …
2026-06-03 16:18:13 | DEBUG    | Task f7a0740d-5a63-415f-b0ff-939e7744c178 state=PENDING elapsed=55s — waiting …
2026-06-03 16:18:18 | DEBUG    | Task f7a0740d-5a63-415f-b0ff-939e7744c178 state=PENDING elapsed=60s — waiting …
2026-06-03 16:18:23 | DEBUG    | Task f7a0740d-5a63-415f-b0ff-939e7744c178 state=PENDING elapsed=65s — waiting …
2026-06-03 16:18:28 | INFO     | Task f7a0740d-5a63-415f-b0ff-939e7744c178 FINISHED in 70s
2026-06-03 16:18:28 | INFO     | ✅ batch 12/16 (16 files) complete
2026-06-03 16:18:28 | INFO     | --- batch 13/16 (16 files) ---
2026-06-03 16:18:28 | DEBUG    |   Files: DW0081_EAGE2025_MicroseismicSourceInversionBasedOnNeuralOperatorwithPhysicsConstrain.pdf, DW0082_EAGE2025_RobustFWI-ImagingByUsingDiffusionModelRegularization.pdf, DW0083_EAGE2025_MultichannelWavefieldReconstructionOfLandSeismicDataUsingStencilBasedSpatialGradients.pdf, DW0084_EAGE2025_SimultaneousLocalizationAndMomentTensorInversionOfMicroseismicEventsUsingCNN.pdf, DW0085_EAGE2025_SelfSupervisedFreeSurfaceMultipleSuppression.pdf, DW0063_IMAGE2025_ATransferLearningApproachToMultichannelWavefieldReconstructionWithPINNs.pdf, DW0068_IMAGE2025_Real-timeMicroseismicEventLocationUsingaLatentDiffusionModel.pdf, DW0072_IMAGE2025_TowardsGenerativeModelingofCO2GeologicalStorageWithLatentConditionalDiffusionModels.pdf, DW0075_IMAGE2025_VelocityModelBuildingWithUncertaintyQuantificationUsingaMulti-modalAGN.pdf, DW0077_IMAGE2025_FWIwithCNNBasedVelocityRepresentationExtensionFieldDataApplication.pdf, DW0078_IMAGE2025_ApplicationOfSiameseNeuralNetworkForMulti-parameterElasticFWI.pdf, DW0082_IMAGE2025_BalancingWavenumberContentinFWIImagingDiffusionRegularization.pdf, DW0086_IMAGE2025_AcceleratingSeismicWavefieldRepresentationViaLatentDiffusion-initializedPINNs.pdf, DW0087_IMAGE2025_Separation-PINNSeismicP-andS-wavesModeSeparationWithPINNs.pdf, DW0088_IMAGE2025_PhysicsInformedNeuralOperatorforLearningHelmholtzEquationInMicroseismicApplication.pdf, DW0089_IMAGE2025_AcceleratingUpside-downRayleigh-MarchenkoImagingUsingSelf-SupervisedLearning.pdf
2026-06-03 16:18:31 | INFO     | Upload accepted → task_id=b2a9d260-0407-4685-941d-0e493437eb2e
2026-06-03 16:18:31 | DEBUG    | Task b2a9d260-0407-4685-941d-0e493437eb2e state=PENDING elapsed=0s — waiting …
2026-06-03 16:18:36 | DEBUG    | Task b2a9d260-0407-4685-941d-0e493437eb2e state=PENDING elapsed=5s — waiting …
2026-06-03 16:18:41 | DEBUG    | Task b2a9d260-0407-4685-941d-0e493437eb2e state=PENDING elapsed=10s — waiting …
2026-06-03 16:18:46 | DEBUG    | Task b2a9d260-0407-4685-941d-0e493437eb2e state=PENDING elapsed=15s — waiting …
2026-06-03 16:19:00 | DEBUG    | Task b2a9d260-0407-4685-941d-0e493437eb2e state=PENDING elapsed=29s — waiting …
2026-06-03 16:19:05 | DEBUG    | Task b2a9d260-0407-4685-941d-0e493437eb2e state=PENDING elapsed=34s — waiting …
2026-06-03 16:19:10 | DEBUG    | Task b2a9d260-0407-4685-941d-0e493437eb2e state=PENDING elapsed=39s — waiting …
2026-06-03 16:19:15 | DEBUG    | Task b2a9d260-0407-4685-941d-0e493437eb2e state=PENDING elapsed=44s — waiting …
2026-06-03 16:19:20 | DEBUG    | Task b2a9d260-0407-4685-941d-0e493437eb2e state=PENDING elapsed=49s — waiting …
2026-06-03 16:19:26 | DEBUG    | Task b2a9d260-0407-4685-941d-0e493437eb2e state=PENDING elapsed=54s — waiting …
2026-06-03 16:19:31 | DEBUG    | Task b2a9d260-0407-4685-941d-0e493437eb2e state=PENDING elapsed=59s — waiting …
2026-06-03 16:19:36 | DEBUG    | Task b2a9d260-0407-4685-941d-0e493437eb2e state=PENDING elapsed=64s — waiting …
2026-06-03 16:19:41 | DEBUG    | Task b2a9d260-0407-4685-941d-0e493437eb2e state=PENDING elapsed=69s — waiting …
2026-06-03 16:19:47 | INFO     | Task b2a9d260-0407-4685-941d-0e493437eb2e FINISHED in 76s
2026-06-03 16:19:47 | INFO     | ✅ batch 13/16 (16 files) complete
2026-06-03 16:19:47 | INFO     | --- batch 14/16 (16 files) ---
2026-06-03 16:19:47 | DEBUG    |   Files: DW0090_IMAGE2025_DeepLearningFrameworkForMitigatingCycleSkippingInFWI.pdf, DeepWave Consortium - 2025 Mid-year Meeting Agenda.pdf, 0.0 Meeting Opening remarks.pdf, 1.1 NING Accelerating Marchenko imaging via self-supervised focusing function prediction.pdf, 1.2 B-IntraSeismic - Uncertainty quantification in seismic inversion via implicit neural representations.pdf, 1.3 Multichannel wavefield reconstruction with slope assisted PINNs.pdf, 1.4 A generative foundation model for an all-in-one seismic processing framework.pdf, 2.1 Accelerating implicit neural representation-based FWI.pdf, 2.2 Deep learning-based time shift estimation for Full Waveform Inversion.pdf, 2.3 The Application of Siamese Neural Networks in Multi-Parameter Elastic Full Waveform Inversion.pdf, 2.4 Adaptive Full Waveform Inversion with Deep Learning.pdf, 2.5 IIntegration of CNN-Driven Velocity Refinement in FWI and Siamese Network-Based LSRTM.pdf, 3.0 TheGenerativeAIsponsorMeeting2025.pdf, 3.1 A Conditional Diffusion Model for CO2 Monitoring and Forecasting.pdf, 3.2 A Latent Diffusion Model-Based Imaging Condition for Microseismic Event Location.pdf, 3.3 Advancing Microseismic Monitoring with Deep Learning.pdf
2026-06-03 16:19:50 | INFO     | Upload accepted → task_id=ce4f76fe-e7e2-4c28-ab21-feb73a0f3c45
2026-06-03 16:19:50 | DEBUG    | Task ce4f76fe-e7e2-4c28-ab21-feb73a0f3c45 state=PENDING elapsed=0s — waiting …
2026-06-03 16:19:55 | DEBUG    | Task ce4f76fe-e7e2-4c28-ab21-feb73a0f3c45 state=PENDING elapsed=5s — waiting …
2026-06-03 16:20:00 | DEBUG    | Task ce4f76fe-e7e2-4c28-ab21-feb73a0f3c45 state=PENDING elapsed=10s — waiting …
2026-06-03 16:20:05 | DEBUG    | Task ce4f76fe-e7e2-4c28-ab21-feb73a0f3c45 state=PENDING elapsed=15s — waiting …
2026-06-03 16:20:10 | DEBUG    | Task ce4f76fe-e7e2-4c28-ab21-feb73a0f3c45 state=PENDING elapsed=20s — waiting …
2026-06-03 16:20:15 | DEBUG    | Task ce4f76fe-e7e2-4c28-ab21-feb73a0f3c45 state=PENDING elapsed=25s — waiting …
2026-06-03 16:20:20 | DEBUG    | Task ce4f76fe-e7e2-4c28-ab21-feb73a0f3c45 state=PENDING elapsed=30s — waiting …
2026-06-03 16:20:25 | DEBUG    | Task ce4f76fe-e7e2-4c28-ab21-feb73a0f3c45 state=PENDING elapsed=35s — waiting …
2026-06-03 16:20:30 | DEBUG    | Task ce4f76fe-e7e2-4c28-ab21-feb73a0f3c45 state=PENDING elapsed=40s — waiting …
2026-06-03 16:20:35 | DEBUG    | Task ce4f76fe-e7e2-4c28-ab21-feb73a0f3c45 state=PENDING elapsed=45s — waiting …
2026-06-03 16:20:40 | DEBUG    | Task ce4f76fe-e7e2-4c28-ab21-feb73a0f3c45 state=PENDING elapsed=50s — waiting …
2026-06-03 16:20:45 | DEBUG    | Task ce4f76fe-e7e2-4c28-ab21-feb73a0f3c45 state=PENDING elapsed=55s — waiting …
2026-06-03 16:20:50 | DEBUG    | Task ce4f76fe-e7e2-4c28-ab21-feb73a0f3c45 state=PENDING elapsed=60s — waiting …
2026-06-03 16:20:55 | DEBUG    | Task ce4f76fe-e7e2-4c28-ab21-feb73a0f3c45 state=PENDING elapsed=65s — waiting …
2026-06-03 16:21:00 | DEBUG    | Task ce4f76fe-e7e2-4c28-ab21-feb73a0f3c45 state=PENDING elapsed=70s — waiting …
2026-06-03 16:21:05 | DEBUG    | Task ce4f76fe-e7e2-4c28-ab21-feb73a0f3c45 state=PENDING elapsed=75s — waiting …
2026-06-03 16:21:10 | DEBUG    | Task ce4f76fe-e7e2-4c28-ab21-feb73a0f3c45 state=PENDING elapsed=80s — waiting …
2026-06-03 16:21:15 | DEBUG    | Task ce4f76fe-e7e2-4c28-ab21-feb73a0f3c45 state=PENDING elapsed=85s — waiting …
2026-06-03 16:21:20 | DEBUG    | Task ce4f76fe-e7e2-4c28-ab21-feb73a0f3c45 state=PENDING elapsed=90s — waiting …
2026-06-03 16:21:25 | DEBUG    | Task ce4f76fe-e7e2-4c28-ab21-feb73a0f3c45 state=PENDING elapsed=95s — waiting …
2026-06-03 16:21:30 | DEBUG    | Task ce4f76fe-e7e2-4c28-ab21-feb73a0f3c45 state=PENDING elapsed=100s — waiting …
2026-06-03 16:21:35 | DEBUG    | Task ce4f76fe-e7e2-4c28-ab21-feb73a0f3c45 state=PENDING elapsed=105s — waiting …
2026-06-03 16:21:40 | DEBUG    | Task ce4f76fe-e7e2-4c28-ab21-feb73a0f3c45 state=PENDING elapsed=110s — waiting …
2026-06-03 16:21:45 | DEBUG    | Task ce4f76fe-e7e2-4c28-ab21-feb73a0f3c45 state=PENDING elapsed=115s — waiting …
2026-06-03 16:21:50 | DEBUG    | Task ce4f76fe-e7e2-4c28-ab21-feb73a0f3c45 state=PENDING elapsed=120s — waiting …
2026-06-03 16:21:55 | DEBUG    | Task ce4f76fe-e7e2-4c28-ab21-feb73a0f3c45 state=PENDING elapsed=125s — waiting …
2026-06-03 16:22:00 | DEBUG    | Task ce4f76fe-e7e2-4c28-ab21-feb73a0f3c45 state=PENDING elapsed=130s — waiting …
2026-06-03 16:22:05 | DEBUG    | Task ce4f76fe-e7e2-4c28-ab21-feb73a0f3c45 state=PENDING elapsed=135s — waiting …
2026-06-03 16:22:10 | DEBUG    | Task ce4f76fe-e7e2-4c28-ab21-feb73a0f3c45 state=PENDING elapsed=140s — waiting …
2026-06-03 16:22:15 | DEBUG    | Task ce4f76fe-e7e2-4c28-ab21-feb73a0f3c45 state=PENDING elapsed=145s — waiting …
2026-06-03 16:22:20 | DEBUG    | Task ce4f76fe-e7e2-4c28-ab21-feb73a0f3c45 state=PENDING elapsed=150s — waiting …
2026-06-03 16:22:25 | DEBUG    | Task ce4f76fe-e7e2-4c28-ab21-feb73a0f3c45 state=PENDING elapsed=155s — waiting …
2026-06-03 16:22:30 | DEBUG    | Task ce4f76fe-e7e2-4c28-ab21-feb73a0f3c45 state=PENDING elapsed=160s — waiting …
2026-06-03 16:22:38 | DEBUG    | Task ce4f76fe-e7e2-4c28-ab21-feb73a0f3c45 state=PENDING elapsed=168s — waiting …
2026-06-03 16:22:43 | DEBUG    | Task ce4f76fe-e7e2-4c28-ab21-feb73a0f3c45 state=PENDING elapsed=173s — waiting …
2026-06-03 16:22:48 | DEBUG    | Task ce4f76fe-e7e2-4c28-ab21-feb73a0f3c45 state=PENDING elapsed=178s — waiting …
2026-06-03 16:22:55 | INFO     | Task ce4f76fe-e7e2-4c28-ab21-feb73a0f3c45 FINISHED in 185s
2026-06-03 16:22:55 | INFO     | ✅ batch 14/16 (16 files) complete
2026-06-03 16:22:55 | INFO     | --- batch 15/16 (16 files) ---
2026-06-03 16:22:55 | DEBUG    |   Files: 3.4 XIAO Source Parameters Determination in Microseismic FWI .pdf, 4.1 Guiding unconditional diffusion models through data reconstruction for high-fidelity velocity model building models.pdf, 4.2 Diffusion as an adaptive regularization during the FWI imaging process.pdf, 4.3 Revolutionizing Velocity Model Building with Autoregressive Generative AI.pdf, 4.4 Generative Models for Salt Body Building Using FWI.pdf, CONTENTS of REPORTS.pdf, DW0001_PnP_SVGD.pdf, DW0012_SSDeblend.pdf, DW0053_DL-BasedTimeShiftEstimationForFWI.pdf, DW0056_EnhancingSeismicDataQualityWithGabor-BasedUnsupervisedDenoisingNear-SurfaceScatteringNoise.pdf, DW0057_IMAGE24_IntegratingU-NetIntoFWInversionForSaltBodyBuilding.pdf, DW0061_DiffusionIP.pdf, DW0062_Meta-LRPINN.pdf, DW0064_Physics-guidedGenerativeNeuralOperatorForSeismicWavefieldSolutions.pdf, DW0071_AcceleratingMarchenkoImagingbySelf-SupervisedPredictionofFocusingFunctions.pdf, DW0078_EnhancingMulti-parameterEFWIwithSiameseNetwork.pdf
2026-06-03 16:22:58 | INFO     | Upload accepted → task_id=f51ef360-a625-4f80-ad9a-d260afb8157c
2026-06-03 16:22:58 | DEBUG    | Task f51ef360-a625-4f80-ad9a-d260afb8157c state=PENDING elapsed=0s — waiting …
2026-06-03 16:23:03 | DEBUG    | Task f51ef360-a625-4f80-ad9a-d260afb8157c state=PENDING elapsed=5s — waiting …
2026-06-03 16:23:08 | DEBUG    | Task f51ef360-a625-4f80-ad9a-d260afb8157c state=PENDING elapsed=10s — waiting …
2026-06-03 16:23:13 | DEBUG    | Task f51ef360-a625-4f80-ad9a-d260afb8157c state=PENDING elapsed=15s — waiting …
2026-06-03 16:23:18 | DEBUG    | Task f51ef360-a625-4f80-ad9a-d260afb8157c state=PENDING elapsed=20s — waiting …
2026-06-03 16:23:23 | DEBUG    | Task f51ef360-a625-4f80-ad9a-d260afb8157c state=PENDING elapsed=25s — waiting …
2026-06-03 16:23:28 | DEBUG    | Task f51ef360-a625-4f80-ad9a-d260afb8157c state=PENDING elapsed=30s — waiting …
2026-06-03 16:23:33 | DEBUG    | Task f51ef360-a625-4f80-ad9a-d260afb8157c state=PENDING elapsed=35s — waiting …
2026-06-03 16:23:38 | DEBUG    | Task f51ef360-a625-4f80-ad9a-d260afb8157c state=PENDING elapsed=40s — waiting …
2026-06-03 16:23:43 | DEBUG    | Task f51ef360-a625-4f80-ad9a-d260afb8157c state=PENDING elapsed=45s — waiting …
2026-06-03 16:23:48 | DEBUG    | Task f51ef360-a625-4f80-ad9a-d260afb8157c state=PENDING elapsed=50s — waiting …
2026-06-03 16:23:53 | DEBUG    | Task f51ef360-a625-4f80-ad9a-d260afb8157c state=PENDING elapsed=55s — waiting …
2026-06-03 16:23:58 | DEBUG    | Task f51ef360-a625-4f80-ad9a-d260afb8157c state=PENDING elapsed=60s — waiting …
2026-06-03 16:24:03 | DEBUG    | Task f51ef360-a625-4f80-ad9a-d260afb8157c state=PENDING elapsed=65s — waiting …
2026-06-03 16:24:08 | DEBUG    | Task f51ef360-a625-4f80-ad9a-d260afb8157c state=PENDING elapsed=70s — waiting …
2026-06-03 16:24:13 | DEBUG    | Task f51ef360-a625-4f80-ad9a-d260afb8157c state=PENDING elapsed=75s — waiting …
2026-06-03 16:24:18 | DEBUG    | Task f51ef360-a625-4f80-ad9a-d260afb8157c state=PENDING elapsed=80s — waiting …
2026-06-03 16:24:23 | DEBUG    | Task f51ef360-a625-4f80-ad9a-d260afb8157c state=PENDING elapsed=85s — waiting …
2026-06-03 16:24:28 | DEBUG    | Task f51ef360-a625-4f80-ad9a-d260afb8157c state=PENDING elapsed=90s — waiting …
2026-06-03 16:24:33 | DEBUG    | Task f51ef360-a625-4f80-ad9a-d260afb8157c state=PENDING elapsed=95s — waiting …
2026-06-03 16:24:38 | DEBUG    | Task f51ef360-a625-4f80-ad9a-d260afb8157c state=PENDING elapsed=100s — waiting …
2026-06-03 16:24:43 | DEBUG    | Task f51ef360-a625-4f80-ad9a-d260afb8157c state=PENDING elapsed=105s — waiting …
2026-06-03 16:24:48 | DEBUG    | Task f51ef360-a625-4f80-ad9a-d260afb8157c state=PENDING elapsed=110s — waiting …
2026-06-03 16:24:53 | DEBUG    | Task f51ef360-a625-4f80-ad9a-d260afb8157c state=PENDING elapsed=115s — waiting …
2026-06-03 16:24:58 | DEBUG    | Task f51ef360-a625-4f80-ad9a-d260afb8157c state=PENDING elapsed=120s — waiting …
2026-06-03 16:25:03 | DEBUG    | Task f51ef360-a625-4f80-ad9a-d260afb8157c state=PENDING elapsed=125s — waiting …
2026-06-03 16:25:09 | DEBUG    | Task f51ef360-a625-4f80-ad9a-d260afb8157c state=PENDING elapsed=131s — waiting …
2026-06-03 16:25:14 | DEBUG    | Task f51ef360-a625-4f80-ad9a-d260afb8157c state=PENDING elapsed=136s — waiting …
2026-06-03 16:25:19 | DEBUG    | Task f51ef360-a625-4f80-ad9a-d260afb8157c state=PENDING elapsed=141s — waiting …
2026-06-03 16:25:24 | DEBUG    | Task f51ef360-a625-4f80-ad9a-d260afb8157c state=PENDING elapsed=146s — waiting …
2026-06-03 16:25:29 | DEBUG    | Task f51ef360-a625-4f80-ad9a-d260afb8157c state=PENDING elapsed=151s — waiting …
2026-06-03 16:25:34 | DEBUG    | Task f51ef360-a625-4f80-ad9a-d260afb8157c state=PENDING elapsed=156s — waiting …
2026-06-03 16:25:39 | DEBUG    | Task f51ef360-a625-4f80-ad9a-d260afb8157c state=PENDING elapsed=161s — waiting …
2026-06-03 16:25:44 | DEBUG    | Task f51ef360-a625-4f80-ad9a-d260afb8157c state=PENDING elapsed=166s — waiting …
2026-06-03 16:25:49 | DEBUG    | Task f51ef360-a625-4f80-ad9a-d260afb8157c state=PENDING elapsed=171s — waiting …
2026-06-03 16:25:54 | DEBUG    | Task f51ef360-a625-4f80-ad9a-d260afb8157c state=PENDING elapsed=176s — waiting …
2026-06-03 16:25:59 | DEBUG    | Task f51ef360-a625-4f80-ad9a-d260afb8157c state=PENDING elapsed=181s — waiting …
2026-06-03 16:26:04 | DEBUG    | Task f51ef360-a625-4f80-ad9a-d260afb8157c state=PENDING elapsed=186s — waiting …
2026-06-03 16:26:09 | DEBUG    | Task f51ef360-a625-4f80-ad9a-d260afb8157c state=PENDING elapsed=191s — waiting …
2026-06-03 16:26:14 | DEBUG    | Task f51ef360-a625-4f80-ad9a-d260afb8157c state=PENDING elapsed=196s — waiting …
2026-06-03 16:26:19 | DEBUG    | Task f51ef360-a625-4f80-ad9a-d260afb8157c state=PENDING elapsed=201s — waiting …
2026-06-03 16:26:24 | DEBUG    | Task f51ef360-a625-4f80-ad9a-d260afb8157c state=PENDING elapsed=206s — waiting …
2026-06-03 16:26:29 | DEBUG    | Task f51ef360-a625-4f80-ad9a-d260afb8157c state=PENDING elapsed=211s — waiting …
2026-06-03 16:26:34 | DEBUG    | Task f51ef360-a625-4f80-ad9a-d260afb8157c state=PENDING elapsed=216s — waiting …
2026-06-03 16:26:39 | DEBUG    | Task f51ef360-a625-4f80-ad9a-d260afb8157c state=PENDING elapsed=221s — waiting …
2026-06-03 16:26:44 | DEBUG    | Task f51ef360-a625-4f80-ad9a-d260afb8157c state=PENDING elapsed=226s — waiting …
2026-06-03 16:26:49 | DEBUG    | Task f51ef360-a625-4f80-ad9a-d260afb8157c state=PENDING elapsed=231s — waiting …
2026-06-03 16:26:54 | DEBUG    | Task f51ef360-a625-4f80-ad9a-d260afb8157c state=PENDING elapsed=236s — waiting …
2026-06-03 16:26:59 | DEBUG    | Task f51ef360-a625-4f80-ad9a-d260afb8157c state=PENDING elapsed=241s — waiting …
2026-06-03 16:27:04 | DEBUG    | Task f51ef360-a625-4f80-ad9a-d260afb8157c state=PENDING elapsed=246s — waiting …
2026-06-03 16:27:09 | DEBUG    | Task f51ef360-a625-4f80-ad9a-d260afb8157c state=PENDING elapsed=251s — waiting …
2026-06-03 16:27:14 | DEBUG    | Task f51ef360-a625-4f80-ad9a-d260afb8157c state=PENDING elapsed=256s — waiting …
2026-06-03 16:27:19 | DEBUG    | Task f51ef360-a625-4f80-ad9a-d260afb8157c state=PENDING elapsed=261s — waiting …
2026-06-03 16:27:24 | DEBUG    | Task f51ef360-a625-4f80-ad9a-d260afb8157c state=PENDING elapsed=266s — waiting …
2026-06-03 16:27:29 | DEBUG    | Task f51ef360-a625-4f80-ad9a-d260afb8157c state=PENDING elapsed=271s — waiting …
2026-06-03 16:27:34 | DEBUG    | Task f51ef360-a625-4f80-ad9a-d260afb8157c state=PENDING elapsed=276s — waiting …
2026-06-03 16:27:39 | DEBUG    | Task f51ef360-a625-4f80-ad9a-d260afb8157c state=PENDING elapsed=281s — waiting …
2026-06-03 16:27:44 | DEBUG    | Task f51ef360-a625-4f80-ad9a-d260afb8157c state=PENDING elapsed=286s — waiting …
2026-06-03 16:27:49 | DEBUG    | Task f51ef360-a625-4f80-ad9a-d260afb8157c state=PENDING elapsed=291s — waiting …
2026-06-03 16:27:54 | DEBUG    | Task f51ef360-a625-4f80-ad9a-d260afb8157c state=PENDING elapsed=296s — waiting …
2026-06-03 16:27:59 | WARNING  | Task f51ef360-a625-4f80-ad9a-d260afb8157c: 2 document(s) failed — ["DW0001_PnP_SVGD.pdf", "DW0061_DiffusionIP.pdf"]
2026-06-03 16:27:59 | INFO     | Task f51ef360-a625-4f80-ad9a-d260afb8157c FINISHED in 301s
2026-06-03 16:27:59 | WARNING  | ⚠ batch 15/16 (16 files) partial: 2 doc(s) failed — ['DW0001_PnP_SVGD.pdf', 'DW0061_DiffusionIP.pdf']
2026-06-03 16:27:59 | INFO     | --- batch 16/16 (1 files) ---
2026-06-03 16:27:59 | DEBUG    |   Files: DW0087_SeparationPINNSeismicP-andS-wavesModeSeparationWithPINNs.pdf
2026-06-03 16:28:00 | INFO     | Upload accepted → task_id=818e1272-10ca-43b3-8286-5b68e71eb24f
2026-06-03 16:28:00 | DEBUG    | Task 818e1272-10ca-43b3-8286-5b68e71eb24f state=PENDING elapsed=0s — waiting …
2026-06-03 16:28:05 | DEBUG    | Task 818e1272-10ca-43b3-8286-5b68e71eb24f state=PENDING elapsed=5s — waiting …
2026-06-03 16:28:10 | DEBUG    | Task 818e1272-10ca-43b3-8286-5b68e71eb24f state=PENDING elapsed=10s — waiting …
2026-06-03 16:28:27 | INFO     | Task 818e1272-10ca-43b3-8286-5b68e71eb24f FINISHED in 27s
2026-06-03 16:28:27 | INFO     | ✅ batch 16/16 (1 files) complete
2026-06-03 16:28:27 | ERROR    | === PARTIAL FAILURE  ok=237  failed=4  skipped=0 ===
