### ERROS
### TAIL 400
[2026/06/05 12:21:32.002 -03:00] [INFO] [datacoord/handler.go:209] [GetQueryVChanPositions] [collectionID=466747304963991222] [channel=by-dev-rootcoord-dml_5_466747304963991222v0] [numOfSegments=2] ["result flushed"=2] ["result growing"=0] ["result L0"=0] ["partition stats"={}]
[2026/06/05 12:21:32.001 -03:00] [INFO] [querynodev2/services.go:1393] ["sync action"] [traceID=ba5717fb31548260a29921821d03bdf1] [collectionID=466747304963991144] [channel=by-dev-rootcoord-dml_3_466747304963991144v0] [currentNodeID=4] [Action=UpdateVersion] [TargetVersion=1780672882001884214] [checkPoint=2026/06/05 12:20:31.870 -03:00] [deleteCP=2026/06/05 12:20:31.870 -03:00] [partitions="[466747304963991145]"]
[2026/06/05 12:21:32.002 -03:00] [INFO] [datacoord/handler.go:209] [GetQueryVChanPositions] [collectionID=466747304963790083] [channel=by-dev-rootcoord-dml_1_466747304963790083v0] [numOfSegments=3] ["result flushed"=2] ["result growing"=0] ["result L0"=0] ["partition stats"={}]
[2026/06/05 12:21:32.002 -03:00] [INFO] [datacoord/handler.go:471] ["channel seek position set from channel checkpoint meta"] [channel=by-dev-rootcoord-dml_5_466747304963991222v0] [posTs=466792698837729294] [posTime=2026/06/05 12:20:31.870 -03:00]
[2026/06/05 12:21:32.002 -03:00] [INFO] [datacoord/handler.go:471] ["channel seek position set from channel checkpoint meta"] [channel=by-dev-rootcoord-dml_1_466747304963790083v0] [posTs=466792698837729289] [posTime=2026/06/05 12:20:31.870 -03:00]
[2026/06/05 12:21:32.002 -03:00] [INFO] [datacoord/services.go:1025] ["datacoord append channelInfo in GetRecoveryInfo"] [collectionID=466747304963991222] [partitionIDs="[]"] [channel=by-dev-rootcoord-dml_5_466747304963991222v0] ["# of unflushed segments"=0] ["# of flushed segments"=2] ["# of dropped segments"=0] ["# of indexed segments"=0] ["# of l0 segments"=0] ["# of check point"=2026/06/05 12:20:31.870 -03:00] ["# of delete check point"=2026/06/05 12:20:31.870 -03:00]
[2026/06/05 12:21:32.002 -03:00] [INFO] [datacoord/services.go:1025] ["datacoord append channelInfo in GetRecoveryInfo"] [collectionID=466747304963790083] [partitionIDs="[]"] [channel=by-dev-rootcoord-dml_1_466747304963790083v0] ["# of unflushed segments"=0] ["# of flushed segments"=2] ["# of dropped segments"=1] ["# of indexed segments"=0] ["# of l0 segments"=0] ["# of check point"=2026/06/05 12:20:31.870 -03:00] ["# of delete check point"=2026/06/05 12:20:31.870 -03:00]
[2026/06/05 12:21:32.002 -03:00] [INFO] [delegator/distribution.go:316] ["channel distribution serviceable changed"] [channel=by-dev-rootcoord-dml_3_466747304963991144v0] [serviceable=true] [loadedRatio=1] [loadedSealedRowCount=678] [totalSealedRowCount=678] [unloadedSealedSegmentNum=0] [totalSealedSegmentNum=1] [action=SyncTargetVersion]
[2026/06/05 12:21:32.002 -03:00] [INFO] [datacoord/services.go:1010] ["get recovery info request received"] [collectionID=466747304966214770] [partitionIDs="[]"]
[2026/06/05 12:21:32.002 -03:00] [INFO] [datacoord/services.go:1010] ["get recovery info request received"] [collectionID=466746981989224024] [partitionIDs="[]"]
[2026/06/05 12:21:32.002 -03:00] [INFO] [datacoord/services.go:1010] ["get recovery info request received"] [collectionID=466747304963991185] [partitionIDs="[]"]
[2026/06/05 12:21:32.002 -03:00] [INFO] [datacoord/services.go:1010] ["get recovery info request received"] [collectionID=466747304963991259] [partitionIDs="[]"]
[2026/06/05 12:21:32.002 -03:00] [INFO] [datacoord/handler.go:209] [GetQueryVChanPositions] [collectionID=466746981989224024] [channel=by-dev-rootcoord-dml_0_466746981989224024v0] [numOfSegments=1] ["result flushed"=1] ["result growing"=0] ["result L0"=0] ["partition stats"={}]
[2026/06/05 12:21:32.002 -03:00] [INFO] [datacoord/handler.go:209] [GetQueryVChanPositions] [collectionID=466747304963991185] [channel=by-dev-rootcoord-dml_4_466747304963991185v0] [numOfSegments=3] ["result flushed"=2] ["result growing"=0] ["result L0"=0] ["partition stats"={}]
[2026/06/05 12:21:32.002 -03:00] [INFO] [datacoord/handler.go:209] [GetQueryVChanPositions] [collectionID=466747304966214770] [channel=by-dev-rootcoord-dml_8_466747304966214770v0] [numOfSegments=5] ["result flushed"=1] ["result growing"=0] ["result L0"=0] ["partition stats"={}]
[2026/06/05 12:21:32.002 -03:00] [INFO] [datacoord/handler.go:471] ["channel seek position set from channel checkpoint meta"] [channel=by-dev-rootcoord-dml_0_466746981989224024v0] [posTs=466792698837729286] [posTime=2026/06/05 12:20:31.870 -03:00]
[2026/06/05 12:21:32.002 -03:00] [INFO] [datacoord/handler.go:471] ["channel seek position set from channel checkpoint meta"] [channel=by-dev-rootcoord-dml_4_466747304963991185v0] [posTs=466792698837729284] [posTime=2026/06/05 12:20:31.870 -03:00]
[2026/06/05 12:21:32.002 -03:00] [INFO] [datacoord/services.go:1025] ["datacoord append channelInfo in GetRecoveryInfo"] [collectionID=466746981989224024] [partitionIDs="[]"] [channel=by-dev-rootcoord-dml_0_466746981989224024v0] ["# of unflushed segments"=0] ["# of flushed segments"=1] ["# of dropped segments"=0] ["# of indexed segments"=0] ["# of l0 segments"=0] ["# of check point"=2026/06/05 12:20:31.870 -03:00] ["# of delete check point"=2026/06/05 12:20:31.870 -03:00]
[2026/06/05 12:21:32.002 -03:00] [INFO] [datacoord/handler.go:471] ["channel seek position set from channel checkpoint meta"] [channel=by-dev-rootcoord-dml_8_466747304966214770v0] [posTs=466792698837729290] [posTime=2026/06/05 12:20:31.870 -03:00]
[2026/06/05 12:21:32.002 -03:00] [INFO] [datacoord/services.go:1025] ["datacoord append channelInfo in GetRecoveryInfo"] [collectionID=466747304963991185] [partitionIDs="[]"] [channel=by-dev-rootcoord-dml_4_466747304963991185v0] ["# of unflushed segments"=0] ["# of flushed segments"=2] ["# of dropped segments"=1] ["# of indexed segments"=0] ["# of l0 segments"=0] ["# of check point"=2026/06/05 12:20:31.870 -03:00] ["# of delete check point"=2026/06/05 12:20:31.870 -03:00]
[2026/06/05 12:21:32.002 -03:00] [INFO] [datacoord/services.go:1025] ["datacoord append channelInfo in GetRecoveryInfo"] [collectionID=466747304966214770] [partitionIDs="[]"] [channel=by-dev-rootcoord-dml_8_466747304966214770v0] ["# of unflushed segments"=0] ["# of flushed segments"=1] ["# of dropped segments"=4] ["# of indexed segments"=0] ["# of l0 segments"=0] ["# of check point"=2026/06/05 12:20:31.870 -03:00] ["# of delete check point"=2026/06/05 12:20:31.870 -03:00]
[2026/06/05 12:21:32.002 -03:00] [INFO] [delegator/distribution.go:463] ["Update channel query view"] [channel=by-dev-rootcoord-dml_3_466747304963991144v0] [partitions="[466747304963991145]"] [oldVersion=1780672872001654697] [newVersion=1780672882001884214] [serviceable=true] [loadedRatio=1] [growingSegmentNum=0] [sealedSegmentNum=1]
[2026/06/05 12:21:32.002 -03:00] [INFO] [datacoord/handler.go:209] [GetQueryVChanPositions] [collectionID=466747304963991259] [channel=by-dev-rootcoord-dml_6_466747304963991259v0] [numOfSegments=1] ["result flushed"=1] ["result growing"=0] ["result L0"=0] ["partition stats"={}]
[2026/06/05 12:21:32.002 -03:00] [INFO] [datacoord/handler.go:471] ["channel seek position set from channel checkpoint meta"] [channel=by-dev-rootcoord-dml_6_466747304963991259v0] [posTs=466792698837729287] [posTime=2026/06/05 12:20:31.870 -03:00]
[2026/06/05 12:21:32.002 -03:00] [INFO] [datacoord/services.go:1025] ["datacoord append channelInfo in GetRecoveryInfo"] [collectionID=466747304963991259] [partitionIDs="[]"] [channel=by-dev-rootcoord-dml_6_466747304963991259v0] ["# of unflushed segments"=0] ["# of flushed segments"=1] ["# of dropped segments"=0] ["# of indexed segments"=0] ["# of l0 segments"=0] ["# of check point"=2026/06/05 12:20:31.870 -03:00] ["# of delete check point"=2026/06/05 12:20:31.870 -03:00]
[2026/06/05 12:21:32.002 -03:00] [INFO] [datacoord/services.go:1010] ["get recovery info request received"] [collectionID=466747304963991144] [partitionIDs="[]"]
[2026/06/05 12:21:32.002 -03:00] [INFO] [datacoord/handler.go:209] [GetQueryVChanPositions] [collectionID=466747304963991144] [channel=by-dev-rootcoord-dml_3_466747304963991144v0] [numOfSegments=1] ["result flushed"=1] ["result growing"=0] ["result L0"=0] ["partition stats"={}]
[2026/06/05 12:21:32.002 -03:00] [INFO] [datacoord/handler.go:471] ["channel seek position set from channel checkpoint meta"] [channel=by-dev-rootcoord-dml_3_466747304963991144v0] [posTs=466792698837729281] [posTime=2026/06/05 12:20:31.870 -03:00]
[2026/06/05 12:21:32.002 -03:00] [INFO] [datacoord/services.go:1025] ["datacoord append channelInfo in GetRecoveryInfo"] [collectionID=466747304963991144] [partitionIDs="[]"] [channel=by-dev-rootcoord-dml_3_466747304963991144v0] ["# of unflushed segments"=0] ["# of flushed segments"=1] ["# of dropped segments"=0] ["# of indexed segments"=0] ["# of l0 segments"=0] ["# of check point"=2026/06/05 12:20:31.870 -03:00] ["# of delete check point"=2026/06/05 12:20:31.870 -03:00]
[2026/06/05 12:21:41.506 -03:00] [INFO] [datacoord/meta.go:1959] ["UpdateChannelCheckpoint done"] [traceID=0bee830c0d850f147d24708b2c68e4db] [channel=by-dev-rootcoord-dml_2_466747304963790106v0] [ts=466792714566369281] [time=2026/06/05 12:21:31.870 -03:00]
[2026/06/05 12:21:41.506 -03:00] [INFO] [datacoord/segment_manager.go:599] ["try remove empty sealed segment after channel cp updated failed to get channel"] [channel=by-dev-rootcoord-dml_2_466747304963790106v0]
[2026/06/05 12:21:41.506 -03:00] [INFO] [recovery/recovery_storage_impl.go:120] ["update flush checkpoint"] [module=streamingnode] [nodeID=4] [component=recovery-storage] [channel=by-dev-rootcoord-dml_2:rw@5] [state=working] [vchannel=by-dev-rootcoord-dml_2_466747304963790106v0] [messageID=466746984501346758] [timeTick=466792714566369281]
[2026/06/05 12:21:41.507 -03:00] [INFO] [datacoord/meta.go:1959] ["UpdateChannelCheckpoint done"] [traceID=d8f19299ae8bb43be2144c8e71b9d0f5] [channel=by-dev-rootcoord-dml_3_466747304963991144v0] [ts=466792714566369291] [time=2026/06/05 12:21:31.870 -03:00]
[2026/06/05 12:21:41.507 -03:00] [INFO] [datacoord/segment_manager.go:599] ["try remove empty sealed segment after channel cp updated failed to get channel"] [channel=by-dev-rootcoord-dml_3_466747304963991144v0]
[2026/06/05 12:21:41.507 -03:00] [INFO] [recovery/recovery_storage_impl.go:120] ["update flush checkpoint"] [module=streamingnode] [nodeID=4] [component=recovery-storage] [channel=by-dev-rootcoord-dml_3:rw@5] [state=working] [vchannel=by-dev-rootcoord-dml_3_466747304963991144v0] [messageID=466746984501347014] [timeTick=466792714566369291]
[2026/06/05 12:21:41.508 -03:00] [INFO] [datacoord/meta.go:1959] ["UpdateChannelCheckpoint done"] [traceID=8026ed3f1616245501fc3159bf46f410] [channel=by-dev-rootcoord-dml_5_466747304963991222v0] [ts=466792714566369282] [time=2026/06/05 12:21:31.870 -03:00]
[2026/06/05 12:21:41.508 -03:00] [INFO] [datacoord/segment_manager.go:599] ["try remove empty sealed segment after channel cp updated failed to get channel"] [channel=by-dev-rootcoord-dml_5_466747304963991222v0]
[2026/06/05 12:21:41.508 -03:00] [INFO] [recovery/recovery_storage_impl.go:120] ["update flush checkpoint"] [module=streamingnode] [nodeID=4] [component=recovery-storage] [channel=by-dev-rootcoord-dml_5:rw@5] [state=working] [vchannel=by-dev-rootcoord-dml_5_466747304963991222v0] [messageID=466746984501362340] [timeTick=466792714566369282]
[2026/06/05 12:21:41.509 -03:00] [INFO] [datacoord/meta.go:1959] ["UpdateChannelCheckpoint done"] [traceID=11b0cfa8f41febcb6ab171b43952f0fa] [channel=by-dev-rootcoord-dml_4_466747304963991185v0] [ts=466792714566369292] [time=2026/06/05 12:21:31.870 -03:00]
[2026/06/05 12:21:41.509 -03:00] [INFO] [datacoord/segment_manager.go:599] ["try remove empty sealed segment after channel cp updated failed to get channel"] [channel=by-dev-rootcoord-dml_4_466747304963991185v0]
[2026/06/05 12:21:41.509 -03:00] [INFO] [recovery/recovery_storage_impl.go:120] ["update flush checkpoint"] [module=streamingnode] [nodeID=4] [component=recovery-storage] [channel=by-dev-rootcoord-dml_4:rw@5] [state=working] [vchannel=by-dev-rootcoord-dml_4_466747304963991185v0] [messageID=466746984501608465] [timeTick=466792714566369292]
[2026/06/05 12:21:41.510 -03:00] [INFO] [datacoord/meta.go:1959] ["UpdateChannelCheckpoint done"] [traceID=e9cb2ac2eff7a4d6c30a858ba99d5ee8] [channel=by-dev-rootcoord-dml_6_466747304963991259v0] [ts=466792714566369290] [time=2026/06/05 12:21:31.870 -03:00]
[2026/06/05 12:21:41.510 -03:00] [INFO] [datacoord/segment_manager.go:599] ["try remove empty sealed segment after channel cp updated failed to get channel"] [channel=by-dev-rootcoord-dml_6_466747304963991259v0]
[2026/06/05 12:21:41.510 -03:00] [INFO] [recovery/recovery_storage_impl.go:120] ["update flush checkpoint"] [module=streamingnode] [nodeID=4] [component=recovery-storage] [channel=by-dev-rootcoord-dml_6:rw@5] [state=working] [vchannel=by-dev-rootcoord-dml_6_466747304963991259v0] [messageID=466746984501614827] [timeTick=466792714566369290]
[2026/06/05 12:21:41.511 -03:00] [INFO] [datacoord/meta.go:1959] ["UpdateChannelCheckpoint done"] [traceID=5fdfc8ab5d938e26b19820bcc6028c54] [channel=by-dev-rootcoord-dml_8_466747304966214770v0] [ts=466792714566369294] [time=2026/06/05 12:21:31.870 -03:00]
[2026/06/05 12:21:41.511 -03:00] [INFO] [datacoord/segment_manager.go:599] ["try remove empty sealed segment after channel cp updated failed to get channel"] [channel=by-dev-rootcoord-dml_8_466747304966214770v0]
[2026/06/05 12:21:41.511 -03:00] [INFO] [recovery/recovery_storage_impl.go:120] ["update flush checkpoint"] [module=streamingnode] [nodeID=4] [component=recovery-storage] [channel=by-dev-rootcoord-dml_8:rw@5] [state=working] [vchannel=by-dev-rootcoord-dml_8_466747304966214770v0] [messageID=466746984501611121] [timeTick=466792714566369294]
[2026/06/05 12:21:41.512 -03:00] [INFO] [datacoord/meta.go:1959] ["UpdateChannelCheckpoint done"] [traceID=86df20397886dd114e340d9326132238] [channel=by-dev-rootcoord-dml_1_466747304963790083v0] [ts=466792714566369285] [time=2026/06/05 12:21:31.870 -03:00]
[2026/06/05 12:21:41.512 -03:00] [INFO] [datacoord/segment_manager.go:599] ["try remove empty sealed segment after channel cp updated failed to get channel"] [channel=by-dev-rootcoord-dml_1_466747304963790083v0]
[2026/06/05 12:21:41.512 -03:00] [INFO] [recovery/recovery_storage_impl.go:120] ["update flush checkpoint"] [module=streamingnode] [nodeID=4] [component=recovery-storage] [channel=by-dev-rootcoord-dml_1:rw@5] [state=working] [vchannel=by-dev-rootcoord-dml_1_466747304963790083v0] [messageID=466746984501870605] [timeTick=466792714566369285]
[2026/06/05 12:21:41.513 -03:00] [INFO] [datacoord/meta.go:1959] ["UpdateChannelCheckpoint done"] [traceID=fd0f4370a77d8e5070011e232ba618d9] [channel=by-dev-rootcoord-dml_0_466746981989224024v0] [ts=466792714566369287] [time=2026/06/05 12:21:31.870 -03:00]
[2026/06/05 12:21:41.513 -03:00] [INFO] [datacoord/segment_manager.go:599] ["try remove empty sealed segment after channel cp updated failed to get channel"] [channel=by-dev-rootcoord-dml_0_466746981989224024v0]
[2026/06/05 12:21:41.513 -03:00] [INFO] [recovery/recovery_storage_impl.go:120] ["update flush checkpoint"] [module=streamingnode] [nodeID=4] [component=recovery-storage] [channel=by-dev-rootcoord-dml_0:rw@5] [state=working] [vchannel=by-dev-rootcoord-dml_0_466746981989224024v0] [messageID=466746984501608477] [timeTick=466792714566369287]
[2026/06/05 12:21:41.514 -03:00] [INFO] [datacoord/meta.go:1959] ["UpdateChannelCheckpoint done"] [traceID=36d077fc8cb56bb9cdbbaa1cdefa912e] [channel=by-dev-rootcoord-dml_7_466747304963991296v0] [ts=466792714566369293] [time=2026/06/05 12:21:31.870 -03:00]
[2026/06/05 12:21:41.514 -03:00] [INFO] [datacoord/segment_manager.go:599] ["try remove empty sealed segment after channel cp updated failed to get channel"] [channel=by-dev-rootcoord-dml_7_466747304963991296v0]
[2026/06/05 12:21:41.514 -03:00] [INFO] [recovery/recovery_storage_impl.go:120] ["update flush checkpoint"] [module=streamingnode] [nodeID=4] [component=recovery-storage] [channel=by-dev-rootcoord-dml_7:rw@5] [state=working] [vchannel=by-dev-rootcoord-dml_7_466747304963991296v0] [messageID=466746984501423696] [timeTick=466792714566369293]
[2026/06/05 12:21:42.000 -03:00] [INFO] [observers/target_observer.go:526] ["Update readable segment version"] [collectionID=466747304963991259] [channelName=by-dev-rootcoord-dml_6_466747304963991259v0] [nodeID=4] [oldVersion=1780672882001911997] [newVersion=1780672892002366117]
[2026/06/05 12:21:42.000 -03:00] [INFO] [querynodev2/services.go:1393] ["sync action"] [traceID=1da3d380a3963a4380c5ae1d18d6f42a] [collectionID=466747304963790083] [channel=by-dev-rootcoord-dml_1_466747304963790083v0] [currentNodeID=4] [Action=UpdateVersion] [TargetVersion=1780672892002173575] [checkPoint=2026/06/05 12:20:31.870 -03:00] [deleteCP=2026/06/05 12:20:31.870 -03:00] [partitions="[466747304963790084]"]
[2026/06/05 12:21:42.001 -03:00] [INFO] [querynodev2/services.go:1393] ["sync action"] [traceID=a750b39d4783bf4dcc2c27010e1fdf39] [collectionID=466747304966214770] [channel=by-dev-rootcoord-dml_8_466747304966214770v0] [currentNodeID=4] [Action=UpdateVersion] [TargetVersion=1780672892002323567] [checkPoint=2026/06/05 12:20:31.870 -03:00] [deleteCP=2026/06/05 12:20:31.870 -03:00] [partitions="[466747304966214771]"]
[2026/06/05 12:21:42.001 -03:00] [INFO] [delegator/distribution.go:316] ["channel distribution serviceable changed"] [channel=by-dev-rootcoord-dml_1_466747304963790083v0] [serviceable=true] [loadedRatio=1] [loadedSealedRowCount=16846] [totalSealedRowCount=16846] [unloadedSealedSegmentNum=0] [totalSealedSegmentNum=2] [action=SyncTargetVersion]
[2026/06/05 12:21:42.001 -03:00] [INFO] [delegator/distribution.go:463] ["Update channel query view"] [channel=by-dev-rootcoord-dml_1_466747304963790083v0] [partitions="[466747304963790084]"] [oldVersion=1780672882002071547] [newVersion=1780672892002173575] [serviceable=true] [loadedRatio=1] [growingSegmentNum=0] [sealedSegmentNum=2]
[2026/06/05 12:21:42.001 -03:00] [INFO] [querynodev2/services.go:1393] ["sync action"] [traceID=c79ac61cd731ff9a96246bc53dc05cc5] [collectionID=466747304963991144] [channel=by-dev-rootcoord-dml_3_466747304963991144v0] [currentNodeID=4] [Action=UpdateVersion] [TargetVersion=1780672892002772661] [checkPoint=2026/06/05 12:20:31.870 -03:00] [deleteCP=2026/06/05 12:20:31.870 -03:00] [partitions="[466747304963991145]"]
[2026/06/05 12:21:42.001 -03:00] [INFO] [querynodev2/services.go:1393] ["sync action"] [traceID=b110f687119ef552c833dbb4e629db97] [collectionID=466747304963991259] [channel=by-dev-rootcoord-dml_6_466747304963991259v0] [currentNodeID=4] [Action=UpdateVersion] [TargetVersion=1780672892002366117] [checkPoint=2026/06/05 12:20:31.870 -03:00] [deleteCP=2026/06/05 12:20:31.870 -03:00] [partitions="[466747304963991260]"]
[2026/06/05 12:21:42.001 -03:00] [INFO] [querynodev2/services.go:1393] ["sync action"] [traceID=2947c5cd99bb31cb9de65176bc45f789] [collectionID=466747304963991222] [channel=by-dev-rootcoord-dml_5_466747304963991222v0] [currentNodeID=4] [Action=UpdateVersion] [TargetVersion=1780672892002173555] [checkPoint=2026/06/05 12:20:31.870 -03:00] [deleteCP=2026/06/05 12:20:31.870 -03:00] [partitions="[466747304963991223]"]
[2026/06/05 12:21:42.001 -03:00] [INFO] [delegator/distribution.go:316] ["channel distribution serviceable changed"] [channel=by-dev-rootcoord-dml_8_466747304966214770v0] [serviceable=true] [loadedRatio=1] [loadedSealedRowCount=23353] [totalSealedRowCount=23353] [unloadedSealedSegmentNum=0] [totalSealedSegmentNum=1] [action=SyncTargetVersion]
[2026/06/05 12:21:42.001 -03:00] [INFO] [delegator/distribution.go:316] ["channel distribution serviceable changed"] [channel=by-dev-rootcoord-dml_6_466747304963991259v0] [serviceable=true] [loadedRatio=1] [loadedSealedRowCount=11220] [totalSealedRowCount=11220] [unloadedSealedSegmentNum=0] [totalSealedSegmentNum=1] [action=SyncTargetVersion]
[2026/06/05 12:21:42.001 -03:00] [INFO] [delegator/distribution.go:463] ["Update channel query view"] [channel=by-dev-rootcoord-dml_8_466747304966214770v0] [partitions="[466747304966214771]"] [oldVersion=1780672882001974885] [newVersion=1780672892002323567] [serviceable=true] [loadedRatio=1] [growingSegmentNum=0] [sealedSegmentNum=1]
[2026/06/05 12:21:42.001 -03:00] [INFO] [delegator/distribution.go:463] ["Update channel query view"] [channel=by-dev-rootcoord-dml_6_466747304963991259v0] [partitions="[466747304963991260]"] [oldVersion=1780672882001911997] [newVersion=1780672892002366117] [serviceable=true] [loadedRatio=1] [growingSegmentNum=0] [sealedSegmentNum=1]
[2026/06/05 12:21:42.001 -03:00] [INFO] [delegator/distribution.go:316] ["channel distribution serviceable changed"] [channel=by-dev-rootcoord-dml_5_466747304963991222v0] [serviceable=true] [loadedRatio=1] [loadedSealedRowCount=61648] [totalSealedRowCount=61648] [unloadedSealedSegmentNum=0] [totalSealedSegmentNum=2] [action=SyncTargetVersion]
[2026/06/05 12:21:42.001 -03:00] [INFO] [delegator/distribution.go:463] ["Update channel query view"] [channel=by-dev-rootcoord-dml_5_466747304963991222v0] [partitions="[466747304963991223]"] [oldVersion=1780672882002107304] [newVersion=1780672892002173555] [serviceable=true] [loadedRatio=1] [growingSegmentNum=0] [sealedSegmentNum=2]
[2026/06/05 12:21:42.001 -03:00] [INFO] [delegator/distribution.go:316] ["channel distribution serviceable changed"] [channel=by-dev-rootcoord-dml_3_466747304963991144v0] [serviceable=true] [loadedRatio=1] [loadedSealedRowCount=678] [totalSealedRowCount=678] [unloadedSealedSegmentNum=0] [totalSealedSegmentNum=1] [action=SyncTargetVersion]
[2026/06/05 12:21:42.001 -03:00] [INFO] [querynodev2/services.go:1393] ["sync action"] [traceID=31f3baa7f957a3ffd077f3b37b9d9fd1] [collectionID=466747304963991296] [channel=by-dev-rootcoord-dml_7_466747304963991296v0] [currentNodeID=4] [Action=UpdateVersion] [TargetVersion=1780672892001936218] [checkPoint=2026/06/05 12:20:31.870 -03:00] [deleteCP=2026/06/05 12:20:31.870 -03:00] [partitions="[466747304963991297]"]
[2026/06/05 12:21:42.001 -03:00] [INFO] [delegator/distribution.go:463] ["Update channel query view"] [channel=by-dev-rootcoord-dml_3_466747304963991144v0] [partitions="[466747304963991145]"] [oldVersion=1780672882001884214] [newVersion=1780672892002772661] [serviceable=true] [loadedRatio=1] [growingSegmentNum=0] [sealedSegmentNum=1]
[2026/06/05 12:21:42.001 -03:00] [INFO] [delegator/distribution.go:316] ["channel distribution serviceable changed"] [channel=by-dev-rootcoord-dml_7_466747304963991296v0] [serviceable=true] [loadedRatio=1] [loadedSealedRowCount=77485] [totalSealedRowCount=77485] [unloadedSealedSegmentNum=0] [totalSealedSegmentNum=3] [action=SyncTargetVersion]
[2026/06/05 12:21:42.001 -03:00] [INFO] [querynodev2/services.go:1393] ["sync action"] [traceID=e243d6da095335d59e6ac2bd7498e1f4] [collectionID=466747304963991185] [channel=by-dev-rootcoord-dml_4_466747304963991185v0] [currentNodeID=4] [Action=UpdateVersion] [TargetVersion=1780672892002305963] [checkPoint=2026/06/05 12:20:31.870 -03:00] [deleteCP=2026/06/05 12:20:31.870 -03:00] [partitions="[466747304963991186]"]
[2026/06/05 12:21:42.001 -03:00] [INFO] [querynodev2/services.go:1393] ["sync action"] [traceID=bb6fb5d143b13ef4f721f4f1eeed6100] [collectionID=466746981989224024] [channel=by-dev-rootcoord-dml_0_466746981989224024v0] [currentNodeID=4] [Action=UpdateVersion] [TargetVersion=1780672892002297077] [checkPoint=2026/06/05 12:20:31.870 -03:00] [deleteCP=2026/06/05 12:20:31.870 -03:00] [partitions="[466746981989224025]"]
[2026/06/05 12:21:42.001 -03:00] [INFO] [delegator/distribution.go:463] ["Update channel query view"] [channel=by-dev-rootcoord-dml_7_466747304963991296v0] [partitions="[466747304963991297]"] [oldVersion=1780672882002042041] [newVersion=1780672892001936218] [serviceable=true] [loadedRatio=1] [growingSegmentNum=0] [sealedSegmentNum=3]
[2026/06/05 12:21:42.001 -03:00] [INFO] [observers/target_observer.go:562] ["observer trigger update current target"] [collectionID=466747304963991222]
[2026/06/05 12:21:42.001 -03:00] [INFO] [delegator/distribution.go:316] ["channel distribution serviceable changed"] [channel=by-dev-rootcoord-dml_4_466747304963991185v0] [serviceable=true] [loadedRatio=1] [loadedSealedRowCount=27372] [totalSealedRowCount=27372] [unloadedSealedSegmentNum=0] [totalSealedSegmentNum=2] [action=SyncTargetVersion]
[2026/06/05 12:21:42.001 -03:00] [INFO] [delegator/distribution.go:463] ["Update channel query view"] [channel=by-dev-rootcoord-dml_4_466747304963991185v0] [partitions="[466747304963991186]"] [oldVersion=1780672882002044325] [newVersion=1780672892002305963] [serviceable=true] [loadedRatio=1] [growingSegmentNum=0] [sealedSegmentNum=2]
[2026/06/05 12:21:42.001 -03:00] [INFO] [delegator/distribution.go:316] ["channel distribution serviceable changed"] [channel=by-dev-rootcoord-dml_0_466746981989224024v0] [serviceable=true] [loadedRatio=1] [loadedSealedRowCount=7] [totalSealedRowCount=7] [unloadedSealedSegmentNum=0] [totalSealedSegmentNum=1] [action=SyncTargetVersion]
[2026/06/05 12:21:42.001 -03:00] [INFO] [datacoord/services.go:1010] ["get recovery info request received"] [collectionID=466747304963991259] [partitionIDs="[]"]
[2026/06/05 12:21:42.001 -03:00] [INFO] [datacoord/services.go:1010] ["get recovery info request received"] [collectionID=466747304963991222] [partitionIDs="[]"]
[2026/06/05 12:21:42.001 -03:00] [INFO] [delegator/distribution.go:463] ["Update channel query view"] [channel=by-dev-rootcoord-dml_0_466746981989224024v0] [partitions="[466746981989224025]"] [oldVersion=1780672882001852946] [newVersion=1780672892002297077] [serviceable=true] [loadedRatio=1] [growingSegmentNum=0] [sealedSegmentNum=1]
[2026/06/05 12:21:42.001 -03:00] [INFO] [datacoord/services.go:1010] ["get recovery info request received"] [collectionID=466747304966214770] [partitionIDs="[]"]
[2026/06/05 12:21:42.001 -03:00] [INFO] [datacoord/services.go:1010] ["get recovery info request received"] [collectionID=466747304963790083] [partitionIDs="[]"]
[2026/06/05 12:21:42.001 -03:00] [INFO] [datacoord/handler.go:209] [GetQueryVChanPositions] [collectionID=466747304963991222] [channel=by-dev-rootcoord-dml_5_466747304963991222v0] [numOfSegments=2] ["result flushed"=2] ["result growing"=0] ["result L0"=0] ["partition stats"={}]
[2026/06/05 12:21:42.001 -03:00] [INFO] [datacoord/handler.go:471] ["channel seek position set from channel checkpoint meta"] [channel=by-dev-rootcoord-dml_5_466747304963991222v0] [posTs=466792714566369282] [posTime=2026/06/05 12:21:31.870 -03:00]
[2026/06/05 12:21:42.001 -03:00] [INFO] [datacoord/services.go:1025] ["datacoord append channelInfo in GetRecoveryInfo"] [collectionID=466747304963991222] [partitionIDs="[]"] [channel=by-dev-rootcoord-dml_5_466747304963991222v0] ["# of unflushed segments"=0] ["# of flushed segments"=2] ["# of dropped segments"=0] ["# of indexed segments"=0] ["# of l0 segments"=0] ["# of check point"=2026/06/05 12:21:31.870 -03:00] ["# of delete check point"=2026/06/05 12:21:31.870 -03:00]
[2026/06/05 12:21:42.001 -03:00] [INFO] [datacoord/handler.go:209] [GetQueryVChanPositions] [collectionID=466747304963790083] [channel=by-dev-rootcoord-dml_1_466747304963790083v0] [numOfSegments=3] ["result flushed"=2] ["result growing"=0] ["result L0"=0] ["partition stats"={}]
[2026/06/05 12:21:42.001 -03:00] [INFO] [datacoord/handler.go:471] ["channel seek position set from channel checkpoint meta"] [channel=by-dev-rootcoord-dml_1_466747304963790083v0] [posTs=466792714566369285] [posTime=2026/06/05 12:21:31.870 -03:00]
[2026/06/05 12:21:42.001 -03:00] [INFO] [datacoord/services.go:1025] ["datacoord append channelInfo in GetRecoveryInfo"] [collectionID=466747304963790083] [partitionIDs="[]"] [channel=by-dev-rootcoord-dml_1_466747304963790083v0] ["# of unflushed segments"=0] ["# of flushed segments"=2] ["# of dropped segments"=1] ["# of indexed segments"=0] ["# of l0 segments"=0] ["# of check point"=2026/06/05 12:21:31.870 -03:00] ["# of delete check point"=2026/06/05 12:21:31.870 -03:00]
[2026/06/05 12:21:42.001 -03:00] [INFO] [datacoord/handler.go:209] [GetQueryVChanPositions] [collectionID=466747304966214770] [channel=by-dev-rootcoord-dml_8_466747304966214770v0] [numOfSegments=5] ["result flushed"=1] ["result growing"=0] ["result L0"=0] ["partition stats"={}]
[2026/06/05 12:21:42.001 -03:00] [INFO] [datacoord/handler.go:471] ["channel seek position set from channel checkpoint meta"] [channel=by-dev-rootcoord-dml_8_466747304966214770v0] [posTs=466792714566369294] [posTime=2026/06/05 12:21:31.870 -03:00]
[2026/06/05 12:21:42.001 -03:00] [INFO] [querynodev2/services.go:1393] ["sync action"] [traceID=94cb4b36b229f97dc7ef843c370e6661] [collectionID=466747304963790106] [channel=by-dev-rootcoord-dml_2_466747304963790106v0] [currentNodeID=4] [Action=UpdateVersion] [TargetVersion=1780672892001880403] [checkPoint=2026/06/05 12:20:31.870 -03:00] [deleteCP=2026/06/05 12:20:31.870 -03:00] [partitions="[466747304963790107]"]
[2026/06/05 12:21:42.001 -03:00] [INFO] [datacoord/handler.go:209] [GetQueryVChanPositions] [collectionID=466747304963991259] [channel=by-dev-rootcoord-dml_6_466747304963991259v0] [numOfSegments=1] ["result flushed"=1] ["result growing"=0] ["result L0"=0] ["partition stats"={}]
[2026/06/05 12:21:42.001 -03:00] [INFO] [datacoord/services.go:1025] ["datacoord append channelInfo in GetRecoveryInfo"] [collectionID=466747304966214770] [partitionIDs="[]"] [channel=by-dev-rootcoord-dml_8_466747304966214770v0] ["# of unflushed segments"=0] ["# of flushed segments"=1] ["# of dropped segments"=4] ["# of indexed segments"=0] ["# of l0 segments"=0] ["# of check point"=2026/06/05 12:21:31.870 -03:00] ["# of delete check point"=2026/06/05 12:21:31.870 -03:00]
[2026/06/05 12:21:42.001 -03:00] [INFO] [datacoord/handler.go:471] ["channel seek position set from channel checkpoint meta"] [channel=by-dev-rootcoord-dml_6_466747304963991259v0] [posTs=466792714566369290] [posTime=2026/06/05 12:21:31.870 -03:00]
[2026/06/05 12:21:42.001 -03:00] [INFO] [delegator/distribution.go:316] ["channel distribution serviceable changed"] [channel=by-dev-rootcoord-dml_2_466747304963790106v0] [serviceable=true] [loadedRatio=1] [loadedSealedRowCount=220] [totalSealedRowCount=220] [unloadedSealedSegmentNum=0] [totalSealedSegmentNum=1] [action=SyncTargetVersion]
[2026/06/05 12:21:42.001 -03:00] [INFO] [datacoord/services.go:1025] ["datacoord append channelInfo in GetRecoveryInfo"] [collectionID=466747304963991259] [partitionIDs="[]"] [channel=by-dev-rootcoord-dml_6_466747304963991259v0] ["# of unflushed segments"=0] ["# of flushed segments"=1] ["# of dropped segments"=0] ["# of indexed segments"=0] ["# of l0 segments"=0] ["# of check point"=2026/06/05 12:21:31.870 -03:00] ["# of delete check point"=2026/06/05 12:21:31.870 -03:00]
[2026/06/05 12:21:42.001 -03:00] [INFO] [datacoord/services.go:1010] ["get recovery info request received"] [collectionID=466747304963991296] [partitionIDs="[]"]
[2026/06/05 12:21:42.001 -03:00] [INFO] [delegator/distribution.go:463] ["Update channel query view"] [channel=by-dev-rootcoord-dml_2_466747304963790106v0] [partitions="[466747304963790107]"] [oldVersion=1780672882002013077] [newVersion=1780672892001880403] [serviceable=true] [loadedRatio=1] [growingSegmentNum=0] [sealedSegmentNum=1]
[2026/06/05 12:21:42.001 -03:00] [INFO] [datacoord/handler.go:209] [GetQueryVChanPositions] [collectionID=466747304963991296] [channel=by-dev-rootcoord-dml_7_466747304963991296v0] [numOfSegments=3] ["result flushed"=3] ["result growing"=0] ["result L0"=0] ["partition stats"={}]
[2026/06/05 12:21:42.001 -03:00] [INFO] [datacoord/handler.go:471] ["channel seek position set from channel checkpoint meta"] [channel=by-dev-rootcoord-dml_7_466747304963991296v0] [posTs=466792714566369293] [posTime=2026/06/05 12:21:31.870 -03:00]
[2026/06/05 12:21:42.001 -03:00] [INFO] [datacoord/services.go:1010] ["get recovery info request received"] [collectionID=466747304963991144] [partitionIDs="[]"]
[2026/06/05 12:21:42.001 -03:00] [INFO] [datacoord/services.go:1025] ["datacoord append channelInfo in GetRecoveryInfo"] [collectionID=466747304963991296] [partitionIDs="[]"] [channel=by-dev-rootcoord-dml_7_466747304963991296v0] ["# of unflushed segments"=0] ["# of flushed segments"=3] ["# of dropped segments"=0] ["# of indexed segments"=0] ["# of l0 segments"=0] ["# of check point"=2026/06/05 12:21:31.870 -03:00] ["# of delete check point"=2026/06/05 12:21:31.870 -03:00]
[2026/06/05 12:21:42.001 -03:00] [INFO] [datacoord/handler.go:209] [GetQueryVChanPositions] [collectionID=466747304963991144] [channel=by-dev-rootcoord-dml_3_466747304963991144v0] [numOfSegments=1] ["result flushed"=1] ["result growing"=0] ["result L0"=0] ["partition stats"={}]
[2026/06/05 12:21:42.001 -03:00] [INFO] [datacoord/handler.go:471] ["channel seek position set from channel checkpoint meta"] [channel=by-dev-rootcoord-dml_3_466747304963991144v0] [posTs=466792714566369291] [posTime=2026/06/05 12:21:31.870 -03:00]
[2026/06/05 12:21:42.001 -03:00] [INFO] [datacoord/services.go:1025] ["datacoord append channelInfo in GetRecoveryInfo"] [collectionID=466747304963991144] [partitionIDs="[]"] [channel=by-dev-rootcoord-dml_3_466747304963991144v0] ["# of unflushed segments"=0] ["# of flushed segments"=1] ["# of dropped segments"=0] ["# of indexed segments"=0] ["# of l0 segments"=0] ["# of check point"=2026/06/05 12:21:31.870 -03:00] ["# of delete check point"=2026/06/05 12:21:31.870 -03:00]
[2026/06/05 12:21:42.001 -03:00] [INFO] [datacoord/services.go:1010] ["get recovery info request received"] [collectionID=466747304963790106] [partitionIDs="[]"]
[2026/06/05 12:21:42.001 -03:00] [INFO] [datacoord/handler.go:209] [GetQueryVChanPositions] [collectionID=466747304963790106] [channel=by-dev-rootcoord-dml_2_466747304963790106v0] [numOfSegments=1] ["result flushed"=1] ["result growing"=0] ["result L0"=0] ["partition stats"={}]
[2026/06/05 12:21:42.001 -03:00] [INFO] [datacoord/handler.go:471] ["channel seek position set from channel checkpoint meta"] [channel=by-dev-rootcoord-dml_2_466747304963790106v0] [posTs=466792714566369281] [posTime=2026/06/05 12:21:31.870 -03:00]
[2026/06/05 12:21:42.001 -03:00] [INFO] [datacoord/services.go:1010] ["get recovery info request received"] [collectionID=466747304963991185] [partitionIDs="[]"]
[2026/06/05 12:21:42.001 -03:00] [INFO] [datacoord/services.go:1025] ["datacoord append channelInfo in GetRecoveryInfo"] [collectionID=466747304963790106] [partitionIDs="[]"] [channel=by-dev-rootcoord-dml_2_466747304963790106v0] ["# of unflushed segments"=0] ["# of flushed segments"=1] ["# of dropped segments"=0] ["# of indexed segments"=0] ["# of l0 segments"=0] ["# of check point"=2026/06/05 12:21:31.870 -03:00] ["# of delete check point"=2026/06/05 12:21:31.870 -03:00]
[2026/06/05 12:21:42.001 -03:00] [INFO] [datacoord/services.go:1010] ["get recovery info request received"] [collectionID=466746981989224024] [partitionIDs="[]"]
[2026/06/05 12:21:42.001 -03:00] [INFO] [datacoord/handler.go:209] [GetQueryVChanPositions] [collectionID=466747304963991185] [channel=by-dev-rootcoord-dml_4_466747304963991185v0] [numOfSegments=3] ["result flushed"=2] ["result growing"=0] ["result L0"=0] ["partition stats"={}]
[2026/06/05 12:21:42.001 -03:00] [INFO] [datacoord/handler.go:471] ["channel seek position set from channel checkpoint meta"] [channel=by-dev-rootcoord-dml_4_466747304963991185v0] [posTs=466792714566369292] [posTime=2026/06/05 12:21:31.870 -03:00]
[2026/06/05 12:21:42.001 -03:00] [INFO] [datacoord/services.go:1025] ["datacoord append channelInfo in GetRecoveryInfo"] [collectionID=466747304963991185] [partitionIDs="[]"] [channel=by-dev-rootcoord-dml_4_466747304963991185v0] ["# of unflushed segments"=0] ["# of flushed segments"=2] ["# of dropped segments"=1] ["# of indexed segments"=0] ["# of l0 segments"=0] ["# of check point"=2026/06/05 12:21:31.870 -03:00] ["# of delete check point"=2026/06/05 12:21:31.870 -03:00]
[2026/06/05 12:21:42.001 -03:00] [INFO] [datacoord/handler.go:209] [GetQueryVChanPositions] [collectionID=466746981989224024] [channel=by-dev-rootcoord-dml_0_466746981989224024v0] [numOfSegments=1] ["result flushed"=1] ["result growing"=0] ["result L0"=0] ["partition stats"={}]
[2026/06/05 12:21:42.001 -03:00] [INFO] [datacoord/handler.go:471] ["channel seek position set from channel checkpoint meta"] [channel=by-dev-rootcoord-dml_0_466746981989224024v0] [posTs=466792714566369287] [posTime=2026/06/05 12:21:31.870 -03:00]
[2026/06/05 12:21:42.001 -03:00] [INFO] [datacoord/services.go:1025] ["datacoord append channelInfo in GetRecoveryInfo"] [collectionID=466746981989224024] [partitionIDs="[]"] [channel=by-dev-rootcoord-dml_0_466746981989224024v0] ["# of unflushed segments"=0] ["# of flushed segments"=1] ["# of dropped segments"=0] ["# of indexed segments"=0] ["# of l0 segments"=0] ["# of check point"=2026/06/05 12:21:31.870 -03:00] ["# of delete check point"=2026/06/05 12:21:31.870 -03:00]
[2026/06/05 12:21:45.902 -03:00] [INFO] [balance/score_based_balancer.go:644] ["node channel workload status"] [collectionID=466747304963991296] [replicaID=466747304977629191] [nodes="[\"{NodeID: 4, AssignedScore: 18.000000, CurrentScore: 18.000000, Priority: 0}\"]"]
[2026/06/05 12:21:45.902 -03:00] [INFO] [balance/score_based_balancer.go:644] ["node channel workload status"] [collectionID=466747304963991222] [replicaID=466747304977629189] [nodes="[\"{NodeID: 4, AssignedScore: 18.000000, CurrentScore: 18.000000, Priority: 0}\"]"]
[2026/06/05 12:21:45.902 -03:00] [INFO] [balance/score_based_balancer.go:644] ["node channel workload status"] [collectionID=466747304963991185] [replicaID=466747304977629188] [nodes="[\"{NodeID: 4, AssignedScore: 18.000000, CurrentScore: 18.000000, Priority: 0}\"]"]
[2026/06/05 12:21:45.902 -03:00] [INFO] [balance/score_based_balancer.go:644] ["node channel workload status"] [collectionID=466747304966214770] [replicaID=466747304977629192] [nodes="[\"{NodeID: 4, AssignedScore: 18.000000, CurrentScore: 18.000000, Priority: 0}\"]"]
[2026/06/05 12:21:45.902 -03:00] [INFO] [balance/score_based_balancer.go:644] ["node channel workload status"] [collectionID=466747304963790083] [replicaID=466747304977629185] [nodes="[\"{NodeID: 4, AssignedScore: 18.000000, CurrentScore: 18.000000, Priority: 0}\"]"]
[2026/06/05 12:21:45.902 -03:00] [INFO] [balance/score_based_balancer.go:644] ["node channel workload status"] [collectionID=466747304963991259] [replicaID=466747304977629190] [nodes="[\"{NodeID: 4, AssignedScore: 18.000000, CurrentScore: 18.000000, Priority: 0}\"]"]
[2026/06/05 12:21:45.902 -03:00] [INFO] [balance/score_based_balancer.go:644] ["node channel workload status"] [collectionID=466747304963991144] [replicaID=466747304977629187] [nodes="[\"{NodeID: 4, AssignedScore: 18.000000, CurrentScore: 18.000000, Priority: 0}\"]"]
[2026/06/05 12:21:45.902 -03:00] [INFO] [balance/score_based_balancer.go:644] ["node channel workload status"] [collectionID=466747304963790106] [replicaID=466747304977629186] [nodes="[\"{NodeID: 4, AssignedScore: 18.000000, CurrentScore: 18.000000, Priority: 0}\"]"]
[2026/06/05 12:21:45.902 -03:00] [INFO] [balance/score_based_balancer.go:644] ["node channel workload status"] [collectionID=466746981989224024] [replicaID=466746982004162561] [nodes="[\"{NodeID: 4, AssignedScore: 18.000000, CurrentScore: 18.000000, Priority: 0}\"]"]
[2026/06/05 12:21:52.000 -03:00] [INFO] [observers/target_observer.go:526] ["Update readable segment version"] [collectionID=466747304963991144] [channelName=by-dev-rootcoord-dml_3_466747304963991144v0] [nodeID=4] [oldVersion=1780672892002772661] [newVersion=1780672902001690362]
[2026/06/05 12:21:52.001 -03:00] [INFO] [querynodev2/services.go:1393] ["sync action"] [traceID=94a2a986a661df8c7e8032350eebe92a] [collectionID=466747304963991185] [channel=by-dev-rootcoord-dml_4_466747304963991185v0] [currentNodeID=4] [Action=UpdateVersion] [TargetVersion=1780672902001809286] [checkPoint=2026/06/05 12:21:31.870 -03:00] [deleteCP=2026/06/05 12:21:31.870 -03:00] [partitions="[466747304963991186]"]
[2026/06/05 12:21:52.001 -03:00] [INFO] [querynodev2/services.go:1393] ["sync action"] [traceID=1ee290a4aefd4979e8feffb04f946611] [collectionID=466747304963991259] [channel=by-dev-rootcoord-dml_6_466747304963991259v0] [currentNodeID=4] [Action=UpdateVersion] [TargetVersion=1780672902001574454] [checkPoint=2026/06/05 12:21:31.870 -03:00] [deleteCP=2026/06/05 12:21:31.870 -03:00] [partitions="[466747304963991260]"]
[2026/06/05 12:21:52.001 -03:00] [INFO] [delegator/distribution.go:316] ["channel distribution serviceable changed"] [channel=by-dev-rootcoord-dml_4_466747304963991185v0] [serviceable=true] [loadedRatio=1] [loadedSealedRowCount=27372] [totalSealedRowCount=27372] [unloadedSealedSegmentNum=0] [totalSealedSegmentNum=2] [action=SyncTargetVersion]
[2026/06/05 12:21:52.001 -03:00] [INFO] [querynodev2/services.go:1393] ["sync action"] [traceID=b48ce7e43cb4aa7c802cb0e10aac32f0] [collectionID=466747304963991296] [channel=by-dev-rootcoord-dml_7_466747304963991296v0] [currentNodeID=4] [Action=UpdateVersion] [TargetVersion=1780672902001637132] [checkPoint=2026/06/05 12:21:31.870 -03:00] [deleteCP=2026/06/05 12:21:31.870 -03:00] [partitions="[466747304963991297]"]
[2026/06/05 12:21:52.001 -03:00] [INFO] [delegator/distribution.go:463] ["Update channel query view"] [channel=by-dev-rootcoord-dml_4_466747304963991185v0] [partitions="[466747304963991186]"] [oldVersion=1780672892002305963] [newVersion=1780672902001809286] [serviceable=true] [loadedRatio=1] [growingSegmentNum=0] [sealedSegmentNum=2]
[2026/06/05 12:21:52.001 -03:00] [INFO] [querynodev2/services.go:1393] ["sync action"] [traceID=ebeee0fbc471c42262dd70ad41b0986b] [collectionID=466747304963991222] [channel=by-dev-rootcoord-dml_5_466747304963991222v0] [currentNodeID=4] [Action=UpdateVersion] [TargetVersion=1780672902001509362] [checkPoint=2026/06/05 12:21:31.870 -03:00] [deleteCP=2026/06/05 12:21:31.870 -03:00] [partitions="[466747304963991223]"]
[2026/06/05 12:21:52.001 -03:00] [INFO] [querynodev2/services.go:1393] ["sync action"] [traceID=22215e814bd32aa51af75a1850b3c695] [collectionID=466747304963991144] [channel=by-dev-rootcoord-dml_3_466747304963991144v0] [currentNodeID=4] [Action=UpdateVersion] [TargetVersion=1780672902001690362] [checkPoint=2026/06/05 12:21:31.870 -03:00] [deleteCP=2026/06/05 12:21:31.870 -03:00] [partitions="[466747304963991145]"]
[2026/06/05 12:21:52.001 -03:00] [INFO] [delegator/distribution.go:316] ["channel distribution serviceable changed"] [channel=by-dev-rootcoord-dml_6_466747304963991259v0] [serviceable=true] [loadedRatio=1] [loadedSealedRowCount=11220] [totalSealedRowCount=11220] [unloadedSealedSegmentNum=0] [totalSealedSegmentNum=1] [action=SyncTargetVersion]
[2026/06/05 12:21:52.001 -03:00] [INFO] [querynodev2/services.go:1393] ["sync action"] [traceID=c5aefcedc1ee77fca6a4aba0f4fc80eb] [collectionID=466747304963790106] [channel=by-dev-rootcoord-dml_2_466747304963790106v0] [currentNodeID=4] [Action=UpdateVersion] [TargetVersion=1780672902001740987] [checkPoint=2026/06/05 12:21:31.870 -03:00] [deleteCP=2026/06/05 12:21:31.870 -03:00] [partitions="[466747304963790107]"]
[2026/06/05 12:21:52.001 -03:00] [INFO] [delegator/distribution.go:463] ["Update channel query view"] [channel=by-dev-rootcoord-dml_6_466747304963991259v0] [partitions="[466747304963991260]"] [oldVersion=1780672892002366117] [newVersion=1780672902001574454] [serviceable=true] [loadedRatio=1] [growingSegmentNum=0] [sealedSegmentNum=1]
[2026/06/05 12:21:52.001 -03:00] [INFO] [delegator/distribution.go:316] ["channel distribution serviceable changed"] [channel=by-dev-rootcoord-dml_5_466747304963991222v0] [serviceable=true] [loadedRatio=1] [loadedSealedRowCount=61648] [totalSealedRowCount=61648] [unloadedSealedSegmentNum=0] [totalSealedSegmentNum=2] [action=SyncTargetVersion]
[2026/06/05 12:21:52.001 -03:00] [INFO] [delegator/distribution.go:463] ["Update channel query view"] [channel=by-dev-rootcoord-dml_5_466747304963991222v0] [partitions="[466747304963991223]"] [oldVersion=1780672892002173555] [newVersion=1780672902001509362] [serviceable=true] [loadedRatio=1] [growingSegmentNum=0] [sealedSegmentNum=2]
[2026/06/05 12:21:52.001 -03:00] [INFO] [querynodev2/services.go:1393] ["sync action"] [traceID=990cc182ba0010558ac87a85632c0487] [collectionID=466747304963790083] [channel=by-dev-rootcoord-dml_1_466747304963790083v0] [currentNodeID=4] [Action=UpdateVersion] [TargetVersion=1780672902001526163] [checkPoint=2026/06/05 12:21:31.870 -03:00] [deleteCP=2026/06/05 12:21:31.870 -03:00] [partitions="[466747304963790084]"]
[2026/06/05 12:21:52.001 -03:00] [INFO] [delegator/distribution.go:316] ["channel distribution serviceable changed"] [channel=by-dev-rootcoord-dml_3_466747304963991144v0] [serviceable=true] [loadedRatio=1] [loadedSealedRowCount=678] [totalSealedRowCount=678] [unloadedSealedSegmentNum=0] [totalSealedSegmentNum=1] [action=SyncTargetVersion]
[2026/06/05 12:21:52.001 -03:00] [INFO] [delegator/distribution.go:463] ["Update channel query view"] [channel=by-dev-rootcoord-dml_3_466747304963991144v0] [partitions="[466747304963991145]"] [oldVersion=1780672892002772661] [newVersion=1780672902001690362] [serviceable=true] [loadedRatio=1] [growingSegmentNum=0] [sealedSegmentNum=1]
[2026/06/05 12:21:52.001 -03:00] [INFO] [querynodev2/services.go:1393] ["sync action"] [traceID=cdfa50fdc9cf107db3152895d343710a] [collectionID=466747304966214770] [channel=by-dev-rootcoord-dml_8_466747304966214770v0] [currentNodeID=4] [Action=UpdateVersion] [TargetVersion=1780672902001567922] [checkPoint=2026/06/05 12:21:31.870 -03:00] [deleteCP=2026/06/05 12:21:31.870 -03:00] [partitions="[466747304966214771]"]
[2026/06/05 12:21:52.001 -03:00] [INFO] [delegator/distribution.go:316] ["channel distribution serviceable changed"] [channel=by-dev-rootcoord-dml_1_466747304963790083v0] [serviceable=true] [loadedRatio=1] [loadedSealedRowCount=16846] [totalSealedRowCount=16846] [unloadedSealedSegmentNum=0] [totalSealedSegmentNum=2] [action=SyncTargetVersion]
[2026/06/05 12:21:52.001 -03:00] [INFO] [delegator/distribution.go:463] ["Update channel query view"] [channel=by-dev-rootcoord-dml_1_466747304963790083v0] [partitions="[466747304963790084]"] [oldVersion=1780672892002173575] [newVersion=1780672902001526163] [serviceable=true] [loadedRatio=1] [growingSegmentNum=0] [sealedSegmentNum=2]
[2026/06/05 12:21:52.001 -03:00] [INFO] [delegator/distribution.go:316] ["channel distribution serviceable changed"] [channel=by-dev-rootcoord-dml_7_466747304963991296v0] [serviceable=true] [loadedRatio=1] [loadedSealedRowCount=77485] [totalSealedRowCount=77485] [unloadedSealedSegmentNum=0] [totalSealedSegmentNum=3] [action=SyncTargetVersion]
[2026/06/05 12:21:52.001 -03:00] [INFO] [delegator/distribution.go:316] ["channel distribution serviceable changed"] [channel=by-dev-rootcoord-dml_8_466747304966214770v0] [serviceable=true] [loadedRatio=1] [loadedSealedRowCount=23353] [totalSealedRowCount=23353] [unloadedSealedSegmentNum=0] [totalSealedSegmentNum=1] [action=SyncTargetVersion]
[2026/06/05 12:21:52.001 -03:00] [INFO] [delegator/distribution.go:463] ["Update channel query view"] [channel=by-dev-rootcoord-dml_8_466747304966214770v0] [partitions="[466747304966214771]"] [oldVersion=1780672892002323567] [newVersion=1780672902001567922] [serviceable=true] [loadedRatio=1] [growingSegmentNum=0] [sealedSegmentNum=1]
[2026/06/05 12:21:52.001 -03:00] [INFO] [delegator/distribution.go:463] ["Update channel query view"] [channel=by-dev-rootcoord-dml_7_466747304963991296v0] [partitions="[466747304963991297]"] [oldVersion=1780672892001936218] [newVersion=1780672902001637132] [serviceable=true] [loadedRatio=1] [growingSegmentNum=0] [sealedSegmentNum=3]
[2026/06/05 12:21:52.001 -03:00] [INFO] [delegator/distribution.go:316] ["channel distribution serviceable changed"] [channel=by-dev-rootcoord-dml_2_466747304963790106v0] [serviceable=true] [loadedRatio=1] [loadedSealedRowCount=220] [totalSealedRowCount=220] [unloadedSealedSegmentNum=0] [totalSealedSegmentNum=1] [action=SyncTargetVersion]
[2026/06/05 12:21:52.001 -03:00] [INFO] [datacoord/services.go:1010] ["get recovery info request received"] [collectionID=466747304963991259] [partitionIDs="[]"]
[2026/06/05 12:21:52.001 -03:00] [INFO] [delegator/distribution.go:463] ["Update channel query view"] [channel=by-dev-rootcoord-dml_2_466747304963790106v0] [partitions="[466747304963790107]"] [oldVersion=1780672892001880403] [newVersion=1780672902001740987] [serviceable=true] [loadedRatio=1] [growingSegmentNum=0] [sealedSegmentNum=1]
[2026/06/05 12:21:52.001 -03:00] [INFO] [datacoord/services.go:1010] ["get recovery info request received"] [collectionID=466747304963991222] [partitionIDs="[]"]
[2026/06/05 12:21:52.001 -03:00] [INFO] [datacoord/services.go:1010] ["get recovery info request received"] [collectionID=466747304963991144] [partitionIDs="[]"]
[2026/06/05 12:21:52.002 -03:00] [INFO] [datacoord/services.go:1010] ["get recovery info request received"] [collectionID=466747304966214770] [partitionIDs="[]"]
[2026/06/05 12:21:52.002 -03:00] [INFO] [datacoord/services.go:1010] ["get recovery info request received"] [collectionID=466747304963790083] [partitionIDs="[]"]
[2026/06/05 12:21:52.001 -03:00] [INFO] [querynodev2/services.go:1393] ["sync action"] [traceID=f9d501b035ecceeaac9083a799d5c271] [collectionID=466746981989224024] [channel=by-dev-rootcoord-dml_0_466746981989224024v0] [currentNodeID=4] [Action=UpdateVersion] [TargetVersion=1780672902001869258] [checkPoint=2026/06/05 12:21:31.870 -03:00] [deleteCP=2026/06/05 12:21:31.870 -03:00] [partitions="[466746981989224025]"]
[2026/06/05 12:21:52.002 -03:00] [INFO] [datacoord/handler.go:209] [GetQueryVChanPositions] [collectionID=466747304963991144] [channel=by-dev-rootcoord-dml_3_466747304963991144v0] [numOfSegments=1] ["result flushed"=1] ["result growing"=0] ["result L0"=0] ["partition stats"={}]
[2026/06/05 12:21:52.001 -03:00] [INFO] [observers/target_observer.go:562] ["observer trigger update current target"] [collectionID=466747304963991185]
[2026/06/05 12:21:52.002 -03:00] [INFO] [datacoord/handler.go:209] [GetQueryVChanPositions] [collectionID=466747304963991222] [channel=by-dev-rootcoord-dml_5_466747304963991222v0] [numOfSegments=2] ["result flushed"=2] ["result growing"=0] ["result L0"=0] ["partition stats"={}]
[2026/06/05 12:21:52.002 -03:00] [INFO] [datacoord/handler.go:471] ["channel seek position set from channel checkpoint meta"] [channel=by-dev-rootcoord-dml_3_466747304963991144v0] [posTs=466792714566369291] [posTime=2026/06/05 12:21:31.870 -03:00]
[2026/06/05 12:21:52.002 -03:00] [INFO] [datacoord/handler.go:209] [GetQueryVChanPositions] [collectionID=466747304963790083] [channel=by-dev-rootcoord-dml_1_466747304963790083v0] [numOfSegments=3] ["result flushed"=2] ["result growing"=0] ["result L0"=0] ["partition stats"={}]
[2026/06/05 12:21:52.002 -03:00] [INFO] [datacoord/handler.go:471] ["channel seek position set from channel checkpoint meta"] [channel=by-dev-rootcoord-dml_5_466747304963991222v0] [posTs=466792714566369282] [posTime=2026/06/05 12:21:31.870 -03:00]
[2026/06/05 12:21:52.002 -03:00] [INFO] [datacoord/services.go:1010] ["get recovery info request received"] [collectionID=466747304963991296] [partitionIDs="[]"]
[2026/06/05 12:21:52.002 -03:00] [INFO] [datacoord/handler.go:471] ["channel seek position set from channel checkpoint meta"] [channel=by-dev-rootcoord-dml_1_466747304963790083v0] [posTs=466792714566369285] [posTime=2026/06/05 12:21:31.870 -03:00]
[2026/06/05 12:21:52.002 -03:00] [INFO] [datacoord/services.go:1025] ["datacoord append channelInfo in GetRecoveryInfo"] [collectionID=466747304963991222] [partitionIDs="[]"] [channel=by-dev-rootcoord-dml_5_466747304963991222v0] ["# of unflushed segments"=0] ["# of flushed segments"=2] ["# of dropped segments"=0] ["# of indexed segments"=0] ["# of l0 segments"=0] ["# of check point"=2026/06/05 12:21:31.870 -03:00] ["# of delete check point"=2026/06/05 12:21:31.870 -03:00]
[2026/06/05 12:21:52.002 -03:00] [INFO] [datacoord/services.go:1010] ["get recovery info request received"] [collectionID=466747304963991185] [partitionIDs="[]"]
[2026/06/05 12:21:52.002 -03:00] [INFO] [datacoord/services.go:1025] ["datacoord append channelInfo in GetRecoveryInfo"] [collectionID=466747304963790083] [partitionIDs="[]"] [channel=by-dev-rootcoord-dml_1_466747304963790083v0] ["# of unflushed segments"=0] ["# of flushed segments"=2] ["# of dropped segments"=1] ["# of indexed segments"=0] ["# of l0 segments"=0] ["# of check point"=2026/06/05 12:21:31.870 -03:00] ["# of delete check point"=2026/06/05 12:21:31.870 -03:00]
[2026/06/05 12:21:52.002 -03:00] [INFO] [datacoord/services.go:1025] ["datacoord append channelInfo in GetRecoveryInfo"] [collectionID=466747304963991144] [partitionIDs="[]"] [channel=by-dev-rootcoord-dml_3_466747304963991144v0] ["# of unflushed segments"=0] ["# of flushed segments"=1] ["# of dropped segments"=0] ["# of indexed segments"=0] ["# of l0 segments"=0] ["# of check point"=2026/06/05 12:21:31.870 -03:00] ["# of delete check point"=2026/06/05 12:21:31.870 -03:00]
[2026/06/05 12:21:52.002 -03:00] [INFO] [datacoord/handler.go:209] [GetQueryVChanPositions] [collectionID=466747304963991296] [channel=by-dev-rootcoord-dml_7_466747304963991296v0] [numOfSegments=3] ["result flushed"=3] ["result growing"=0] ["result L0"=0] ["partition stats"={}]
[2026/06/05 12:21:52.002 -03:00] [INFO] [delegator/distribution.go:316] ["channel distribution serviceable changed"] [channel=by-dev-rootcoord-dml_0_466746981989224024v0] [serviceable=true] [loadedRatio=1] [loadedSealedRowCount=7] [totalSealedRowCount=7] [unloadedSealedSegmentNum=0] [totalSealedSegmentNum=1] [action=SyncTargetVersion]
[2026/06/05 12:21:52.002 -03:00] [INFO] [datacoord/handler.go:471] ["channel seek position set from channel checkpoint meta"] [channel=by-dev-rootcoord-dml_7_466747304963991296v0] [posTs=466792714566369293] [posTime=2026/06/05 12:21:31.870 -03:00]
[2026/06/05 12:21:52.002 -03:00] [INFO] [delegator/distribution.go:463] ["Update channel query view"] [channel=by-dev-rootcoord-dml_0_466746981989224024v0] [partitions="[466746981989224025]"] [oldVersion=1780672892002297077] [newVersion=1780672902001869258] [serviceable=true] [loadedRatio=1] [growingSegmentNum=0] [sealedSegmentNum=1]
[2026/06/05 12:21:52.002 -03:00] [INFO] [datacoord/services.go:1025] ["datacoord append channelInfo in GetRecoveryInfo"] [collectionID=466747304963991296] [partitionIDs="[]"] [channel=by-dev-rootcoord-dml_7_466747304963991296v0] ["# of unflushed segments"=0] ["# of flushed segments"=3] ["# of dropped segments"=0] ["# of indexed segments"=0] ["# of l0 segments"=0] ["# of check point"=2026/06/05 12:21:31.870 -03:00] ["# of delete check point"=2026/06/05 12:21:31.870 -03:00]
[2026/06/05 12:21:52.002 -03:00] [INFO] [datacoord/handler.go:209] [GetQueryVChanPositions] [collectionID=466747304963991185] [channel=by-dev-rootcoord-dml_4_466747304963991185v0] [numOfSegments=3] ["result flushed"=2] ["result growing"=0] ["result L0"=0] ["partition stats"={}]
[2026/06/05 12:21:52.002 -03:00] [INFO] [datacoord/handler.go:209] [GetQueryVChanPositions] [collectionID=466747304963991259] [channel=by-dev-rootcoord-dml_6_466747304963991259v0] [numOfSegments=1] ["result flushed"=1] ["result growing"=0] ["result L0"=0] ["partition stats"={}]
[2026/06/05 12:21:52.002 -03:00] [INFO] [datacoord/handler.go:471] ["channel seek position set from channel checkpoint meta"] [channel=by-dev-rootcoord-dml_4_466747304963991185v0] [posTs=466792714566369292] [posTime=2026/06/05 12:21:31.870 -03:00]
[2026/06/05 12:21:52.002 -03:00] [INFO] [datacoord/handler.go:471] ["channel seek position set from channel checkpoint meta"] [channel=by-dev-rootcoord-dml_6_466747304963991259v0] [posTs=466792714566369290] [posTime=2026/06/05 12:21:31.870 -03:00]
[2026/06/05 12:21:52.002 -03:00] [INFO] [datacoord/services.go:1025] ["datacoord append channelInfo in GetRecoveryInfo"] [collectionID=466747304963991185] [partitionIDs="[]"] [channel=by-dev-rootcoord-dml_4_466747304963991185v0] ["# of unflushed segments"=0] ["# of flushed segments"=2] ["# of dropped segments"=1] ["# of indexed segments"=0] ["# of l0 segments"=0] ["# of check point"=2026/06/05 12:21:31.870 -03:00] ["# of delete check point"=2026/06/05 12:21:31.870 -03:00]
[2026/06/05 12:21:52.002 -03:00] [INFO] [datacoord/services.go:1025] ["datacoord append channelInfo in GetRecoveryInfo"] [collectionID=466747304963991259] [partitionIDs="[]"] [channel=by-dev-rootcoord-dml_6_466747304963991259v0] ["# of unflushed segments"=0] ["# of flushed segments"=1] ["# of dropped segments"=0] ["# of indexed segments"=0] ["# of l0 segments"=0] ["# of check point"=2026/06/05 12:21:31.870 -03:00] ["# of delete check point"=2026/06/05 12:21:31.870 -03:00]
[2026/06/05 12:21:52.002 -03:00] [INFO] [datacoord/handler.go:209] [GetQueryVChanPositions] [collectionID=466747304966214770] [channel=by-dev-rootcoord-dml_8_466747304966214770v0] [numOfSegments=5] ["result flushed"=1] ["result growing"=0] ["result L0"=0] ["partition stats"={}]
[2026/06/05 12:21:52.002 -03:00] [INFO] [datacoord/handler.go:471] ["channel seek position set from channel checkpoint meta"] [channel=by-dev-rootcoord-dml_8_466747304966214770v0] [posTs=466792714566369294] [posTime=2026/06/05 12:21:31.870 -03:00]
[2026/06/05 12:21:52.002 -03:00] [INFO] [datacoord/services.go:1025] ["datacoord append channelInfo in GetRecoveryInfo"] [collectionID=466747304966214770] [partitionIDs="[]"] [channel=by-dev-rootcoord-dml_8_466747304966214770v0] ["# of unflushed segments"=0] ["# of flushed segments"=1] ["# of dropped segments"=4] ["# of indexed segments"=0] ["# of l0 segments"=0] ["# of check point"=2026/06/05 12:21:31.870 -03:00] ["# of delete check point"=2026/06/05 12:21:31.870 -03:00]
[2026/06/05 12:21:52.002 -03:00] [INFO] [datacoord/services.go:1010] ["get recovery info request received"] [collectionID=466747304963790106] [partitionIDs="[]"]
[2026/06/05 12:21:52.002 -03:00] [INFO] [datacoord/services.go:1010] ["get recovery info request received"] [collectionID=466746981989224024] [partitionIDs="[]"]
[2026/06/05 12:21:52.002 -03:00] [INFO] [datacoord/handler.go:209] [GetQueryVChanPositions] [collectionID=466747304963790106] [channel=by-dev-rootcoord-dml_2_466747304963790106v0] [numOfSegments=1] ["result flushed"=1] ["result growing"=0] ["result L0"=0] ["partition stats"={}]
[2026/06/05 12:21:52.002 -03:00] [INFO] [datacoord/handler.go:471] ["channel seek position set from channel checkpoint meta"] [channel=by-dev-rootcoord-dml_2_466747304963790106v0] [posTs=466792714566369281] [posTime=2026/06/05 12:21:31.870 -03:00]
[2026/06/05 12:21:52.002 -03:00] [INFO] [datacoord/services.go:1025] ["datacoord append channelInfo in GetRecoveryInfo"] [collectionID=466747304963790106] [partitionIDs="[]"] [channel=by-dev-rootcoord-dml_2_466747304963790106v0] ["# of unflushed segments"=0] ["# of flushed segments"=1] ["# of dropped segments"=0] ["# of indexed segments"=0] ["# of l0 segments"=0] ["# of check point"=2026/06/05 12:21:31.870 -03:00] ["# of delete check point"=2026/06/05 12:21:31.870 -03:00]
[2026/06/05 12:21:52.002 -03:00] [INFO] [datacoord/handler.go:209] [GetQueryVChanPositions] [collectionID=466746981989224024] [channel=by-dev-rootcoord-dml_0_466746981989224024v0] [numOfSegments=1] ["result flushed"=1] ["result growing"=0] ["result L0"=0] ["partition stats"={}]
[2026/06/05 12:21:52.002 -03:00] [INFO] [datacoord/handler.go:471] ["channel seek position set from channel checkpoint meta"] [channel=by-dev-rootcoord-dml_0_466746981989224024v0] [posTs=466792714566369287] [posTime=2026/06/05 12:21:31.870 -03:00]
[2026/06/05 12:21:52.002 -03:00] [INFO] [datacoord/services.go:1025] ["datacoord append channelInfo in GetRecoveryInfo"] [collectionID=466746981989224024] [partitionIDs="[]"] [channel=by-dev-rootcoord-dml_0_466746981989224024v0] ["# of unflushed segments"=0] ["# of flushed segments"=1] ["# of dropped segments"=0] ["# of indexed segments"=0] ["# of l0 segments"=0] ["# of check point"=2026/06/05 12:21:31.870 -03:00] ["# of delete check point"=2026/06/05 12:21:31.870 -03:00]
[2026/06/05 12:22:02.000 -03:00] [INFO] [observers/target_observer.go:526] ["Update readable segment version"] [collectionID=466747304963991259] [channelName=by-dev-rootcoord-dml_6_466747304963991259v0] [nodeID=4] [oldVersion=1780672902001574454] [newVersion=1780672912002305976]
[2026/06/05 12:22:02.000 -03:00] [INFO] [querynodev2/services.go:1393] ["sync action"] [traceID=ffb17fe2f6bc3b3dd78fe7b3cf2f00df] [collectionID=466747304963991185] [channel=by-dev-rootcoord-dml_4_466747304963991185v0] [currentNodeID=4] [Action=UpdateVersion] [TargetVersion=1780672912002302068] [checkPoint=2026/06/05 12:21:31.870 -03:00] [deleteCP=2026/06/05 12:21:31.870 -03:00] [partitions="[466747304963991186]"]
[2026/06/05 12:22:02.000 -03:00] [INFO] [querynodev2/services.go:1393] ["sync action"] [traceID=40b451c6da3a5bcf668baba4ec9edf28] [collectionID=466747304963790106] [channel=by-dev-rootcoord-dml_2_466747304963790106v0] [currentNodeID=4] [Action=UpdateVersion] [TargetVersion=1780672912002436611] [checkPoint=2026/06/05 12:21:31.870 -03:00] [deleteCP=2026/06/05 12:21:31.870 -03:00] [partitions="[466747304963790107]"]
[2026/06/05 12:22:02.000 -03:00] [INFO] [querynodev2/services.go:1393] ["sync action"] [traceID=152981bd6d352f76d0f2526405e78e32] [collectionID=466747304963790083] [channel=by-dev-rootcoord-dml_1_466747304963790083v0] [currentNodeID=4] [Action=UpdateVersion] [TargetVersion=1780672912002203263] [checkPoint=2026/06/05 12:21:31.870 -03:00] [deleteCP=2026/06/05 12:21:31.870 -03:00] [partitions="[466747304963790084]"]
[2026/06/05 12:22:02.000 -03:00] [INFO] [querynodev2/services.go:1393] ["sync action"] [traceID=a1e82231304bcd1dc9fb8002e5ba25bc] [collectionID=466747304963991296] [channel=by-dev-rootcoord-dml_7_466747304963991296v0] [currentNodeID=4] [Action=UpdateVersion] [TargetVersion=1780672912002249880] [checkPoint=2026/06/05 12:21:31.870 -03:00] [deleteCP=2026/06/05 12:21:31.870 -03:00] [partitions="[466747304963991297]"]
[2026/06/05 12:22:02.000 -03:00] [INFO] [querynodev2/services.go:1393] ["sync action"] [traceID=bbc497f0d75c7d065bcfb8a075913601] [collectionID=466747304963991144] [channel=by-dev-rootcoord-dml_3_466747304963991144v0] [currentNodeID=4] [Action=UpdateVersion] [TargetVersion=1780672912002207911] [checkPoint=2026/06/05 12:21:31.870 -03:00] [deleteCP=2026/06/05 12:21:31.870 -03:00] [partitions="[466747304963991145]"]
[2026/06/05 12:22:02.000 -03:00] [INFO] [delegator/distribution.go:316] ["channel distribution serviceable changed"] [channel=by-dev-rootcoord-dml_4_466747304963991185v0] [serviceable=true] [loadedRatio=1] [loadedSealedRowCount=27372] [totalSealedRowCount=27372] [unloadedSealedSegmentNum=0] [totalSealedSegmentNum=2] [action=SyncTargetVersion]
[2026/06/05 12:22:02.000 -03:00] [INFO] [querynodev2/services.go:1393] ["sync action"] [traceID=fb7c2eff4af219c8bd7922dc5ddf1552] [collectionID=466747304966214770] [channel=by-dev-rootcoord-dml_8_466747304966214770v0] [currentNodeID=4] [Action=UpdateVersion] [TargetVersion=1780672912002353826] [checkPoint=2026/06/05 12:21:31.870 -03:00] [deleteCP=2026/06/05 12:21:31.870 -03:00] [partitions="[466747304966214771]"]
[2026/06/05 12:22:02.001 -03:00] [INFO] [delegator/distribution.go:463] ["Update channel query view"] [channel=by-dev-rootcoord-dml_4_466747304963991185v0] [partitions="[466747304963991186]"] [oldVersion=1780672902001809286] [newVersion=1780672912002302068] [serviceable=true] [loadedRatio=1] [growingSegmentNum=0] [sealedSegmentNum=2]
[2026/06/05 12:22:02.000 -03:00] [INFO] [querynodev2/services.go:1393] ["sync action"] [traceID=3cb978c4c4a908ed60cdd7860a6e8927] [collectionID=466747304963991259] [channel=by-dev-rootcoord-dml_6_466747304963991259v0] [currentNodeID=4] [Action=UpdateVersion] [TargetVersion=1780672912002305976] [checkPoint=2026/06/05 12:21:31.870 -03:00] [deleteCP=2026/06/05 12:21:31.870 -03:00] [partitions="[466747304963991260]"]
[2026/06/05 12:22:02.001 -03:00] [INFO] [delegator/distribution.go:316] ["channel distribution serviceable changed"] [channel=by-dev-rootcoord-dml_2_466747304963790106v0] [serviceable=true] [loadedRatio=1] [loadedSealedRowCount=220] [totalSealedRowCount=220] [unloadedSealedSegmentNum=0] [totalSealedSegmentNum=1] [action=SyncTargetVersion]
[2026/06/05 12:22:02.000 -03:00] [INFO] [querynodev2/services.go:1393] ["sync action"] [traceID=0a2662b347f78a20a3f0d9d9cf9a7fe9] [collectionID=466746981989224024] [channel=by-dev-rootcoord-dml_0_466746981989224024v0] [currentNodeID=4] [Action=UpdateVersion] [TargetVersion=1780672912002470154] [checkPoint=2026/06/05 12:21:31.870 -03:00] [deleteCP=2026/06/05 12:21:31.870 -03:00] [partitions="[466746981989224025]"]
[2026/06/05 12:22:02.001 -03:00] [INFO] [delegator/distribution.go:316] ["channel distribution serviceable changed"] [channel=by-dev-rootcoord-dml_3_466747304963991144v0] [serviceable=true] [loadedRatio=1] [loadedSealedRowCount=678] [totalSealedRowCount=678] [unloadedSealedSegmentNum=0] [totalSealedSegmentNum=1] [action=SyncTargetVersion]
[2026/06/05 12:22:02.001 -03:00] [INFO] [delegator/distribution.go:316] ["channel distribution serviceable changed"] [channel=by-dev-rootcoord-dml_8_466747304966214770v0] [serviceable=true] [loadedRatio=1] [loadedSealedRowCount=23353] [totalSealedRowCount=23353] [unloadedSealedSegmentNum=0] [totalSealedSegmentNum=1] [action=SyncTargetVersion]
[2026/06/05 12:22:02.001 -03:00] [INFO] [delegator/distribution.go:463] ["Update channel query view"] [channel=by-dev-rootcoord-dml_3_466747304963991144v0] [partitions="[466747304963991145]"] [oldVersion=1780672902001690362] [newVersion=1780672912002207911] [serviceable=true] [loadedRatio=1] [growingSegmentNum=0] [sealedSegmentNum=1]
[2026/06/05 12:22:02.000 -03:00] [INFO] [querynodev2/services.go:1393] ["sync action"] [traceID=a0118fa9e5041f23377189fd984ddacf] [collectionID=466747304963991222] [channel=by-dev-rootcoord-dml_5_466747304963991222v0] [currentNodeID=4] [Action=UpdateVersion] [TargetVersion=1780672912002195468] [checkPoint=2026/06/05 12:21:31.870 -03:00] [deleteCP=2026/06/05 12:21:31.870 -03:00] [partitions="[466747304963991223]"]
[2026/06/05 12:22:02.001 -03:00] [INFO] [delegator/distribution.go:463] ["Update channel query view"] [channel=by-dev-rootcoord-dml_2_466747304963790106v0] [partitions="[466747304963790107]"] [oldVersion=1780672902001740987] [newVersion=1780672912002436611] [serviceable=true] [loadedRatio=1] [growingSegmentNum=0] [sealedSegmentNum=1]
[2026/06/05 12:22:02.001 -03:00] [INFO] [delegator/distribution.go:316] ["channel distribution serviceable changed"] [channel=by-dev-rootcoord-dml_7_466747304963991296v0] [serviceable=true] [loadedRatio=1] [loadedSealedRowCount=77485] [totalSealedRowCount=77485] [unloadedSealedSegmentNum=0] [totalSealedSegmentNum=3] [action=SyncTargetVersion]
[2026/06/05 12:22:02.001 -03:00] [INFO] [delegator/distribution.go:463] ["Update channel query view"] [channel=by-dev-rootcoord-dml_7_466747304963991296v0] [partitions="[466747304963991297]"] [oldVersion=1780672902001637132] [newVersion=1780672912002249880] [serviceable=true] [loadedRatio=1] [growingSegmentNum=0] [sealedSegmentNum=3]
[2026/06/05 12:22:02.001 -03:00] [INFO] [delegator/distribution.go:316] ["channel distribution serviceable changed"] [channel=by-dev-rootcoord-dml_5_466747304963991222v0] [serviceable=true] [loadedRatio=1] [loadedSealedRowCount=61648] [totalSealedRowCount=61648] [unloadedSealedSegmentNum=0] [totalSealedSegmentNum=2] [action=SyncTargetVersion]
[2026/06/05 12:22:02.001 -03:00] [INFO] [delegator/distribution.go:463] ["Update channel query view"] [channel=by-dev-rootcoord-dml_5_466747304963991222v0] [partitions="[466747304963991223]"] [oldVersion=1780672902001509362] [newVersion=1780672912002195468] [serviceable=true] [loadedRatio=1] [growingSegmentNum=0] [sealedSegmentNum=2]
[2026/06/05 12:22:02.001 -03:00] [INFO] [delegator/distribution.go:316] ["channel distribution serviceable changed"] [channel=by-dev-rootcoord-dml_6_466747304963991259v0] [serviceable=true] [loadedRatio=1] [loadedSealedRowCount=11220] [totalSealedRowCount=11220] [unloadedSealedSegmentNum=0] [totalSealedSegmentNum=1] [action=SyncTargetVersion]
[2026/06/05 12:22:02.001 -03:00] [INFO] [delegator/distribution.go:463] ["Update channel query view"] [channel=by-dev-rootcoord-dml_6_466747304963991259v0] [partitions="[466747304963991260]"] [oldVersion=1780672902001574454] [newVersion=1780672912002305976] [serviceable=true] [loadedRatio=1] [growingSegmentNum=0] [sealedSegmentNum=1]
[2026/06/05 12:22:02.001 -03:00] [INFO] [delegator/distribution.go:316] ["channel distribution serviceable changed"] [channel=by-dev-rootcoord-dml_1_466747304963790083v0] [serviceable=true] [loadedRatio=1] [loadedSealedRowCount=16846] [totalSealedRowCount=16846] [unloadedSealedSegmentNum=0] [totalSealedSegmentNum=2] [action=SyncTargetVersion]
[2026/06/05 12:22:02.001 -03:00] [INFO] [delegator/distribution.go:463] ["Update channel query view"] [channel=by-dev-rootcoord-dml_1_466747304963790083v0] [partitions="[466747304963790084]"] [oldVersion=1780672902001526163] [newVersion=1780672912002203263] [serviceable=true] [loadedRatio=1] [growingSegmentNum=0] [sealedSegmentNum=2]
[2026/06/05 12:22:02.001 -03:00] [INFO] [delegator/distribution.go:316] ["channel distribution serviceable changed"] [channel=by-dev-rootcoord-dml_0_466746981989224024v0] [serviceable=true] [loadedRatio=1] [loadedSealedRowCount=7] [totalSealedRowCount=7] [unloadedSealedSegmentNum=0] [totalSealedSegmentNum=1] [action=SyncTargetVersion]
[2026/06/05 12:22:02.001 -03:00] [INFO] [delegator/distribution.go:463] ["Update channel query view"] [channel=by-dev-rootcoord-dml_8_466747304966214770v0] [partitions="[466747304966214771]"] [oldVersion=1780672902001567922] [newVersion=1780672912002353826] [serviceable=true] [loadedRatio=1] [growingSegmentNum=0] [sealedSegmentNum=1]
[2026/06/05 12:22:02.001 -03:00] [INFO] [delegator/distribution.go:463] ["Update channel query view"] [channel=by-dev-rootcoord-dml_0_466746981989224024v0] [partitions="[466746981989224025]"] [oldVersion=1780672902001869258] [newVersion=1780672912002470154] [serviceable=true] [loadedRatio=1] [growingSegmentNum=0] [sealedSegmentNum=1]
[2026/06/05 12:22:02.001 -03:00] [INFO] [observers/target_observer.go:562] ["observer trigger update current target"] [collectionID=466747304963790106]
[2026/06/05 12:22:02.001 -03:00] [INFO] [datacoord/services.go:1010] ["get recovery info request received"] [collectionID=466747304963790106] [partitionIDs="[]"]
[2026/06/05 12:22:02.001 -03:00] [INFO] [datacoord/services.go:1010] ["get recovery info request received"] [collectionID=466747304963991144] [partitionIDs="[]"]
[2026/06/05 12:22:02.001 -03:00] [INFO] [datacoord/services.go:1010] ["get recovery info request received"] [collectionID=466747304963991185] [partitionIDs="[]"]
[2026/06/05 12:22:02.001 -03:00] [INFO] [datacoord/services.go:1010] ["get recovery info request received"] [collectionID=466747304963790083] [partitionIDs="[]"]
[2026/06/05 12:22:02.001 -03:00] [INFO] [datacoord/services.go:1010] ["get recovery info request received"] [collectionID=466747304966214770] [partitionIDs="[]"]
[2026/06/05 12:22:02.001 -03:00] [INFO] [datacoord/services.go:1010] ["get recovery info request received"] [collectionID=466747304963991296] [partitionIDs="[]"]
[2026/06/05 12:22:02.001 -03:00] [INFO] [datacoord/handler.go:209] [GetQueryVChanPositions] [collectionID=466747304963790106] [channel=by-dev-rootcoord-dml_2_466747304963790106v0] [numOfSegments=1] ["result flushed"=1] ["result growing"=0] ["result L0"=0] ["partition stats"={}]
[2026/06/05 12:22:02.001 -03:00] [INFO] [datacoord/handler.go:209] [GetQueryVChanPositions] [collectionID=466747304963991185] [channel=by-dev-rootcoord-dml_4_466747304963991185v0] [numOfSegments=3] ["result flushed"=2] ["result growing"=0] ["result L0"=0] ["partition stats"={}]
[2026/06/05 12:22:02.001 -03:00] [INFO] [datacoord/handler.go:471] ["channel seek position set from channel checkpoint meta"] [channel=by-dev-rootcoord-dml_2_466747304963790106v0] [posTs=466792714566369281] [posTime=2026/06/05 12:21:31.870 -03:00]
[2026/06/05 12:22:02.001 -03:00] [INFO] [datacoord/handler.go:471] ["channel seek position set from channel checkpoint meta"] [channel=by-dev-rootcoord-dml_4_466747304963991185v0] [posTs=466792714566369292] [posTime=2026/06/05 12:21:31.870 -03:00]
[2026/06/05 12:22:02.001 -03:00] [INFO] [datacoord/services.go:1010] ["get recovery info request received"] [collectionID=466747304963991222] [partitionIDs="[]"]
[2026/06/05 12:22:02.001 -03:00] [INFO] [datacoord/services.go:1025] ["datacoord append channelInfo in GetRecoveryInfo"] [collectionID=466747304963790106] [partitionIDs="[]"] [channel=by-dev-rootcoord-dml_2_466747304963790106v0] ["# of unflushed segments"=0] ["# of flushed segments"=1] ["# of dropped segments"=0] ["# of indexed segments"=0] ["# of l0 segments"=0] ["# of check point"=2026/06/05 12:21:31.870 -03:00] ["# of delete check point"=2026/06/05 12:21:31.870 -03:00]
[2026/06/05 12:22:02.001 -03:00] [INFO] [datacoord/services.go:1025] ["datacoord append channelInfo in GetRecoveryInfo"] [collectionID=466747304963991185] [partitionIDs="[]"] [channel=by-dev-rootcoord-dml_4_466747304963991185v0] ["# of unflushed segments"=0] ["# of flushed segments"=2] ["# of dropped segments"=1] ["# of indexed segments"=0] ["# of l0 segments"=0] ["# of check point"=2026/06/05 12:21:31.870 -03:00] ["# of delete check point"=2026/06/05 12:21:31.870 -03:00]
[2026/06/05 12:22:02.001 -03:00] [INFO] [datacoord/services.go:1010] ["get recovery info request received"] [collectionID=466746981989224024] [partitionIDs="[]"]
[2026/06/05 12:22:02.001 -03:00] [INFO] [datacoord/handler.go:209] [GetQueryVChanPositions] [collectionID=466747304963790083] [channel=by-dev-rootcoord-dml_1_466747304963790083v0] [numOfSegments=3] ["result flushed"=2] ["result growing"=0] ["result L0"=0] ["partition stats"={}]
[2026/06/05 12:22:02.001 -03:00] [INFO] [datacoord/handler.go:209] [GetQueryVChanPositions] [collectionID=466747304963991222] [channel=by-dev-rootcoord-dml_5_466747304963991222v0] [numOfSegments=2] ["result flushed"=2] ["result growing"=0] ["result L0"=0] ["partition stats"={}]
[2026/06/05 12:22:02.001 -03:00] [INFO] [datacoord/handler.go:209] [GetQueryVChanPositions] [collectionID=466747304963991296] [channel=by-dev-rootcoord-dml_7_466747304963991296v0] [numOfSegments=3] ["result flushed"=3] ["result growing"=0] ["result L0"=0] ["partition stats"={}]
[2026/06/05 12:22:02.001 -03:00] [INFO] [datacoord/handler.go:209] [GetQueryVChanPositions] [collectionID=466747304966214770] [channel=by-dev-rootcoord-dml_8_466747304966214770v0] [numOfSegments=5] ["result flushed"=1] ["result growing"=0] ["result L0"=0] ["partition stats"={}]
[2026/06/05 12:22:02.001 -03:00] [INFO] [datacoord/handler.go:471] ["channel seek position set from channel checkpoint meta"] [channel=by-dev-rootcoord-dml_5_466747304963991222v0] [posTs=466792714566369282] [posTime=2026/06/05 12:21:31.870 -03:00]
[2026/06/05 12:22:02.001 -03:00] [INFO] [datacoord/handler.go:471] ["channel seek position set from channel checkpoint meta"] [channel=by-dev-rootcoord-dml_1_466747304963790083v0] [posTs=466792714566369285] [posTime=2026/06/05 12:21:31.870 -03:00]
[2026/06/05 12:22:02.001 -03:00] [INFO] [datacoord/services.go:1025] ["datacoord append channelInfo in GetRecoveryInfo"] [collectionID=466747304963991222] [partitionIDs="[]"] [channel=by-dev-rootcoord-dml_5_466747304963991222v0] ["# of unflushed segments"=0] ["# of flushed segments"=2] ["# of dropped segments"=0] ["# of indexed segments"=0] ["# of l0 segments"=0] ["# of check point"=2026/06/05 12:21:31.870 -03:00] ["# of delete check point"=2026/06/05 12:21:31.870 -03:00]
[2026/06/05 12:22:02.001 -03:00] [INFO] [datacoord/handler.go:471] ["channel seek position set from channel checkpoint meta"] [channel=by-dev-rootcoord-dml_8_466747304966214770v0] [posTs=466792714566369294] [posTime=2026/06/05 12:21:31.870 -03:00]
[2026/06/05 12:22:02.001 -03:00] [INFO] [datacoord/handler.go:471] ["channel seek position set from channel checkpoint meta"] [channel=by-dev-rootcoord-dml_7_466747304963991296v0] [posTs=466792714566369293] [posTime=2026/06/05 12:21:31.870 -03:00]
[2026/06/05 12:22:02.001 -03:00] [INFO] [datacoord/services.go:1025] ["datacoord append channelInfo in GetRecoveryInfo"] [collectionID=466747304966214770] [partitionIDs="[]"] [channel=by-dev-rootcoord-dml_8_466747304966214770v0] ["# of unflushed segments"=0] ["# of flushed segments"=1] ["# of dropped segments"=4] ["# of indexed segments"=0] ["# of l0 segments"=0] ["# of check point"=2026/06/05 12:21:31.870 -03:00] ["# of delete check point"=2026/06/05 12:21:31.870 -03:00]
[2026/06/05 12:22:02.001 -03:00] [INFO] [datacoord/services.go:1025] ["datacoord append channelInfo in GetRecoveryInfo"] [collectionID=466747304963790083] [partitionIDs="[]"] [channel=by-dev-rootcoord-dml_1_466747304963790083v0] ["# of unflushed segments"=0] ["# of flushed segments"=2] ["# of dropped segments"=1] ["# of indexed segments"=0] ["# of l0 segments"=0] ["# of check point"=2026/06/05 12:21:31.870 -03:00] ["# of delete check point"=2026/06/05 12:21:31.870 -03:00]
[2026/06/05 12:22:02.001 -03:00] [INFO] [datacoord/services.go:1025] ["datacoord append channelInfo in GetRecoveryInfo"] [collectionID=466747304963991296] [partitionIDs="[]"] [channel=by-dev-rootcoord-dml_7_466747304963991296v0] ["# of unflushed segments"=0] ["# of flushed segments"=3] ["# of dropped segments"=0] ["# of indexed segments"=0] ["# of l0 segments"=0] ["# of check point"=2026/06/05 12:21:31.870 -03:00] ["# of delete check point"=2026/06/05 12:21:31.870 -03:00]
[2026/06/05 12:22:02.001 -03:00] [INFO] [datacoord/handler.go:209] [GetQueryVChanPositions] [collectionID=466747304963991144] [channel=by-dev-rootcoord-dml_3_466747304963991144v0] [numOfSegments=1] ["result flushed"=1] ["result growing"=0] ["result L0"=0] ["partition stats"={}]
[2026/06/05 12:22:02.001 -03:00] [INFO] [datacoord/handler.go:209] [GetQueryVChanPositions] [collectionID=466746981989224024] [channel=by-dev-rootcoord-dml_0_466746981989224024v0] [numOfSegments=1] ["result flushed"=1] ["result growing"=0] ["result L0"=0] ["partition stats"={}]
[2026/06/05 12:22:02.001 -03:00] [INFO] [datacoord/handler.go:471] ["channel seek position set from channel checkpoint meta"] [channel=by-dev-rootcoord-dml_3_466747304963991144v0] [posTs=466792714566369291] [posTime=2026/06/05 12:21:31.870 -03:00]
[2026/06/05 12:22:02.001 -03:00] [INFO] [datacoord/handler.go:471] ["channel seek position set from channel checkpoint meta"] [channel=by-dev-rootcoord-dml_0_466746981989224024v0] [posTs=466792714566369287] [posTime=2026/06/05 12:21:31.870 -03:00]
[2026/06/05 12:22:02.001 -03:00] [INFO] [datacoord/services.go:1010] ["get recovery info request received"] [collectionID=466747304963991259] [partitionIDs="[]"]
[2026/06/05 12:22:02.001 -03:00] [INFO] [datacoord/services.go:1025] ["datacoord append channelInfo in GetRecoveryInfo"] [collectionID=466746981989224024] [partitionIDs="[]"] [channel=by-dev-rootcoord-dml_0_466746981989224024v0] ["# of unflushed segments"=0] ["# of flushed segments"=1] ["# of dropped segments"=0] ["# of indexed segments"=0] ["# of l0 segments"=0] ["# of check point"=2026/06/05 12:21:31.870 -03:00] ["# of delete check point"=2026/06/05 12:21:31.870 -03:00]
[2026/06/05 12:22:02.001 -03:00] [INFO] [datacoord/services.go:1025] ["datacoord append channelInfo in GetRecoveryInfo"] [collectionID=466747304963991144] [partitionIDs="[]"] [channel=by-dev-rootcoord-dml_3_466747304963991144v0] ["# of unflushed segments"=0] ["# of flushed segments"=1] ["# of dropped segments"=0] ["# of indexed segments"=0] ["# of l0 segments"=0] ["# of check point"=2026/06/05 12:21:31.870 -03:00] ["# of delete check point"=2026/06/05 12:21:31.870 -03:00]
[2026/06/05 12:22:02.001 -03:00] [INFO] [datacoord/handler.go:209] [GetQueryVChanPositions] [collectionID=466747304963991259] [channel=by-dev-rootcoord-dml_6_466747304963991259v0] [numOfSegments=1] ["result flushed"=1] ["result growing"=0] ["result L0"=0] ["partition stats"={}]
[2026/06/05 12:22:02.001 -03:00] [INFO] [datacoord/handler.go:471] ["channel seek position set from channel checkpoint meta"] [channel=by-dev-rootcoord-dml_6_466747304963991259v0] [posTs=466792714566369290] [posTime=2026/06/05 12:21:31.870 -03:00]
[2026/06/05 12:22:02.001 -03:00] [INFO] [datacoord/services.go:1025] ["datacoord append channelInfo in GetRecoveryInfo"] [collectionID=466747304963991259] [partitionIDs="[]"] [channel=by-dev-rootcoord-dml_6_466747304963991259v0] ["# of unflushed segments"=0] ["# of flushed segments"=1] ["# of dropped segments"=0] ["# of indexed segments"=0] ["# of l0 segments"=0] ["# of check point"=2026/06/05 12:21:31.870 -03:00] ["# of delete check point"=2026/06/05 12:21:31.870 -03:00]
[2026/06/05 12:22:08.980 -03:00] [INFO] [datacoord/compaction_trigger.go:336] ["handleSignal receive"] [compactionID=466792519794692091] [signal.collectionID=0] [signal.partitionID=0] [signal.segmentIDs="[]"]
[2026/06/05 12:22:12.000 -03:00] [INFO] [observers/target_observer.go:526] ["Update readable segment version"] [collectionID=466747304963991259] [channelName=by-dev-rootcoord-dml_6_466747304963991259v0] [nodeID=4] [oldVersion=1780672912002305976] [newVersion=1780672922001740629]
[2026/06/05 12:22:12.001 -03:00] [INFO] [querynodev2/services.go:1393] ["sync action"] [traceID=f19eeb98eac59fef0e0d48ecd0635ed2] [collectionID=466746981989224024] [channel=by-dev-rootcoord-dml_0_466746981989224024v0] [currentNodeID=4] [Action=UpdateVersion] [TargetVersion=1780672922001683161] [checkPoint=2026/06/05 12:21:31.870 -03:00] [deleteCP=2026/06/05 12:21:31.870 -03:00] [partitions="[466746981989224025]"]
[2026/06/05 12:22:12.001 -03:00] [INFO] [querynodev2/services.go:1393] ["sync action"] [traceID=a4a073625f987d8242f89680aef05d4c] [collectionID=466747304963991144] [channel=by-dev-rootcoord-dml_3_466747304963991144v0] [currentNodeID=4] [Action=UpdateVersion] [TargetVersion=1780672922001719369] [checkPoint=2026/06/05 12:21:31.870 -03:00] [deleteCP=2026/06/05 12:21:31.870 -03:00] [partitions="[466747304963991145]"]
[2026/06/05 12:22:12.001 -03:00] [INFO] [querynodev2/services.go:1393] ["sync action"] [traceID=b59f04646d0cf1f9e9494f23d0631654] [collectionID=466747304963991296] [channel=by-dev-rootcoord-dml_7_466747304963991296v0] [currentNodeID=4] [Action=UpdateVersion] [TargetVersion=1780672922001663664] [checkPoint=2026/06/05 12:21:31.870 -03:00] [deleteCP=2026/06/05 12:21:31.870 -03:00] [partitions="[466747304963991297]"]
[2026/06/05 12:22:12.001 -03:00] [INFO] [querynodev2/services.go:1393] ["sync action"] [traceID=23d311e641fed08726f3990b32202b20] [collectionID=466747304963991222] [channel=by-dev-rootcoord-dml_5_466747304963991222v0] [currentNodeID=4] [Action=UpdateVersion] [TargetVersion=1780672922001629961] [checkPoint=2026/06/05 12:21:31.870 -03:00] [deleteCP=2026/06/05 12:21:31.870 -03:00] [partitions="[466747304963991223]"]
[2026/06/05 12:22:12.001 -03:00] [INFO] [delegator/distribution.go:316] ["channel distribution serviceable changed"] [channel=by-dev-rootcoord-dml_0_466746981989224024v0] [serviceable=true] [loadedRatio=1] [loadedSealedRowCount=7] [totalSealedRowCount=7] [unloadedSealedSegmentNum=0] [totalSealedSegmentNum=1] [action=SyncTargetVersion]
[2026/06/05 12:22:12.001 -03:00] [INFO] [delegator/distribution.go:316] ["channel distribution serviceable changed"] [channel=by-dev-rootcoord-dml_3_466747304963991144v0] [serviceable=true] [loadedRatio=1] [loadedSealedRowCount=678] [totalSealedRowCount=678] [unloadedSealedSegmentNum=0] [totalSealedSegmentNum=1] [action=SyncTargetVersion]
[2026/06/05 12:22:12.001 -03:00] [INFO] [querynodev2/services.go:1393] ["sync action"] [traceID=91d318296390662c25beb42c26fc863a] [collectionID=466747304963991259] [channel=by-dev-rootcoord-dml_6_466747304963991259v0] [currentNodeID=4] [Action=UpdateVersion] [TargetVersion=1780672922001740629] [checkPoint=2026/06/05 12:21:31.870 -03:00] [deleteCP=2026/06/05 12:21:31.870 -03:00] [partitions="[466747304963991260]"]
[2026/06/05 12:22:12.001 -03:00] [INFO] [querynodev2/services.go:1393] ["sync action"] [traceID=5c5c3e48ff1ba7b4173dcc7e2fcdafe9] [collectionID=466747304963991185] [channel=by-dev-rootcoord-dml_4_466747304963991185v0] [currentNodeID=4] [Action=UpdateVersion] [TargetVersion=1780672922001593091] [checkPoint=2026/06/05 12:21:31.870 -03:00] [deleteCP=2026/06/05 12:21:31.870 -03:00] [partitions="[466747304963991186]"]
[2026/06/05 12:22:12.001 -03:00] [INFO] [delegator/distribution.go:463] ["Update channel query view"] [channel=by-dev-rootcoord-dml_0_466746981989224024v0] [partitions="[466746981989224025]"] [oldVersion=1780672912002470154] [newVersion=1780672922001683161] [serviceable=true] [loadedRatio=1] [growingSegmentNum=0] [sealedSegmentNum=1]
[2026/06/05 12:22:12.001 -03:00] [INFO] [delegator/distribution.go:463] ["Update channel query view"] [channel=by-dev-rootcoord-dml_3_466747304963991144v0] [partitions="[466747304963991145]"] [oldVersion=1780672912002207911] [newVersion=1780672922001719369] [serviceable=true] [loadedRatio=1] [growingSegmentNum=0] [sealedSegmentNum=1]
[2026/06/05 12:22:12.001 -03:00] [INFO] [querynodev2/services.go:1393] ["sync action"] [traceID=a2bd126f26c29ecfd3bff5d99e8bdd57] [collectionID=466747304963790083] [channel=by-dev-rootcoord-dml_1_466747304963790083v0] [currentNodeID=4] [Action=UpdateVersion] [TargetVersion=1780672922001672962] [checkPoint=2026/06/05 12:21:31.870 -03:00] [deleteCP=2026/06/05 12:21:31.870 -03:00] [partitions="[466747304963790084]"]
[2026/06/05 12:22:12.001 -03:00] [INFO] [delegator/distribution.go:316] ["channel distribution serviceable changed"] [channel=by-dev-rootcoord-dml_4_466747304963991185v0] [serviceable=true] [loadedRatio=1] [loadedSealedRowCount=27372] [totalSealedRowCount=27372] [unloadedSealedSegmentNum=0] [totalSealedSegmentNum=2] [action=SyncTargetVersion]
[2026/06/05 12:22:12.001 -03:00] [INFO] [querynodev2/services.go:1393] ["sync action"] [traceID=a15488132f9c226e1bc33448650480ee] [collectionID=466747304963790106] [channel=by-dev-rootcoord-dml_2_466747304963790106v0] [currentNodeID=4] [Action=UpdateVersion] [TargetVersion=1780672922001587030] [checkPoint=2026/06/05 12:21:31.870 -03:00] [deleteCP=2026/06/05 12:21:31.870 -03:00] [partitions="[466747304963790107]"]
[2026/06/05 12:22:12.001 -03:00] [INFO] [delegator/distribution.go:463] ["Update channel query view"] [channel=by-dev-rootcoord-dml_4_466747304963991185v0] [partitions="[466747304963991186]"] [oldVersion=1780672912002302068] [newVersion=1780672922001593091] [serviceable=true] [loadedRatio=1] [growingSegmentNum=0] [sealedSegmentNum=2]
[2026/06/05 12:22:12.001 -03:00] [INFO] [delegator/distribution.go:316] ["channel distribution serviceable changed"] [channel=by-dev-rootcoord-dml_7_466747304963991296v0] [serviceable=true] [loadedRatio=1] [loadedSealedRowCount=77485] [totalSealedRowCount=77485] [unloadedSealedSegmentNum=0] [totalSealedSegmentNum=3] [action=SyncTargetVersion]
[2026/06/05 12:22:12.001 -03:00] [INFO] [delegator/distribution.go:316] ["channel distribution serviceable changed"] [channel=by-dev-rootcoord-dml_5_466747304963991222v0] [serviceable=true] [loadedRatio=1] [loadedSealedRowCount=61648] [totalSealedRowCount=61648] [unloadedSealedSegmentNum=0] [totalSealedSegmentNum=2] [action=SyncTargetVersion]
[2026/06/05 12:22:12.001 -03:00] [INFO] [delegator/distribution.go:316] ["channel distribution serviceable changed"] [channel=by-dev-rootcoord-dml_1_466747304963790083v0] [serviceable=true] [loadedRatio=1] [loadedSealedRowCount=16846] [totalSealedRowCount=16846] [unloadedSealedSegmentNum=0] [totalSealedSegmentNum=2] [action=SyncTargetVersion]
[2026/06/05 12:22:12.001 -03:00] [INFO] [delegator/distribution.go:463] ["Update channel query view"] [channel=by-dev-rootcoord-dml_5_466747304963991222v0] [partitions="[466747304963991223]"] [oldVersion=1780672912002195468] [newVersion=1780672922001629961] [serviceable=true] [loadedRatio=1] [growingSegmentNum=0] [sealedSegmentNum=2]
[2026/06/05 12:22:12.001 -03:00] [INFO] [delegator/distribution.go:463] ["Update channel query view"] [channel=by-dev-rootcoord-dml_1_466747304963790083v0] [partitions="[466747304963790084]"] [oldVersion=1780672912002203263] [newVersion=1780672922001672962] [serviceable=true] [loadedRatio=1] [growingSegmentNum=0] [sealedSegmentNum=2]
[2026/06/05 12:22:12.001 -03:00] [INFO] [delegator/distribution.go:463] ["Update channel query view"] [channel=by-dev-rootcoord-dml_7_466747304963991296v0] [partitions="[466747304963991297]"] [oldVersion=1780672912002249880] [newVersion=1780672922001663664] [serviceable=true] [loadedRatio=1] [growingSegmentNum=0] [sealedSegmentNum=3]
[2026/06/05 12:22:12.001 -03:00] [INFO] [delegator/distribution.go:316] ["channel distribution serviceable changed"] [channel=by-dev-rootcoord-dml_2_466747304963790106v0] [serviceable=true] [loadedRatio=1] [loadedSealedRowCount=220] [totalSealedRowCount=220] [unloadedSealedSegmentNum=0] [totalSealedSegmentNum=1] [action=SyncTargetVersion]
[2026/06/05 12:22:12.001 -03:00] [INFO] [delegator/distribution.go:463] ["Update channel query view"] [channel=by-dev-rootcoord-dml_2_466747304963790106v0] [partitions="[466747304963790107]"] [oldVersion=1780672912002436611] [newVersion=1780672922001587030] [serviceable=true] [loadedRatio=1] [growingSegmentNum=0] [sealedSegmentNum=1]
[2026/06/05 12:22:12.001 -03:00] [INFO] [observers/target_observer.go:562] ["observer trigger update current target"] [collectionID=466746981989224024]
[2026/06/05 12:22:12.002 -03:00] [INFO] [datacoord/services.go:1010] ["get recovery info request received"] [collectionID=466747304963991144] [partitionIDs="[]"]
[2026/06/05 12:22:12.002 -03:00] [INFO] [datacoord/services.go:1010] ["get recovery info request received"] [collectionID=466746981989224024] [partitionIDs="[]"]
[2026/06/05 12:22:12.002 -03:00] [INFO] [datacoord/services.go:1010] ["get recovery info request received"] [collectionID=466747304963991185] [partitionIDs="[]"]
[2026/06/05 12:22:12.002 -03:00] [INFO] [datacoord/handler.go:209] [GetQueryVChanPositions] [collectionID=466747304963991185] [channel=by-dev-rootcoord-dml_4_466747304963991185v0] [numOfSegments=3] ["result flushed"=2] ["result growing"=0] ["result L0"=0] ["partition stats"={}]
[2026/06/05 12:22:12.002 -03:00] [INFO] [datacoord/handler.go:209] [GetQueryVChanPositions] [collectionID=466747304963991144] [channel=by-dev-rootcoord-dml_3_466747304963991144v0] [numOfSegments=1] ["result flushed"=1] ["result growing"=0] ["result L0"=0] ["partition stats"={}]
[2026/06/05 12:22:12.002 -03:00] [INFO] [datacoord/services.go:1010] ["get recovery info request received"] [collectionID=466747304963991222] [partitionIDs="[]"]
[2026/06/05 12:22:12.002 -03:00] [INFO] [datacoord/handler.go:209] [GetQueryVChanPositions] [collectionID=466746981989224024] [channel=by-dev-rootcoord-dml_0_466746981989224024v0] [numOfSegments=1] ["result flushed"=1] ["result growing"=0] ["result L0"=0] ["partition stats"={}]
[2026/06/05 12:22:12.002 -03:00] [INFO] [datacoord/handler.go:471] ["channel seek position set from channel checkpoint meta"] [channel=by-dev-rootcoord-dml_3_466747304963991144v0] [posTs=466792714566369291] [posTime=2026/06/05 12:21:31.870 -03:00]
[2026/06/05 12:22:12.002 -03:00] [INFO] [datacoord/handler.go:471] ["channel seek position set from channel checkpoint meta"] [channel=by-dev-rootcoord-dml_4_466747304963991185v0] [posTs=466792714566369292] [posTime=2026/06/05 12:21:31.870 -03:00]
[2026/06/05 12:22:12.002 -03:00] [INFO] [datacoord/services.go:1025] ["datacoord append channelInfo in GetRecoveryInfo"] [collectionID=466747304963991144] [partitionIDs="[]"] [channel=by-dev-rootcoord-dml_3_466747304963991144v0] ["# of unflushed segments"=0] ["# of flushed segments"=1] ["# of dropped segments"=0] ["# of indexed segments"=0] ["# of l0 segments"=0] ["# of check point"=2026/06/05 12:21:31.870 -03:00] ["# of delete check point"=2026/06/05 12:21:31.870 -03:00]
[2026/06/05 12:22:12.002 -03:00] [INFO] [datacoord/handler.go:471] ["channel seek position set from channel checkpoint meta"] [channel=by-dev-rootcoord-dml_0_466746981989224024v0] [posTs=466792714566369287] [posTime=2026/06/05 12:21:31.870 -03:00]
[2026/06/05 12:22:12.002 -03:00] [INFO] [datacoord/services.go:1025] ["datacoord append channelInfo in GetRecoveryInfo"] [collectionID=466747304963991185] [partitionIDs="[]"] [channel=by-dev-rootcoord-dml_4_466747304963991185v0] ["# of unflushed segments"=0] ["# of flushed segments"=2] ["# of dropped segments"=1] ["# of indexed segments"=0] ["# of l0 segments"=0] ["# of check point"=2026/06/05 12:21:31.870 -03:00] ["# of delete check point"=2026/06/05 12:21:31.870 -03:00]
[2026/06/05 12:22:12.002 -03:00] [INFO] [datacoord/services.go:1010] ["get recovery info request received"] [collectionID=466747304963790106] [partitionIDs="[]"]
[2026/06/05 12:22:12.002 -03:00] [INFO] [datacoord/services.go:1025] ["datacoord append channelInfo in GetRecoveryInfo"] [collectionID=466746981989224024] [partitionIDs="[]"] [channel=by-dev-rootcoord-dml_0_466746981989224024v0] ["# of unflushed segments"=0] ["# of flushed segments"=1] ["# of dropped segments"=0] ["# of indexed segments"=0] ["# of l0 segments"=0] ["# of check point"=2026/06/05 12:21:31.870 -03:00] ["# of delete check point"=2026/06/05 12:21:31.870 -03:00]
[2026/06/05 12:22:12.002 -03:00] [INFO] [datacoord/handler.go:209] [GetQueryVChanPositions] [collectionID=466747304963991222] [channel=by-dev-rootcoord-dml_5_466747304963991222v0] [numOfSegments=2] ["result flushed"=2] ["result growing"=0] ["result L0"=0] ["partition stats"={}]
[2026/06/05 12:22:12.002 -03:00] [INFO] [datacoord/handler.go:209] [GetQueryVChanPositions] [collectionID=466747304963790106] [channel=by-dev-rootcoord-dml_2_466747304963790106v0] [numOfSegments=1] ["result flushed"=1] ["result growing"=0] ["result L0"=0] ["partition stats"={}]
[2026/06/05 12:22:12.002 -03:00] [INFO] [querynodev2/services.go:1393] ["sync action"] [traceID=9d7bab0aaa3e4a6b34b8e056c08a6c60] [collectionID=466747304966214770] [channel=by-dev-rootcoord-dml_8_466747304966214770v0] [currentNodeID=4] [Action=UpdateVersion] [TargetVersion=1780672922001667812] [checkPoint=2026/06/05 12:21:31.870 -03:00] [deleteCP=2026/06/05 12:21:31.870 -03:00] [partitions="[466747304966214771]"]
[2026/06/05 12:22:12.002 -03:00] [INFO] [datacoord/services.go:1010] ["get recovery info request received"] [collectionID=466747304963790083] [partitionIDs="[]"]
[2026/06/05 12:22:12.002 -03:00] [INFO] [datacoord/handler.go:471] ["channel seek position set from channel checkpoint meta"] [channel=by-dev-rootcoord-dml_5_466747304963991222v0] [posTs=466792714566369282] [posTime=2026/06/05 12:21:31.870 -03:00]
[2026/06/05 12:22:12.002 -03:00] [INFO] [datacoord/services.go:1025] ["datacoord append channelInfo in GetRecoveryInfo"] [collectionID=466747304963991222] [partitionIDs="[]"] [channel=by-dev-rootcoord-dml_5_466747304963991222v0] ["# of unflushed segments"=0] ["# of flushed segments"=2] ["# of dropped segments"=0] ["# of indexed segments"=0] ["# of l0 segments"=0] ["# of check point"=2026/06/05 12:21:31.870 -03:00] ["# of delete check point"=2026/06/05 12:21:31.870 -03:00]
[2026/06/05 12:22:12.002 -03:00] [INFO] [datacoord/services.go:1010] ["get recovery info request received"] [collectionID=466747304963991296] [partitionIDs="[]"]
[2026/06/05 12:22:12.002 -03:00] [INFO] [datacoord/handler.go:209] [GetQueryVChanPositions] [collectionID=466747304963790083] [channel=by-dev-rootcoord-dml_1_466747304963790083v0] [numOfSegments=3] ["result flushed"=2] ["result growing"=0] ["result L0"=0] ["partition stats"={}]
[2026/06/05 12:22:12.001 -03:00] [INFO] [delegator/distribution.go:316] ["channel distribution serviceable changed"] [channel=by-dev-rootcoord-dml_6_466747304963991259v0] [serviceable=true] [loadedRatio=1] [loadedSealedRowCount=11220] [totalSealedRowCount=11220] [unloadedSealedSegmentNum=0] [totalSealedSegmentNum=1] [action=SyncTargetVersion]
[2026/06/05 12:22:12.002 -03:00] [INFO] [delegator/distribution.go:463] ["Update channel query view"] [channel=by-dev-rootcoord-dml_6_466747304963991259v0] [partitions="[466747304963991260]"] [oldVersion=1780672912002305976] [newVersion=1780672922001740629] [serviceable=true] [loadedRatio=1] [growingSegmentNum=0] [sealedSegmentNum=1]
[2026/06/05 12:22:12.002 -03:00] [INFO] [datacoord/handler.go:471] ["channel seek position set from channel checkpoint meta"] [channel=by-dev-rootcoord-dml_1_466747304963790083v0] [posTs=466792714566369285] [posTime=2026/06/05 12:21:31.870 -03:00]
[2026/06/05 12:22:12.002 -03:00] [INFO] [datacoord/services.go:1025] ["datacoord append channelInfo in GetRecoveryInfo"] [collectionID=466747304963790083] [partitionIDs="[]"] [channel=by-dev-rootcoord-dml_1_466747304963790083v0] ["# of unflushed segments"=0] ["# of flushed segments"=2] ["# of dropped segments"=1] ["# of indexed segments"=0] ["# of l0 segments"=0] ["# of check point"=2026/06/05 12:21:31.870 -03:00] ["# of delete check point"=2026/06/05 12:21:31.870 -03:00]
[2026/06/05 12:22:12.002 -03:00] [INFO] [delegator/distribution.go:316] ["channel distribution serviceable changed"] [channel=by-dev-rootcoord-dml_8_466747304966214770v0] [serviceable=true] [loadedRatio=1] [loadedSealedRowCount=23353] [totalSealedRowCount=23353] [unloadedSealedSegmentNum=0] [totalSealedSegmentNum=1] [action=SyncTargetVersion]
[2026/06/05 12:22:12.002 -03:00] [INFO] [datacoord/handler.go:471] ["channel seek position set from channel checkpoint meta"] [channel=by-dev-rootcoord-dml_2_466747304963790106v0] [posTs=466792714566369281] [posTime=2026/06/05 12:21:31.870 -03:00]
[2026/06/05 12:22:12.002 -03:00] [INFO] [delegator/distribution.go:463] ["Update channel query view"] [channel=by-dev-rootcoord-dml_8_466747304966214770v0] [partitions="[466747304966214771]"] [oldVersion=1780672912002353826] [newVersion=1780672922001667812] [serviceable=true] [loadedRatio=1] [growingSegmentNum=0] [sealedSegmentNum=1]
[2026/06/05 12:22:12.002 -03:00] [INFO] [datacoord/handler.go:209] [GetQueryVChanPositions] [collectionID=466747304963991296] [channel=by-dev-rootcoord-dml_7_466747304963991296v0] [numOfSegments=3] ["result flushed"=3] ["result growing"=0] ["result L0"=0] ["partition stats"={}]
[2026/06/05 12:22:12.002 -03:00] [INFO] [datacoord/services.go:1025] ["datacoord append channelInfo in GetRecoveryInfo"] [collectionID=466747304963790106] [partitionIDs="[]"] [channel=by-dev-rootcoord-dml_2_466747304963790106v0] ["# of unflushed segments"=0] ["# of flushed segments"=1] ["# of dropped segments"=0] ["# of indexed segments"=0] ["# of l0 segments"=0] ["# of check point"=2026/06/05 12:21:31.870 -03:00] ["# of delete check point"=2026/06/05 12:21:31.870 -03:00]
[2026/06/05 12:22:12.002 -03:00] [INFO] [datacoord/handler.go:471] ["channel seek position set from channel checkpoint meta"] [channel=by-dev-rootcoord-dml_7_466747304963991296v0] [posTs=466792714566369293] [posTime=2026/06/05 12:21:31.870 -03:00]
[2026/06/05 12:22:12.002 -03:00] [INFO] [datacoord/services.go:1025] ["datacoord append channelInfo in GetRecoveryInfo"] [collectionID=466747304963991296] [partitionIDs="[]"] [channel=by-dev-rootcoord-dml_7_466747304963991296v0] ["# of unflushed segments"=0] ["# of flushed segments"=3] ["# of dropped segments"=0] ["# of indexed segments"=0] ["# of l0 segments"=0] ["# of check point"=2026/06/05 12:21:31.870 -03:00] ["# of delete check point"=2026/06/05 12:21:31.870 -03:00]
[2026/06/05 12:22:12.002 -03:00] [INFO] [datacoord/services.go:1010] ["get recovery info request received"] [collectionID=466747304963991259] [partitionIDs="[]"]
[2026/06/05 12:22:12.002 -03:00] [INFO] [datacoord/handler.go:209] [GetQueryVChanPositions] [collectionID=466747304963991259] [channel=by-dev-rootcoord-dml_6_466747304963991259v0] [numOfSegments=1] ["result flushed"=1] ["result growing"=0] ["result L0"=0] ["partition stats"={}]
[2026/06/05 12:22:12.002 -03:00] [INFO] [datacoord/handler.go:471] ["channel seek position set from channel checkpoint meta"] [channel=by-dev-rootcoord-dml_6_466747304963991259v0] [posTs=466792714566369290] [posTime=2026/06/05 12:21:31.870 -03:00]
[2026/06/05 12:22:12.002 -03:00] [INFO] [datacoord/services.go:1025] ["datacoord append channelInfo in GetRecoveryInfo"] [collectionID=466747304963991259] [partitionIDs="[]"] [channel=by-dev-rootcoord-dml_6_466747304963991259v0] ["# of unflushed segments"=0] ["# of flushed segments"=1] ["# of dropped segments"=0] ["# of indexed segments"=0] ["# of l0 segments"=0] ["# of check point"=2026/06/05 12:21:31.870 -03:00] ["# of delete check point"=2026/06/05 12:21:31.870 -03:00]
[2026/06/05 12:22:12.002 -03:00] [INFO] [datacoord/services.go:1010] ["get recovery info request received"] [collectionID=466747304966214770] [partitionIDs="[]"]
[2026/06/05 12:22:12.002 -03:00] [INFO] [datacoord/handler.go:209] [GetQueryVChanPositions] [collectionID=466747304966214770] [channel=by-dev-rootcoord-dml_8_466747304966214770v0] [numOfSegments=5] ["result flushed"=1] ["result growing"=0] ["result L0"=0] ["partition stats"={}]
[2026/06/05 12:22:12.002 -03:00] [INFO] [datacoord/handler.go:471] ["channel seek position set from channel checkpoint meta"] [channel=by-dev-rootcoord-dml_8_466747304966214770v0] [posTs=466792714566369294] [posTime=2026/06/05 12:21:31.870 -03:00]
[2026/06/05 12:22:12.002 -03:00] [INFO] [datacoord/services.go:1025] ["datacoord append channelInfo in GetRecoveryInfo"] [collectionID=466747304966214770] [partitionIDs="[]"] [channel=by-dev-rootcoord-dml_8_466747304966214770v0] ["# of unflushed segments"=0] ["# of flushed segments"=1] ["# of dropped segments"=4] ["# of indexed segments"=0] ["# of l0 segments"=0] ["# of check point"=2026/06/05 12:21:31.870 -03:00] ["# of delete check point"=2026/06/05 12:21:31.870 -03:00]
[2026/06/05 12:22:17.102 -03:00] [INFO] [balance/score_based_balancer.go:644] ["node channel workload status"] [collectionID=466747304963991296] [replicaID=466747304977629191] [nodes="[\"{NodeID: 4, AssignedScore: 18.000000, CurrentScore: 18.000000, Priority: 0}\"]"]
[2026/06/05 12:22:17.102 -03:00] [INFO] [balance/score_based_balancer.go:644] ["node channel workload status"] [collectionID=466747304963991222] [replicaID=466747304977629189] [nodes="[\"{NodeID: 4, AssignedScore: 18.000000, CurrentScore: 18.000000, Priority: 0}\"]"]
[2026/06/05 12:22:17.102 -03:00] [INFO] [balance/score_based_balancer.go:644] ["node channel workload status"] [collectionID=466747304963991185] [replicaID=466747304977629188] [nodes="[\"{NodeID: 4, AssignedScore: 18.000000, CurrentScore: 18.000000, Priority: 0}\"]"]
[2026/06/05 12:22:17.102 -03:00] [INFO] [balance/score_based_balancer.go:644] ["node channel workload status"] [collectionID=466747304966214770] [replicaID=466747304977629192] [nodes="[\"{NodeID: 4, AssignedScore: 18.000000, CurrentScore: 18.000000, Priority: 0}\"]"]
[2026/06/05 12:22:17.103 -03:00] [INFO] [balance/score_based_balancer.go:644] ["node channel workload status"] [collectionID=466747304963790083] [replicaID=466747304977629185] [nodes="[\"{NodeID: 4, AssignedScore: 18.000000, CurrentScore: 18.000000, Priority: 0}\"]"]
[2026/06/05 12:22:17.103 -03:00] [INFO] [balance/score_based_balancer.go:644] ["node channel workload status"] [collectionID=466747304963991259] [replicaID=466747304977629190] [nodes="[\"{NodeID: 4, AssignedScore: 18.000000, CurrentScore: 18.000000, Priority: 0}\"]"]
[2026/06/05 12:22:17.103 -03:00] [INFO] [balance/score_based_balancer.go:644] ["node channel workload status"] [collectionID=466747304963991144] [replicaID=466747304977629187] [nodes="[\"{NodeID: 4, AssignedScore: 18.000000, CurrentScore: 18.000000, Priority: 0}\"]"]
[2026/06/05 12:22:17.103 -03:00] [INFO] [balance/score_based_balancer.go:644] ["node channel workload status"] [collectionID=466747304963790106] [replicaID=466747304977629186] [nodes="[\"{NodeID: 4, AssignedScore: 18.000000, CurrentScore: 18.000000, Priority: 0}\"]"]
[2026/06/05 12:22:17.103 -03:00] [INFO] [balance/score_based_balancer.go:644] ["node channel workload status"] [collectionID=466746981989224024] [replicaID=466746982004162561] [nodes="[\"{NodeID: 4, AssignedScore: 18.000000, CurrentScore: 18.000000, Priority: 0}\"]"]
[2026/06/05 12:22:22.000 -03:00] [INFO] [observers/target_observer.go:526] ["Update readable segment version"] [collectionID=466747304963991222] [channelName=by-dev-rootcoord-dml_5_466747304963991222v0] [nodeID=4] [oldVersion=1780672922001629961] [newVersion=1780672932002332377]
[2026/06/05 12:22:22.001 -03:00] [INFO] [querynodev2/services.go:1393] ["sync action"] [traceID=68d986e74d4fce904e7b51ce874dc627] [collectionID=466747304963991185] [channel=by-dev-rootcoord-dml_4_466747304963991185v0] [currentNodeID=4] [Action=UpdateVersion] [TargetVersion=1780672932002225316] [checkPoint=2026/06/05 12:21:31.870 -03:00] [deleteCP=2026/06/05 12:21:31.870 -03:00] [partitions="[466747304963991186]"]
[2026/06/05 12:22:22.001 -03:00] [INFO] [querynodev2/services.go:1393] ["sync action"] [traceID=862ee6aaf42a3e9e1ef6893a47376260] [collectionID=466747304963991259] [channel=by-dev-rootcoord-dml_6_466747304963991259v0] [currentNodeID=4] [Action=UpdateVersion] [TargetVersion=1780672932002675903] [checkPoint=2026/06/05 12:21:31.870 -03:00] [deleteCP=2026/06/05 12:21:31.870 -03:00] [partitions="[466747304963991260]"]
[2026/06/05 12:22:22.001 -03:00] [INFO] [querynodev2/services.go:1393] ["sync action"] [traceID=fc3ce2d30164cb5d4493024369c8daa0] [collectionID=466747304963790106] [channel=by-dev-rootcoord-dml_2_466747304963790106v0] [currentNodeID=4] [Action=UpdateVersion] [TargetVersion=1780672932002481758] [checkPoint=2026/06/05 12:21:31.870 -03:00] [deleteCP=2026/06/05 12:21:31.870 -03:00] [partitions="[466747304963790107]"]
[2026/06/05 12:22:22.001 -03:00] [INFO] [querynodev2/services.go:1393] ["sync action"] [traceID=3599af03f57ab9ecf594e24c9b26b759] [collectionID=466747304966214770] [channel=by-dev-rootcoord-dml_8_466747304966214770v0] [currentNodeID=4] [Action=UpdateVersion] [TargetVersion=1780672932002848307] [checkPoint=2026/06/05 12:21:31.870 -03:00] [deleteCP=2026/06/05 12:21:31.870 -03:00] [partitions="[466747304966214771]"]
[2026/06/05 12:22:22.001 -03:00] [INFO] [querynodev2/services.go:1393] ["sync action"] [traceID=3c03a1360bcf4268bc463ffa34a66790] [collectionID=466747304963991296] [channel=by-dev-rootcoord-dml_7_466747304963991296v0] [currentNodeID=4] [Action=UpdateVersion] [TargetVersion=1780672932002551970] [checkPoint=2026/06/05 12:21:31.870 -03:00] [deleteCP=2026/06/05 12:21:31.870 -03:00] [partitions="[466747304963991297]"]
[2026/06/05 12:22:22.001 -03:00] [INFO] [delegator/distribution.go:316] ["channel distribution serviceable changed"] [channel=by-dev-rootcoord-dml_4_466747304963991185v0] [serviceable=true] [loadedRatio=1] [loadedSealedRowCount=27372] [totalSealedRowCount=27372] [unloadedSealedSegmentNum=0] [totalSealedSegmentNum=2] [action=SyncTargetVersion]
[2026/06/05 12:22:22.001 -03:00] [INFO] [querynodev2/services.go:1393] ["sync action"] [traceID=048e87859ea2329cf22a6635165ab321] [collectionID=466747304963991144] [channel=by-dev-rootcoord-dml_3_466747304963991144v0] [currentNodeID=4] [Action=UpdateVersion] [TargetVersion=1780672932002217071] [checkPoint=2026/06/05 12:21:31.870 -03:00] [deleteCP=2026/06/05 12:21:31.870 -03:00] [partitions="[466747304963991145]"]
[2026/06/05 12:22:22.001 -03:00] [INFO] [delegator/distribution.go:463] ["Update channel query view"] [channel=by-dev-rootcoord-dml_4_466747304963991185v0] [partitions="[466747304963991186]"] [oldVersion=1780672922001593091] [newVersion=1780672932002225316] [serviceable=true] [loadedRatio=1] [growingSegmentNum=0] [sealedSegmentNum=2]
[2026/06/05 12:22:22.001 -03:00] [INFO] [delegator/distribution.go:316] ["channel distribution serviceable changed"] [channel=by-dev-rootcoord-dml_7_466747304963991296v0] [serviceable=true] [loadedRatio=1] [loadedSealedRowCount=77485] [totalSealedRowCount=77485] [unloadedSealedSegmentNum=0] [totalSealedSegmentNum=3] [action=SyncTargetVersion]
[2026/06/05 12:22:22.001 -03:00] [INFO] [querynodev2/services.go:1393] ["sync action"] [traceID=8b2e87abdf2dfcaacfe799a45cf59111] [collectionID=466746981989224024] [channel=by-dev-rootcoord-dml_0_466746981989224024v0] [currentNodeID=4] [Action=UpdateVersion] [TargetVersion=1780672932002230205] [checkPoint=2026/06/05 12:21:31.870 -03:00] [deleteCP=2026/06/05 12:21:31.870 -03:00] [partitions="[466746981989224025]"]
[2026/06/05 12:22:22.001 -03:00] [INFO] [querynodev2/services.go:1393] ["sync action"] [traceID=4d8af95475e29dc05b4316ebea841857] [collectionID=466747304963790083] [channel=by-dev-rootcoord-dml_1_466747304963790083v0] [currentNodeID=4] [Action=UpdateVersion] [TargetVersion=1780672932002441102] [checkPoint=2026/06/05 12:21:31.870 -03:00] [deleteCP=2026/06/05 12:21:31.870 -03:00] [partitions="[466747304963790084]"]
[2026/06/05 12:22:22.001 -03:00] [INFO] [delegator/distribution.go:316] ["channel distribution serviceable changed"] [channel=by-dev-rootcoord-dml_2_466747304963790106v0] [serviceable=true] [loadedRatio=1] [loadedSealedRowCount=220] [totalSealedRowCount=220] [unloadedSealedSegmentNum=0] [totalSealedSegmentNum=1] [action=SyncTargetVersion]
[2026/06/05 12:22:22.001 -03:00] [INFO] [delegator/distribution.go:463] ["Update channel query view"] [channel=by-dev-rootcoord-dml_2_466747304963790106v0] [partitions="[466747304963790107]"] [oldVersion=1780672922001587030] [newVersion=1780672932002481758] [serviceable=true] [loadedRatio=1] [growingSegmentNum=0] [sealedSegmentNum=1]
[2026/06/05 12:22:22.001 -03:00] [INFO] [querynodev2/services.go:1393] ["sync action"] [traceID=70af0bc86f9de21887031a75971fac26] [collectionID=466747304963991222] [channel=by-dev-rootcoord-dml_5_466747304963991222v0] [currentNodeID=4] [Action=UpdateVersion] [TargetVersion=1780672932002332377] [checkPoint=2026/06/05 12:21:31.870 -03:00] [deleteCP=2026/06/05 12:21:31.870 -03:00] [partitions="[466747304963991223]"]
[2026/06/05 12:22:22.001 -03:00] [INFO] [delegator/distribution.go:316] ["channel distribution serviceable changed"] [channel=by-dev-rootcoord-dml_0_466746981989224024v0] [serviceable=true] [loadedRatio=1] [loadedSealedRowCount=7] [totalSealedRowCount=7] [unloadedSealedSegmentNum=0] [totalSealedSegmentNum=1] [action=SyncTargetVersion]
[2026/06/05 12:22:22.001 -03:00] [INFO] [delegator/distribution.go:316] ["channel distribution serviceable changed"] [channel=by-dev-rootcoord-dml_1_466747304963790083v0] [serviceable=true] [loadedRatio=1] [loadedSealedRowCount=16846] [totalSealedRowCount=16846] [unloadedSealedSegmentNum=0] [totalSealedSegmentNum=2] [action=SyncTargetVersion]
[2026/06/05 12:22:22.001 -03:00] [INFO] [delegator/distribution.go:316] ["channel distribution serviceable changed"] [channel=by-dev-rootcoord-dml_3_466747304963991144v0] [serviceable=true] [loadedRatio=1] [loadedSealedRowCount=678] [totalSealedRowCount=678] [unloadedSealedSegmentNum=0] [totalSealedSegmentNum=1] [action=SyncTargetVersion]
[2026/06/05 12:22:22.001 -03:00] [INFO] [delegator/distribution.go:463] ["Update channel query view"] [channel=by-dev-rootcoord-dml_1_466747304963790083v0] [partitions="[466747304963790084]"] [oldVersion=1780672922001672962] [newVersion=1780672932002441102] [serviceable=true] [loadedRatio=1] [growingSegmentNum=0] [sealedSegmentNum=2]
[2026/06/05 12:22:22.001 -03:00] [INFO] [delegator/distribution.go:463] ["Update channel query view"] [channel=by-dev-rootcoord-dml_3_466747304963991144v0] [partitions="[466747304963991145]"] [oldVersion=1780672922001719369] [newVersion=1780672932002217071] [serviceable=true] [loadedRatio=1] [growingSegmentNum=0] [sealedSegmentNum=1]
[2026/06/05 12:22:22.001 -03:00] [INFO] [delegator/distribution.go:316] ["channel distribution serviceable changed"] [channel=by-dev-rootcoord-dml_8_466747304966214770v0] [serviceable=true] [loadedRatio=1] [loadedSealedRowCount=23353] [totalSealedRowCount=23353] [unloadedSealedSegmentNum=0] [totalSealedSegmentNum=1] [action=SyncTargetVersion]
[2026/06/05 12:22:22.001 -03:00] [INFO] [delegator/distribution.go:463] ["Update channel query view"] [channel=by-dev-rootcoord-dml_7_466747304963991296v0] [partitions="[466747304963991297]"] [oldVersion=1780672922001663664] [newVersion=1780672932002551970] [serviceable=true] [loadedRatio=1] [growingSegmentNum=0] [sealedSegmentNum=3]
[2026/06/05 12:22:22.001 -03:00] [INFO] [delegator/distribution.go:316] ["channel distribution serviceable changed"] [channel=by-dev-rootcoord-dml_5_466747304963991222v0] [serviceable=true] [loadedRatio=1] [loadedSealedRowCount=61648] [totalSealedRowCount=61648] [unloadedSealedSegmentNum=0] [totalSealedSegmentNum=2] [action=SyncTargetVersion]
[2026/06/05 12:22:22.001 -03:00] [INFO] [delegator/distribution.go:316] ["channel distribution serviceable changed"] [channel=by-dev-rootcoord-dml_6_466747304963991259v0] [serviceable=true] [loadedRatio=1] [loadedSealedRowCount=11220] [totalSealedRowCount=11220] [unloadedSealedSegmentNum=0] [totalSealedSegmentNum=1] [action=SyncTargetVersion]
[2026/06/05 12:22:22.001 -03:00] [INFO] [delegator/distribution.go:463] ["Update channel query view"] [channel=by-dev-rootcoord-dml_5_466747304963991222v0] [partitions="[466747304963991223]"] [oldVersion=1780672922001629961] [newVersion=1780672932002332377] [serviceable=true] [loadedRatio=1] [growingSegmentNum=0] [sealedSegmentNum=2]
[2026/06/05 12:22:22.001 -03:00] [INFO] [delegator/distribution.go:463] ["Update channel query view"] [channel=by-dev-rootcoord-dml_6_466747304963991259v0] [partitions="[466747304963991260]"] [oldVersion=1780672922001740629] [newVersion=1780672932002675903] [serviceable=true] [loadedRatio=1] [growingSegmentNum=0] [sealedSegmentNum=1]
[2026/06/05 12:22:22.001 -03:00] [INFO] [delegator/distribution.go:463] ["Update channel query view"] [channel=by-dev-rootcoord-dml_8_466747304966214770v0] [partitions="[466747304966214771]"] [oldVersion=1780672922001667812] [newVersion=1780672932002848307] [serviceable=true] [loadedRatio=1] [growingSegmentNum=0] [sealedSegmentNum=1]
[2026/06/05 12:22:22.001 -03:00] [INFO] [observers/target_observer.go:562] ["observer trigger update current target"] [collectionID=466747304963790106]
[2026/06/05 12:22:22.001 -03:00] [INFO] [delegator/distribution.go:463] ["Update channel query view"] [channel=by-dev-rootcoord-dml_0_466746981989224024v0] [partitions="[466746981989224025]"] [oldVersion=1780672922001683161] [newVersion=1780672932002230205] [serviceable=true] [loadedRatio=1] [growingSegmentNum=0] [sealedSegmentNum=1]
[2026/06/05 12:22:22.001 -03:00] [INFO] [datacoord/services.go:1010] ["get recovery info request received"] [collectionID=466747304963790106] [partitionIDs="[]"]
[2026/06/05 12:22:22.001 -03:00] [INFO] [datacoord/services.go:1010] ["get recovery info request received"] [collectionID=466747304963991185] [partitionIDs="[]"]
[2026/06/05 12:22:22.002 -03:00] [INFO] [datacoord/handler.go:209] [GetQueryVChanPositions] [collectionID=466747304963790106] [channel=by-dev-rootcoord-dml_2_466747304963790106v0] [numOfSegments=1] ["result flushed"=1] ["result growing"=0] ["result L0"=0] ["partition stats"={}]
[2026/06/05 12:22:22.002 -03:00] [INFO] [datacoord/handler.go:471] ["channel seek position set from channel checkpoint meta"] [channel=by-dev-rootcoord-dml_2_466747304963790106v0] [posTs=466792714566369281] [posTime=2026/06/05 12:21:31.870 -03:00]
[2026/06/05 12:22:22.002 -03:00] [INFO] [datacoord/services.go:1025] ["datacoord append channelInfo in GetRecoveryInfo"] [collectionID=466747304963790106] [partitionIDs="[]"] [channel=by-dev-rootcoord-dml_2_466747304963790106v0] ["# of unflushed segments"=0] ["# of flushed segments"=1] ["# of dropped segments"=0] ["# of indexed segments"=0] ["# of l0 segments"=0] ["# of check point"=2026/06/05 12:21:31.870 -03:00] ["# of delete check point"=2026/06/05 12:21:31.870 -03:00]
[2026/06/05 12:22:22.002 -03:00] [INFO] [datacoord/handler.go:209] [GetQueryVChanPositions] [collectionID=466747304963991185] [channel=by-dev-rootcoord-dml_4_466747304963991185v0] [numOfSegments=3] ["result flushed"=2] ["result growing"=0] ["result L0"=0] ["partition stats"={}]
[2026/06/05 12:22:22.002 -03:00] [INFO] [datacoord/services.go:1010] ["get recovery info request received"] [collectionID=466747304963991222] [partitionIDs="[]"]
[2026/06/05 12:22:22.002 -03:00] [INFO] [datacoord/handler.go:471] ["channel seek position set from channel checkpoint meta"] [channel=by-dev-rootcoord-dml_4_466747304963991185v0] [posTs=466792714566369292] [posTime=2026/06/05 12:21:31.870 -03:00]
[2026/06/05 12:22:22.002 -03:00] [INFO] [datacoord/services.go:1025] ["datacoord append channelInfo in GetRecoveryInfo"] [collectionID=466747304963991185] [partitionIDs="[]"] [channel=by-dev-rootcoord-dml_4_466747304963991185v0] ["# of unflushed segments"=0] ["# of flushed segments"=2] ["# of dropped segments"=1] ["# of indexed segments"=0] ["# of l0 segments"=0] ["# of check point"=2026/06/05 12:21:31.870 -03:00] ["# of delete check point"=2026/06/05 12:21:31.870 -03:00]
[2026/06/05 12:22:22.002 -03:00] [INFO] [datacoord/services.go:1010] ["get recovery info request received"] [collectionID=466747304963991259] [partitionIDs="[]"]
[2026/06/05 12:22:22.002 -03:00] [INFO] [datacoord/services.go:1010] ["get recovery info request received"] [collectionID=466747304963991144] [partitionIDs="[]"]
[2026/06/05 12:22:22.002 -03:00] [INFO] [datacoord/services.go:1010] ["get recovery info request received"] [collectionID=466747304963790083] [partitionIDs="[]"]
[2026/06/05 12:22:22.002 -03:00] [INFO] [datacoord/services.go:1010] ["get recovery info request received"] [collectionID=466747304963991296] [partitionIDs="[]"]
[2026/06/05 12:22:22.002 -03:00] [INFO] [datacoord/handler.go:209] [GetQueryVChanPositions] [collectionID=466747304963991259] [channel=by-dev-rootcoord-dml_6_466747304963991259v0] [numOfSegments=1] ["result flushed"=1] ["result growing"=0] ["result L0"=0] ["partition stats"={}]
[2026/06/05 12:22:22.002 -03:00] [INFO] [datacoord/handler.go:209] [GetQueryVChanPositions] [collectionID=466747304963991296] [channel=by-dev-rootcoord-dml_7_466747304963991296v0] [numOfSegments=3] ["result flushed"=3] ["result growing"=0] ["result L0"=0] ["partition stats"={}]
[2026/06/05 12:22:22.002 -03:00] [INFO] [datacoord/handler.go:209] [GetQueryVChanPositions] [collectionID=466747304963991222] [channel=by-dev-rootcoord-dml_5_466747304963991222v0] [numOfSegments=2] ["result flushed"=2] ["result growing"=0] ["result L0"=0] ["partition stats"={}]
[2026/06/05 12:22:22.002 -03:00] [INFO] [datacoord/services.go:1010] ["get recovery info request received"] [collectionID=466746981989224024] [partitionIDs="[]"]
[2026/06/05 12:22:22.002 -03:00] [INFO] [datacoord/handler.go:471] ["channel seek position set from channel checkpoint meta"] [channel=by-dev-rootcoord-dml_7_466747304963991296v0] [posTs=466792714566369293] [posTime=2026/06/05 12:21:31.870 -03:00]
[2026/06/05 12:22:22.002 -03:00] [INFO] [datacoord/handler.go:471] ["channel seek position set from channel checkpoint meta"] [channel=by-dev-rootcoord-dml_6_466747304963991259v0] [posTs=466792714566369290] [posTime=2026/06/05 12:21:31.870 -03:00]
[2026/06/05 12:22:22.002 -03:00] [INFO] [datacoord/handler.go:209] [GetQueryVChanPositions] [collectionID=466747304963991144] [channel=by-dev-rootcoord-dml_3_466747304963991144v0] [numOfSegments=1] ["result flushed"=1] ["result growing"=0] ["result L0"=0] ["partition stats"={}]
[2026/06/05 12:22:22.002 -03:00] [INFO] [datacoord/services.go:1025] ["datacoord append channelInfo in GetRecoveryInfo"] [collectionID=466747304963991296] [partitionIDs="[]"] [channel=by-dev-rootcoord-dml_7_466747304963991296v0] ["# of unflushed segments"=0] ["# of flushed segments"=3] ["# of dropped segments"=0] ["# of indexed segments"=0] ["# of l0 segments"=0] ["# of check point"=2026/06/05 12:21:31.870 -03:00] ["# of delete check point"=2026/06/05 12:21:31.870 -03:00]
[2026/06/05 12:22:22.002 -03:00] [INFO] [datacoord/services.go:1025] ["datacoord append channelInfo in GetRecoveryInfo"] [collectionID=466747304963991259] [partitionIDs="[]"] [channel=by-dev-rootcoord-dml_6_466747304963991259v0] ["# of unflushed segments"=0] ["# of flushed segments"=1] ["# of dropped segments"=0] ["# of indexed segments"=0] ["# of l0 segments"=0] ["# of check point"=2026/06/05 12:21:31.870 -03:00] ["# of delete check point"=2026/06/05 12:21:31.870 -03:00]
[2026/06/05 12:22:22.002 -03:00] [INFO] [datacoord/handler.go:471] ["channel seek position set from channel checkpoint meta"] [channel=by-dev-rootcoord-dml_3_466747304963991144v0] [posTs=466792714566369291] [posTime=2026/06/05 12:21:31.870 -03:00]
[2026/06/05 12:22:22.002 -03:00] [INFO] [datacoord/services.go:1010] ["get recovery info request received"] [collectionID=466747304966214770] [partitionIDs="[]"]
[2026/06/05 12:22:22.002 -03:00] [INFO] [datacoord/services.go:1025] ["datacoord append channelInfo in GetRecoveryInfo"] [collectionID=466747304963991144] [partitionIDs="[]"] [channel=by-dev-rootcoord-dml_3_466747304963991144v0] ["# of unflushed segments"=0] ["# of flushed segments"=1] ["# of dropped segments"=0] ["# of indexed segments"=0] ["# of l0 segments"=0] ["# of check point"=2026/06/05 12:21:31.870 -03:00] ["# of delete check point"=2026/06/05 12:21:31.870 -03:00]
[2026/06/05 12:22:22.002 -03:00] [INFO] [datacoord/handler.go:209] [GetQueryVChanPositions] [collectionID=466747304963790083] [channel=by-dev-rootcoord-dml_1_466747304963790083v0] [numOfSegments=3] ["result flushed"=2] ["result growing"=0] ["result L0"=0] ["partition stats"={}]
[2026/06/05 12:22:22.002 -03:00] [INFO] [datacoord/handler.go:471] ["channel seek position set from channel checkpoint meta"] [channel=by-dev-rootcoord-dml_1_466747304963790083v0] [posTs=466792714566369285] [posTime=2026/06/05 12:21:31.870 -03:00]
[2026/06/05 12:22:22.002 -03:00] [INFO] [datacoord/handler.go:209] [GetQueryVChanPositions] [collectionID=466746981989224024] [channel=by-dev-rootcoord-dml_0_466746981989224024v0] [numOfSegments=1] ["result flushed"=1] ["result growing"=0] ["result L0"=0] ["partition stats"={}]
[2026/06/05 12:22:22.002 -03:00] [INFO] [datacoord/handler.go:471] ["channel seek position set from channel checkpoint meta"] [channel=by-dev-rootcoord-dml_5_466747304963991222v0] [posTs=466792714566369282] [posTime=2026/06/05 12:21:31.870 -03:00]
[2026/06/05 12:22:22.002 -03:00] [INFO] [datacoord/handler.go:471] ["channel seek position set from channel checkpoint meta"] [channel=by-dev-rootcoord-dml_0_466746981989224024v0] [posTs=466792714566369287] [posTime=2026/06/05 12:21:31.870 -03:00]
[2026/06/05 12:22:22.002 -03:00] [INFO] [datacoord/services.go:1025] ["datacoord append channelInfo in GetRecoveryInfo"] [collectionID=466747304963790083] [partitionIDs="[]"] [channel=by-dev-rootcoord-dml_1_466747304963790083v0] ["# of unflushed segments"=0] ["# of flushed segments"=2] ["# of dropped segments"=1] ["# of indexed segments"=0] ["# of l0 segments"=0] ["# of check point"=2026/06/05 12:21:31.870 -03:00] ["# of delete check point"=2026/06/05 12:21:31.870 -03:00]
[2026/06/05 12:22:22.002 -03:00] [INFO] [datacoord/services.go:1025] ["datacoord append channelInfo in GetRecoveryInfo"] [collectionID=466747304963991222] [partitionIDs="[]"] [channel=by-dev-rootcoord-dml_5_466747304963991222v0] ["# of unflushed segments"=0] ["# of flushed segments"=2] ["# of dropped segments"=0] ["# of indexed segments"=0] ["# of l0 segments"=0] ["# of check point"=2026/06/05 12:21:31.870 -03:00] ["# of delete check point"=2026/06/05 12:21:31.870 -03:00]
[2026/06/05 12:22:22.002 -03:00] [INFO] [datacoord/services.go:1025] ["datacoord append channelInfo in GetRecoveryInfo"] [collectionID=466746981989224024] [partitionIDs="[]"] [channel=by-dev-rootcoord-dml_0_466746981989224024v0] ["# of unflushed segments"=0] ["# of flushed segments"=1] ["# of dropped segments"=0] ["# of indexed segments"=0] ["# of l0 segments"=0] ["# of check point"=2026/06/05 12:21:31.870 -03:00] ["# of delete check point"=2026/06/05 12:21:31.870 -03:00]
[2026/06/05 12:22:22.002 -03:00] [INFO] [datacoord/handler.go:209] [GetQueryVChanPositions] [collectionID=466747304966214770] [channel=by-dev-rootcoord-dml_8_466747304966214770v0] [numOfSegments=5] ["result flushed"=1] ["result growing"=0] ["result L0"=0] ["partition stats"={}]
[2026/06/05 12:22:22.002 -03:00] [INFO] [datacoord/handler.go:471] ["channel seek position set from channel checkpoint meta"] [channel=by-dev-rootcoord-dml_8_466747304966214770v0] [posTs=466792714566369294] [posTime=2026/06/05 12:21:31.870 -03:00]
[2026/06/05 12:22:22.002 -03:00] [INFO] [datacoord/services.go:1025] ["datacoord append channelInfo in GetRecoveryInfo"] [collectionID=466747304966214770] [partitionIDs="[]"] [channel=by-dev-rootcoord-dml_8_466747304966214770v0] ["# of unflushed segments"=0] ["# of flushed segments"=1] ["# of dropped segments"=4] ["# of indexed segments"=0] ["# of l0 segments"=0] ["# of check point"=2026/06/05 12:21:31.870 -03:00] ["# of delete check point"=2026/06/05 12:21:31.870 -03:00]
